iso3c,country,region,income_level,lending_type,year,adolescent_fertility,carbon_intensity,electricity_access,female_secondary_enrollment,gdp_per_capita_growth,gdp_per_capita_ppp,internet_use,renewable_electricity,under5_mortality
ABW,Aruba,Latin America & Caribbean,High income,Not classified,2000,43.729,0.0789065343616353,91.7,91.7377166748047,6.51922376579444,37618.9926155094,15.4428229480349,0,
ABW,Aruba,Latin America & Caribbean,High income,Not classified,2001,40.463,0.0765841113590476,100,97.3598327636719,3.21240568796392,38827.4672740448,17.1,0,
ABW,Aruba,Latin America & Caribbean,High income,Not classified,2002,38.185,0.0844518782366993,100,98.0552368164062,-1.62809915245946,38195.3176084346,18.8,0,
ABW,Aruba,Latin America & Caribbean,High income,Not classified,2003,37.807,0.096292029846479,100,101.518623352051,-0.0338394415310148,38182.3925262649,20.8,0,
ABW,Aruba,Latin America & Caribbean,High income,Not classified,2004,38.761,0.0915809513490562,100,99.1840209960938,5.02691151582482,40101.7876131851,23,0,
ABW,Aruba,Latin America & Caribbean,High income,Not classified,2005,40.121,0.101379092803486,100,98.7961730957031,-2.93082349408309,38926.4750002706,25.4,0,
ABW,Aruba,Latin America & Caribbean,High income,Not classified,2006,41.03,0.110370031098509,100,99.4164505004883,-0.673257700327071,38664.3995098654,28,0,
ABW,Aruba,Latin America & Caribbean,High income,Not classified,2007,40.863,0.115618191617255,100,108.058410644531,2.32267757939195,39562.4488484876,30.9,0,
ABW,Aruba,Latin America & Caribbean,High income,Not classified,2008,40.316,0.112641773537018,100,101.330078125,1.06177235220186,39982.5119922148,52,0,
ABW,Aruba,Latin America & Caribbean,High income,Not classified,2009,40.324,0.138422452989783,100,100.589973449707,-12.2749362798142,35074.6841221014,58,1.80024234031504,
ABW,Aruba,Latin America & Caribbean,High income,Not classified,2010,40.073,0.139283350558313,93.4,97.9808731079102,-2.95695264975568,34037.5423205595,62,11.3003063047732,
ABW,Aruba,Latin America & Caribbean,High income,Not classified,2011,39.793,0.0811307824447847,100,97.4022598266602,2.61052505937265,34926.1008924322,69,12.1002063451122,
ABW,Aruba,Latin America & Caribbean,High income,Not classified,2012,38.299,0.105871416737339,100,108.883651733398,-2.4846479774957,34058.3102329903,74,14.7999912516677,
ABW,Aruba,Latin America & Caribbean,High income,Not classified,2013,36.672,0.10938408090488,100,,4.85525795729174,35711.9290506967,78.9,16.2994170698331,
ABW,Aruba,Latin America & Caribbean,High income,Not classified,2014,34.863,0.115239606535872,100,,0.351129288189497,35837.3240929711,83.78,17.6002094743503,
ABW,Aruba,Latin America & Caribbean,High income,Not classified,2015,32.348,0.116618801206515,100,,2.556217861775,36753.4041726178,88.661226932496,18.9002071637882,
ABW,Aruba,Latin America & Caribbean,High income,Not classified,2016,30.102,0.12090068783902,100,,0.469912651203259,36926.1130685729,93.542453865048,15.7270434965329,
ABW,Aruba,Latin America & Caribbean,High income,Not classified,2017,27.289,0.112415471650345,100,,3.48581549286742,38213.2892388309,97.17,14.6995368050798,
ABW,Aruba,Latin America & Caribbean,High income,Not classified,2018,24.049,0.108496841670331,100,143.72492980957,3.0485184481057,39378.2284109047,,14.6470009449678,
ABW,Aruba,Latin America & Caribbean,High income,Not classified,2019,22.123,0.1173606934859,100,141.99267578125,0.955684591453277,39754.5600722149,,15.0205308345377,
ABW,Aruba,Latin America & Caribbean,High income,Not classified,2020,20.554,0.148001063150959,100,142.045455932617,-23.5085810660208,30408.8270901983,,14.7971787957078,
ABW,Aruba,Latin America & Caribbean,High income,Not classified,2021,18.615,0.133814640318228,100,135.442672729492,15.779443924071,35207.1709088639,,14.7971787957078,
ABW,Aruba,Latin America & Caribbean,High income,Not classified,2022,18.768,0.127680994845648,99.9,140.441833496094,11.0099466413272,39083.4616398507,,,
AFG,Afghanistan,"Middle East, North Africa, Afghanistan & Pakistan",Low income,IDA,2000,154.31,0.030991136680152,4.4,,,1617.82647494969,,93.5373177008865,131.7
AFG,Afghanistan,"Middle East, North Africa, Afghanistan & Pakistan",Low income,IDA,2001,152.471,0.0318759089233653,9.3,0,-10.1194841059326,1454.11078195559,0.00472256824217368,93.5373177008865,127.5
AFG,Afghanistan,"Middle East, North Africa, Afghanistan & Pakistan",Low income,IDA,2002,150.161,0.0247499564343044,14.1,,22.0201902696299,1774.30874287341,0.00456139517022146,93.5374497028126,123.1
AFG,Afghanistan,"Middle East, North Africa, Afghanistan & Pakistan",Low income,IDA,2003,143.75,0.0246405269140665,19,6.96920013427734,2.34567163632688,1815.92819979586,0.0878912528559713,80.6308604401597,118.5
AFG,Afghanistan,"Middle East, North Africa, Afghanistan & Pakistan",Low income,IDA,2004,136.93,0.0215548153984136,23.8,6.38919019699097,-2.14821228495553,1776.91820712187,0.105809030021958,62.8649359905699,113.9
AFG,Afghanistan,"Middle East, North Africa, Afghanistan & Pakistan",Low income,IDA,2005,130.838,0.0274079887027605,28.7,9.67969036102295,7.38337728197978,1908.11478234587,1.22414808372471,63.0139791405013,109.3
AFG,Afghanistan,"Middle East, North Africa, Afghanistan & Pakistan",Low income,IDA,2006,121.635,0.0289127019668821,33.5,15.3283004760742,1.13248505528998,1929.72389709372,2.10712364546412,70.8955945385599,104.8
AFG,Afghanistan,"Middle East, North Africa, Afghanistan & Pakistan",Low income,IDA,2007,117.754,0.0369631027432811,38.4,15.3513603210449,11.6923032922081,2155.35306784413,1.899999976,69.0305842438757,100.4
AFG,Afghanistan,"Middle East, North Africa, Afghanistan & Pakistan",Low income,IDA,2008,118.979,0.0672487326448146,42.4,22.7884502410889,1.6772791560615,2191.50435559062,1.84,66.7316820185576,96.1
AFG,Afghanistan,"Middle East, North Africa, Afghanistan & Pakistan",Low income,IDA,2009,109.655,0.0875202108574959,48.3,28.3175792694092,17.0438963216074,2565.02208584099,3.55,79.6498420379743,91.9
AFG,Afghanistan,"Middle East, North Africa, Afghanistan & Pakistan",Low income,IDA,2010,105.648,0.0976595884387593,42.7,33.0262413024902,11.0550305527288,2848.58606111495,4,81.7528647900511,88
AFG,Afghanistan,"Middle East, North Africa, Afghanistan & Pakistan",Low income,IDA,2011,101.659,0.142413149685854,43.2,36.9816284179688,-3.21329500579925,2757.05258747725,5,74.400758657525,84.3
AFG,Afghanistan,"Middle East, North Africa, Afghanistan & Pakistan",Low income,IDA,2012,95.245,0.108344211411811,69.1,38.5514297485352,8.27936899310519,2985.31914452845,5.454500198,79.7979587151176,80.8
AFG,Afghanistan,"Middle East, North Africa, Afghanistan & Pakistan",Low income,IDA,2013,89.337,0.087488106369609,68,38.722900390625,2.0520682606117,3046.57993117128,5.900000095,81.0086357683819,77.6
AFG,Afghanistan,"Middle East, North Africa, Afghanistan & Pakistan",Low income,IDA,2014,84.069,0.0804195784134292,89.5,38.5330581665039,-0.939984755736006,3017.94254424696,7,85.4614747024191,74.6
AFG,Afghanistan,"Middle East, North Africa, Afghanistan & Pakistan",Low income,IDA,2015,81.043,0.083934367593273,71.5,37.8227882385254,-1.66505744749013,2967.692067153,8.260000229,87.5782394741968,71.9
AFG,Afghanistan,"Middle East, North Africa, Afghanistan & Pakistan",Low income,IDA,2016,78.13,0.0741363263613248,97.7,38.5832786560059,-0.300121027406746,2958.7853992308,11,87.7612654613868,69.4
AFG,Afghanistan,"Middle East, North Africa, Afghanistan & Pakistan",Low income,IDA,2017,75.3,0.0986550957201151,97.7,39.937858581543,-0.195569548342789,2952.99891598909,13.5,86.8645836678334,67.1
AFG,Afghanistan,"Middle East, North Africa, Afghanistan & Pakistan",Low income,IDA,2018,73.021,0.110742688149754,93.4,41.3507118225098,-1.71374269254262,2902.39211285546,16.799999239999998,82.6719956888809,64.8
AFG,Afghanistan,"Middle East, North Africa, Afghanistan & Pakistan",Low income,IDA,2019,70.967,0.109233346090415,97.7,,0.856294729087764,2927.2451435353,17.60000038,87.8403578186823,62.7
AFG,Afghanistan,"Middle East, North Africa, Afghanistan & Pakistan",Low income,IDA,2020,68.877,0.112223780780194,97.7,,-5.38251464221077,2769.68574507111,17.04850006,87.123785906179,60.7
AFG,Afghanistan,"Middle East, North Africa, Afghanistan & Pakistan",Low income,IDA,2021,66.599,0.145584204673526,97.7,,-22.5844818732987,2144.16657002819,16.51429939,78.2344746063241,58.7
AFG,Afghanistan,"Middle East, North Africa, Afghanistan & Pakistan",Low income,IDA,2022,65.339,0.140495295881118,85.3,,-7.57666891152213,1981.71016810561,15.86629963,,56.8
AGO,Angola,Sub-Saharan Africa,Lower middle income,IBRD,2000,147.693,0.150059262122511,24.2,12.1040000915527,-0.302928309017702,6794.53021072097,0.105045562462262,62.3038062283737,185
AGO,Angola,Sub-Saharan Africa,Lower middle income,IBRD,2001,147.253,0.141214388128114,20,13.2332096099853,0.769184669108554,6846.79269543978,0.136013867429868,61.6855921855922,176.3
AGO,Angola,Sub-Saharan Africa,Lower middle income,IBRD,2002,150.196,0.122112832761823,26.3,14.7315998077393,9.85780236283283,7521.73598754911,0.270376745595134,64.0453257790368,166.4
AGO,Angola,Sub-Saharan Africa,Lower middle income,IBRD,2003,152.242,0.12848278901349,27.4,,-0.0654379872422197,7516.81391491319,0.370682065225727,61.6902255639098,155.5
AGO,Angola,Sub-Saharan Africa,Lower middle income,IBRD,2004,155.118,0.117713558071719,28.4,,7.48604694407922,8079.52613328266,0.464814617985909,77.1440035666518,143.7
AGO,Angola,Sub-Saharan Africa,Lower middle income,IBRD,2005,157.066,0.0911598075788377,29.4,,10.0673593264113,8892.92106099154,1.143399954,83.4395145999242,131.5
AGO,Angola,Sub-Saharan Africa,Lower middle income,IBRD,2006,158.737,0.0850591654533094,30.5,,7.79557532887192,9586.17542123825,1.5,85.158229969829,119.8
AGO,Angola,Sub-Saharan Africa,Lower middle income,IBRD,2007,159.675,0.0786645102017273,37.5,,8.85163544291423,10434.7087224445,1.700000048,88.8953703703704,109
AGO,Angola,Sub-Saharan Africa,Lower middle income,IBRD,2008,160.424,0.0795963873872568,38.5,19.9174499511719,6.67888592419779,11131.6310145389,1.899999976,78.5517156257714,99.2
AGO,Angola,Sub-Saharan Africa,Lower middle income,IBRD,2009,162.773,0.0860774441211558,33.8,21.1587905883789,-1.80906009330889,10930.2531201205,2.299999952,67.8795278795279,90.7
AGO,Angola,Sub-Saharan Africa,Lower middle income,IBRD,2010,160.204,0.0881498830672276,35,22.98756980896,1.31579076620976,11074.0723813984,2.799999952,67.6379152138007,83.4
AGO,Angola,Sub-Saharan Africa,Lower middle income,IBRD,2011,157.573,0.0884977268560473,34.6,22.3924407958984,-0.356512141669299,11034.5919687814,4.699999809,71.5687732342007,77.2
AGO,Angola,Sub-Saharan Africa,Lower middle income,IBRD,2012,155.512,0.0852390492844748,37.3,,4.37008778613288,11516.8133246588,7.699999809,49.8033722438392,72
AGO,Angola,Sub-Saharan Africa,Lower middle income,IBRD,2013,153.536,0.0938250413264061,38.4,,0.921826358320473,11622.978345524,13,44.6892655367232,67.9
AGO,Angola,Sub-Saharan Africa,Lower middle income,IBRD,2014,151.577,0.0970439584178449,32,,0.821220988941135,11718.4286832376,21.3623407584103,53.4302704978423,64.5
AGO,Angola,Sub-Saharan Africa,Lower middle income,IBRD,2015,150.244,0.103166222798593,42,,-2.80470818378251,11389.7609549481,22,52.3096953478798,61.8
AGO,Angola,Sub-Saharan Africa,Lower middle income,IBRD,2016,148.905,0.0977450255714143,41.8,42.9851256990708,-3.73813083448252,10963.9967887173,23.200000760000002,59.0540887422076,59.6
AGO,Angola,Sub-Saharan Africa,Lower middle income,IBRD,2017,147.407,0.0876391123111042,42.9,,-3.63762547583934,10565.1676483607,26,84.223856969922707,57.9
AGO,Angola,Sub-Saharan Africa,Lower middle income,IBRD,2018,146.305,0.081223326266632,45.3,,-3.88378811597828,10154.8389228005,29,88.1276384215356,56.5
AGO,Angola,Sub-Saharan Africa,Lower middle income,IBRD,2019,145.094,0.0858486600232178,45.6,,-4.35122089958229,9712.97944927269,32.12939835,85.0667110963012,55.3
AGO,Angola,Sub-Saharan Africa,Lower middle income,IBRD,2020,144.329,0.068947082491128,47,,-8.31907910122797,8904.94900580168,33.32089996,84.5937537755225,54.2
AGO,Angola,Sub-Saharan Africa,Lower middle income,IBRD,2021,143.383,0.084894107649036,48.2,49.4286274279557,-2.07481613044689,8720.18768742123,34.55649948,91.1643122192566,53.2
AGO,Angola,Sub-Saharan Africa,Lower middle income,IBRD,2022,141.978,0.0855686775596396,48.5,,0.35327155797566,8750.99363032299,35.83800125,,51.9
ALB,Albania,Europe & Central Asia,Upper middle income,IBRD,2000,14.743,0.159005961987564,99.4,66.8600311279297,8.14996793452505,6581.98909242849,0.114097346552109,96.1490163248221,27
ALB,Albania,Europe & Central Asia,Upper middle income,IBRD,2001,8.811,0.155398157275197,99.4,69.292106628418,9.89019357107392,7232.96055449664,0.325798377067964,95.3120643431635,25.6
ALB,Albania,Europe & Central Asia,Upper middle income,IBRD,2002,13.511,0.173011584444563,99.4,,4.94262296313663,7590.45852377781,0.39008127343332,93.9612092027822,24.3
ALB,Albania,Europe & Central Asia,Upper middle income,IBRD,2003,15.889,0.172651331220166,99.4,,5.72810598121802,8025.2480324802,0.971900415195857,97.8619791666667,22.9
ALB,Albania,Europe & Central Asia,Upper middle income,IBRD,2004,17.662,0.171911645406146,99.4,77.1257705688477,5.70712308403314,8483.25881549279,2.42038779776014,97.5074919728862,21.4
ALB,Albania,Europe & Central Asia,Upper middle income,IBRD,2005,18.216,0.153686783501452,99.4,80.9782333374023,5.67025027957055,8964.28082219496,6.04389086404814,98.7189050156164,20
ALB,Albania,Europe & Central Asia,Upper middle income,IBRD,2006,16.517,0.14447940488276,99.4,82.5476684570312,6.68998139667232,9563.98954154527,9.609999657,98.3213251267198,18.5
ALB,Albania,Europe & Central Asia,Upper middle income,IBRD,2007,15.882,0.139299620044941,99.4,84.5937118530273,7.30798262922809,10262.9242359026,15.03610039,97.491958041958,17.1
ALB,Albania,Europe & Central Asia,Upper middle income,IBRD,2008,18.855,0.128734666247396,100,85.9438629150391,7.73056161381389,11056.3059173381,23.86,,15.8
ALB,Albania,Europe & Central Asia,Upper middle income,IBRD,2009,19.237,0.128009182471056,99.6,88.4567413330078,3.38511539501225,11430.5746310655,41.2,99.9886582083814,14.5
ALB,Albania,Europe & Central Asia,Upper middle income,IBRD,2010,19.725,0.132537632560234,99.6,91.1922378540039,3.48564808644622,11829.0042369631,45,99.9939217758985,13.3
ALB,Albania,Europe & Central Asia,Upper middle income,IBRD,2011,20.638,0.14163472395966,99.7,92.2976379394531,2.73953255678821,12153.0636591785,47,98.6105941302792,12.2
ALB,Albania,Europe & Central Asia,Upper middle income,IBRD,2012,21.339,0.127291132728163,99.9,94.2169723510742,2.5545386692104,12463.518369846,49.40000153,,11.2
ALB,Albania,Europe & Central Asia,Upper middle income,IBRD,2013,21.632,0.131546617200087,99.9,99.1101650982234,3.28889031489732,12873.4298184073,51.79999924,,10.5
ALB,Albania,Europe & Central Asia,Upper middle income,IBRD,2014,21.767,0.137616233014004,100,98.9064599746518,3.83017022939833,13366.5040948145,54.29999924,,9.9
ALB,Albania,Europe & Central Asia,Upper middle income,IBRD,2015,20.656,0.128638701775926,100,99.0993228142471,3.81743447071763,13876.7616296598,56.90000153,,9.6
ALB,Albania,Europe & Central Asia,Upper middle income,IBRD,2016,18.518,0.11523232269038,99.9,96.6560853943559,5.52482598081943,14643.4285614716,59.59999847,,9.4
ALB,Albania,Europe & Central Asia,Upper middle income,IBRD,2017,16.778,0.131804795008718,99.9,94.9233468518998,4.88935288088643,15359.3974577025,62.40000153,,9.3
ALB,Albania,Europe & Central Asia,Upper middle income,IBRD,2018,15.456,0.126492043755784,100,95.8495450622985,5.28357949627288,16170.9234325287,65.40000153,,9.3
ALB,Albania,Europe & Central Asia,Upper middle income,IBRD,2019,14.949,0.115801332410184,100,95.5375027821055,3.64975808463876,16761.1230178682,68.5503911218006,,9.4
ALB,Albania,Europe & Central Asia,Upper middle income,IBRD,2020,14.004,0.10976374073355,100,92.2998271538817,-1.81016536329729,16457.7189744991,72.23767711,,9.4
ALB,Albania,Europe & Central Asia,Upper middle income,IBRD,2021,13.002,0.112738800351488,100,94.3556604734894,10.6641494274411,18212.794718288,79.32371752,,9.5
ALB,Albania,Europe & Central Asia,Upper middle income,IBRD,2022,12.827,0.0951713519053853,100,93.2280956589459,6.45698822084806,19388.7927279351,82.61367544,,9.4
AND,Andorra,Europe & Central Asia,High income,Not classified,2000,9.075,,100,,3.56776571144128,54809.1441679423,10.53883560922,100,7.6
AND,Andorra,Europe & Central Asia,High income,Not classified,2001,9.84,,100,,7.84516813384302,59109.0136806378,,100,7.2
AND,Andorra,Europe & Central Asia,High income,Not classified,2002,9.384,,100,85.6831817626953,3.51828473360374,61188.6370851474,11.2604687170103,100,6.8
AND,Andorra,Europe & Central Asia,High income,Not classified,2003,8.335,,100,85.3645629882812,4.03270748560267,63656.1958332184,13.546412876439,100,6.5
AND,Andorra,Europe & Central Asia,High income,Not classified,2004,8.712,,100,81.6305999755859,1.09540001410325,64353.4858113531,26.8379543894637,100,6.2
AND,Andorra,Europe & Central Asia,High income,Not classified,2005,9.064,,100,89.1366195678711,1.18302768739022,65114.8053663021,37.6057662174867,100,5.9
AND,Andorra,Europe & Central Asia,High income,Not classified,2006,9.383,,100,86.9112319946289,1.95883002800001,66390.293726491,48.9368469989479,100,5.6
AND,Andorra,Europe & Central Asia,High income,Not classified,2007,9.034,,100,85.7791900634766,-1.2896115123411,65534.1168555171,70.87,100,5.3
AND,Andorra,Europe & Central Asia,High income,Not classified,2008,9.328,,100,86.7674026489258,-7.38929878788132,60691.6051530637,70.04,100,5
AND,Andorra,Europe & Central Asia,High income,Not classified,2009,8.092,,100,85.9325790405273,-5.74648545856505,57203.9708883731,78.53,100,4.8
AND,Andorra,Europe & Central Asia,High income,Not classified,2010,8.037,,100,89.1314163208008,1.88988084312282,58285.0577756981,81,100,4.5
AND,Andorra,Europe & Central Asia,High income,Not classified,2011,7.621,,100,87.0305709838867,3.7495175357235,60470.4662377044,81,100,4.3
AND,Andorra,Europe & Central Asia,High income,Not classified,2012,6.616,,100,88.2096099853516,-3.80075429834201,58172.1323929474,82.69999695,100,4.1
AND,Andorra,Europe & Central Asia,High income,Not classified,2013,5.362,,100,87.4892501831055,-1.44394540350855,57332.1585611366,84.40000153,100,3.9
AND,Andorra,Europe & Central Asia,High income,Not classified,2014,4.947,,100,89.3149490356445,4.52989381717444,59929.2444670501,86.09999847,100,3.7
AND,Andorra,Europe & Central Asia,High income,Not classified,2015,4.936,,100,90.8539199829102,3.63079793724701,62105.1542389675,87.90000153,100,3.5
AND,Andorra,Europe & Central Asia,High income,Not classified,2016,4.576,,100,95.5604400634766,3.69962046811506,64402.8092369468,89.69999695,99.0971107544141,3.4
AND,Andorra,Europe & Central Asia,High income,Not classified,2017,4.326,,100,95.4148483276367,-1.80605703312767,63239.6577711911,91.5674670273926,96.0408086858854,3.2
AND,Andorra,Europe & Central Asia,High income,Not classified,2018,3.832,,100,97.8036804199219,-0.30211930399588,63048.5985572834,93.5,96.3914590747331,3.1
AND,Andorra,Europe & Central Asia,High income,Not classified,2019,3.526,,100,95.9698791503906,0.265352820614368,63215.899791913,90.71869659,96.6070777088654,3
AND,Andorra,Europe & Central Asia,High income,Not classified,2020,3.119,,100,96.9991226196289,-12.2238384935431,55488.4902991095,93.20570374,97.3833824234537,2.9
AND,Andorra,Europe & Central Asia,High income,Not classified,2021,3.5,,100,98.0232086181641,6.92704485233561,59332.2029100127,93.89749908,93.3403907227408,2.8
AND,Andorra,Europe & Central Asia,High income,Not classified,2022,3.527,,100,98.0160369873047,7.72123800096536,63913.3835079105,94.05169678,,2.7
ARE,United Arab Emirates,"Middle East, North Africa, Afghanistan & Pakistan",High income,Not classified,2000,24.91,0.265433053675638,100,,3.63205780500195,95390.8328858321,23.6253008751553,0,10.7
ARE,United Arab Emirates,"Middle East, North Africa, Afghanistan & Pakistan",High income,Not classified,2001,24.588,0.299657307316454,100,,-4.86473065890998,90750.3257926454,26.2717542010006,0,10.5
ARE,United Arab Emirates,"Middle East, North Africa, Afghanistan & Pakistan",High income,Not classified,2002,24.745,0.299065296902689,100,,-3.60458348660198,87479.1545350862,28.3164853110439,0,10.3
ARE,United Arab Emirates,"Middle East, North Africa, Afghanistan & Pakistan",High income,Not classified,2003,25.441,0.28895112685217,100,,2.68559850249295,89828.493399274,29.4779534120864,0,10.2
ARE,United Arab Emirates,"Middle East, North Africa, Afghanistan & Pakistan",High income,Not classified,2004,25.461,0.278747900467645,100,,3.71559553188652,93166.1568863784,30.1312961695367,0,10
ARE,United Arab Emirates,"Middle East, North Africa, Afghanistan & Pakistan",High income,Not classified,2005,27.083,0.283040465343584,100,,-0.445692154808313,92750.9226341994,40,0,9.8
ARE,United Arab Emirates,"Middle East, North Africa, Afghanistan & Pakistan",High income,Not classified,2006,25.138,0.267656286956219,100,,2.28740527695417,94872.5121329578,52,0,9.6
ARE,United Arab Emirates,"Middle East, North Africa, Afghanistan & Pakistan",High income,Not classified,2007,19.697,0.279680977850104,100,,-8.10762969870919,87180.6001633546,61,0,9.4
ARE,United Arab Emirates,"Middle East, North Africa, Afghanistan & Pakistan",High income,Not classified,2008,13.084,0.324601828996484,100,,-7.90937300755436,80285.1613062103,63,0,9.2
ARE,United Arab Emirates,"Middle East, North Africa, Afghanistan & Pakistan",High income,Not classified,2009,11.779,0.344824956926307,100,,-10.9561860297587,71488.9696792101,64,0.0074797544866858,9
ARE,United Arab Emirates,"Middle East, North Africa, Afghanistan & Pakistan",High income,Not classified,2010,11.4,0.352965708224749,100,,-0.804617487902945,70913.7569272495,68,0.0196063821860797,8.8
ARE,United Arab Emirates,"Middle East, North Africa, Afghanistan & Pakistan",High income,Not classified,2011,10.103,0.34088970786116,100,,3.21044717047995,73190.4056300014,78,0.0225949948051686,8.6
ARE,United Arab Emirates,"Middle East, North Africa, Afghanistan & Pakistan",High income,Not classified,2012,8.785,0.339882409040711,100,,0.619820807088118,73644.0549928884,84.9999915049492,0.0223400048954077,8.4
ARE,United Arab Emirates,"Middle East, North Africa, Afghanistan & Pakistan",High income,Not classified,2013,7.941,0.341534387248954,100,,0.805426598522857,74237.2038000319,88,0.0783671985090231,8.2
ARE,United Arab Emirates,"Middle East, North Africa, Afghanistan & Pakistan",High income,Not classified,2014,6.326,0.331533412395537,100,,-0.124043269981982,74145.1175448951,90.4000107121939,0.263563430434596,7.9
ARE,United Arab Emirates,"Middle East, North Africa, Afghanistan & Pakistan",High income,Not classified,2015,5.432,0.323245610321981,100,,1.47472912196567,75238.5571858454,90.5,0.240204736895818,7.6
ARE,United Arab Emirates,"Middle East, North Africa, Afghanistan & Pakistan",High income,Not classified,2016,4.598,0.3141868558071,100,,0.57481122939582,75671.036861385,90.6000073180483,0.248154120342867,7.3
ARE,United Arab Emirates,"Middle East, North Africa, Afghanistan & Pakistan",High income,Not classified,2017,4.547,0.30558664719517,100,,-4.1521758396202,72529.0423512365,94.8199225383446,0.557695737471018,7
ARE,United Arab Emirates,"Middle East, North Africa, Afghanistan & Pakistan",High income,Not classified,2018,3.74,0.275729818032732,100,100.131416320801,0.195833797104513,72671.0787288764,98.4500017817194,0.885151528519123,6.7
ARE,United Arab Emirates,"Middle East, North Africa, Afghanistan & Pakistan",High income,Not classified,2019,3.292,0.287626193331436,100,101.139777479205,0.208979855084152,72822.9466438922,99.1499979561243,2.64586794169905,6.3
ARE,United Arab Emirates,"Middle East, North Africa, Afghanistan & Pakistan",High income,Not classified,2020,3.032,0.311548203783281,100,99.1370929452638,-8.25883323246956,66808.6209256028,100,3.78319860170417,5.9
ARE,United Arab Emirates,"Middle East, North Africa, Afghanistan & Pakistan",High income,Not classified,2021,2.563,0.303687488968238,100,102.068631287595,2.65161941845433,68580.1312912676,100,4.20134583903604,5.6
ARE,United Arab Emirates,"Middle East, North Africa, Afghanistan & Pakistan",High income,Not classified,2022,2.879,0.276460499155598,100,98.9789962768555,2.18067106977496,70075.63837395,100,,5.3
ARG,Argentina,Latin America & Caribbean,Upper middle income,IBRD,2000,65.808,0.164929532239069,95.7,99.8094177246094,-1.90684139222867,22281.3814299958,7.0386830862178,33.0317886599097,19.4
ARG,Argentina,Latin America & Caribbean,Upper middle income,IBRD,2001,63.491,0.16568633353421,95.5,101.411613464355,-5.45263903304014,21066.4581290433,9.78080728532407,41.617243827229,18.8
ARG,Argentina,Latin America & Caribbean,Upper middle income,IBRD,2002,62.126,0.175591694233984,96.1,100.75479888916,-11.8423138177008,18571.7020471274,10.8821243775325,43.2402458483541,18.3
ARG,Argentina,Latin America & Caribbean,Upper middle income,IBRD,2003,60.002,0.175879244493381,96.3,100.139373779297,7.71839038006088,20005.1385113465,11.9136965509954,37.8812394109214,17.8
ARG,Argentina,Latin America & Caribbean,Upper middle income,IBRD,2004,61.681,0.178579822193042,96.5,100.194129943848,7.92951713016532,21591.449396517,16.0366841054923,31.5189022626871,17.3
ARG,Argentina,Latin America & Caribbean,Upper middle income,IBRD,2005,63.546,0.168401605920029,96.7,98.7863388061523,7.73898107569444,23262.4075792816,17.7205833696065,33.7205702994261,16.7
ARG,Argentina,Latin America & Caribbean,Upper middle income,IBRD,2006,64.156,0.164921451927162,97,98.0361328125,6.94185160089025,24877.2493922296,20.9272021035896,34.7396865413772,16.2
ARG,Argentina,Latin America & Caribbean,Upper middle income,IBRD,2007,64.562,0.161088837936424,97.2,98.1988677978516,7.93261011269163,26850.6645932771,25.9466329403819,29.2267911400766,15.8
ARG,Argentina,Latin America & Caribbean,Upper middle income,IBRD,2008,66.357,0.160297644141658,97.5,99.5787734985352,3.00856892610517,27658.4853446831,28.1126234799907,27.4501463990749,15.4
ARG,Argentina,Latin America & Caribbean,Upper middle income,IBRD,2009,65.923,0.156688664156901,97.8,102.57689666748,-6.9103121153056,25747.1976809995,34,30.4953983718573,15
ARG,Argentina,Latin America & Caribbean,Upper middle income,IBRD,2010,65.927,0.153069103330227,98.8,104.500671386719,8.96819672899282,28056.2570212342,45,28.633480141253,14.4
ARG,Argentina,Latin America & Caribbean,Upper middle income,IBRD,2011,66.764,0.150521798643526,99,106.733993530273,4.88127252804149,29425.7593876084,51,26.3898274983398,13.9
ARG,Argentina,Latin America & Caribbean,Upper middle income,IBRD,2012,64.852,0.155375926718243,99.1,107.975830078125,-2.0383253093713,28825.9666865361,55.79999924,24.2839965308912,13.3
ARG,Argentina,Latin America & Caribbean,Upper middle income,IBRD,2013,66.104,0.155215528547608,99.3,109.241096496582,1.39351266056681,29227.6601818437,59.90000153,26.3673843991769,12.7
ARG,Argentina,Latin America & Caribbean,Upper middle income,IBRD,2014,66.613,0.156617676154761,100,110.363609313965,-3.51326421042003,28200.8152571318,64.69999695,25.6716891813878,12.2
ARG,Argentina,Latin America & Caribbean,Upper middle income,IBRD,2015,63.879,0.157401882650958,99.7,111.491546630859,1.66091253843923,28669.2061336796,68.0430641088122,24.4205243146988,11.7
ARG,Argentina,Latin America & Caribbean,Upper middle income,IBRD,2016,58.79,0.159063528793271,99.9,112.874443054199,-3.02450095578762,27802.1057201498,70.9689808206024,22.7375832088032,11.4
ARG,Argentina,Latin America & Caribbean,Upper middle income,IBRD,2017,55.022,0.152498454795404,100,113.530090332031,1.91639608148853,28334.904184742,74.2949068657957,24.5224932026036,11
ARG,Argentina,Latin America & Caribbean,Upper middle income,IBRD,2018,49.926,0.155323571914382,100,112.869537353516,-3.41553683867816,27367.115094108,77.7,25.0378814713896,10.7
ARG,Argentina,Latin America & Caribbean,Upper middle income,IBRD,2019,41.751,0.153027003582194,100,113.60587310791,-2.69506723533574,26629.5529419501,79.9469520347551,26.5099136541149,10.5
ARG,Argentina,Latin America & Caribbean,Upper middle income,IBRD,2020,31.492,0.155799055079082,100,115.878791809082,-10.3361096878518,23877.0931404855,85.51438646,27.2624493230322,10.3
ARG,Argentina,Latin America & Caribbean,Upper middle income,IBRD,2021,28.54,0.155804346573759,100,119.181510925293,10.1485599877349,26300.274261175,87.15070683,25.5361113468556,10.1
ARG,Argentina,Latin America & Caribbean,Upper middle income,IBRD,2022,25.767,0.154368641472834,100,117.566009521484,5.79747980169367,27825.0273492567,88.37535691,,9.9
ARM,Armenia,Europe & Central Asia,Upper middle income,IBRD,2000,37.273,0.241495294450956,98.9,88.5902481079102,4.13075887426186,4589.00825039977,1.30047002237784,21.1664988251091,30.6
ARM,Armenia,Europe & Central Asia,Upper middle income,IBRD,2001,33.063,0.224274352437941,100,,9.91735475361723,5044.11647826468,1.63109466677715,16.8442123585727,29.1
ARM,Armenia,Europe & Central Asia,Upper middle income,IBRD,2002,32.184,0.169113296490811,98,,13.6245265308361,5731.35346609213,1.9604050458212,30.0326146040949,27.7
ARM,Armenia,Europe & Central Asia,Upper middle income,IBRD,2003,32.048,0.16601399861645,99.1,,14.6197014940959,6569.26023440631,4.57521722477781,36.0279949100164,26.4
ARM,Armenia,Europe & Central Asia,Upper middle income,IBRD,2004,32.104,0.162722750060523,99.1,,11.1144901880771,7299.40001858866,4.8990085713054,33.3930348258707,25.1
ARM,Armenia,Europe & Central Asia,Upper middle income,IBRD,2005,30.055,0.169600376534999,99.8,,14.5697018806234,8362.90084037119,5.252999783,28.0655374386576,23.9
ARM,Armenia,Europe & Central Asia,Upper middle income,IBRD,2006,28.542,0.149252922984715,99.1,,13.8986537041733,9525.23146779778,5.631800175,30.7237838747686,22.7
ARM,Armenia,Europe & Central Asia,Upper middle income,IBRD,2007,27.88,0.152192033638951,99.2,94.7361068725586,14.4208244850475,10898.8483795634,6.021299839,31.4581213970838,21.6
ARM,Armenia,Europe & Central Asia,Upper middle income,IBRD,2008,28.827,0.156019059495831,99.2,93.9530563354492,7.60294775074826,11727.4821272949,6.21,31.1767764298094,20.6
ARM,Armenia,Europe & Central Asia,Upper middle income,IBRD,2009,29.88,0.14476275823296,99.3,99.4727630615234,-13.5088421403002,10143.2350796867,15.30000019,35.6850643625463,19.6
ARM,Armenia,Europe & Central Asia,Upper middle income,IBRD,2010,31.803,0.135262686885413,99.8,104.280326843262,2.91158696816194,10438.5641904169,25,39.4869819750424,18.7
ARM,Armenia,Europe & Central Asia,Upper middle income,IBRD,2011,31.179,0.147371362430416,99.5,92.7371215820312,5.28437530828725,10990.177099035,32,33.5706594885599,17.8
ARM,Armenia,Europe & Central Asia,Upper middle income,IBRD,2012,29.525,0.158932024519075,99.5,,7.33470454115984,11796.2741177994,37.5,28.8091090094574,16.9
ARM,Armenia,Europe & Central Asia,Upper middle income,IBRD,2013,26.982,0.149059742597709,99.4,86.4559326171875,3.37178358702843,12194.0189523843,41.9,28.2386511024643,16.1
ARM,Armenia,Europe & Central Asia,Upper middle income,IBRD,2014,25.716,0.150894766711787,99.7,86.6189804077148,3.88187670110254,12667.375733024899,54.6228058583362,25.7659052781004,15.4
ARM,Armenia,Europe & Central Asia,Upper middle income,IBRD,2015,25.103,0.14257359772269,100,86.1423797607422,3.51599547257022,13112.7600902915,59.1008337674937,28.3279907680472,14.7
ARM,Armenia,Europe & Central Asia,Upper middle income,IBRD,2016,24.38,0.136151330181803,99.8,,0.611877151180408,13192.9940731731,64.3460297653742,32.1718386876282,14
ARM,Armenia,Europe & Central Asia,Upper middle income,IBRD,2017,21.153,0.134058463419068,99.7,,7.96544606461424,14243.8749003795,64.7448843250726,29.2530585962653,13.3
ARM,Armenia,Europe & Central Asia,Upper middle income,IBRD,2018,18.657,0.133309478998089,99.9,82.6929233518222,5.56850117850011,15037.0452420712,68.2450522610271,30.0282377101784,12.7
ARM,Armenia,Europe & Central Asia,Upper middle income,IBRD,2019,16.328,0.133742019847753,100,86.6098941525282,7.83608438672164,16215.3607965094,66.5439496866159,31.2254199765594,12.1
ARM,Armenia,Europe & Central Asia,Upper middle income,IBRD,2020,13.735,0.155105725490298,100,87.5163440721926,-7.16866452731679,15052.9359791136,76.50770055,23.4345496300077,11.6
ARM,Armenia,Europe & Central Asia,Upper middle income,IBRD,2021,13.66,0.158240664855423,100,89.5961159583451,5.77142760758333,15921.705281964,78.61225758,30.0380758979566,11
ARM,Armenia,Europe & Central Asia,Upper middle income,IBRD,2022,13.487,0.146385715366354,100,90.1215425051106,12.3383335576379,17886.1783877168,77.02767465,,10.5
ASM,American Samoa,East Asia & Pacific,High income,Not classified,2000,48.376,,,,,,,0,
ASM,American Samoa,East Asia & Pacific,High income,Not classified,2001,46.153,,,,,,,0,
ASM,American Samoa,East Asia & Pacific,High income,Not classified,2002,44.466,,,,,,,0,
ASM,American Samoa,East Asia & Pacific,High income,Not classified,2003,42.685,,,,1.12678985497159,,,0,
ASM,American Samoa,East Asia & Pacific,High income,Not classified,2004,41.905,,,,0.68022053736145,,,0,
ASM,American Samoa,East Asia & Pacific,High income,Not classified,2005,38.191,,,,-0.0545952701160815,,,0,
ASM,American Samoa,East Asia & Pacific,High income,Not classified,2006,35.852,,,,-3.68497685539259,,,0,
ASM,American Samoa,East Asia & Pacific,High income,Not classified,2007,33.607,,,,2.32559828018989,,,0,
ASM,American Samoa,East Asia & Pacific,High income,Not classified,2008,34.624,,,,-2.16041177422564,,,0,
ASM,American Samoa,East Asia & Pacific,High income,Not classified,2009,35.118,,,,-3.6489098592902,,,0,
ASM,American Samoa,East Asia & Pacific,High income,Not classified,2010,35.792,,,,0.84468159199173,,,0,
ASM,American Samoa,East Asia & Pacific,High income,Not classified,2011,38.084,,,,0.606612624100549,,,0.173756354977798,
ASM,American Samoa,East Asia & Pacific,High income,Not classified,2012,40.138,,,,-3.62202258510453,,,0.900785791860985,
ASM,American Samoa,East Asia & Pacific,High income,Not classified,2013,42.076,,,,-1.62801355404956,,,1.54840360867618,
ASM,American Samoa,East Asia & Pacific,High income,Not classified,2014,43.059,,,,2.79061243809868,,,1.5020366598778,
ASM,American Samoa,East Asia & Pacific,High income,Not classified,2015,42.174,,,,4.29662336687659,,,1.51931173347977,
ASM,American Samoa,East Asia & Pacific,High income,Not classified,2016,39.45,,,,-0.488137584297121,,,1.83115895395776,
ASM,American Samoa,East Asia & Pacific,High income,Not classified,2017,37.274,,,,-5.79936404816848,,,4.58748221906117,
ASM,American Samoa,East Asia & Pacific,High income,Not classified,2018,35.427,,,,4.03850712136055,,,4.7562283943259,
ASM,American Samoa,East Asia & Pacific,High income,Not classified,2019,34.278,,,,0.897584681397618,,,4.27379925222893,
ASM,American Samoa,East Asia & Pacific,High income,Not classified,2020,34.149,,,,5.3517874262504,,,3.87100430741329,
ASM,American Samoa,East Asia & Pacific,High income,Not classified,2021,34.214,,,,0.297884820349225,,,3.8725406815218,
ASM,American Samoa,East Asia & Pacific,High income,Not classified,2022,34.104,,,,3.59327606262792,,,,
ATG,Antigua and Barbuda,Latin America & Caribbean,High income,IBRD,2000,61.851,0.0709052093150369,97.7,78.4783935546875,4.43708445751554,25547.6120273679,6.48222573702907,0,14.9
ATG,Antigua and Barbuda,Latin America & Caribbean,High income,IBRD,2001,59.991,0.0725867391304339,97.7,,-5.99992111346744,24014.7754593511,8.89928551450583,0,14.6
ATG,Antigua and Barbuda,Latin America & Caribbean,High income,IBRD,2002,56.432,0.0813309768329608,100,,-0.235736724833515,23958.1638142071,12.5,0,14.3
ATG,Antigua and Barbuda,Latin America & Caribbean,High income,IBRD,2003,53.866,0.0836188584574908,97.9,,4.91622766558386,25136.001691807,17.2286487816884,0,13.9
ATG,Antigua and Barbuda,Latin America & Caribbean,High income,IBRD,2004,51.976,0.0803633933026618,97.9,,4.64519467801469,26303.6179046605,24.2665437161785,0,13.6
ATG,Antigua and Barbuda,Latin America & Caribbean,High income,IBRD,2005,50.109,0.0782441254503061,92.2,,5.28070690333209,27692.634871178,27,0,13.3
ATG,Antigua and Barbuda,Latin America & Caribbean,High income,IBRD,2006,48.992,0.0789598532914022,100,,11.3196408319242,30827.3416754916,30,0,13
ATG,Antigua and Barbuda,Latin America & Caribbean,High income,IBRD,2007,49.104,0.079005361077828,100,112.965049743652,7.84344693304287,33245.2678606765,34,0,12.7
ATG,Antigua and Barbuda,Latin America & Caribbean,High income,IBRD,2008,54.489,0.0850917830731188,100,121.629211425781,-1.47076894898352,32756.3067839753,38,0,12.5
ATG,Antigua and Barbuda,Latin America & Caribbean,High income,IBRD,2009,50.957,0.111543653439123,98.5,120.998901367188,-13.2817680568047,28405.6900929523,42,0.0488460129441934,12.2
ATG,Antigua and Barbuda,Latin America & Caribbean,High income,IBRD,2010,42.685,0.126569855985975,98.7,117.978141784668,-9.0794536101368,25826.6086383235,47,0.0485348540920949,12
ATG,Antigua and Barbuda,Latin America & Caribbean,High income,IBRD,2011,40.725,0.0985018807668849,94.6,116.915008544922,-3.10800074739414,25023.9174488179,52,0.14265335235378,11.8
ATG,Antigua and Barbuda,Latin America & Caribbean,High income,IBRD,2012,37.781,0.101556617973799,100,126.204559326172,2.27378133147778,25592.9066121735,58,0.142221684267861,11.6
ATG,Antigua and Barbuda,Latin America & Caribbean,High income,IBRD,2013,34.252,0.117036744712147,100,,-1.50846791062001,25206.8458285339,63.40000153,0.19054532256601,11.4
ATG,Antigua and Barbuda,Latin America & Caribbean,High income,IBRD,2014,34.168,0.123291153597945,100,115.915657043457,1.39120573166151,25557.5249124716,67.77999878,0.187149095446039,11.2
ATG,Antigua and Barbuda,Latin America & Caribbean,High income,IBRD,2015,35.946,0.126474186795137,100,119.018043518066,0.691094824520249,25734.1516444171,70,1.55200370627751,11
ATG,Antigua and Barbuda,Latin America & Caribbean,High income,IBRD,2016,31.44,0.131445546025665,100,,3.47228425039911,26627.71453894,70.27159882,1.55959364715982,10.8
ATG,Antigua and Barbuda,Latin America & Caribbean,High income,IBRD,2017,31.069,0.112652849663585,100,115.81339263916,2.1461875762954,27199.1952402262,70.54419708,1.84609239021885,10.7
ATG,Antigua and Barbuda,Latin America & Caribbean,High income,IBRD,2018,28.173,0.109375515359865,100,119.61092376709,6.17448976886325,28878.6067675471,70.81790161,2.82657253950307,10.5
ATG,Antigua and Barbuda,Latin America & Caribbean,High income,IBRD,2019,31.691,0.126462059931273,100,,2.67761319425004,29651.8641526705,71.09259796,3.68746637977407,10.3
ATG,Antigua and Barbuda,Latin America & Caribbean,High income,IBRD,2020,33.916,0.148320939545823,100,,-19.2945462845167,23930.6714995115,71.36840057,4.9484175555167,10.1
ATG,Antigua and Barbuda,Latin America & Caribbean,High income,IBRD,2021,33.751,0.139428025057843,100,,7.58367481372255,25745.4958067746,71.64530182,5.65579264886605,9.8
ATG,Antigua and Barbuda,Latin America & Caribbean,High income,IBRD,2022,33.469,0.132965777500467,100,107.737361282367,7.92395469957276,27785.5572316838,71.9233017,,9.6
AUS,Australia,East Asia & Pacific,High income,Not classified,2000,17.795,0.412378561595892,100,,2.73354609011429,45099.0752097084,46.7561156116738,8.53855887053809,6.2
AUS,Australia,East Asia & Pacific,High income,Not classified,2001,17.62,0.41162829653917,100,,0.729781869182801,45428.2000837579,52.6892664310395,8.24987201460146,6.1
AUS,Australia,East Asia & Pacific,High income,Not classified,2002,17.238,0.405011289174688,100,,2.7740361493122,46688.3947760633,,7.93263167146404,6
AUS,Australia,East Asia & Pacific,High income,Not classified,2003,16.34,0.392332649741806,100,,1.91232481392237,47581.2285345879,,8.53031222543274,5.9
AUS,Australia,East Asia & Pacific,High income,Not classified,2004,16.144,0.390601514972581,100,,3.11057041061613,49061.2761503925,,8.27551940604288,5.8
AUS,Australia,East Asia & Pacific,High income,Not classified,2005,16.491,0.380778418906701,100,,1.90739095765275,49997.0664953941,63,8.92460091843429,5.7
AUS,Australia,East Asia & Pacific,High income,Not classified,2006,16.11,0.376364700489031,100,,1.39339848998918,50693.7248649798,66,9.33943220375381,5.6
AUS,Australia,East Asia & Pacific,High income,Not classified,2007,17.127,0.372390931886159,100,,1.91249613831002,51663.2403953881,69.45,8.71494548789465,5.4
AUS,Australia,East Asia & Pacific,High income,Not classified,2008,18.189,0.362624227871427,100,,1.56811983624921,52473.3819160773,71.67,8.17116943027123,5.2
AUS,Australia,East Asia & Pacific,High income,Not classified,2009,17.814,0.360922029843323,100,,-0.124768741461196,52407.9115378584,74.25,7.52290842272387,5
AUS,Australia,East Asia & Pacific,High income,Not classified,2010,17.069,0.357436771431834,100,,0.632264496011231,52739.2681556133,76,8.61549665361888,4.8
AUS,Australia,East Asia & Pacific,High income,Not classified,2011,16.307,0.347011759278154,100,,0.981771621515961,53257.0473237603,79.4876977139029,10.3928534854226,4.5
AUS,Australia,East Asia & Pacific,High income,Not classified,2012,16.038,0.33423071487015,100,,2.15339832775771,54403.8836902433,79,10.5266932270916,4.3
AUS,Australia,East Asia & Pacific,High income,Not classified,2013,14.697,0.319578137782547,100,,0.902732553895234,54895.0052588984,83.453497167,13.1701197247173,4.1
AUS,Australia,East Asia & Pacific,High income,Not classified,2014,13.072,0.304336651612312,100,,1.08218148890933,55489.068844146,84,14.616860171630501,4
AUS,Australia,East Asia & Pacific,High income,Not classified,2015,12.038,0.301037158206247,100,147.584396362305,0.704511799724457,55879.9958817103,84.5605149091408,13.3253353778438,3.9
AUS,Australia,East Asia & Pacific,High income,Not classified,2016,10.939,0.298800709886252,100,144.401290893555,1.16312811538609,56529.951824687,86.54000092,14.5835767304562,3.8
AUS,Australia,East Asia & Pacific,High income,Not classified,2017,10.235,0.293959188821674,100,144.534530639648,0.62251098729871,56881.8569859104,86.5450488476768,15.6784702494681,3.8
AUS,Australia,East Asia & Pacific,High income,Not classified,2018,9.741,0.284381797563315,100,132.354217529297,1.3466306507712,57647.8455068105,90.0082016,17.0970979406717,3.8
AUS,Australia,East Asia & Pacific,High income,Not classified,2019,8.763,0.277365885937409,100,139.616836547852,0.695209563773375,58048.6188420831,93.60990143,19.7037412982055,3.8
AUS,Australia,East Asia & Pacific,High income,Not classified,2020,7.726,0.267276531899706,100,135.490798950195,-1.35774770320791,57260.4650530108,94.6934967,22.6002911252065,3.8
AUS,Australia,East Asia & Pacific,High income,Not classified,2021,7.089,0.256804183609076,100,133.347183227539,1.86332687000336,58327.4146842325,96.97219849,26.6608674695166,3.7
AUS,Australia,East Asia & Pacific,High income,Not classified,2022,6.747,0.242057517027223,100,130.563079833984,2.91752727950202,60029.1329190733,96.11940002,,3.7
AUT,Austria,Europe & Central Asia,High income,Not classified,2000,13.88,0.155503939884293,100,,2.94168464206538,53534.2669894259,33.7301329516915,73.1627895587443,5.5
AUT,Austria,Europe & Central Asia,High income,Not classified,2001,13.782,0.164247035698643,100,96.7734069824219,0.929888060915275,54032.075746659,39.1854501811114,69.8400294640427,5.4
AUT,Austria,Europe & Central Asia,High income,Not classified,2002,14.082,0.166033402279949,100,96.4945831298828,0.986311683800295,54565.0004227482,36.56,69.9014384230148,5.3
AUT,Austria,Europe & Central Asia,High income,Not classified,2003,13.327,0.175257194393932,100,96.9213027954102,0.650068295894712,54919.7101911513,42.7,62.1369528367734,5.2
AUT,Austria,Europe & Central Asia,High income,Not classified,2004,13.629,0.17402029420336,100,96.5513229370117,1.93089688878541,55980.1531665622,54.28,65.432379349046,5
AUT,Austria,Europe & Central Asia,High income,Not classified,2005,12.833,0.171793738454885,100,97.7880630493164,1.62565909591297,56890.1996184204,58,64.6807367728034,4.9
AUT,Austria,Europe & Central Asia,High income,Not classified,2006,12.01,0.16192379246861,100,98.4202194213867,2.75962370061296,58460.1550504163,63.6,66.5650829958888,4.8
AUT,Austria,Europe & Central Asia,High income,Not classified,2007,11.172,0.150392433633702,100,98.1064224243164,3.43938549159965,60470.825141587,69.37,69.6374531374839,4.6
AUT,Austria,Europe & Central Asia,High income,Not classified,2008,11.187,0.14784391727622,100,98.0029373168945,1.13621131218787,61157.9014974191,72.87,70.1077919552438,4.5
AUT,Austria,Europe & Central Asia,High income,Not classified,2009,10.464,0.138707622687622,100,98.306266784668,-3.83849307623562,58810.3596828696,73.45,72.3000130270528,4.4
AUT,Austria,Europe & Central Asia,High income,Not classified,2010,10.338,0.147732550462798,100,98.2814788818359,1.56453337880819,59730.4673903053,75.17,67.755820492633,4.3
AUT,Austria,Europe & Central Asia,High income,Not classified,2011,9.331,0.140394442967191,100,97.5853881835938,2.5811033185299,61272.1724662899,78.7399930986888,67.5416255147159,4.2
AUT,Austria,Europe & Central Asia,High income,Not classified,2012,8.898,0.133397956603624,100,98.1663970947266,0.170488694211613,61376.6345930428,80.0299939169903,76.0602592179387,4
AUT,Austria,Europe & Central Asia,High income,Not classified,2013,8.254,0.134872753160257,100,99.4306716918945,-0.836906795346636,60862.9693673785,80.6188,79.3682046930774,3.9
AUT,Austria,Europe & Central Asia,High income,Not classified,2014,7.784,0.126779218066366,100,99.4170379638672,-0.0285805465757676,60845.5743980711,80.9958249574764,82.5402212781564,3.8
AUT,Austria,Europe & Central Asia,High income,Not classified,2015,7.848,0.127875747226936,100,99.7147521972656,0.174259722821304,60951.6037273662,83.9401419315026,78.1278580070139,3.7
AUT,Austria,Europe & Central Asia,High income,Not classified,2016,7.505,0.125989054139734,100,99.1238174438477,1.01887723192984,61572.6257402404,84.3237425711653,79.2284798266675,3.6
AUT,Austria,Europe & Central Asia,High income,Not classified,2017,6.897,0.127389719194554,100,98.8336181640625,1.56430689663536,62535.8105711345,87.9355865856062,77.0241854074365,3.6
AUT,Austria,Europe & Central Asia,High income,Not classified,2018,5.715,0.119274919744436,100,98.9431686401367,1.98626296400239,63777.9362157476,87.4791372262556,78.1653963303554,3.5
AUT,Austria,Europe & Central Asia,High income,Not classified,2019,5.29,0.119877411017066,100,100.049346923828,1.30350317565873,64609.2836396895,87.7522047870069,78.1470754640731,3.5
AUT,Austria,Europe & Central Asia,High income,Not classified,2020,4.907,0.117058656151546,100,100.287178039551,-6.70639361073974,60276.3307697326,87.52942813,80.9966233909424,3.4
AUT,Austria,Europe & Central Asia,High income,Not classified,2021,4.426,0.117395179582014,100,101.08470916748,4.4669658436443,62968.8538770186,92.52915104,79.9114280061055,3.4
AUT,Austria,Europe & Central Asia,High income,Not classified,2022,4.205,0.105466753461683,100,100.453628540039,4.32849751156559,65694.4591501468,93.61409139,,3.3
AZE,Azerbaijan,Europe & Central Asia,Upper middle income,IBRD,2000,30.144,0.632426280868557,98.9,,10.1910292674816,5656.92989378687,0.147757575623251,8.20364725386384,74.3
AZE,Azerbaijan,Europe & Central Asia,Upper middle income,IBRD,2001,26.892,0.553922435769513,98.6,,9.05182203818752,6168.98512059749,0.305564637615618,6.85819715340011,69.3
AZE,Azerbaijan,Europe & Central Asia,Upper middle income,IBRD,2002,26.865,0.501934729152629,100,,8.62535106573642,6701.08174444207,4.99971367812957,10.8015614138281,64.4
AZE,Azerbaijan,Europe & Central Asia,Upper middle income,IBRD,2003,27.485,0.493371598886508,98.8,,9.37646036430615,7329.40601818943,,11.5991731654609,59.9
AZE,Azerbaijan,Europe & Central Asia,Upper middle income,IBRD,2004,35.979,0.447421380848222,99,,8.30153847939059,7937.8594791002,,12.670161883738,55.8
AZE,Azerbaijan,Europe & Central Asia,Upper middle income,IBRD,2005,38.722,0.370017473538328,99.1,,26.6600947700296,10054.1003389401,8.030400276,13.1558237145855,52.1
AZE,Azerbaijan,Europe & Central Asia,Upper middle income,IBRD,2006,40.731,0.281523091211033,99.5,,32.9970665765516,13371.6585214534,11.9921999,10.2595444729658,48.7
AZE,Azerbaijan,Europe & Central Asia,Upper middle income,IBRD,2007,40.611,0.203180160241479,99.5,,24.0486787589595,16587.3657240228,14.53999996,10.8217604247723,45.7
AZE,Azerbaijan,Europe & Central Asia,Upper middle income,IBRD,2008,41.96,0.20474835648912,99.7,,8.29339095519384,17963.0208126838,17.08,10.3143279582313,42.9
AZE,Azerbaijan,Europe & Central Asia,Upper middle income,IBRD,2009,42.246,0.162532351641986,99.9,,7.12223856098808,19242.3900077231,27.4,12.2462900148399,40.2
AZE,Azerbaijan,Europe & Central Asia,Upper middle income,IBRD,2010,48.235,0.147641694215673,99.9,,3.54945543779385,19925.3900662137,46,18.424318546232,37.8
AZE,Azerbaijan,Europe & Central Asia,Upper middle income,IBRD,2011,51.062,0.165955190156387,99.9,,-2.84718268648209,19358.0778100345,50,13.1861633980487,35.5
AZE,Azerbaijan,Europe & Central Asia,Upper middle income,IBRD,2012,58.124,0.177871936718703,100,,0.85388594737168,19523.3737161356,54.20000076,7.92239429267444,33.4
AZE,Azerbaijan,Europe & Central Asia,Upper middle income,IBRD,2013,60.725,0.172897086541143,100,,4.48320316777964,20398.6462250349,73.000001372,6.96411749593217,31.4
AZE,Azerbaijan,Europe & Central Asia,Upper middle income,IBRD,2014,63.586,0.175853432852564,100,,1.52243135535144,20709.201611232,75.0000156363396,5.98006308637981,29.6
AZE,Azerbaijan,Europe & Central Asia,Upper middle income,IBRD,2015,62.697,0.173015594796725,100,,-0.147024760133903,20678.7539572375,77,7.40635126377187,27.9
AZE,Azerbaijan,Europe & Central Asia,Upper middle income,IBRD,2016,58.882,0.177928357348367,100,,-4.14117487259738,19822.4105943941,78.2,8.78410548252645,26.5
AZE,Azerbaijan,Europe & Central Asia,Upper middle income,IBRD,2017,53.042,0.176677238981021,100,,-0.824348468311783,19659.0048562768,79,8.125,25.1
AZE,Azerbaijan,Europe & Central Asia,Upper middle income,IBRD,2018,49.913,0.176794071948585,100,108.65273695473,0.62488437469257,19781.8509058437,79.7999954887896,8.13428990447501,23.8
AZE,Azerbaijan,Europe & Central Asia,Upper middle income,IBRD,2019,47.851,0.183530230602298,100,107.552111988747,1.61582943287135,20101.491875147,81.0999990651547,7.32701749002762,22.7
AZE,Azerbaijan,Europe & Central Asia,Upper middle income,IBRD,2020,41.585,0.183414480822389,100,90.4353484324383,-4.85235140794201,19126.096851126,84.59999573,5.46925190603352,21.5
AZE,Azerbaijan,Europe & Central Asia,Upper middle income,IBRD,2021,34.844,0.183556246867593,100,90.4878029868337,5.15148935903709,20111.3756952109,85.99998954,5.79875927851687,20.5
AZE,Azerbaijan,Europe & Central Asia,Upper middle income,IBRD,2022,35.293,0.185874638090957,100,88.7876201854696,4.673317967871,21051.2442291612,88,,19.6
BDI,Burundi,Sub-Saharan Africa,Low income,IDA,2000,81.877,0.0438768507164366,2.5,,-2.89542791949714,1030.32234706616,0.077248447383456,100,152.4
BDI,Burundi,Sub-Saharan Africa,Low income,IDA,2001,81.718,0.0346589703853105,2.8,,-0.469619802706177,1025.48374929263,0.106001245363203,100,147.5
BDI,Burundi,Sub-Saharan Africa,Low income,IDA,2002,83.48,0.031339935705634,3.1,,1.54204707066606,1041.29719140875,0.118228412267794,100,142.3
BDI,Burundi,Sub-Saharan Africa,Low income,IDA,2003,85.006,0.0263713080367545,3.4,8.93451976776123,-4.2953882781394,996.569433908385,0.201273196735924,100,136.6
BDI,Burundi,Sub-Saharan Africa,Low income,IDA,2004,83.988,0.0297760367205129,3.7,10.1669101715088,0.997721140754805,1006.51241783279,0.349060461879596,100,130.4
BDI,Burundi,Sub-Saharan Africa,Low income,IDA,2005,81.046,0.0247828455652907,3.2,11.0440502166748,-2.77894802793541,978.5419608465,0.542100012,100,123.7
BDI,Burundi,Sub-Saharan Africa,Low income,IDA,2006,78.029,0.0294386793801892,2.7,12.2075300216675,1.68473642542624,995.027813698961,0.657599986,100,116.6
BDI,Burundi,Sub-Saharan Africa,Low income,IDA,2007,75.319,0.0460473216506318,4.7,12.8603200912476,-0.311187520314832,991.931411319069,0.7,100,109.5
BDI,Burundi,Sub-Saharan Africa,Low income,IDA,2008,72.445,0.0259847848361671,4.8,,0.668760370648471,998.565055501985,0.81,100,102.6
BDI,Burundi,Sub-Saharan Africa,Low income,IDA,2009,76.535,0.0252294799618124,5.4,17.5529193878174,-1.33995105464051,985.184772509514,0.899999976,97.1092578710645,96.1
BDI,Burundi,Sub-Saharan Africa,Low income,IDA,2010,77.842,0.034531140362446,5.3,19.8866806030273,0.287652254263818,988.018678716302,1,88.462803394067,90.2
BDI,Burundi,Sub-Saharan Africa,Low income,IDA,2011,75.565,0.0431050185933369,6.2,22.7597904205322,0.368535841377152,991.659881666872,1.110000014,91.7565928101654,84.7
BDI,Burundi,Sub-Saharan Africa,Low income,IDA,2012,72.048,0.0396793326226181,6.5,25.6550006866455,0.762376963720541,999.220068163159,1.220000029,98.1150534829116,79.6
BDI,Burundi,Sub-Saharan Africa,Low income,IDA,2013,67.548,0.042827337816579,6.9,30.7229452018777,1.2220776240641,1011.43131303134,1.2642181112,88.1266083376222,74.9
BDI,Burundi,Sub-Saharan Africa,Low income,IDA,2014,64.713,0.0368405859585402,7,37.6532236992696,0.765722877623617,1019.17607398667,1.04239212643994,85.4372535374623,70.6
BDI,Burundi,Sub-Saharan Africa,Low income,IDA,2015,62.718,0.0396812480352924,7.9,42.5848131340896,-2.63843207790325,992.28580552029,2,86.1077496490634,66.9
BDI,Burundi,Sub-Saharan Africa,Low income,IDA,2016,60.404,0.0429499371380078,8.5,47.4670778135604,1.43842310958158,1006.55907385999,2.200000048,88.2990091315329,63.7
BDI,Burundi,Sub-Saharan Africa,Low income,IDA,2017,58.504,0.0465067734763494,9.3,49.4867506946943,1.41976304054418,1020.8498275719,2.6607485347534,84.064028457092,60.9
BDI,Burundi,Sub-Saharan Africa,Low income,IDA,2018,57.37,0.0627514696273105,9.5,48.9246508069948,2.20950781978466,1043.40558434036,4.019499779,82.3461245571632,58.5
BDI,Burundi,Sub-Saharan Africa,Low income,IDA,2019,56.534,0.0591984201516513,9.8,44.8293939228029,1.08494176938687,1054.72592734898,6.072199821,77.4168754270098,56.2
BDI,Burundi,Sub-Saharan Africa,Low income,IDA,2020,55.673,0.0714041573357164,9.1,49.2576387332398,-2.56910007414477,1027.62896276744,6.430099964,70.2817717120338,54.3
BDI,Burundi,Sub-Saharan Africa,Low income,IDA,2021,54.826,0.0670435027968025,10.2,,0.462596737226662,1032.38274081999,6.777999878,61.3041849395068,52.3
BDI,Burundi,Sub-Saharan Africa,Low income,IDA,2022,54.08,0.0679124661459303,10.3,,-0.413741362511459,1028.11134640179,7.144800186,,50.3
BEL,Belgium,Europe & Central Asia,High income,Not classified,2000,11.687,0.24147217197975,100,,3.46547823151502,50455.7338920674,29.4316916924341,2.71746893300957,5.9
BEL,Belgium,Europe & Central Asia,High income,Not classified,2001,11.83,0.24048621276542,100,164.421981811523,0.752467698420773,50835.3969916063,31.2883955056566,2.85388556896055,5.7
BEL,Belgium,Europe & Central Asia,High income,Not classified,2002,10.999,0.222795029077671,100,166.829498291016,1.25199428184297,51471.8532550934,46.33,2.76352825061838,5.5
BEL,Belgium,Europe & Central Asia,High income,Not classified,2003,10.665,0.22958422423308,100,166.853012084961,0.615852527269695,51788.8439641975,49.97,2.67162944582299,5.3
BEL,Belgium,Europe & Central Asia,High income,Not classified,2004,10.559,0.219166736982676,100,158.973358154297,3.1239312841995,53406.6918625203,53.86,3.3085263032894,5.2
BEL,Belgium,Europe & Central Asia,High income,Not classified,2005,10.42,0.208976331413293,100,166.336334228516,1.76045646457337,54346.8934219288,55.81999969,3.99451421634997,5
BEL,Belgium,Europe & Central Asia,High income,Not classified,2006,10.33,0.198757272652079,100,168.262008666992,1.87817418916214,55367.6227467909,61.9818700222023,4.99038859399198,4.9
BEL,Belgium,Europe & Central Asia,High income,Not classified,2007,10.304,0.18648343643572,100,169.791259765625,2.91838151983706,56983.4612170064,66.7604202433135,5.42542734557672,4.8
BEL,Belgium,Europe & Central Asia,High income,Not classified,2008,10.304,0.187850403788589,100,171.841247558594,-0.343476136908251,56787.7366257416,68.8573221425131,6.82941741015889,4.7
BEL,Belgium,Europe & Central Asia,High income,Not classified,2009,10.25,0.179838679256874,100,171.172912597656,-2.69253471722568,55258.7071019668,74.5441455527336,7.53211673228562,4.6
BEL,Belgium,Europe & Central Asia,High income,Not classified,2010,9.861,0.187514247965674,100,171.341003417969,1.77618341639121,56240.2030936241,77.6397855126946,8.44179729201239,4.5
BEL,Belgium,Europe & Central Asia,High income,Not classified,2011,9.455,0.167297811720003,100,170.005645751953,0.613616927857308,56585.302500068,81.6099959955952,10.5488928362589,4.4
BEL,Belgium,Europe & Central Asia,High income,Not classified,2012,8.694,0.164572195184573,100,171.274078369141,-0.403775116080638,56356.8251292137,80.7199905482042,14.2367248645394,4.3
BEL,Belgium,Europe & Central Asia,High income,Not classified,2013,7.546,0.166213629910471,100,172.689697265625,-0.166173060728624,56263.175267967,82.1702,15.6365204268621,4.2
BEL,Belgium,Europe & Central Asia,High income,Not classified,2014,7.153,0.1530327485283,100,172.866333007812,1.31477462306464,57002.9092185206,85.0012379539925,18.4604038872424,4.1
BEL,Belgium,Europe & Central Asia,High income,Not classified,2015,6.659,0.157960444780827,100,174.837173461914,0.887876358046185,57509.0245728704,85.0529417508701,22.3222150491356,4.1
BEL,Belgium,Europe & Central Asia,High income,Not classified,2016,6.228,0.154474357683427,100,170.400466918945,0.682454832714654,57901.497690315,86.5164766644457,17.9650959044927,4.1
BEL,Belgium,Europe & Central Asia,High income,Not classified,2017,5.905,0.149853319555174,100,168.216491699219,1.08431151262542,58529.3302957537,87.6796808175598,19.5541393920502,4
BEL,Belgium,Europe & Central Asia,High income,Not classified,2018,5.528,0.148106943837347,100,165.985092163086,1.41528937457539,59357.6896884396,88.6473429951691,24.2593851197377,4
BEL,Belgium,Europe & Central Asia,High income,Not classified,2019,5.204,0.14436645516545701,100,166.064483642578,1.89071932044187,60479.9769955469,90.275428012141,21.7447994532485,3.9
BEL,Belgium,Europe & Central Asia,High income,Not classified,2020,4.884,0.138957800839245,100,160.896133422852,-5.20244011003201,57333.5424137924,91.52641629,27.404335237499,3.9
BEL,Belgium,Europe & Central Asia,High income,Not classified,2021,4.609,0.136602558422218,100,150.585006713867,5.8180102265206,60669.2137746534,92.78867618,23.5431574128442,3.8
BEL,Belgium,Europe & Central Asia,High income,Not classified,2022,4.372,0.122640617292927,100,151.826583862305,3.18730563990106,62602.9270469765,94.00783071,,3.8
BEN,Benin,Sub-Saharan Africa,Lower middle income,IDA,2000,118.14,0.0844160141828765,21.5,12.5444002151489,2.65043149973154,2536.16885867097,0.225247851473369,1.94047619047619,135
BEN,Benin,Sub-Saharan Africa,Lower middle income,IDA,2001,119.261,0.0962729562738353,21.9,13.908769607544,2.16452439056758,2591.06485220288,0.363417890016082,2.37878787878788,131.7
BEN,Benin,Sub-Saharan Africa,Lower middle income,IDA,2002,116.523,0.106148495749733,23.4,15.1186399459839,1.50964025698303,2630.18061029627,0.7029455951039,2.41269841269841,128.5
BEN,Benin,Sub-Saharan Africa,Lower middle income,IDA,2003,116.259,0.114926360114636,24.3,15.833459854126,0.336976510869505,2639.04370114641,0.951327114915695,2.1125,125.4
BEN,Benin,Sub-Saharan Africa,Lower middle income,IDA,2004,115.301,0.117314823276161,25.2,17.0808696746826,1.28077994352564,2672.84404357157,1.18254096518994,1.83950617283951,122.5
BEN,Benin,Sub-Saharan Africa,Lower middle income,IDA,2005,110.285,0.126298416223873,26.1,,-1.51043339492205,2632.47251454328,1.271000028,0.700934579439252,119.7
BEN,Benin,Sub-Saharan Africa,Lower middle income,IDA,2006,107.641,0.167376690353503,27.9,,0.750089697773319,2652.21841967159,1.537899971,0,117
BEN,Benin,Sub-Saharan Africa,Lower middle income,IDA,2007,106.115,0.180000404141551,28,,2.9001757042866,2729.13741390352,1.79,0,114.4
BEN,Benin,Sub-Saharan Africa,Lower middle income,IDA,2008,102.513,0.170333989645671,29,,1.77647069609412,2777.61974031765,1.85,0.157205240174672,112
BEN,Benin,Sub-Saharan Africa,Lower middle income,IDA,2009,99.044,0.178609029146133,30,,-0.703743155603306,2758.07243150648,2.24,0.1875,109.7
BEN,Benin,Sub-Saharan Africa,Lower middle income,IDA,2010,98.186,0.18973459844447,34.2,,-0.888244805144353,2733.57399641151,3.13,0,107.4
BEN,Benin,Sub-Saharan Africa,Lower middle income,IDA,2011,95.564,0.17990706557726,36.9,35.1887283325195,-0.0571230167535077,2732.01249647957,4.14832306562512,0,105.1
BEN,Benin,Sub-Saharan Africa,Lower middle income,IDA,2012,95.179,0.163476401845174,38.4,,1.74647753021327,2779.7264808532,4.5,0.729166666666667,102.9
BEN,Benin,Sub-Saharan Africa,Lower middle income,IDA,2013,96.125,0.160442685181015,34.7,41.857421875,4.076668026964,2893.0467015352,4.900000095,0,100.6
BEN,Benin,Sub-Saharan Africa,Lower middle income,IDA,2014,96.383,0.165695323600724,34.1,43.0372085571289,3.26077217060734,2987.38236326153,6,0.14367816091954,98.4
BEN,Benin,Sub-Saharan Africa,Lower middle income,IDA,2015,96.339,0.173254686679439,29.6,46.0378799438477,-1.18432043750336,2952.00218338705,11.25500011,1.12424242424242,96.1
BEN,Benin,Sub-Saharan Africa,Lower middle income,IDA,2016,95.223,0.206230971232361,37,47.7052116394043,0.361166139903119,2962.66381572265,14.5,1.93478260869565,94
BEN,Benin,Sub-Saharan Africa,Lower middle income,IDA,2017,91.759,0.197816341443556,34.5,,2.67041720047298,3041.77929984989,18.7,1.63444108761329,91.8
BEN,Benin,Sub-Saharan Africa,Lower middle income,IDA,2018,87.888,0.211157783659723,39,,3.73701554279164,3155.4510650627,19,2.67821782178218,89.4
BEN,Benin,Sub-Saharan Africa,Lower middle income,IDA,2019,83.84,0.195017384714526,40,,3.98211326561793,3281.10470051465,20.50099945,1.02462121212121,87
BEN,Benin,Sub-Saharan Africa,Lower middle income,IDA,2020,81.062,0.200758735201428,41,39.4178810119629,1.12020264806804,3317.8597222557,22.12059975,0.547017189079879,84.6
BEN,Benin,Sub-Saharan Africa,Lower middle income,IDA,2021,79.804,0.145190400966519,42,40.2546501159668,4.41335435119757,3464.2886286745,28.20470047,0.257548845470693,82.2
BEN,Benin,Sub-Saharan Africa,Lower middle income,IDA,2022,78.86,0.142979347729603,56.5,40.2818489074707,3.58043408047179,3588.32519938147,30.53730011,,79.6
BFA,Burkina Faso,Sub-Saharan Africa,Low income,IDA,2000,132.811,0.0512193653764318,9.1,7.76679992675781,-1.10710660159205,1428.57400617096,0.0770801689426014,25.1974358974359,176
BFA,Burkina Faso,Sub-Saharan Africa,Low income,IDA,2001,128.828,0.0561739617363367,9.5,7.95838022232056,3.40975770830711,1477.28491846525,0.157732464653607,14.6939890710383,171.9
BFA,Burkina Faso,Sub-Saharan Africa,Low income,IDA,2002,124.78,0.0571282112676581,9.9,,1.17736897014072,1494.67801269583,0.200992597925001,17.4684931506849,167.3
BFA,Burkina Faso,Sub-Saharan Africa,Low income,IDA,2003,128.673,0.0590327337300183,11.4,9.13255977630615,4.49294688106092,1561.83310184915,0.373440303233526,21.5483146067416,162.3
BFA,Burkina Faso,Sub-Saharan Africa,Low income,IDA,2004,124.521,0.0500800980940089,10.7,10.11203956604,1.24360966999572,1581.25620933294,0.400295285492178,21.4050632911392,156.8
BFA,Burkina Faso,Sub-Saharan Africa,Low income,IDA,2005,121.768,0.0490711673599113,11.1,11.0454902648926,5.29574030906821,1664.99543180023,0.469900012,19.4332688588008,150.8
BFA,Burkina Faso,Sub-Saharan Africa,Low income,IDA,2006,126.898,0.0466457747727712,11.6,11.844220161438,2.98889211912471,1714.76034904509,0.632700026,14.720802919708,144.4
BFA,Burkina Faso,Sub-Saharan Africa,Low income,IDA,2007,128.051,0.0636924469808346,12,12.869119644165,1.00131276742226,1731.93046335077,0.75,18.2058823529412,138.1
BFA,Burkina Faso,Sub-Saharan Africa,Low income,IDA,2008,129.288,0.0699948545114401,12.5,15.2496795654297,2.73663676272773,1779.32710911571,0.920000017,21.924193548387102,132.1
BFA,Burkina Faso,Sub-Saharan Africa,Low income,IDA,2009,127.528,0.065899237062754,12.6,16.4878997802734,-2.27773519867469e-4,1779.32305627973,1.129999995,18.9,126.5
BFA,Burkina Faso,Sub-Saharan Africa,Low income,IDA,2010,127.42,0.064731835603582,13.1,18.2026272062904,5.31934915891263,1873.97146230828,2.4000000950000002,13.8517647058824,121.3
BFA,Burkina Faso,Sub-Saharan Africa,Low income,IDA,2011,126.795,0.0685944035731044,14.8,20.1504937591634,3.5163362362312802,1939.86659989406,3,8.99780941949617,116.6
BFA,Burkina Faso,Sub-Saharan Africa,Low income,IDA,2012,127.183,0.075027238752698,15.1,22.4369517647316,3.28878346500349,2003.6646118745,3.7249999049999998,8.64279398762157,112.3
BFA,Burkina Faso,Sub-Saharan Africa,Low income,IDA,2013,127.463,0.08352887134972,15.4,25.1246647585712,2.66508275857795,2057.0639319853,5,8.37675507020281,108.2
BFA,Burkina Faso,Sub-Saharan Africa,Low income,IDA,2014,122.206,0.072512378973831,19.2,27.3772509415436,1.27047655599692,2083.19844698304,6,6.21466666666667,104.3
BFA,Burkina Faso,Sub-Saharan Africa,Low income,IDA,2015,119.405,0.0997372476497839,16.2,31.3499100869596,0.888259827767996,2101.70266192027,6.545700073,5.1723044397463,100.8
BFA,Burkina Faso,Sub-Saharan Africa,Low income,IDA,2016,114.519,0.0940166629790154,16.6,33.8377858408122,2.9035090911533,2162.72578977814,7.140999794,8.35297515886771,97.4
BFA,Burkina Faso,Sub-Saharan Africa,Low income,IDA,2017,109.182,0.102247144151798,17,36.4337512769058,3.21640521697573,2232.28781490944,7.790400028,7.87602852441031,94.1
BFA,Burkina Faso,Sub-Saharan Africa,Low income,IDA,2018,104.185,0.11431435805317,14.4,39.4315297671845,3.76772678322459,2316.39432079045,8.498900414,9.61946418808092,91
BFA,Burkina Faso,Sub-Saharan Africa,Low income,IDA,2019,96.659,0.113687528252624,17.6,40.517531621348,3.24391866186016,2391.53626844484,9.27180600953186,12.8828715365239,88.1
BFA,Burkina Faso,Sub-Saharan Africa,Low income,IDA,2020,91.464,0.11148178869884,18.5,40.2090461523707,-0.443420002406739,2380.93171826574,12.97319984,13.1798742138365,85.1
BFA,Burkina Faso,Sub-Saharan Africa,Low income,IDA,2021,90.079,0.117702338577215,19,40.1334643135395,4.43100540861892,2486.43093147762,18.1522007,13.9238095238095,82.4
BFA,Burkina Faso,Sub-Saharan Africa,Low income,IDA,2022,88.56,0.116743089425304,19.5,36.1300743115017,-0.693015914774818,2469.19956941259,25.3987999,,79.8
BGD,Bangladesh,South Asia,Lower middle income,IDA,2000,152.641,0.0739083925899937,32,47.110969543457,3.38671358983686,2712.93512215725,0.0710394230507683,8.80736795383933,85.5
BGD,Bangladesh,South Asia,Lower middle income,IDA,2001,147.804,0.0850831229391038,35,50.0232887268066,3.34027882244948,2803.55471950946,0.129807973947512,7.43451011959522,80.2
BGD,Bangladesh,South Asia,Lower middle income,IDA,2002,142,0.0862405449992793,37.8,51.7350006103516,2.24286058481829,2866.43454328715,0.13992028850905,6.56881864452183,75.3
BGD,Bangladesh,South Asia,Lower middle income,IDA,2003,139.872,0.0862791551908905,40.5,51.6876182556152,3.22632477639362,2958.91503115633,0.163877665498048,5.71793831168831,70.8
BGD,Bangladesh,South Asia,Lower middle income,IDA,2004,138.184,0.08636084610517,40.6,46.7358283996582,3.81635685042457,3071.83778764611,0.199036333744363,4.326149483492,66.8
BGD,Bangladesh,South Asia,Lower middle income,IDA,2005,126.555,0.0863510318297986,44.2,46.4920997619629,5.20131368672413,3231.61370692891,0.241600007,3.76710775047259,63
BGD,Bangladesh,South Asia,Lower middle income,IDA,2006,124.43,0.0871822299774243,50.5,46.8596611022949,5.4404288145588096,3407.4273502159,1,3.2266048212351,59.6
BGD,Bangladesh,South Asia,Lower middle income,IDA,2007,126.819,0.0865397162004048,46.5,47.5436897277832,5.91320275589507,3608.91543819399,1.799999952,2.4493132133875,56.5
BGD,Bangladesh,South Asia,Lower middle income,IDA,2008,119.728,0.0906573026094135,54.3,47.0520896911621,4.96057170242533,3787.9382761855,2.5,2.17015630467748,53.6
BGD,Bangladesh,South Asia,Lower middle income,IDA,2009,115.797,0.0926917748987967,57.1,49.7001609802246,4.07076421640669,3942.13631207203,3.0999999049999998,1.71259736771421,51.1
BGD,Bangladesh,South Asia,Lower middle income,IDA,2010,115.018,0.0967812300119023,55.3,52.0766891151976,4.65046297355514,4125.46390163202,3.700000048,2.19929487807267,48.7
BGD,Bangladesh,South Asia,Lower middle income,IDA,2011,105.382,0.0976933431870087,59.6,52.972846971647,5.501503282369,4352.42643359325,4.5,2.26185422687861,46.5
BGD,Bangladesh,South Asia,Lower middle income,IDA,2012,104.552,0.098122509559612,65.5,54.6677284240723,5.50548020192592,4592.04840919812,5,2.1463599958928,44.4
BGD,Bangladesh,South Asia,Lower middle income,IDA,2013,102.256,0.0954808408027807,61.5,57.4183984304764,5.02341839695075,4822.72621378266,6.63,1.84805268109125,42.4
BGD,Bangladesh,South Asia,Lower middle income,IDA,2014,91.829,0.0957378922116226,62.4,,5.09905460197942,5068.63965672741,9.052900314,1.51239107484746,40.5
BGD,Bangladesh,South Asia,Lower middle income,IDA,2015,89.274,0.100154706569212,74,62.5832710266113,5.60449539732434,5352.71133299566,12.36880016,1.82584212662338,38.5
BGD,Bangladesh,South Asia,Lower middle income,IDA,2016,87.837,0.102856306026746,75.9,66.9120125277375,6.16181560014782,5682.53553494306,16.89909935,1.82769857433809,36.7
BGD,Bangladesh,South Asia,Lower middle income,IDA,2017,82.215,0.103734179039432,88,66.8206080291299,5.68710307010265,6005.70718781048,21.5,1.85101564738142,35
BGD,Bangladesh,South Asia,Lower middle income,IDA,2018,80.415,0.10062049871506,86.9,69.0192069270982,6.44197494702485,6392.59334024091,25.56509972,1.58721571111815,33.5
BGD,Bangladesh,South Asia,Lower middle income,IDA,2019,79.151,0.0969401121002915,92.2,68.6082490748818,6.97264399779152,6838.32611608243,30.38310051,1.41951875125264,32.3
BGD,Bangladesh,South Asia,Lower middle income,IDA,2020,79.184,0.0892522632686713,96.2,71.128750711381,2.58647816564581,7015.19792797056,36.10910034,1.47180977604856,31.4
BGD,Bangladesh,South Asia,Lower middle income,IDA,2021,75.962,0.0943988215798879,99,75.089641669915,6.07069417020969,7441.06913961254,38.91744466,1.50701993704092,30.9
BGD,Bangladesh,South Asia,Lower middle income,IDA,2022,73.128,0.0904591415405978,99.4,72.2731144156835,6.00847462887278,7888.16389098304,41.61650085,,30.7
BGR,Bulgaria,Europe & Central Asia,High income,IBRD,2000,46.802,0.469347381968803,88.1,,5.10505581146323,12563.8362285253,5.37092346908696,7.21092757306226,17.5
BGR,Bulgaria,Europe & Central Asia,High income,IBRD,2001,42.794,0.473137441121744,88.6,79.96337890625,5.9111581316571,13306.5044553959,7.6122977487982,4.93768195050946,16.7
BGR,Bulgaria,Europe & Central Asia,High income,IBRD,2002,40.7,0.421844525151422,89.1,83.0525436401367,8.19521660591987,14397.001318192,9.08,6.33566859579653,16
BGR,Bulgaria,Europe & Central Asia,High income,IBRD,2003,39.937,0.450248847401321,89.6,87.1275329589844,6.07406091995806,15271.4839489061,12.04,7.74882629107981,15.1
BGR,Bulgaria,Europe & Central Asia,High income,IBRD,2004,40.707,0.406918375471037,90.1,88.8367919921875,7.31740326884231,16388.9600145841,18.13,8.08200187405396,14.2
BGR,Bulgaria,Europe & Central Asia,High income,IBRD,2005,39.708,0.387682559224368,90.6,89.5286712646484,7.86550187137007,17678.0339712293,19.97,10.6716781246478,13.3
BGR,Bulgaria,Europe & Central Asia,High income,IBRD,2006,41.417,0.373674736473598,91.2,90.6530914306641,7.61685289651042,19024.543813813,27.09,10.0321314050128,12.5
BGR,Bulgaria,Europe & Central Asia,High income,IBRD,2007,42.75,0.373725071310121,91.7,91.317008972168,7.4414860834102,20440.2525941501,33.64,7.57756888468023,11.9
BGR,Bulgaria,Europe & Central Asia,High income,IBRD,2008,45.216,0.333346064635575,92.3,90.9007110595703,6.87712697728189,21845.954719527,39.67,7.58196593911673,11.4
BGR,Bulgaria,Europe & Central Asia,High income,IBRD,2009,48.074,0.294153467218195,92.9,90.9566192626953,-2.72241640378013,21251.2168646802,45,10.0107066381156,11.1
BGR,Bulgaria,Europe & Central Asia,High income,IBRD,2010,43.442,0.308154695436477,93.5,92.1725463867188,2.22608184788542,21724.2863457596,46.23,13.7701541165627,10.9
BGR,Bulgaria,Europe & Central Asia,High income,IBRD,2011,42.405,0.334004638456615,94.1,94.100212097168,2.74691105411546,22321.033168819,47.9799930506026,9.26997657341969,10.4
BGR,Bulgaria,Europe & Central Asia,High income,IBRD,2012,43.202,0.302065659741434,94.7,93.2204132080078,1.33406575233641,22618.8104278919,51.8999876658503,12.7739459550894,9.9
BGR,Bulgaria,Europe & Central Asia,High income,IBRD,2013,42.513,0.270465641729947,95.3,97.8538284301758,1.48365880262806,22954.396399855,53.0615,17.5077941344288,9.3
BGR,Bulgaria,Europe & Central Asia,High income,IBRD,2014,41.593,0.285177781055008,95.9,102.488342285156,2.18296570880787,23455.4830019277,55.4903766299262,16.7400715940198,8.7
BGR,Bulgaria,Europe & Central Asia,High income,IBRD,2015,39.085,0.290625998729988,96.6,101.624610900879,4.72028599415447,24562.648880929,56.6562516053086,18.7939951652548,8.2
BGR,Bulgaria,Europe & Central Asia,High income,IBRD,2016,38.076,0.266658512716601,97.3,100.93839263916,4.37288142099703,25636.7443903478,59.825547661014,17.0803242121072,7.7
BGR,Bulgaria,Europe & Central Asia,High income,IBRD,2017,38.224,0.271388458391164,98.1,101.615371704102,4.1152402016823,26691.758001902,63.4101013837926,14.8994782074893,7.3
BGR,Bulgaria,Europe & Central Asia,High income,IBRD,2018,38.873,0.249227788899547,98.7,102.039916992188,3.74323659397713,27690.893655005,64.78201069118,20.6174819053313,7
BGR,Bulgaria,Europe & Central Asia,High income,IBRD,2019,39.169,0.231421008834214,99.2,101.704620361328,5.26898074561532,29149.921509976,67.9469809417603,17.928087451441,6.7
BGR,Bulgaria,Europe & Central Asia,High income,IBRD,2020,37.508,0.210963488365403,99.7,100.332641601562,-2.15683346351801,28521.2062482596,70.16248359,19.5452225548412,6.5
BGR,Bulgaria,Europe & Central Asia,High income,IBRD,2021,36.408,0.227693992810315,99.8,97.4684524536133,8.54724289833413,30958.9830238332,75.27144583,22.1918096199125,6.3
BGR,Bulgaria,Europe & Central Asia,High income,IBRD,2022,39.409,0.23579506104616,100,95.5302886962891,4.76332097858048,32433.6587569626,79.12686326,,6.1
BHR,Bahrain,"Middle East, North Africa, Afghanistan & Pakistan",High income,Not classified,2000,11.453,0.480830781765632,100,99.2775497436523,2.55964691370853,57968.9956082135,6.15373254647607,0,12.5
BHR,Bahrain,"Middle East, North Africa, Afghanistan & Pakistan",High income,Not classified,2001,11.248,0.485802213867987,100,101.788238525391,-1.1873535676140199,57280.6986707494,15.0386342513918,0,12
BHR,Bahrain,"Middle East, North Africa, Afghanistan & Pakistan",High income,Not classified,2002,11.332,0.491119909273096,100,96.4201431274414,-3.81287513307996,55096.6571550779,18.0507208881153,0,11.6
BHR,Bahrain,"Middle East, North Africa, Afghanistan & Pakistan",High income,Not classified,2003,15.692,0.478109642609216,100,91.6311111450195,-1.20657192911173,54431.8763559658,21.5549449917804,0,11.3
BHR,Bahrain,"Middle East, North Africa, Afghanistan & Pakistan",High income,Not classified,2004,20.982,0.447461284298647,100,89.1966781616211,-0.710582645687865,54045.092888858,21.4586805077435,0,11
BHR,Bahrain,"Middle East, North Africa, Afghanistan & Pakistan",High income,Not classified,2005,19.965,0.491666155810287,100,88.6157684326172,-1.04880316974081,53478.2662415503,21.30369949,0,10.6
BHR,Bahrain,"Middle East, North Africa, Afghanistan & Pakistan",High income,Not classified,2006,16.86,0.50287910665873,100,88.737678527832,-1.47038032480991,52691.9323366851,28.24399948,0,10.3
BHR,Bahrain,"Middle East, North Africa, Afghanistan & Pakistan",High income,Not classified,2007,15.109,0.471716532740874,100,,0.0756469326690166,52731.7921672618,32.91,0,9.8
BHR,Bahrain,"Middle East, North Africa, Afghanistan & Pakistan",High income,Not classified,2008,14.399,0.475196844516322,100,91.3427200317383,0.0637144631576234,52765.3899455546,51.95,0.00525762355415352,9.4
BHR,Bahrain,"Middle East, North Africa, Afghanistan & Pakistan",High income,Not classified,2009,15.257,0.463201909281973,100,92.0312271118164,-3.97919772562874,50665.7507489219,53,0.00531891316874252,9
BHR,Bahrain,"Middle East, North Africa, Afghanistan & Pakistan",High income,Not classified,2010,14.546,0.462897278564966,100,92.0959724996516,0.0771669589062469,50704.8479679819,55,0.00503693754197448,8.6
BHR,Bahrain,"Middle East, North Africa, Afghanistan & Pakistan",High income,Not classified,2011,14.748,0.456789789247564,100,94.5355703439872,4.78747209697194,53132.3284162611,76.9999665032303,0.00493056126222368,8.3
BHR,Bahrain,"Middle East, North Africa, Afghanistan & Pakistan",High income,Not classified,2012,15.009,0.458457067726041,100,99.2605924989055,2.60578123430011,54516.8406594787,88,0.00819374369323915,8.1
BHR,Bahrain,"Middle East, North Africa, Afghanistan & Pakistan",High income,Not classified,2013,16.284,0.462998462193492,100,107.770879230923,1.5766868455926,55376.4005147894,90.0000397,0.00783299891958636,7.9
BHR,Bahrain,"Middle East, North Africa, Afghanistan & Pakistan",High income,Not classified,2014,15.51,0.459885073698391,100,104.944132738695,-0.560855463138182,55065.8189472129,90.5031334814656,0.034675081642388,7.8
BHR,Bahrain,"Middle East, North Africa, Afghanistan & Pakistan",High income,Not classified,2015,15.09,0.451048911913682,100,100.792652804599,-1.66329278716239,54149.9131524721,93.4783007986129,0.0331765201516641,7.7
BHR,Bahrain,"Middle East, North Africa, Afghanistan & Pakistan",High income,Not classified,2016,14.105,0.434317990847023,100,100.962353094519,-0.0791098754103388,54107.0752236423,97.9999807024146,0.0331462644686075,7.6
BHR,Bahrain,"Middle East, North Africa, Afghanistan & Pakistan",High income,Not classified,2017,12.987,0.417466865051105,100,101.66381888082,-0.457057166110175,53859.7749589601,95.8781357543453,0.0323353293413174,7.7
BHR,Bahrain,"Middle East, North Africa, Afghanistan & Pakistan",High income,Not classified,2018,11.692,0.409917511209954,100,100.906915228618,1.91849572888873,54893.0724411368,98.6446725799886,0.0319742852309254,7.7
BHR,Bahrain,"Middle East, North Africa, Afghanistan & Pakistan",High income,Not classified,2019,9.16,0.437601477104621,100,101.991173149954,3.38274086937953,56749.9628370612,99.7015043807778,0.0338337914992599,7.8
BHR,Bahrain,"Middle East, North Africa, Afghanistan & Pakistan",High income,Not classified,2020,8.021,0.465004046493393,100,,-5.17307400932464,53814.2452592358,99.67103159,0.0335510155173447,8
BHR,Bahrain,"Middle East, North Africa, Afghanistan & Pakistan",High income,Not classified,2021,8.364,0.451880314077066,100,,2.11919822497499,54954.6757895532,100,0.0374420435657423,8.2
BHR,Bahrain,"Middle East, North Africa, Afghanistan & Pakistan",High income,Not classified,2022,8.122,0.442358083966242,100,106.466008925534,4.76451212539493,57572.997981018,100,,8.4
BHS,"Bahamas, The",Latin America & Caribbean,High income,Not classified,2000,43.322,0.0890146640427203,100,,2.79090551843051,34597.1621145274,8,0,16.2
BHS,"Bahamas, The",Latin America & Caribbean,High income,Not classified,2001,42.261,0.0863368732569874,100,,1.37353399953901,35072.3658990461,11.8,0,16.3
BHS,"Bahamas, The",Latin America & Caribbean,High income,Not classified,2002,41.206,0.0920399727307946,100,96.3615798950195,1.5348629318823,35610.6786425646,18,0,16.5
BHS,"Bahamas, The",Latin America & Caribbean,High income,Not classified,2003,40.614,0.0694361919501286,100,,-2.44284894921039,34740.7635535381,20,0,16.7
BHS,"Bahamas, The",Latin America & Caribbean,High income,Not classified,2004,40.522,0.0743038874070705,100,85.6807098388672,-0.353931310699963,34617.8051137459,22,0,16.8
BHS,"Bahamas, The",Latin America & Caribbean,High income,Not classified,2005,40.926,0.0707615525774639,100,86.6847763061523,2.1597593545269,35365.4663980219,25,0,16.9
BHS,"Bahamas, The",Latin America & Caribbean,High income,Not classified,2006,41.004,0.087856639342473,100,87.0278396606445,1.197964733166,35789.1322131898,26,0,16.8
BHS,"Bahamas, The",Latin America & Caribbean,High income,Not classified,2007,41.033,0.10387134434038,100,90.9297103881836,0.0223161568588637,35797.118972073,27,0.00667809362687265,16.5
BHS,"Bahamas, The",Latin America & Caribbean,High income,Not classified,2008,39.987,0.110211422201177,100,90.2368698120117,-3.62901783567871,34498.0351399173,31.54,0.0068766962517421,16.2
BHS,"Bahamas, The",Latin America & Caribbean,High income,Not classified,2009,38.147,0.0956533174304751,100,89.9711837768555,-5.41414044702256,32630.263065979,33.88,0.0149851840035578,15.8
BHS,"Bahamas, The",Latin America & Caribbean,High income,Not classified,2010,36.847,0.10673218346048,100,93.3393819715002,0.248837037553542,32711.4592459383,43,0.0237400975408355,15.4
BHS,"Bahamas, The",Latin America & Caribbean,High income,Not classified,2011,36.279,0.070627440693927,100,90.580026166594,-0.537416355238307,32535.6625139135,65,0.0716437188135397,15.1
BHS,"Bahamas, The",Latin America & Caribbean,High income,Not classified,2012,35.65,0.0804596230892525,100,95.0642702131211,3.47892776270808,33667.5547098911,71.74819946,0.0951412355237689,14.7
BHS,"Bahamas, The",Latin America & Caribbean,High income,Not classified,2013,35.1,0.0888577079513881,100,87.4039501394502,-3.756252482479,32402.9163503108,72,0.113014283902907,14.4
BHS,"Bahamas, The",Latin America & Caribbean,High income,Not classified,2014,33.861,0.0908605672675882,100,93.3709696193691,0.955837779605616,32712.6356664811,76.91999817,0.176121967163518,14.2
BHS,"Bahamas, The",Latin America & Caribbean,High income,Not classified,2015,30.834,0.0887044267037966,100,77.0907578997387,0.198544914739557,32777.5849410742,78,0.187146837890514,14
BHS,"Bahamas, The",Latin America & Caribbean,High income,Not classified,2016,28.989,0.0997626198606547,100,86.5407818532819,-1.84653148444181,32172.3365152976,80,0.212265020515441,13.8
BHS,"Bahamas, The",Latin America & Caribbean,High income,Not classified,2017,26.785,0.106450384017429,100,94.6372239747634,2.728115494957,33050.0350128611,80.59999847,0.22405023958657,13.7
BHS,"Bahamas, The",Latin America & Caribbean,High income,Not classified,2018,26.308,0.0916079376716858,100,84.2835504392608,1.8159781736959,33650.2164350935,83,0.21874610832264,13.5
BHS,"Bahamas, The",Latin America & Caribbean,High income,Not classified,2019,26.003,0.110689763154436,100,80,-1.33052999956263,33202.4902105068,90.69329834,0.259294143719874,24.3
BHS,"Bahamas, The",Latin America & Caribbean,High income,Not classified,2020,25.129,0.11204544919572,100,,-20.3291813559269,26452.695760929,92.4437027,0.314668862486766,13.3
BHS,"Bahamas, The",Latin America & Caribbean,High income,Not classified,2021,24.87,0.117662333828117,100,74.0372670807453,17.434844816468,31064.6822166194,92.34980011,0.480875807854305,13.1
BHS,"Bahamas, The",Latin America & Caribbean,High income,Not classified,2022,24.679,0.102947279740014,100,,10.5529690990486,34342.9285316569,92.2559967,,12.9
BIH,Bosnia and Herzegovina,Europe & Central Asia,Upper middle income,IBRD,2000,17.815,0.438435469347822,99,,4.66760703832642,7830.5018609252,1.08296074971207,48.8445680314508,9.5
BIH,Bosnia and Herzegovina,Europe & Central Asia,Upper middle income,IBRD,2001,17.69,0.422535009044587,99.4,,1.94134419076346,7982.5188539099,1.20052695129649,48.702763677383,8.9
BIH,Bosnia and Herzegovina,Europe & Central Asia,Upper middle income,IBRD,2002,18.657,0.423182593624168,98.5,,4.81267516142945,8366.69155604844,2.64826791361244,48.8456189151599,8.4
BIH,Bosnia and Herzegovina,Europe & Central Asia,Upper middle income,IBRD,2003,18.169,0.417332118952232,99,,4.10275862847334,8709.95671578197,3.96503683387051,39.9531333214983,8
BIH,Bosnia and Herzegovina,Europe & Central Asia,Upper middle income,IBRD,2004,17.938,0.414351874779836,99.1,,7.28905393914994,9344.83015887193,15.4689716227665,46.9769798868636,7.6
BIH,Bosnia and Herzegovina,Europe & Central Asia,Upper middle income,IBRD,2005,17.388,0.419011051120194,99.1,,5.02566097156414,9814.46964102531,21.3267010007738,47.5983970798286,7.4
BIH,Bosnia and Herzegovina,Europe & Central Asia,Upper middle income,IBRD,2006,16.84,0.441005048305097,99.4,,6.27585979363216,10430.4119951847,25.1223856852117,44.0104440604103,7.2
BIH,Bosnia and Herzegovina,Europe & Central Asia,Upper middle income,IBRD,2007,16.709,0.439658820114921,99.7,82.0863876342773,7.1739207271968,11178.6814832392,27.92,33.9557875084861,7.1
BIH,Bosnia and Herzegovina,Europe & Central Asia,Upper middle income,IBRD,2008,17.049,0.45770473418372,99.3,86.2433471679688,7.20155128475226,11983.7199632138,34.66,32.8364703501315,7
BIH,Bosnia and Herzegovina,Europe & Central Asia,Upper middle income,IBRD,2009,17.444,0.472052216173525,99.4,88.1162567138672,-1.31069341204288,11826.6501351383,37.74,39.8222491702834,6.9
BIH,Bosnia and Herzegovina,Europe & Central Asia,Upper middle income,IBRD,2010,16.27,0.480046559398317,99.5,86.8139724731445,2.67372042856877,12142.8616958168,42.75,46.8719341275403,6.8
BIH,Bosnia and Herzegovina,Europe & Central Asia,Upper middle income,IBRD,2011,13.307,0.540768720990245,99.7,89.1719207763672,2.83942425948602,12487.6490566037,43.88769913,28.7182591623037,6.8
BIH,Bosnia and Herzegovina,Europe & Central Asia,Upper middle income,IBRD,2012,12.687,0.503014026837973,99.7,92.2725219726562,1.11532015786369,12626.9263237753,45.0644989,29.9404203948303,6.7
BIH,Bosnia and Herzegovina,Europe & Central Asia,Upper middle income,IBRD,2013,10.94,0.489407570629136,99.5,94.078239440918,4.02941435250273,13135.7175053454,48.52130127,41.4781387886081,6.7
BIH,Bosnia and Herzegovina,Europe & Central Asia,Upper middle income,IBRD,2014,10.289,0.433437822045751,99.9,92.1992111206055,2.45997274934615,13458.852576408,49.91770172,36.7828589108911,6.7
BIH,Bosnia and Herzegovina,Europe & Central Asia,Upper middle income,IBRD,2015,10.818,0.416335144383651,99.7,87.665657043457,5.65603511201289,14220.0900038037,52.59999847,35.5830827308209,6.7
BIH,Bosnia and Herzegovina,Europe & Central Asia,Upper middle income,IBRD,2016,11.3,0.455050892430841,100,85.0680236816406,4.59597025623206,14873.6411107879,60.2565354318987,31.8909213710812,6.8
BIH,Bosnia and Herzegovina,Europe & Central Asia,Upper middle income,IBRD,2017,11.613,0.449820177272302,100,85.6158828735352,4.57868807789549,15554.6587430766,64.8920205128383,24.4238958510768,6.8
BIH,Bosnia and Herzegovina,Europe & Central Asia,Upper middle income,IBRD,2018,11.814,0.434575306857606,100,87.8049774169922,5.10677209046635,16348.9997145353,70.1201350394885,34.7129436325678,6.8
BIH,Bosnia and Herzegovina,Europe & Central Asia,Upper middle income,IBRD,2019,11.354,0.396641682883449,100,87.5772018432617,4.16109545157208,17029.2971980343,69.9463476317266,36.9519236265935,6.7
BIH,Bosnia and Herzegovina,Europe & Central Asia,Upper middle income,IBRD,2020,11.311,0.407866792211489,100,87.7414093017578,-1.65750707667169,16747.0353918695,73.21175294,29.5306388526728,6.6
BIH,Bosnia and Herzegovina,Europe & Central Asia,Upper middle income,IBRD,2021,11.192,0.387770062172679,100,87.8970108032227,9.19342480517756,18286.6614977175,75.67620138,39.3396633577902,6.4
BIH,Bosnia and Herzegovina,Europe & Central Asia,Upper middle income,IBRD,2022,11.089,0.362163546441637,100,89.2550964355469,5.53111118093285,19298.117076437,78.8455371,,6.2
BLR,Belarus,Europe & Central Asia,Upper middle income,IBRD,2000,25.841,0.504136606432919,89,,6.29963628199231,11182.4548339393,1.86039812615388,0.107275583310984,12.8
BLR,Belarus,Europe & Central Asia,Upper middle income,IBRD,2001,24.7,0.470597985500251,89.5,,5.26389218814623,11771.0872003861,4.30061602151712,0.123688305470215,11.8
BLR,Belarus,Europe & Central Asia,Upper middle income,IBRD,2002,23.281,0.449556922480728,90,,5.71608251433059,12443.9322575939,8.95097131467325,0.11449198669489,10.9
BLR,Belarus,Europe & Central Asia,Upper middle income,IBRD,2003,23.076,0.424852598945743,90.5,,7.79491781867831,13413.9265504854,,0.110301573590716,10.1
BLR,Belarus,Europe & Central Asia,Upper middle income,IBRD,2004,22.211,0.404122488820352,91,,12.2126184264071,15052.1182160947,,0.110028836911246,9.4
BLR,Belarus,Europe & Central Asia,Upper middle income,IBRD,2005,21.844,0.374589756470286,91.5,,10.1497671646981,16579.8731683834,,0.120151157908336,8.7
BLR,Belarus,Europe & Central Asia,Upper middle income,IBRD,2006,22.921,0.354405730956604,92.1,,10.6755867171242,18349.8719060634,16.2,0.121310238596712,8
BLR,Belarus,Europe & Central Asia,Upper middle income,IBRD,2007,23.285,0.319001080927866,92.6,,9.09946004068696,20019.6111676728,19.7,0.157874893964623,7.3
BLR,Belarus,Europe & Central Asia,Upper middle income,IBRD,2008,23.712,0.307047318396473,93.2,113.924789428711,10.581305038428,22137.9472928315,23,0.210340104998859,6.6
BLR,Belarus,Europe & Central Asia,Upper middle income,IBRD,2009,23.893,0.29148829939993,93.8,111.873641967773,0.446705717445226,22236.8387691136,27.43,0.346095601790888,6.1
BLR,Belarus,Europe & Central Asia,Upper middle income,IBRD,2010,22.73,0.290343434478708,94.4,109.212499250285,7.98573283435519,24012.6133040213,31.8,0.373749820891245,5.6
BLR,Belarus,Europe & Central Asia,Upper middle income,IBRD,2011,22.816,0.261932881877462,95,107.11359577607,5.7975501732946,25404.7566082412,39.6488956598961,0.431273291925466,5.2
BLR,Belarus,Europe & Central Asia,Upper middle income,IBRD,2012,24.123,0.262884791459299,95.6,105.727632878972,1.86726973670382,25879.1319400701,46.91,0.553199779213611,4.9
BLR,Belarus,Europe & Central Asia,Upper middle income,IBRD,2013,23.218,0.260935286778289,96.2,103.164486990226,1.03749004802856,26147.6253584645,54.17,0.845082045259784,4.6
BLR,Belarus,Europe & Central Asia,Upper middle income,IBRD,2014,21.116,0.254869768876882,96.8,102.551671847254,1.59406202466224,26564.4347246547,59.0163187101542,0.73387073556931,4.3
BLR,Belarus,Europe & Central Asia,Upper middle income,IBRD,2015,18.336,0.245122625944688,97.4,102.211121335612,-3.9572512636508,25513.2132958317,62.230360906803,0.824804882342586,4.1
BLR,Belarus,Europe & Central Asia,Upper middle income,IBRD,2016,16.076,0.251028064085058,98,102.01233919664,-2.61191381567238,24846.8301529359,71.1130457603832,1.16787821009355,3.9
BLR,Belarus,Europe & Central Asia,Upper middle income,IBRD,2017,13.395,0.249632448151959,98.7,101.583542654067,2.64480751685403,25503.9809845207,74.4364454136036,2.18455743879473,3.6
BLR,Belarus,Europe & Central Asia,Upper middle income,IBRD,2018,11.932,0.254978459891322,99.3,100.837960983045,3.36999150781449,26363.4629778536,79.1298866919307,1.98612322372134,3.4
BLR,Belarus,Europe & Central Asia,Upper middle income,IBRD,2019,11.351,0.242623542058629,100,99.9048197524061,1.6513675093432,26798.8206398076,82.7891520910901,2.50339799827011,3.1
BLR,Belarus,Europe & Central Asia,Upper middle income,IBRD,2020,10.911,0.23195368384473,100,99.9308910788603,-0.251224685296094,26731.4953869922,85.08791245,3.49434471308498,2.9
BLR,Belarus,Europe & Central Asia,Upper middle income,IBRD,2021,10.659,0.228308657031981,100,99.8514568766293,3.29081749370279,27611.1801135157,86.88841196,3.1465360459759,2.7
BLR,Belarus,Europe & Central Asia,Upper middle income,IBRD,2022,9.903,0.228243282812402,100,97.7828329479802,-3.88854008026519,26537.5083081674,89.50733148,,2.6
BLZ,Belize,Latin America & Caribbean,Upper middle income,Blend,2000,100.214,0.0510531412164116,79,69.6441192626953,8.63286312471467,11363.6868781615,5.96383530272428,45.4597959314638,24.5
BLZ,Belize,Latin America & Caribbean,Upper middle income,Blend,2001,97.927,0.0495996094509635,80.2,71.5002288818359,1.78938135201594,11567.0265720608,,56.651728553137,23.6
BLZ,Belize,Latin America & Caribbean,Upper middle income,Blend,2002,93.953,0.0469597954846373,81,,2.25779720240918,11828.1865744067,5.68425121358763,55.3253133463501,22.8
BLZ,Belize,Latin America & Caribbean,Upper middle income,Blend,2003,89.258,0.045079538328777403,81.8,77.1278610229492,6.43447208603128,12589.2679378206,,34.1613932325715,22.1
BLZ,Belize,Latin America & Caribbean,Upper middle income,Blend,2004,87.354,0.039430348911133097,82.6,79.1648864746094,1.73082295725253,12807.1658774384,9.8,38.7354239782633,21.5
BLZ,Belize,Latin America & Caribbean,Upper middle income,Blend,2005,87.146,0.0424261195087441,83.5,76.4672164916992,-0.719879317857163,12714.9697390831,17,43.1803060545575,21
BLZ,Belize,Latin America & Caribbean,Upper middle income,Blend,2006,81.731,0.0469435155312253,91,77.7098617553711,1.55376134075311,12912.5300233774,24,77.591934487021,20.6
BLZ,Belize,Latin America & Caribbean,Upper middle income,Blend,2007,78.164,0.0438385661851301,85.2,77.4540634155273,0.469905572241231,12973.2067214746,24.60000038,75.80547800498,20.2
BLZ,Belize,Latin America & Caribbean,Upper middle income,Blend,2008,75.791,0.0430818999752732,86.1,77.7610168457031,-4.29751566746636,12415.6811300464,26.299999239999998,85.5879785982621,19.7
BLZ,Belize,Latin America & Caribbean,Upper middle income,Blend,2009,73.136,0.0522864539179418,86.9,77.4153671264648,-3.07491344525414,12033.9096816588,27.200000760000002,68.3646727379938,19.3
BLZ,Belize,Latin America & Caribbean,Upper middle income,Blend,2010,70.746,0.0611486746033252,89.9,78.3641404805915,-0.999227091889964,11913.6635959061,28.2,89.7268564812378,18.8
BLZ,Belize,Latin America & Caribbean,Upper middle income,Blend,2011,72.665,0.0393666834291855,91.7,78.6071233872433,-2.28218512422295,11641.7717375703,30.700000760000002,90.9151923541572,18.3
BLZ,Belize,Latin America & Caribbean,Upper middle income,Blend,2012,72.448,0.0411300913218283,90.9,80.2218941529101,1.73206971753382,11843.4153404212,31,87.253826162287,17.7
BLZ,Belize,Latin America & Caribbean,Upper middle income,Blend,2013,72.417,0.0499070703015028,91.1,82.749944824542,1.86924052413502,12064.797259406,33.59999847,90.3999570227511,17
BLZ,Belize,Latin America & Caribbean,Upper middle income,Blend,2014,71.121,0.0477570948838624,91.5,82.7300117898782,1.71986752597024,12272.2957895446,38.70000076,90.083023480874,16.3
BLZ,Belize,Latin America & Caribbean,Upper middle income,Blend,2015,70.22,0.0561782050320995,91.8,82.8789389276581,0.623344723744751,12348.7944978311,41.59000015,87.08892188603,15.6
BLZ,Belize,Latin America & Caribbean,Upper middle income,Blend,2016,70.672,0.0592800253047693,93.3,88.9483912761822,-2.31386521552362,12063.0600374093,44.57569885,86.4542566416502,15
BLZ,Belize,Latin America & Caribbean,Upper middle income,Blend,2017,70.413,0.0659210006525884,94.2,87.3819122314453,-4.06828153670182,11572.3007931461,48.8771019,86.6896254842876,14.4
BLZ,Belize,Latin America & Caribbean,Upper middle income,Blend,2018,72.19,0.0653605376517788,91.7,88.364140080516,-1.04044004654376,11451.8979413877,53.59360123,79.6738437493574,13.9
BLZ,Belize,Latin America & Caribbean,Upper middle income,Blend,2019,65.575,0.087715929942556,92.7,88.4514778969396,2.74257530356437,11765.9748661176,58.76520157,60.1764319910569,13.5
BLZ,Belize,Latin America & Caribbean,Upper middle income,Blend,2020,58.522,0.0811562309081492,96.8,87.8505494505495,-14.6255152617956,10045.1404163746,64.43589783,94.286746117732,13.2
BLZ,Belize,Latin America & Caribbean,Upper middle income,Blend,2021,51.324,0.0725604031844014,97.7,90.1186996190982,16.6367646067625,11716.3267818656,70.65370178,92.8601757887138,13
BLZ,Belize,Latin America & Caribbean,Upper middle income,Blend,2022,53.404,0.0700525466778506,98.6,89.0278593037432,7.24662103489808,12565.3645829576,69.98329926,,12.8
BMU,Bermuda,North America,High income,Not classified,2000,32.009,0.0249279754917586,100,,8.56055025926008,98024.0788793146,42.9498600152711,,
BMU,Bermuda,North America,High income,Not classified,2001,34.719,0.0229860566846641,100,90.8878479003906,6.67303905692422,104565.263948121,47.5096998970623,,
BMU,Bermuda,North America,High income,Not classified,2002,32.686,0.0259824257436854,100,90.6635818481445,-1.91378569899915,102564.108880562,52.0315973700393,,
BMU,Bermuda,North America,High income,Not classified,2003,31.738,0.0259447784656384,100,92.7162399291992,3.00625355551543,105647.446050466,56.5220121836337,,
BMU,Bermuda,North America,High income,Not classified,2004,27.41,0.0256527571240159,100,95.5397262573242,2.04483377809146,107807.760712997,60.9908670086326,,
BMU,Bermuda,North America,High income,Not classified,2005,24.411,0.0271262712621448,100,93.513313293457,1.4212811702547,109340.012116084,65.4470657898838,,
BMU,Bermuda,North America,High income,Not classified,2006,21.452,0.0320024119683681,100,87.4717788696289,5.33726015507226,115175.773016307,69.8996551617012,,
BMU,Bermuda,North America,High income,Not classified,2007,20.289,0.0370502058820931,100,,3.05647529695661,118696.092066629,74.3505940302669,,
BMU,Bermuda,North America,High income,Not classified,2008,18.228,0.0379999405622236,100,,-2.31554307454078,115947.63292703,82.3,,
BMU,Bermuda,North America,High income,Not classified,2009,17.255,0.0353280137178655,100,,-6.02013631834608,108967.427366927,83.25,,
BMU,Bermuda,North America,High income,Not classified,2010,15.376,0.0457564092470656,100,97.601318359375,-2.74767294578886,105973.358845444,84.21,,
BMU,Bermuda,North America,High income,Not classified,2011,11.578,0.0235985511623939,100,96.2374572753906,-3.75482688131365,101994.242680484,88.336,,
BMU,Bermuda,North America,High income,Not classified,2012,9.867,0.0288683346940352,100,94.1572113037109,-5.17585752397146,96715.1659966888,91.2993045243401,,
BMU,Bermuda,North America,High income,Not classified,2013,8.85,0.0322564043889592,100,92.5261001586914,-0.166771480196203,96553.8726827819,95.3,,
BMU,Bermuda,North America,High income,Not classified,2014,6.905,0.0460148696815399,100,91.6382293701172,-3.63285540773872,93046.2100976443,96.8,,
BMU,Bermuda,North America,High income,Not classified,2015,6.177,0.0387277081928084,100,92.7939910888672,0.878744268938576,93863.848336341907,98.3236096537251,,
BMU,Bermuda,North America,High income,Not classified,2016,5.433,0.0526713726012073,100,,-0.633720640096868,93269.0137558453,98,,
BMU,Bermuda,North America,High income,Not classified,2017,4.112,0.0465298851312665,100,,3.40119187834931,96441.2718767256,98.37,,
BMU,Bermuda,North America,High income,Not classified,2018,3.595,0.0492874225855177,100,,-0.827444988688441,95643.2734055543,,,
BMU,Bermuda,North America,High income,Not classified,2019,3.028,0.0493977987675401,100,,-0.124745932153232,95523.9623126026,,,
BMU,Bermuda,North America,High income,Not classified,2020,2.625,0.0375998621403753,100,,-7.36898527070605,88484.8155997921,,,
BMU,Bermuda,North America,High income,Not classified,2021,1.666,0.0410000725482414,100,,4.3339140849598,92319.6714861222,,,
BMU,Bermuda,North America,High income,Not classified,2022,1.614,0.0406041592251782,100,,6.09120821281877,97943.0548977322,,,
BOL,Bolivia,Latin America & Caribbean,Lower middle income,IBRD,2000,94.285,0.12724106370628,70,70.1280364990234,0.762647496539714,7492.4338168091,1.4427635847914,49.7688144329897,70.7
BOL,Bolivia,Latin America & Caribbean,Lower middle income,IBRD,2001,89.908,0.121039077205953,69.3,73.2119827270508,-0.0171004400534258,7491.15257765571,2.1204625341365,54.2627480532529,66.3
BOL,Bolivia,Latin America & Caribbean,Lower middle income,IBRD,2002,86.733,0.126014507227088,64,78.0644607543945,0.785766518369655,7550.01554645092,3.11719294696997,53.0238948626045,62.1
BOL,Bolivia,Latin America & Caribbean,Lower middle income,IBRD,2003,87.266,0.130674134617108,72.3,80.8071975708008,1.00515836386165,7625.90515918892,3.50859640072336,46.0595539204415,58.2
BOL,Bolivia,Latin America & Caribbean,Lower middle income,IBRD,2004,86.189,0.131462815507483,75.9,83.8102722167969,2.43501168548734,7811.59684093936,4.43992460120042,48.4594713656388,54.5
BOL,Bolivia,Latin America & Caribbean,Lower middle income,IBRD,2005,85.017,0.132356236046172,68.3,85.2724075317383,2.67600660486002,8020.63568834793,5.22758395663196,41.0262568695298,51
BOL,Bolivia,Latin America & Caribbean,Lower middle income,IBRD,2006,84.906,0.137029699694151,76.2,84.9520263671875,3.02573623361984,8263.31896853691,6.20067125473576,43.9772817855719,47.7
BOL,Bolivia,Latin America & Caribbean,Lower middle income,IBRD,2007,83.413,0.145808943548381,80.2,84.8977508544922,2.79100340272169,8493.94848212653,10.49919987,43.9115920763023,44.7
BOL,Bolivia,Latin America & Caribbean,Lower middle income,IBRD,2008,82.349,0.14706653561567,84.7,84.6359786987305,4.37162981176147,8865.27246616683,12.5,40.5381897711978,41.8
BOL,Bolivia,Latin America & Caribbean,Lower middle income,IBRD,2009,80.977,0.151330191989665,86.8,83.5469284057617,1.65007711976043,9011.55629873547,16.799999239999998,38.7797752808989,39.1
BOL,Bolivia,Latin America & Caribbean,Lower middle income,IBRD,2010,79.815,0.157390752090436,88,87.5005794020571,2.42845712945092,9230.3980801466,22.39999962,34.3699595263079,36.7
BOL,Bolivia,Latin America & Caribbean,Lower middle income,IBRD,2011,78.291,0.162773878216207,88.3,85.4463613535963,3.51064972680194,9554.44502513,30,34.7341576506955,34.4
BOL,Bolivia,Latin America & Caribbean,Lower middle income,IBRD,2012,76.922,0.163949328989458,90.4,86.9054153516049,3.45406363162328,9884.46163594645,35.34,33.3210972166196,32.3
BOL,Bolivia,Latin America & Caribbean,Lower middle income,IBRD,2013,75.473,0.163067984365952,89.5,88.5871712557106,5.12847091137223,10391.3833756917,36.99,34.1321765756571,30.3
BOL,Bolivia,Latin America & Caribbean,Lower middle income,IBRD,2014,74.011,0.16625281611492,90,89.1304081626405,3.84418415353171,10790.8472887528,34.6016202324676,29.0543242592146,28.4
BOL,Bolivia,Latin America & Caribbean,Lower middle income,IBRD,2015,72.732,0.162537655286112,91.5,89.9740673277194,3.27865156316338,11144.6415720641,37.4868176324391,29.4349894876618,26.7
BOL,Bolivia,Latin America & Caribbean,Lower middle income,IBRD,2016,71.546,0.16689466428803101,91.8,89.7963617272291,2.72220716291487,11448.02180322,39.69749832,20.794588210029,25
BOL,Bolivia,Latin America & Caribbean,Lower middle income,IBRD,2017,70.498,0.163343894235888,91.8,88.5199336270253,2.6837284349174,11755.2556195885,43.83229828,25.1789648721679,23.4
BOL,Bolivia,Latin America & Caribbean,Lower middle income,IBRD,2018,69.522,0.160117822428615,92.8,87.8603570044998,1.40411994190022,11920.3135079645,44.2861422024283,29.6923846692685,22
BOL,Bolivia,Latin America & Caribbean,Lower middle income,IBRD,2019,68.46,0.15798670490935,95.1,88.0304372690611,0.0889440250061426,11930.9159145918,47.4748191121692,36.3102104442712,20.6
BOL,Bolivia,Latin America & Caribbean,Lower middle income,IBRD,2020,67.521,0.15275745344749,97.2,88.4047972829548,-13.7898619967426,10285.6590750222,59.94010155,35.8876201923077,19.3
BOL,Bolivia,Latin America & Caribbean,Lower middle income,IBRD,2021,66.639,0.163538452487243,98.6,90.1926069467688,8.91320528866063,11202.4409836707,65.9773785,38.2375964718853,18.2
BOL,Bolivia,Latin America & Caribbean,Lower middle income,IBRD,2022,65.76,0.168534561765451,99.9,90.3370506966397,2.54653335522636,11487.7148799194,72.62270355,,17.3
BRA,Brazil,Latin America & Caribbean,Upper middle income,IBRD,2000,85.611,0.143365149222342,94.4,,2.96222045087984,14005.3471874231,2.87068515854108,89.4957553523831,34.4
BRA,Brazil,Latin America & Caribbean,Upper middle income,IBRD,2001,84.155,0.142180514821776,96,,0.0770005174179715,14016.1313772236,4.52849486902851,84.2906139272103,32.2
BRA,Brazil,Latin America & Caribbean,Upper middle income,IBRD,2002,81.131,0.138007110203664,96.7,,1.78204308366739,14265.9048770292,9.14942508560748,85.7402993019374,30.1
BRA,Brazil,Latin America & Caribbean,Upper middle income,IBRD,2003,78.025,0.134535718530654,97,,-0.0458328311687239,14259.3664089322,13.2075861035303,87.163729383898,28.2
BRA,Brazil,Latin America & Caribbean,Upper middle income,IBRD,2004,76.9,0.134112249541219,96.8,,4.57169367299971,14911.2609608592,19.073672274442,86.0318464433105,26.3
BRA,Brazil,Latin America & Caribbean,Upper middle income,IBRD,2005,75.968,0.131355030952997,97.1,,2.07730833836257,15221.0138281541,21.022747248827,87.1374676515322,24.6
BRA,Brazil,Latin America & Caribbean,Upper middle income,IBRD,2006,73.845,0.127864876464378,97.6,,2.86752083975395,15657.4795716983,28.17840004,86.7770122836764,23.1
BRA,Brazil,Latin America & Caribbean,Upper middle income,IBRD,2007,71.698,0.126818318542361,98.1,,5.00147015838483,16440.583740032,30.87999916,88.2273383848482,21.7
BRA,Brazil,Latin America & Caribbean,Upper middle income,IBRD,2008,69.141,0.126707607822882,98.5,,4.09221626720056,17113.3679822643,33.83,84.334590890735,20.5
BRA,Brazil,Latin America & Caribbean,Upper middle income,IBRD,2009,67.334,0.118508192393083,98.9,,-1.0163236214624,16939.4407810328,39.22,89.0545459226252,19.5
BRA,Brazil,Latin America & Caribbean,Upper middle income,IBRD,2010,65.474,0.125739577586544,98.6,,6.62782994932327,18062.1581103659,40.65,84.8163978802163,18.6
BRA,Brazil,Latin America & Caribbean,Upper middle income,IBRD,2011,64.773,0.12745403896831,99.3,,3.13169854409105,18627.8104529397,45.69,87.1951774964881,17.9
BRA,Brazil,Latin America & Caribbean,Upper middle income,IBRD,2012,64.285,0.134292183666995,99.5,97.6602020263672,1.09733293821196,18832.2195527075,48.56,82.577658259127,17.2
BRA,Brazil,Latin America & Caribbean,Upper middle income,IBRD,2013,63.947,0.137070586484521,99.6,106.981796264648,2.17333080532316,19241.5059815726,51.04,76.8252008450734,16.7
BRA,Brazil,Latin America & Caribbean,Upper middle income,IBRD,2014,63.365,0.142366156654761,99.7,105.905128479004,-0.303163572499983,19183.172744636,54.5510018796392,72.5770927252724,16.3
BRA,Brazil,Latin America & Caribbean,Upper middle income,IBRD,2015,61.779,0.139901886327176,99.7,103.670433044434,-4.30639755912077,18357.0690617991,58.3279517340924,73.5400962658205,16
BRA,Brazil,Latin America & Caribbean,Upper middle income,IBRD,2016,58.372,0.134801958210539,99.7,104.728561401367,-4.01012719354725,17620.9272434136,60.8725400681261,79.7128089556938,16.8
BRA,Brazil,Latin America & Caribbean,Upper middle income,IBRD,2017,56.558,0.136362226665791,99.8,104.489143371582,0.587668928736335,17724.4799577784,67.4712845236305,78.4181545870035,15.4
BRA,Brazil,Latin America & Caribbean,Upper middle income,IBRD,2018,54.287,0.12756197647894,99.7,106.413528442383,1.09040860447158,17917.7492123359,70.4342825404361,81.5730752318417,15.2
BRA,Brazil,Latin America & Caribbean,Upper middle income,IBRD,2019,50.958,0.125353589960455,99.8,105.773582458496,0.562970837578547,18018.6209151518,73.9124399133589,81.4302357542747,15
BRA,Brazil,Latin America & Caribbean,Upper middle income,IBRD,2020,47.46,0.123886552289169,99.7,106.353302001953,-3.83550546659214,17327.5157249466,81.34269353,83.1761424000102,14.9
BRA,Brazil,Latin America & Caribbean,Upper middle income,IBRD,2021,45.67,0.133649473386954,99.5,110.021629333496,4.3179316171849,18075.7060049068,80.68989314,77.3753492178891,14.7
BRA,Brazil,Latin America & Caribbean,Upper middle income,IBRD,2022,42.881,0.122824733197975,100,108.587013244629,2.64631532411505,18554.0461828566,80.52775094,,14.6
BRB,Barbados,Latin America & Caribbean,High income,IBRD,2000,60.636,0.105261759264706,100,108.796867370605,4.62813462345788,21315.7684300571,3.97367835457927,0,14.4
BRB,Barbados,Latin America & Caribbean,High income,IBRD,2001,61.304,0.103576541835588,100,107.765472412109,-2.50014530996479,20782.8432453701,11.9364503383984,0.0193432951303255,14.5
BRB,Barbados,Latin America & Caribbean,High income,IBRD,2002,56.015,0.110262508149165,100,107.324180603027,0.129979696257749,20809.8567218941,27.836322424146,0.0186228409143815,14.7
BRB,Barbados,Latin America & Caribbean,High income,IBRD,2003,53.91,0.113452131415231,100,107.501808166504,1.54960929677372,21132.3281963019,39.6896271159532,0.0183684246779786,14.8
BRB,Barbados,Latin America & Caribbean,High income,IBRD,2004,50.486,0.110731733187446,99.9,108.083801269531,0.834158257525331,21308.6052569587,49.8,0.0178681110056396,14.9
BRB,Barbados,Latin America & Caribbean,High income,IBRD,2005,46.753,0.10905178047761,99.9,107.802139282227,3.41073802053506,22035.3859581035,52.5,0.0312153861645353,14.8
BRB,Barbados,Latin America & Caribbean,High income,IBRD,2006,44.763,0.111122080750871,100,108.45157623291,5.56141194035619,23260.8645438811,55.29999924,0.0303722064918142,14.7
BRB,Barbados,Latin America & Caribbean,High income,IBRD,2007,46.435,0.104756424297812,100,109.797866821289,1.59529257370816,23631.9433885299,58.20000076,0.0885579340291003,14.5
BRB,Barbados,Latin America & Caribbean,High income,IBRD,2008,47.065,0.122774333467801,100,111.353240966797,0.107255997096644,23657.2900650446,61.40000153,0.0881859300770916,14.3
BRB,Barbados,Latin America & Caribbean,High income,IBRD,2009,48.251,0.130336673678706,100,110.057472229004,-5.50548934989462,22354.8404800399,64.69999695,0.115933357018643,14.1
BRB,Barbados,Latin America & Caribbean,High income,IBRD,2010,49.063,0.145647150481963,100,106.974426269531,-8.4547528569926,20464.7939658776,65.09999847,0.15059948310371,13.9
BRB,Barbados,Latin America & Caribbean,High income,IBRD,2011,48.128,0.120615900594614,100,108.517181396484,-0.398444637384998,20383.2530917687,66.5,0.251036476360732,13.7
BRB,Barbados,Latin America & Caribbean,High income,IBRD,2012,46.5,0.117708443839382,100,,-3.13823714957955,19743.57827095,71.19999695,0.302136155626623,13.5
BRB,Barbados,Latin America & Caribbean,High income,IBRD,2013,45.93,0.133377706350599,100,,-0.0670156985556787,19730.3469740518,71.80000305,0.426391162430528,13.3
BRB,Barbados,Latin America & Caribbean,High income,IBRD,2014,45.632,0.120775231676489,100,109.352897644043,0.559968073840309,19840.8306179644,71.92459869,0.979935576512594,13.1
BRB,Barbados,Latin America & Caribbean,High income,IBRD,2015,45.545,0.131295946870501,100,109.521759033203,-1.00095793249055,19642.2322500219,72.04940033,1.34096311632544,12.8
BRB,Barbados,Latin America & Caribbean,High income,IBRD,2016,45.528,0.139052809460503,100,109.759788513184,1.19578953850676,19877.1120083968,71.57299805,1.32797236458363,12.4
BRB,Barbados,Latin America & Caribbean,High income,IBRD,2017,45.649,0.121898813296898,100,110.261192321777,0.448798759502438,19966.3202405154,71.14849854,2.31115908273211,12.1
BRB,Barbados,Latin America & Caribbean,High income,IBRD,2018,45.864,0.139465307470995,100,108.398483276367,-0.443969056511889,19877.6759569235,70.72650146,2.30119275563441,11.8
BRB,Barbados,Latin America & Caribbean,High income,IBRD,2019,46.03,0.155291957479769,100,106.941482543945,0.0642920087754248,19890.455714094,70.30709839,3.40916985064258,11.4
BRB,Barbados,Latin America & Caribbean,High income,IBRD,2020,45.931,0.145591876155409,100,105.184692382812,-17.5498930398064,16399.7020111405,69.89009857,5.44542672560354,11.1
BRB,Barbados,Latin America & Caribbean,High income,IBRD,2021,45.948,0.13055425209532,100,104.736427307129,7.84797752187261,17686.7469386289,69.4756012,7.32507956609401,10.7
BRB,Barbados,Latin America & Caribbean,High income,IBRD,2022,45.848,0.11906375086667,100,106.201553344727,15.875092547021,20494.5343836936,69.06359863,,10.4
BRN,Brunei Darussalam,East Asia & Pacific,High income,Not classified,2000,30.526,0.185501526158639,100,87.9611587524414,1.2515924816352,100323.439918528,8.99628453448726,0,10.3
BRN,Brunei Darussalam,East Asia & Pacific,High income,Not classified,2001,28.159,0.17641101512625,100,89.8383865356445,-0.64060526761881,99680.7626777537,12.9177690823013,0,10
BRN,Brunei Darussalam,East Asia & Pacific,High income,Not classified,2002,25.011,0.160897307625689,100,91.2054824829102,1.8968766451203,101571.583784666,15.329879855735,0,9.8
BRN,Brunei Darussalam,East Asia & Pacific,High income,Not classified,2003,22.586,0.180337926322905,100,92.2724304199219,1.62971827418733,103226.914446986,19.5950032207342,0,9.7
BRN,Brunei Darussalam,East Asia & Pacific,High income,Not classified,2004,20.324,0.175021134330844,100,94.7744827270508,-1.67510542923259,101497.754798655,29.7156041447864,0,9.6
BRN,Brunei Darussalam,East Asia & Pacific,High income,Not classified,2005,18.238,0.167769138972858,100,97.0742797851562,-1.67695306815315,99795.6850854526,36.4663919475782,0,9.5
BRN,Brunei Darussalam,East Asia & Pacific,High income,Not classified,2006,16.471,0.231063739150061,100,100.890647888184,2.45784696303623,102248.510300567,42.1863491609307,0,9.5
BRN,Brunei Darussalam,East Asia & Pacific,High income,Not classified,2007,16.392,0.228086138821686,100,101.234901428223,-5.37503174884661,96752.6204091885,44.68,0,9.6
BRN,Brunei Darussalam,East Asia & Pacific,High income,Not classified,2008,15.882,0.258322556313702,100,101.119102478027,-5.66095294794741,91275.5000919182,46,0,9.6
BRN,Brunei Darussalam,East Asia & Pacific,High income,Not classified,2009,15.572,0.23710848172592,100,102.777656555176,-3.72462679896589,87875.8283546044,49,0,9.7
BRN,Brunei Darussalam,East Asia & Pacific,High income,Not classified,2010,15.228,0.212327182099881,100,103.281120300293,0.808737769071328,88586.5133683924,53,0.0213607594936709,9.9
BRN,Brunei Darussalam,East Asia & Pacific,High income,Not classified,2011,14.902,0.218023252867136,100,103.50959777832,1.91129549119837,90279.6634042123,56,0.043489932885906,10
BRN,Brunei Darussalam,East Asia & Pacific,High income,Not classified,2012,14.838,0.209487447825081,100,107.718727111816,-0.62162371685136,89718.4636049982,60.27310181,0.0424936386768448,10.2
BRN,Brunei Darussalam,East Asia & Pacific,High income,Not classified,2013,13.775,0.218718937372993,100,105.909843444824,-3.46841841572171,86606.6518910199,64.5,0.038391640163562,10.4
BRN,Brunei Darussalam,East Asia & Pacific,High income,Not classified,2014,12.55,0.233492808468793,100,98.996940612793,-3.80575468176978,83310.6151819533,68.76999664,0.0359520639147803,10.6
BRN,Brunei Darussalam,East Asia & Pacific,High income,Not classified,2015,11.886,0.212971722855163,100,95.8460998535156,-1.68097052571925,81910.1882959493,71.19999695,0.0311904761904762,10.7
BRN,Brunei Darussalam,East Asia & Pacific,High income,Not classified,2016,11.062,0.234219280796023,100,93.33837890625,-3.69864300009469,78880.6228501768,90,0.0255269320843091,10.7
BRN,Brunei Darussalam,East Asia & Pacific,High income,Not classified,2017,10.491,0.230334487874635,100,91.7844619750977,0.109331621558866,78966.8643142346,94.86669922,0.0377676208804426,10.7
BRN,Brunei Darussalam,East Asia & Pacific,High income,Not classified,2018,10.29,0.234855285000478,100,92.0042572021484,-1.09895909064488,78099.0507802561,95,0.037037037037037,10.6
BRN,Brunei Darussalam,East Asia & Pacific,High income,Not classified,2019,10.042,0.214090214871485,100,91.2721405029297,2.72616506285996,80228.1598170527,95,0.0218889339278476,10.5
BRN,Brunei Darussalam,East Asia & Pacific,High income,Not classified,2020,8.847,0.281972866895135,100,89.4443214522913,0.0657353317528475,80280.8980640677,96.30549622,0.0193548387096774,10.4
BRN,Brunei Darussalam,East Asia & Pacific,High income,Not classified,2021,8.581,0.282522023866365,100,,-2.53123842091919,78248.797127611,97.62879944,0.0196525706264257,10.3
BRN,Brunei Darussalam,East Asia & Pacific,High income,Not classified,2022,8.589,0.274282657077612,100,,-2.41660968862067,76357.829114996,98.97042579,,10.2
BTN,Bhutan,South Asia,Lower middle income,IDA,2000,58.015,0.128455469249024,31.1,27.6800708770752,0.881596585426465,5287.57434721684,0.40094444691941,99.9867895576534,77.7
BTN,Bhutan,South Asia,Lower middle income,IDA,2001,53.936,0.129663170189625,40.2,31.5314197540283,4.8804269584859,5545.6305511084,0.864628564215099,99.9813699310687,73.2
BTN,Bhutan,South Asia,Lower middle income,IDA,2002,49.647,0.127613158485805,44.1,,8.03559524029754,5991.25497571775,1.67580258375242,99.9751148005897,68.8
BTN,Bhutan,South Asia,Lower middle income,IDA,2003,46.144,0.123007079196786,41.1,,5.5461872466835,6323.5411950973,2.43691239949767,99.9475534088169,64.6
BTN,Bhutan,South Asia,Lower middle income,IDA,2004,43.964,0.118153585431621,51.9,,3.07510668161098,6517.99683290216,3.15698419613711,99.9299633843659,60.6
BTN,Bhutan,South Asia,Lower middle income,IDA,2005,42.66,0.11973161949456,59.8,42.8833503723145,5.10597951676202,6850.80441609334,3.847100019,99.9316380092668,56.7
BTN,Bhutan,South Asia,Lower middle income,IDA,2006,41.597,0.11870367589451,59.7,45.8921585083008,4.23383383576189,7140.85609148376,4.518300056,99.9503400867096,52.9
BTN,Bhutan,South Asia,Lower middle income,IDA,2007,40.63,0.103802725455196,71.8,50.2554206848145,14.7631409986349,8195.07074477912,5.92,99.9684264842259,49.5
BTN,Bhutan,South Asia,Lower middle income,IDA,2008,38.59,0.0997176050145727,67.6,54.2678604125977,3.35523609267926,8470.03471622855,6.55,99.9852132908856,46.2
BTN,Bhutan,South Asia,Lower middle income,IDA,2009,36.3,0.127988418375902,71.5,61.660530090332,6.48266406090858,9019.11861272397,7.17,99.996561368117,43.3
BTN,Bhutan,South Asia,Lower middle income,IDA,2010,31.864,0.129175081866494,73.3,67.4368286132812,10.7124208428696,9985.28455483655,13.6,99.9957130486226,40.5
BTN,Bhutan,South Asia,Lower middle income,IDA,2011,27.948,0.145538226887125,81.8,72.9664916992188,7.30476940871061,10714.686566371,14.399999619999999,99.9954718668503,37.9
BTN,Bhutan,South Asia,Lower middle income,IDA,2012,24.734,0.13199776115442,91.5,79.2052764892578,4.006257825918,11143.9445354588,15.600000380000001,99.9973622354176,35.5
BTN,Bhutan,South Asia,Lower middle income,IDA,2013,22.16,0.136102461936172,87.4,84.4945220947266,0.614996700864396,11212.479426698,22.39999962,99.9928480894466,33.2
BTN,Bhutan,South Asia,Lower middle income,IDA,2014,19.307,0.131155882421366,91.4,92.2578125,4.74506543590765,11744.5189124825,30.299999239999998,99.9998604238926,31.2
BTN,Bhutan,South Asia,Lower middle income,IDA,2015,16.456,0.142597617682865,95.4,92.4895401000977,5.58370603464722,12400.2983237391,39.79999924,99.9997418525436,29.2
BTN,Bhutan,South Asia,Lower middle income,IDA,2016,14.108,0.14297895968628,99.3,93.3539505004883,7.42464056841786,13320.9759036882,46.50320053,100,27.4
BTN,Bhutan,South Asia,Lower middle income,IDA,2017,11.332,0.14489386510827,97.7,93.6836013793945,1.21137239128886,13482.3425280358,54.33549881,99.9961154589197,25.8
BTN,Bhutan,South Asia,Lower middle income,IDA,2018,9.369,0.16629695444228,100,94.7654841059746,2.76296102776938,13854.8543977158,63.48680115,100,24.2
BTN,Bhutan,South Asia,Lower middle income,IDA,2019,8.139,0.162259653043298,100,97.6848520202403,5.05479153201512,14555.1884045845,74.17939758,100,22.7
BTN,Bhutan,South Asia,Lower middle income,IDA,2020,8.74,0.141385933718839,100,97.5008417517849,-10.8226112381065,12979.9369485824,76.85079956,100,21.3
BTN,Bhutan,South Asia,Lower middle income,IDA,2021,9.645,0.14798982089076,100,100.878047817838,3.68935319221934,13458.812666743,85.636883889999993,100,20
BTN,Bhutan,South Asia,Lower middle income,IDA,2022,9.388,0.138170007024539,100,98.562791614893,4.47661599603487,14061.3120274588,88.35620117,,19
BWA,Botswana,Sub-Saharan Africa,Upper middle income,IBRD,2000,73.683,0.185354211018193,26.5,77.4799728393555,-0.163772714868571,13185.8171514278,2.90266662177209,0,79.8
BWA,Botswana,Sub-Saharan Africa,Upper middle income,IBRD,2001,71.463,0.178405578921868,24.8,76.1001892089844,-1.79114300046759,12949.6403104655,3.43088678702599,0,79.3
BWA,Botswana,Sub-Saharan Africa,Upper middle income,IBRD,2002,69.499,0.177534002264872,27,77.1014633178711,4.09320837350506,13479.6960719923,3.38592235064273,0,77.9
BWA,Botswana,Sub-Saharan Africa,Upper middle income,IBRD,2003,67.841,0.168059007820509,33.1,77.884407043457,2.80097379395592,13857.2588264737,3.3451901740614,0,76.7
BWA,Botswana,Sub-Saharan Africa,Upper middle income,IBRD,2004,66.054,0.16038681880261,35.3,79.5718383789062,0.920692081948033,13984.8415112641,3.30488925316113,0,75.7
BWA,Botswana,Sub-Saharan Africa,Upper middle income,IBRD,2005,65.443,0.16616185531998,37.5,80.3644027709961,2.69660633056192,14361.9576327759,3.262599945,0,70.8
BWA,Botswana,Sub-Saharan Africa,Upper middle income,IBRD,2006,64.772,0.144882062683432,39.7,83.5707702636719,6.36142559180612,15275.5828811117,4.28993297515968,0,66
BWA,Botswana,Sub-Saharan Africa,Upper middle income,IBRD,2007,62.988,0.146004105705562,41.9,84.5229568481445,3.7618955229655,15850.2343496231,5.28,0,64.3
BWA,Botswana,Sub-Saharan Africa,Upper middle income,IBRD,2008,60.961,0.14417100608843,44.5,81.0781402587891,1.1992313160418,16040.3153236098,6.25,0,63.7
BWA,Botswana,Sub-Saharan Africa,Upper middle income,IBRD,2009,59.023,0.153715928337035,43.4,,-15.8997149078875,13489.9509168296,6.150000095,0,60.6
BWA,Botswana,Sub-Saharan Africa,Upper middle income,IBRD,2010,57.38,0.114373096209552,52,,7.82114699392078,14545.0198074427,6,0.0501043841336117,58.4
BWA,Botswana,Sub-Saharan Africa,Upper middle income,IBRD,2011,55.416,0.127027806778217,53.2,,4.75557328946104,15236.7188843522,9,0.0812324929971989,58.8
BWA,Botswana,Sub-Saharan Africa,Upper middle income,IBRD,2012,55.606,0.111753720555015,56,,-1.83175900387364,14957.6189142932,16,0.148703956343793,53.9
BWA,Botswana,Sub-Saharan Africa,Upper middle income,IBRD,2013,55.903,0.157577818117457,58,,9.43871073960261,16369.4252971454,30,0.122933884297521,50.3
BWA,Botswana,Sub-Saharan Africa,Upper middle income,IBRD,2014,55.387,0.192993097462863,60,,4.17099012944411,17052.1924105361,36.74474744423,0.104938271604938,49
BWA,Botswana,Sub-Saharan Africa,Upper middle income,IBRD,2015,57.159,0.201212935824687,62.1,,-6.19995412245493,15994.9643042101,38.89379883,0.117584745762712,46.7
BWA,Botswana,Sub-Saharan Africa,Upper middle income,IBRD,2016,54.312,0.178728521499366,64.2,,5.69319455388396,16905.588740873,41.16859818,0.192364170337739,45.1
BWA,Botswana,Sub-Saharan Africa,Upper middle income,IBRD,2017,49.926,0.189166671246747,67.4,,2.6459126098983,17352.8958451454,43.57640076,0.158919233004067,42.1
BWA,Botswana,Sub-Saharan Africa,Upper middle income,IBRD,2018,54.313,0.200301442748364,68.3,,2.72071433079989,17825.018569213,46.12509918,0.190779014308426,41.2
BWA,Botswana,Sub-Saharan Africa,Upper middle income,IBRD,2019,56.259,0.17387918984997,70.1,,1.57639094067899,18106.0105471124,48.82279968,0.236653386454183,40
BWA,Botswana,Sub-Saharan Africa,Upper middle income,IBRD,2020,55.557,0.158071154517515,71.8,,-10.0332383222742,16289.3913582645,51.67819977,0.258936355710549,38.9
BWA,Botswana,Sub-Saharan Africa,Upper middle income,IBRD,2021,55.094,0.151778117151869,73.7,74.0652465820312,10.2596472128547,17960.6254447437,54.70069885,0.248679398618448,37.1
BWA,Botswana,Sub-Saharan Africa,Upper middle income,IBRD,2022,54.585,0.150287123013297,75.9,,3.82363084321453,18647.3734588832,57.9,,35.7
CAF,Central African Republic,Sub-Saharan Africa,Low income,IDA,2000,141.498,0.0536882025369621,6,,-5.13401462675454,1245.81399563599,0.0533941742150456,99.7089977883832,165.5
CAF,Central African Republic,Sub-Saharan Africa,Low income,IDA,2001,141.398,0.0547610560386236,5.7,7.64059019088745,2.17071826482889,1272.85710758505,0.0785434278394038,99.7055706041691,162.5
CAF,Central African Republic,Sub-Saharan Africa,Low income,IDA,2002,141.71,0.0540104055583688,6.1,,1.37690566221247,1290.38314917126,0.128537116506299,99.7055706041691,159
CAF,Central African Republic,Sub-Saharan Africa,Low income,IDA,2003,142.974,0.0540655709936603,6.6,,-7.63416642788093,1191.8731520062,0.151563337940017,99.7089977883832,155.6
CAF,Central African Republic,Sub-Saharan Africa,Low income,IDA,2004,144.942,0.0494450755172643,7,,3.72625182811642,1236.28534712166,0.223401395464406,99.8030100070916,151.8
CAF,Central African Republic,Sub-Saharan Africa,Low income,IDA,2005,148.357,0.0482926769736319,7.4,,-1.35012540536219,1219.5939445674,0.26820001,99.8162440279309,147.9
CAF,Central African Republic,Sub-Saharan Africa,Low income,IDA,2006,151.923,0.0488671558644083,7.8,,2.64652651726671,1251.87082171335,0.311199993,99.8240056318198,143.5
CAF,Central African Republic,Sub-Saharan Africa,Low income,IDA,2007,155.506,0.0467845327361357,8.4,,2.61065388109087,1284.55283590666,0.375815961044797,99.8202085580726,139.3
CAF,Central African Republic,Sub-Saharan Africa,Low income,IDA,2008,159.743,0.0342710421317907,7.5,,-0.0996463174017777,1283.2728263106,1,99.8032270759544,135.5
CAF,Central African Republic,Sub-Saharan Africa,Low income,IDA,2009,163.842,0.0307895192630665,9.4,8.72708988189697,9.30502220176477,1402.68164770801,1.799999952,99.8214923241699,489.3
CAF,Central African Republic,Sub-Saharan Africa,Low income,IDA,2010,169.171,0.0300737253558018,9.8,,5.47038096593693,1479.41367757692,2,99.822757887274,150.7
CAF,Central African Republic,Sub-Saharan Africa,Low income,IDA,2011,168.485,0.0314042496217456,10.4,11.4032897949219,2.55065326927321,1517.14839091011,2.200000048,99.8241789155356,125.1
CAF,Central African Republic,Sub-Saharan Africa,Low income,IDA,2012,167.624,0.0303882923536532,11,10.7241497039795,4.00963689358869,1577.98053252253,2.4000000950000002,99.8243641983982,121.9
CAF,Central African Republic,Sub-Saharan Africa,Low income,IDA,2013,166.774,0.0321520440168753,11.5,,-36.8245466038613,996.896355923912,2.5,99.8243641983982,134.2
CAF,Central African Republic,Sub-Saharan Africa,Low income,IDA,2014,165.588,0.034911116178804,12,,0.497506544343594,1001.85598053496,2.700000048,99.8370527807297,186.8
CAF,Central African Republic,Sub-Saharan Africa,Low income,IDA,2015,164.079,0.0482965064534243,12.7,,4.19878078824811,1043.92171697157,2.9000000950000002,99.7266383713402,113.7
CAF,Central African Republic,Sub-Saharan Africa,Low income,IDA,2016,164.342,0.0496818214214726,13.4,11.0433397293091,2.87598768927953,1073.94477703739,3.0999999049999998,95.628494662697,126.8
CAF,Central African Republic,Sub-Saharan Africa,Low income,IDA,2017,165.118,0.050024622430798,14.1,12.7931003570557,2.7861131027974,1103.86609318724,4,96.473071423708,155.2
CAF,Central African Republic,Sub-Saharan Africa,Low income,IDA,2018,165.544,0.0534422580778236,14.6,,1.9780319759616,1125.70091748228,5.099999905,96.473071423708,120.2
CAF,Central African Republic,Sub-Saharan Africa,Low income,IDA,2019,164.921,0.0534072007717615,14.3,,1.72290159793216,1145.09563657752,7.509200096,96.473071423708,254.7
CAF,Central African Republic,Sub-Saharan Africa,Low income,IDA,2020,163.964,0.055731396027874,15.4,,-0.744488614542561,1136.57052993758,,96.473071423708,124.2
CAF,Central African Republic,Sub-Saharan Africa,Low income,IDA,2021,163.575,0.0559342608964034,15.7,,-0.705468755505223,1128.55237996459,,96.473071423708,178.7
CAF,Central African Republic,Sub-Saharan Africa,Low income,IDA,2022,163.019,0.0556470116511495,15.7,,0.730965726740934,1136.80171107045,13.75360012,,424.6
CAN,Canada,North America,High income,Not classified,2000,17.085,0.365687791708983,100,103.028327941895,4.16394850425988,48399.2864445547,51.3,60.6190538229517,6.2
CAN,Canada,North America,High income,Not classified,2001,16.102,0.353185740725029,100,,0.77451943124467,48774.1483226516,60.2,58.0524008446178,6.2
CAN,Canada,North America,High income,Not classified,2002,15.097,0.355536307375308,100,,1.88796483475868,49694.9870914363,61.5932992681952,59.9003535306548,6.2
CAN,Canada,North America,High income,Not classified,2003,14.445,0.361592316225789,100,,0.895018577517163,50139.7664579994,64.2,58.9264990164968,6.2
CAN,Canada,North America,High income,Not classified,2004,13.712,0.342226631744327,100,,2.13581556968643,51210.6593966138,65.9559634648989,58.4529439190089,6.1
CAN,Canada,North America,High income,Not classified,2005,13.197,0.344944826405123,100,99.006706237793,2.23757664033788,52356.5371486354,71.66,59.8555982828252,6.1
CAN,Canada,North America,High income,Not classified,2006,13.379,0.331687069582762,100,99.2596435546875,1.60290147984234,53195.7608573851,72.40000153,59.5620002719274,6
CAN,Canada,North America,High income,Not classified,2007,13.879,0.336307307008031,100,99.9474716186523,1.06414483533945,53761.8407991685,73.2,60.2476621533016,6
CAN,Canada,North America,High income,Not classified,2008,14.251,0.32222442158663,100,100.854469299316,-0.093342723123186,53711.6580329654,76.69999695,61.3290986200485,5.9
CAN,Canada,North America,High income,Not classified,2009,14.252,0.31308069850661,100,101.66227722168,-4.02008815189166,51552.4020321975,80.3,62.9637388659713,5.8
CAN,Canada,North America,High income,Not classified,2010,13.551,0.314502885052279,100,101.41626739502,1.95144743974238,52558.4200617806,80.3,61.2394556876236,5.7
CAN,Canada,North America,High income,Not classified,2011,12.709,0.312353731066193,100,102.087600708008,2.13607718389216,53681.1084809345,83,62.4604027184521,5.6
CAN,Canada,North America,High income,Not classified,2012,12.318,0.302380287730135,100,111.17195892334,0.658841996943821,54034.7821680318,83,63.6371552837649,5.6
CAN,Canada,North America,High income,Not classified,2013,11.529,0.299691500222743,100,111.877288818359,1.25359012132115,54712.1568593677,85.80000305,64.0759575040385,5.5
CAN,Canada,North America,High income,Not classified,2014,10.693,0.29390590491926,100,112.173736572266,1.84840950153425,55723.4615652506,87.12000275,63.1954620280532,5.4
CAN,Canada,North America,High income,Not classified,2015,9.714,0.289018770341179,100,112.104141235352,-0.112369151907927,55660.8455840759,90,64.1242644713459,5.3
CAN,Canada,North America,High income,Not classified,2016,8.695,0.285908074553724,100,111.972282409668,-0.0982963673716881,55606.1329948184,91.16000366,64.9753767870051,5.3
CAN,Canada,North America,High income,Not classified,2017,7.931,0.286090541144842,100,112.20565032959,1.80946447841099,56612.3062191777,92.70140076,66.5646304151468,5.2
CAN,Canada,North America,High income,Not classified,2018,7.006,0.288186460602918,100,112.037117004395,1.28092656218273,57337.4682870033,94.64,65.9483864114063,5.2
CAN,Canada,North America,High income,Not classified,2019,6.432,0.281170292437005,100,111.364883422852,0.429657594374362,57583.8230739204,91.91290283,65.8791259309204,5.2
CAN,Canada,North America,High income,Not classified,2020,5.805,0.266613846954769,100,110.553207397461,-6.06240641639141,54092.8576890836,92.3,67.0564578594512,5.2
CAN,Canada,North America,High income,Not classified,2021,5.262,0.257737254491873,100,109.483619689941,5.36528783461416,56995.0952020711,93.93710327,67.0163805768966,5.2
CAN,Canada,North America,High income,Not classified,2022,4.889,0.252357783258514,100,108.356742858887,2.78626569235895,58583.1299860138,94,,5.3
CHE,Switzerland,Europe & Central Asia,High income,Not classified,2000,5.939,0.0905195096221884,100,91.4543914794922,3.0524783594406,68834.8179906591,47.1,57.8880331753554,5.6
CHE,Switzerland,Europe & Central Asia,High income,Not classified,2001,5.464,0.0919360367980101,100,92.095100402832,0.951381195545636,69489.6995050103,55.1,60.1687076332611,5.5
CHE,Switzerland,Europe & Central Asia,High income,Not classified,2002,5.4,0.0883935709424482,100,90.531982421875,-0.376071813230695,69228.3683320733,61.4,56.3286708078235,5.4
CHE,Switzerland,Europe & Central Asia,High income,Not classified,2003,5.207,0.0911918635806482,100,90.4961929321289,-1.02129563329808,68521.3420292943,65.1,56.0617302270367,5.3
CHE,Switzerland,Europe & Central Asia,High income,Not classified,2004,5.182,0.089947746447304,100,90.2133483886719,1.88413812470986,69812.378758031,67.8,55.6087520012198,5.2
CHE,Switzerland,Europe & Central Asia,High income,Not classified,2005,4.957,0.0885560505166576,100,91.0430221557617,2.29468015372771,71414.3495582368,70.1,57.2341067596567,5.1
CHE,Switzerland,Europe & Central Asia,High income,Not classified,2006,4.516,0.0842688895825241,100,91.4252090454102,3.48286502643637,73901.6149628577,75.7,53.1768085172812,4.9
CHE,Switzerland,Europe & Central Asia,High income,Not classified,2007,4.343,0.077579418692992,100,92.7012786865234,3.05804556705532,76161.5600232116,77.2,55.894000736106,4.8
CHE,Switzerland,Europe & Central Asia,High income,Not classified,2008,4.259,0.077977773335974,100,93.4715118408203,1.23705292875356,77103.7188320632,79.2,56.8966767722189,4.7
CHE,Switzerland,Europe & Central Asia,High income,Not classified,2009,4.152,0.0771597686076838,100,94.0488586425781,-3.15259444849458,74672.9512725807,81.3,56.7025518923735,4.6
CHE,Switzerland,Europe & Central Asia,High income,Not classified,2010,3.96,0.0775814195014665,100,95.2613372802734,2.190693084472,76308.8064520802,83.9,57.8559315785593,4.6
CHE,Switzerland,Europe & Central Asia,High income,Not classified,2011,3.536,0.069837275791396,100,95.6100234985352,0.286375468408821,76527.3361539945,85.1930281804854,55.3378827971465,4.5
CHE,Switzerland,Europe & Central Asia,High income,Not classified,2012,3.429,0.0712047453760903,100,96.7207107543945,0.05606067958675,76570.2378987121,85.2,60.4690788814273,4.4
CHE,Switzerland,Europe & Central Asia,High income,Not classified,2013,3.119,0.0715350180008399,100,99.7940216064453,0.671837728442554,77084.6656456739,86.34,60.0794735942574,4.4
CHE,Switzerland,Europe & Central Asia,High income,Not classified,2014,2.963,0.0639567380030619,100,,1.29988872743645,78086.6805249841,83.6172512621702,59.0078474555009,4.3
CHE,Switzerland,Europe & Central Asia,High income,Not classified,2015,2.76,0.0620011687224206,100,102.201698303223,0.306157484449557,78325.7487417695,87.4790555978675,63.1244645336642,4.3
CHE,Switzerland,Europe & Central Asia,High income,Not classified,2016,2.829,0.0616955168122719,100,102.22403717041,0.804739182018849,78956.0667315042,89.1346877351392,63.1158307879785,4.2
CHE,Switzerland,Europe & Central Asia,High income,Not classified,2017,2.494,0.0593845538731102,100,102.139213562012,0.478338226837309,79333.7437810881,89.6861476710225,64.497116420559,4.1
CHE,Switzerland,Europe & Central Asia,High income,Not classified,2018,2.334,0.0555952575915457,100,102.257682800293,2.56908414233095,81371.8944120855,91.80000305,60.3106874755919,4.1
CHE,Switzerland,Europe & Central Asia,High income,Not classified,2019,1.992,0.0548071694478594,100,101.935157775879,0.396618811151228,81694.630652314,93.1460869535177,61.4381129868187,4
CHE,Switzerland,Europe & Central Asia,High income,Not classified,2020,1.671,0.0524860697353509,100,102.080001831055,-2.966852612279,79270.8713687141,94.34999847,63.7239746535757,4
CHE,Switzerland,Europe & Central Asia,High income,Not classified,2021,1.471,0.0517574475061513,100,101.687019348145,5.3665512260086,83524.9832880195,95.56937154,67.8762344840083,4
CHE,Switzerland,Europe & Central Asia,High income,Not classified,2022,1.386,0.0458064641249472,100,101.519386291504,2.6785993140471,85762.2829174304,96.45279694,,3.9
CHI,Channel Islands,Europe & Central Asia,High income,Not classified,2000,25.971,,100,,,,,,
CHI,Channel Islands,Europe & Central Asia,High income,Not classified,2001,25.044,,100,,,,,,
CHI,Channel Islands,Europe & Central Asia,High income,Not classified,2002,23.772,,100,,,,,,
CHI,Channel Islands,Europe & Central Asia,High income,Not classified,2003,23.541,,100,,,,,,
CHI,Channel Islands,Europe & Central Asia,High income,Not classified,2004,22.02,,100,,,,,,
CHI,Channel Islands,Europe & Central Asia,High income,Not classified,2005,19.984,,100,,,,,,
CHI,Channel Islands,Europe & Central Asia,High income,Not classified,2006,19.61,,100,,,,,,
CHI,Channel Islands,Europe & Central Asia,High income,Not classified,2007,20.138,,100,,,,,,
CHI,Channel Islands,Europe & Central Asia,High income,Not classified,2008,20.721,,100,,,,,,
CHI,Channel Islands,Europe & Central Asia,High income,Not classified,2009,20.246,,100,,,,,,
CHI,Channel Islands,Europe & Central Asia,High income,Not classified,2010,19.32,,100,,-4.28117501896055,,,,
CHI,Channel Islands,Europe & Central Asia,High income,Not classified,2011,17.844,,100,,0.438026517384117,,,,
CHI,Channel Islands,Europe & Central Asia,High income,Not classified,2012,16.425,,100,,-6.37565059386247,,,,
CHI,Channel Islands,Europe & Central Asia,High income,Not classified,2013,14.942,,100,,-0.133468759749221,,,,
CHI,Channel Islands,Europe & Central Asia,High income,Not classified,2014,13.613,,100,,1.8297582773701,,,,
CHI,Channel Islands,Europe & Central Asia,High income,Not classified,2015,12.386,,100,,-0.0726855379298144,,,,
CHI,Channel Islands,Europe & Central Asia,High income,Not classified,2016,11.456,,100,,0.948076599842508,,,,
CHI,Channel Islands,Europe & Central Asia,High income,Not classified,2017,10.563,,100,,1.5363504960191,,,,
CHI,Channel Islands,Europe & Central Asia,High income,Not classified,2018,9.874,,100,,0.736021076194476,,,,
CHI,Channel Islands,Europe & Central Asia,High income,Not classified,2019,9.322,,100,,1.15023329351136,,,,
CHI,Channel Islands,Europe & Central Asia,High income,Not classified,2020,8.886,,100,,-9.22341035779262,,,,
CHI,Channel Islands,Europe & Central Asia,High income,Not classified,2021,8.717,,100,,9.60318203511517,,,,
CHI,Channel Islands,Europe & Central Asia,High income,Not classified,2022,8.72,,100,,5.0433512927915,,,,
CHL,Chile,Latin America & Caribbean,High income,IBRD,2000,61.242,0.198171070295153,97.9,87.8805084228516,3.72361873178446,17529.4205997692,16.6,49.4510704126952,10.9
CHL,Chile,Latin America & Caribbean,High income,IBRD,2001,59.205,0.184285626603396,97.1,,1.96875181903661,17874.5313866938,19.1,55.0257459265007,10.3
CHL,Chile,Latin America & Caribbean,High income,IBRD,2002,55.022,0.18041739058487,97.3,90.2218780517578,2.06991885847773,18244.5196827315,22.1,56.2753314556571,9.8
CHL,Chile,Latin America & Caribbean,High income,IBRD,2003,51.275,0.178640545133718,98.8,91.2260513305664,3.63301530196716,18907.3458745755,25.4737788864723,51.5620662410045,9.4
CHL,Chile,Latin America & Caribbean,High income,IBRD,2004,50.063,0.180999173678613,97.5,91.6760330200195,5.60291985486168,19966.7093106095,28.1779101232438,48.084283705671,9.2
CHL,Chile,Latin America & Caribbean,High income,IBRD,2005,50.781,0.172896264009665,97.7,92.6120986938477,4.79182839139716,20923.479756183,31.1753006,55.0358204405152,9.1
CHL,Chile,Latin America & Caribbean,High income,IBRD,2006,51.682,0.166387824950359,99.4,92.9499893188477,5.01952135827457,21973.7382914389,34.4977511736017,56.3268257411424,9
CHL,Chile,Latin America & Caribbean,High income,IBRD,2007,53.325,0.177585845388242,98,92.7402114868164,4.14386212927862,22884.2997108846,35.90000153,45.0699892324258,8.9
CHL,Chile,Latin America & Caribbean,High income,IBRD,2008,54.78,0.180122641097633,98.2,92.7565612792969,2.75755699285021,23515.3473178269,37.29999924,46.5513198445665,8.8
CHL,Chile,Latin America & Caribbean,High income,IBRD,2009,54.194,0.174246544126323,99.6,91.1818389892578,-2.11061042692428,23019.0299454094,41.56,49.7282698198347,8.8
CHL,Chile,Latin America & Caribbean,High income,IBRD,2010,52.793,0.174499558658804,99.5,92.4085998535156,4.79363748014636,24122.4787924386,45,40.7618228149717,8.7
CHL,Chile,Latin America & Caribbean,High income,IBRD,2011,51.495,0.179612484035804,99.6,92.4001922607422,5.18104033334399,25372.2741480772,52.2496072877744,39.7270859647254,8.6
CHL,Chile,Latin America & Caribbean,High income,IBRD,2012,50.417,0.174061761612895,100,91.1228790283203,5.14158431251035,26676.8110154019,55.04999924,36.7304698140528,8.4
CHL,Chile,Latin America & Caribbean,High income,IBRD,2013,47.704,0.176901303463485,99.6,99.6723937988281,2.32789256098182,27297.8185145366,58,35.9062889208239,8.3
CHL,Chile,Latin America & Caribbean,High income,IBRD,2014,44.06,0.16014059302129,100,100.32071685791,0.783002086375433,27511.5610030404,61.11000061,43.1190196882111,8.1
CHL,Chile,Latin America & Caribbean,High income,IBRD,2015,39.444,0.168071152659138,99.7,101.253883361816,1.11370445947465,27817.9584848024,76.6295919508796,43.6470681836264,7.9
CHL,Chile,Latin America & Caribbean,High income,IBRD,2016,33.658,0.173956039088949,100,101.831230163574,0.52983351729867,27965.3473526831,83.5585860244169,43.4618196485744,7.7
CHL,Chile,Latin America & Caribbean,High income,IBRD,2017,27.261,0.173339335063623,99.7,102.539222717285,-0.235110167425177,27899.5979777012,82.3274869338464,44.1018340193598,7.6
CHL,Chile,Latin America & Caribbean,High income,IBRD,2018,23.705,0.16681266478323,100,103.21607208252,2.14988195463914,28499.4064000406,84.90000153,46.3150633357218,7.3
CHL,Chile,Latin America & Caribbean,High income,IBRD,2019,18.968,0.17576162484198599,100,104.032539367676,-0.952396500724504,28227.9790507594,85.01760101,45.3889992667755,7
CHL,Chile,Latin America & Caribbean,High income,IBRD,2020,14.415,0.172048036012422,100,103.239501953125,-6.97738648556296,26258.4038553242,87.45929718,48.783065255438,6.8
CHL,Chile,Latin America & Caribbean,High income,IBRD,2021,7.892,0.157349592708506,100,106.125999450684,10.8469342332232,29106.6356522053,90.23280334,48.0821990956395,6.7
CHL,Chile,Latin America & Caribbean,High income,IBRD,2022,7.687,0.156450582391451,100,105.129852294922,1.55914868965226,29560.4513805785,92.31819916,,6.8
CHN,China,East Asia & Pacific,Upper middle income,IBRD,2000,6.444,0.710568223765595,96.7,,7.72142235903391,4065.86707804429,1.77591320677415,16.6391375029689,36.6
CHN,China,East Asia & Pacific,Upper middle income,IBRD,2001,6.104,0.687826172106142,97,60.5879211425781,7.54005288797013,4372.43560608339,2.63965021485872,18.9581214478014,34.1
CHN,China,East Asia & Pacific,Upper middle income,IBRD,2002,6.122,0.680374106614523,97.2,,8.50661398311242,4744.38182475307,4.59570433077551,17.6186164128829,31.4
CHN,China,East Asia & Pacific,Upper middle income,IBRD,2003,6.459,0.713566056775227,97.4,62.8477210998535,9.43008751939767,5191.78118308167,6.2,15.0371010412115,28.8
CHN,China,East Asia & Pacific,Upper middle income,IBRD,2004,5.638,0.746025317462202,97.7,,9.48820783119425,5684.3881718733,7.3,16.2232487195383,26.3
CHN,China,East Asia & Pacific,Upper middle income,IBRD,2005,6.645,0.759410433648712,97.9,,10.7999508064974,6298.29929808598,8.52325700269541,16.1592699120884,24
CHN,China,East Asia & Pacific,Upper middle income,IBRD,2006,8.5,0.748255897802845,98.2,74.5925979614258,12.0478875638328,7057.11131595304,10.5231526193851,15.5566024437238,21.9
CHN,China,East Asia & Pacific,Upper middle income,IBRD,2007,9.141,0.71222691169891,98.5,79.0239715576172,13.5561478146964,8013.78375739131,16,15.2657979334449,20.1
CHN,China,East Asia & Pacific,Upper middle income,IBRD,2008,11.026,0.669311312471728,98.8,84.1128692626953,9.10828477328671,8743.7020031299,22.6,17.6408195697663,18.5
CHN,China,East Asia & Pacific,Upper middle income,IBRD,2009,11.994,0.65650797616868,99.1,90.3999099731445,8.86328559816117,9518.68128351945,28.9,17.8108790138305,17.1
CHN,China,East Asia & Pacific,Upper middle income,IBRD,2010,12.158,0.649779079251666,99.7,91.5306159985424,10.0588648070302,10476.1525652407,34.3,18.7929868229344,15.7
CHN,China,East Asia & Pacific,Upper middle income,IBRD,2011,11.801,0.649005163284357,99.9,93.0778922934558,8.86552016620182,11404.9179835542,38.3,16.836073329416,14.6
CHN,China,East Asia & Pacific,Upper middle income,IBRD,2012,12.534,0.620760946815299,99.9,93.6776786470658,7.12864747408331,12217.9343813101,42.30009842,20.0980373624987,13.5
CHN,China,East Asia & Pacific,Upper middle income,IBRD,2013,11.976,0.603420950622707,100,,7.06293206554041,13080.8787864744,45.79999924,20.1334892653115,12.5
CHN,China,East Asia & Pacific,Upper middle income,IBRD,2014,12.049,0.567822790812241,100,,6.78578256558413,13968.5187785922,47.90000153,22.0557011175979,11.6
CHN,China,East Asia & Pacific,Upper middle income,IBRD,2015,10.887,0.524366522803363,100,,6.36137631292877,14857.1088234405,50.29999924,23.8649488788885,10.7
CHN,China,East Asia & Pacific,Upper middle income,IBRD,2016,10.747,0.492189497118021,100,,6.16357090866066,15772.8372607502,53.2,25.0520357144816,10
CHN,China,East Asia & Pacific,Upper middle income,IBRD,2017,10.236,0.470104112063518,100,,6.24623915563534,16758.0463976858,54.3,25.0386725537724,9.3
CHN,China,East Asia & Pacific,Upper middle income,IBRD,2018,8.691,0.461487819966868,100,,6.25969538838069,17807.0490552244,65.35839844,25.8127409492271,8.6
CHN,China,East Asia & Pacific,Upper middle income,IBRD,2019,8.277,0.445866847703067,100,,5.69178029552671,18820.5871645645,64.080881297515,26.8897023697607,8
CHN,China,East Asia & Pacific,Upper middle income,IBRD,2020,6.737,0.44124581548772,100,,2.09618372204399,19215.1012491012,70.05275998,28.111907967469,7.5
CHN,China,East Asia & Pacific,Upper middle income,IBRD,2021,5.996,0.426379581273407,100,,8.47352592384939,20843.2978347377,73.05323517,28.427997926748,7
CHN,China,East Asia & Pacific,Upper middle income,IBRD,2022,5.463,0.412330630903749,100,,3.14736528950196,21499.3125559757,75.61131603,,6.6
CIV,Cote d'Ivoire,Sub-Saharan Africa,Lower middle income,Blend,2000,138.56,0.0813597925220623,48.7,,-2.98789209303686,4838.37602767698,0.231461670612799,36.75,140.4
CIV,Cote d'Ivoire,Sub-Saharan Africa,Lower middle income,Blend,2001,139.284,0.0833871781489298,49.7,,-4.73706957562547,4609.17878891553,0.395747702246439,36.8474923234391,136.9
CIV,Cote d'Ivoire,Sub-Saharan Africa,Lower middle income,Blend,2002,139.304,0.0906407695298555,51.4,,-5.21173930372343,4368.96040639474,0.497929360753307,32.6596146581035,133.1
CIV,Cote d'Ivoire,Sub-Saharan Africa,Lower middle income,Blend,2003,137.981,0.0748793157745758,51.5,,-7.07101837658274,4060.03041319294,0.758669629452205,36.0172989974445,129.2
CIV,Cote d'Ivoire,Sub-Saharan Africa,Lower middle income,Blend,2004,135.625,0.0748307549417122,52.4,,0.712925866714116,4088.97542020506,0.849282414747704,31.7277676950998,125.3
CIV,Cote d'Ivoire,Sub-Saharan Africa,Lower middle income,Blend,2005,133.791,0.0790333298186199,58.9,,-1.38664840401142,4032.27570780036,1.039199948,25.2279528252068,121.2
CIV,Cote d'Ivoire,Sub-Saharan Africa,Lower middle income,Blend,2006,134.463,0.0754651753555688,60.2,,0.421959618326611,4049.29028298687,1.52489996,26.7020335985853,117.4
CIV,Cote d'Ivoire,Sub-Saharan Africa,Lower middle income,Blend,2007,132.849,0.0741223274515139,55.3,,-1.22415870474471,3999.72054350731,1.799999952,31.9126265316995,113.5
CIV,Cote d'Ivoire,Sub-Saharan Africa,Lower middle income,Blend,2008,129.776,0.0784950113756747,60.3,,2.42600024388695,4096.75377364759,1.899999976,32.7241379310345,109
CIV,Cote d'Ivoire,Sub-Saharan Africa,Lower middle income,Blend,2009,128.396,0.0702105752302556,57.3,,1.32618518113594,4151.08431510133,2,36.2970533128939,105.2
CIV,Cote d'Ivoire,Sub-Saharan Africa,Lower middle income,Blend,2010,128.816,0.0749718499622944,58.4,,4.5193074547668,4338.68457800736,2.700000048,27.1248952221291,101.6
CIV,Cote d'Ivoire,Sub-Saharan Africa,Lower middle income,Blend,2011,122.921,0.0766651778369068,55.8,,-7.40424970030114,4017.43753814324,2.9000000950000002,29.0867355304148,98.4
CIV,Cote d'Ivoire,Sub-Saharan Africa,Lower middle income,Blend,2012,120.393,0.0907788264644845,55.8,,5.39583595248281,4234.21187719492,4.400000095,25.4988597491448,95.3
CIV,Cote d'Ivoire,Sub-Saharan Africa,Lower middle income,Blend,2013,118.623,0.0890543224046666,61.5,,8.5732243032672,4597.22035890241,6.599999905,20.9917647058824,92
CIV,Cote d'Ivoire,Sub-Saharan Africa,Lower middle income,Blend,2014,117.527,0.086890595993536393,61.9,34.3625665088411,6.75169825092141,4907.61080546543,10,23.0992034757422,88.6
CIV,Cote d'Ivoire,Sub-Saharan Africa,Lower middle income,Blend,2015,116.181,0.0873042394068195,62.6,37.982068610823,4.14232947521536,5110.90021438908,38.4400001654616,15.5263459993112,85.5
CIV,Cote d'Ivoire,Sub-Saharan Africa,Lower middle income,Blend,2016,113.001,0.0824627645319244,64.3,40.5872787120579,4.10858359182184,5320.88582199186,41.2078149304414,16.0333438188109,83
CIV,Cote d'Ivoire,Sub-Saharan Africa,Lower middle income,Blend,2017,106.786,0.0830108767115232,65.6,43.9337901584799,4.42161228468103,5556.1547631509,43.8399208514876,19.0067761997587,80.5
CIV,Cote d'Ivoire,Sub-Saharan Africa,Lower middle income,Blend,2018,102.061,0.0792610179369298,67.1,46.3947128556196,2.05334874793748,5670.24199741353,37.546536130128104,29.4405246944251,77.9
CIV,Cote d'Ivoire,Sub-Saharan Africa,Lower middle income,Blend,2019,99.014,0.0793234001622871,68.6,49.4831223999723,3.96244737490909,5894.92235259103,36.2889545655205,32.7354765933446,75.3
CIV,Cote d'Ivoire,Sub-Saharan Africa,Lower middle income,Blend,2020,96.903,0.0793990065926269,69.9,51.9265625097734,-1.81621061689408,5787.85814696561,36.01660156,30.0195468680586,73
CIV,Cote d'Ivoire,Sub-Saharan Africa,Lower middle income,Blend,2021,94.609,0.0959971293929991,71.1,54.4109890656109,4.4463193708041,6045.20480490881,35.95069885,22.7753265853448,70.8
CIV,Cote d'Ivoire,Sub-Saharan Africa,Lower middle income,Blend,2022,93.194,0.096568250299462,70.4,52.166846663702,3.75602084659074,6272.26395760029,38.41328122,,68.7
CMR,Cameroon,Sub-Saharan Africa,Lower middle income,Blend,2000,139.918,0.100443505203308,41,,1.13442792226186,3822.94425358926,0.252120077733662,98.9080459770115,143.9
CMR,Cameroon,Sub-Saharan Africa,Lower middle income,Blend,2001,138.445,0.0958429467663644,46.2,29.9767608642578,1.61992408023583,3884.87304812714,0.277051321848797,98.1078791301892,141
CMR,Cameroon,Sub-Saharan Africa,Lower middle income,Blend,2002,136.781,0.0904355773947366,44,22.2719993591309,1.71295981541175,3951.41936232132,0.360871584267755,96.4242424242424,137.6
CMR,Cameroon,Sub-Saharan Africa,Lower middle income,Blend,2003,136.47,0.0875369096594394,45.1,28.0853691101074,2.61581878981131,4054.78133246517,0.587622611130454,95.7692725298589,134.3
CMR,Cameroon,Sub-Saharan Africa,Lower middle income,Blend,2004,134.967,0.0803629274587541,47.1,24.1630897521973,4.14782057634264,4222.96638689885,0.976075415490902,95.3805352798054,130.9
CMR,Cameroon,Sub-Saharan Africa,Lower middle income,Blend,2005,133.393,0.0762991194666369,47.2,24.6076393127441,-0.550411134631503,4199.72270969362,1.402699947,94.2092907092907,127.6
CMR,Cameroon,Sub-Saharan Africa,Lower middle income,Blend,2006,132.034,0.0749150083040036,49,21.4851398468018,0.995178501621496,4241.51744722821,2.028700113,76.2267920094007,124.2
CMR,Cameroon,Sub-Saharan Africa,Lower middle income,Blend,2007,130.023,0.0867466035808244,48.2,29.0990791320801,1.44056500100977,4302.6192630847,2.93,73.3793629601373,120.8
CMR,Cameroon,Sub-Saharan Africa,Lower middle income,Blend,2008,128.656,0.0885013155073752,50.6,33.4918212890625,-0.054684354254718,4300.26640352464,3.4000000950000002,74.4988558352403,117.2
CMR,Cameroon,Sub-Saharan Africa,Lower middle income,Blend,2009,127.889,0.0941470541990952,51.7,37.8445510864258,-0.318334274636157,4286.57718166156,3.84,69.4568563029569,113.7
CMR,Cameroon,Sub-Saharan Africa,Lower middle income,Blend,2010,127.504,0.0928491473184191,52.8,,1.36421484427274e-4,4286.58302947378,4.300000191,72.2388540430581,109.5
CMR,Cameroon,Sub-Saharan Africa,Lower middle income,Blend,2011,129.067,0.0852419694762853,53.7,45.500515576506,0.496174364645441,4307.85195558527,5,74.1212633001182,105.2
CMR,Cameroon,Sub-Saharan Africa,Lower middle income,Blend,2012,124.626,0.0823678820012387,55.2,48.7718363160742,1.723811615485,4382.11120797355,7.5,77.6787016776076,100.8
CMR,Cameroon,Sub-Saharan Africa,Lower middle income,Blend,2013,121.77,0.0854258022499596,56.3,50.4201711277728,2.08714719116143,4473.57231896434,10,68.6256466530804,96.5
CMR,Cameroon,Sub-Saharan Africa,Lower middle income,Blend,2014,120.341,0.0876345257668554,56.8,54.1409312621764,2.56873406379989,4588.4864949903,16.2148722257524,63.3184446371784,92.4
CMR,Cameroon,Sub-Saharan Africa,Lower middle income,Blend,2015,119.736,0.085878812342184,58.6,55.5473133749889,2.40123368709621,4698.66677843587,18.299999239999998,54.9573667711599,88.5
CMR,Cameroon,Sub-Saharan Africa,Lower middle income,Blend,2016,119.352,0.0867675519488852,59.8,56.4790090222202,1.45711722669677,4767.13186148953,20.60000038,58.2885816828393,85.1
CMR,Cameroon,Sub-Saharan Africa,Lower middle income,Blend,2017,118.815,0.0851985258004332,60.9,,0.647004976201075,4797.97544185544,23.2029719748646,63.1284619188922,81.9
CMR,Cameroon,Sub-Saharan Africa,Lower middle income,Blend,2018,117.067,0.0876493896952471,62.2,,1.11514946861584,4851.48003949961,29.700000760000002,59.5085022129047,78.9
CMR,Cameroon,Sub-Saharan Africa,Lower middle income,Blend,2019,114.634,0.082479036141936,63.2,,0.636415290549962,4882.35560028896,36.53919983,60.2381513793917,76.6
CMR,Cameroon,Sub-Saharan Africa,Lower middle income,Blend,2020,112.084,0.083201498996319,64.3,,-2.43476031121681,4763.48194388066,37.69749832,59.0565187239945,74.4
CMR,Cameroon,Sub-Saharan Africa,Lower middle income,Blend,2021,109.907,0.0802117769822661,65.4,42.6115884063623,0.631351991581198,4793.55628200196,38.89260101,61.8966686856451,71.9
CMR,Cameroon,Sub-Saharan Africa,Lower middle income,Blend,2022,108.328,0.0779559815603053,71,43.2072311629303,1.04502997524601,4843.65038202917,40.12559891,,69.4
COD,"Congo, Dem. Rep.",Sub-Saharan Africa,Low income,IDA,2000,125.661,0.0378764046252798,6.7,,-9.84965913432067,981.422080027189,0.0059021136806903,,184.6
COD,"Congo, Dem. Rep.",Sub-Saharan Africa,Low income,IDA,2001,124.559,0.0376112127803746,7.1,,-5.15214146648994,930.85782608082,0.0114757819210493,,178.4
COD,"Congo, Dem. Rep.",Sub-Saharan Africa,Low income,IDA,2002,124.797,0.0383277542267943,7.7,,-0.150938086630475,929.452807088884,0.0927907024606925,,172.2
COD,"Congo, Dem. Rep.",Sub-Saharan Africa,Low income,IDA,2003,125.413,0.0439736896669165,8.3,,2.53825002982666,953.044643242042,0.134914837437335,97.2950553025374,165.9
COD,"Congo, Dem. Rep.",Sub-Saharan Africa,Low income,IDA,2004,123.227,0.0393485940557516,9,,3.64120168825156,987.746920881562,0.196208375178039,97.4016694963214,159.4
COD,"Congo, Dem. Rep.",Sub-Saharan Africa,Low income,IDA,2005,122.98,0.0415591462920396,6,,2.92453150441195,1016.6338907666,0.238000005,97.328141928494,124.4
COD,"Congo, Dem. Rep.",Sub-Saharan Africa,Low income,IDA,2006,125.28,0.0406345488627648,10.2,,1.91803613632446,1036.13329616563,0.296099991,95.6184297630081,118.9
COD,"Congo, Dem. Rep.",Sub-Saharan Africa,Low income,IDA,2007,123.117,0.0413390520333058,15.2,23.2989292144775,5.34752781053874,1091.54081233234,0.370000005,95.9127627247404,113.8
COD,"Congo, Dem. Rep.",Sub-Saharan Africa,Low income,IDA,2008,122.739,0.0394819834119079,11.6,25.5026206970215,4.24171595779457,1137.84087315488,0.439999998,95.6391861540494,109.2
COD,"Congo, Dem. Rep.",Sub-Saharan Africa,Low income,IDA,2009,122.181,0.0381534216591609,12.3,26.7931995391846,-2.51860845278931,1109.18311674431,0.560000002,97.0237671581088,105
COD,"Congo, Dem. Rep.",Sub-Saharan Africa,Low income,IDA,2010,121.161,0.0368145218671705,13,26.997859954834,5.21103758230342,1166.98306581442,0.72,94.8008078767988,101.4
COD,"Congo, Dem. Rep.",Sub-Saharan Africa,Low income,IDA,2011,122.471,0.0422766788251396,13.7,28.7195892333984,-3.61710580676336,1124.7720535769,1.200000048,90.8239676726859,98.3
COD,"Congo, Dem. Rep.",Sub-Saharan Africa,Low income,IDA,2012,124.026,0.0348325073426176,15.4,28.7509708404541,5.10047276903202,1182.14074588327,1.679999948,99.2926957435628,95.9
COD,"Congo, Dem. Rep.",Sub-Saharan Africa,Low income,IDA,2013,121.236,0.0327252132692617,15.2,29.3779392242432,13.5855917153835,1342.74156112016,2.200000048,99.9848975188781,94.1
COD,"Congo, Dem. Rep.",Sub-Saharan Africa,Low income,IDA,2014,118.949,0.0340321406232999,13.5,31.4399604797363,3.72497982298587,1392.75841334673,3,98.519769543606,92.7
COD,"Congo, Dem. Rep.",Sub-Saharan Africa,Low income,IDA,2015,115.839,0.0309338435713776,16.6,32.7438697814941,2.90483865777841,1433.21579814709,3.799999952,97.9121161362367,91.9
COD,"Congo, Dem. Rep.",Sub-Saharan Africa,Low income,IDA,2016,113.478,0.0256486331036549,17.3,,-3.09891686152069,1388.80163211633,10.1,96.6408797461429,91.5
COD,"Congo, Dem. Rep.",Sub-Saharan Africa,Low income,IDA,2017,112.484,0.0267779554210504,18,,0.498126250776636,1395.71961761712,,,91.5
COD,"Congo, Dem. Rep.",Sub-Saharan Africa,Low income,IDA,2018,111.807,0.0322818643493446,18.7,,2.57995294310305,1431.7285269693,11.69999981,,91.7
COD,"Congo, Dem. Rep.",Sub-Saharan Africa,Low income,IDA,2019,111.141,0.0342942513997929,19.1,,-2.58176822938702,1394.76461472893,13.02970028,,92.2
COD,"Congo, Dem. Rep.",Sub-Saharan Africa,Low income,IDA,2020,110.308,0.0354502479558605,20.1,,-2.41880983949436,1361.02791099008,14.51049995,95.3608445297505,92.7
COD,"Congo, Dem. Rep.",Sub-Saharan Africa,Low income,IDA,2021,109.234,0.0332820226709956,20.8,42.9527015686035,3.03871005349485,1402.38560295221,16.1595993,90.4325595509028,92.9
COD,"Congo, Dem. Rep.",Sub-Saharan Africa,Low income,IDA,2022,108.06,0.0411042037028621,21.5,,5.84381468903847,1484.33841881449,17.99620056,,92.5
COG,"Congo, Rep.",Sub-Saharan Africa,Lower middle income,Blend,2000,123.422,0.189118581244575,29.4,,3.53179165255042,7570.58279297342,0.0263547320580279,28.6086956521739,112.5
COG,"Congo, Rep.",Sub-Saharan Africa,Lower middle income,Blend,2001,124.571,0.177627656195191,30.3,,-0.041524211389671,7567.43916817104,0.0322236164306931,,109.3
COG,"Congo, Rep.",Sub-Saharan Africa,Lower middle income,Blend,2002,123.761,0.11040791120206,31.2,31.5139694213867,2.1400863574699,7729.3889014189,0.157249517243982,,104.6
COG,"Congo, Rep.",Sub-Saharan Africa,Lower middle income,Blend,2003,125.452,0.13659878033001,32.1,30.9671497344971,-1.96564823937744,7577.45630456352,0.460014186837522,93.3483709273183,98.9
COG,"Congo, Rep.",Sub-Saharan Africa,Lower middle income,Blend,2004,125.321,0.133982077184424,33,39.0756301879883,-1.36349476449027e-4,7577.44597274153,1.07750492958505,77.4967741935484,92.3
COG,"Congo, Rep.",Sub-Saharan Africa,Lower middle income,Blend,2005,126.5,0.148750253538946,33.8,,3.9415931821321,7876.11806658285,1.463400006,89.1709006928406,85.7
COG,"Congo, Rep.",Sub-Saharan Africa,Lower middle income,Blend,2006,127.559,0.153243119049458,34.9,,4.01799119733973,8192.57979719023,2.007999897,88.6754966887417,79.5
COG,"Congo, Rep.",Sub-Saharan Africa,Lower middle income,Blend,2007,129.044,0.145260628321982,35.8,,-9.96945133776909,7375.82454100145,2.75970437370903,89.3857493857494,73.9
COG,"Congo, Rep.",Sub-Saharan Africa,Lower middle income,Blend,2008,132.223,0.142010176939908,36.8,,2.86698415150693,7587.28826163492,4.28750990276481,87.8524945770065,69.2
COG,"Congo, Rep.",Sub-Saharan Africa,Lower middle income,Blend,2009,135.039,0.141103585059192,37.1,,7.26428280496805,8138.45033818822,4.5,66.7903525046382,65.3
COG,"Congo, Rep.",Sub-Saharan Africa,Lower middle income,Blend,2010,133.768,0.13815182256506,40,,5.47046970435608,8583.66179834288,5,58.7563775510204,62.4
COG,"Congo, Rep.",Sub-Saharan Africa,Lower middle income,Blend,2011,130.246,0.123925490249005,40.8,,-1.06295910259951,8492.42098392103,5.6,63.5715390564579,60
COG,"Congo, Rep.",Sub-Saharan Africa,Lower middle income,Blend,2012,126.351,0.104070925985037,41.6,46.8735198974609,6.91517273107118,9079.68656400891,6.106699944,59.9082352941177,57.9
COG,"Congo, Rep.",Sub-Saharan Africa,Lower middle income,Blend,2013,123.514,0.127276943977953,42.5,,-3.09694323656935,8798.49382506314,6.599999905,59.076139088729,56.2
COG,"Congo, Rep.",Sub-Saharan Africa,Lower middle income,Blend,2014,122.025,0.115788438624751,43.4,,4.1002792779107,9159.25664414045,7.110000134,59.5914158305463,54.5
COG,"Congo, Rep.",Sub-Saharan Africa,Lower middle income,Blend,2015,120.682,0.12565610857979,44.3,,-1.98214587471384,8977.70681641417,7.616000175,40.7851209823041,52.7
COG,"Congo, Rep.",Sub-Saharan Africa,Lower middle income,Blend,2016,118.945,0.133774200360642,45.3,,-10.8700508595295,8001.8255194505,8.121899605,39.4159891598916,51
COG,"Congo, Rep.",Sub-Saharan Africa,Lower middle income,Blend,2017,117.227,0.140201546770147,46.2,,-7.8613942599152304,7372.77046737599,8.649999619,41.6533918326021,49.3
COG,"Congo, Rep.",Sub-Saharan Africa,Lower middle income,Blend,2018,115.695,0.166620477279345,47,,-4.6581397485937,7029.33651566257,11.8071003,41.1213740458015,47.6
COG,"Congo, Rep.",Sub-Saharan Africa,Lower middle income,Blend,2019,114.54,0.18573954232617,47.7,,-1.27988440285151,6939.36913397466,16.11639977,35.9923205342237,52.2
COG,"Congo, Rep.",Sub-Saharan Africa,Lower middle income,Blend,2020,113.633,0.202637868261082,48.7,,-8.48578578986992,6350.50913409722,21.99850082,33.0275735294118,44.5
COG,"Congo, Rep.",Sub-Saharan Africa,Lower middle income,Blend,2021,112.715,0.192607904845101,49.7,,-1.37465389510481,6263.21161292636,30.02739906,31.7064705882353,43
COG,"Congo, Rep.",Sub-Saharan Africa,Lower middle income,Blend,2022,111.227,0.223192122775184,50.6,,-0.927744025174505,6205.1050414034,40.98669815,,41.5
COL,Colombia,Latin America & Caribbean,Upper middle income,IBRD,2000,94.496,0.150027404066368,95.2,79.0934371948242,1.25270223212341,10813.4942250011,2.207532992624,74.1381604878162,25
COL,Colombia,Latin America & Caribbean,Upper middle income,IBRD,2001,94.082,0.146660739980212,98.5,,0.0920725777672828,10823.4504878807,2.85419997133433,76.8106011784202,24.2
COL,Colombia,Latin America & Caribbean,Upper middle income,IBRD,2002,94.017,0.137523257238799,94.9,81.1554718017578,0.939608606713477,10925.1485602082,4.6,79.1101047771266,23.5
COL,Colombia,Latin America & Caribbean,Upper middle income,IBRD,2003,92.662,0.131169086294721,95.1,,2.36282939630979,11183.2911819793,7.38892371052557,82.0425376501171,22.7
COL,Colombia,Latin America & Caribbean,Upper middle income,IBRD,2004,90.596,0.124618187368907,95.3,86.3882904052734,3.79715867736165,11607.9384935105,9.1186903029666,82.2901098017134,22.1
COL,Colombia,Latin America & Caribbean,Upper middle income,IBRD,2005,88.124,0.12242591498902,96.8,90.4880218505859,3.37111077766936,11999.2549591305,11.0072638904585,83.5919871285555,21.4
COL,Colombia,Latin America & Caribbean,Upper middle income,IBRD,2006,87.744,0.109458668935448,95.7,94.4033432006836,5.31174394421016,12636.6246577724,15.3416745365682,80.7661608271963,20.7
COL,Colombia,Latin America & Caribbean,Upper middle income,IBRD,2007,87.382,0.106361025859562,96,97.2881469726562,5.39446786231066,13318.3033138168,21.799999239999998,81.5675152085747,20.1
COL,Colombia,Latin America & Caribbean,Upper middle income,IBRD,2008,86.294,0.102900041249607,96.8,98.2433624267578,2.04799051810861,13591.0609028567,25.6,83.9359728304585,19.5
COL,Colombia,Latin America & Caribbean,Upper middle income,IBRD,2009,84.007,0.108596509558824,96.1,102.675201416016,-0.0317051022677077,13586.7518430982,30,73.1129715165512,18.8
COL,Colombia,Latin America & Caribbean,Upper middle income,IBRD,2010,81.306,0.108427262886581,96.8,104.365089416504,3.31434936742798,14037.0642668639,36.5,68.5384551947088,18.2
COL,Colombia,Latin America & Caribbean,Upper middle income,IBRD,2011,79.439,0.108846974175246,96.7,105.441833496094,5.80823503363762,14852.3699513061,40.3509157546318,79.7563799507936,17.6
COL,Colombia,Latin America & Caribbean,Upper middle income,IBRD,2012,79.556,0.105370436963082,97,101.408042907715,2.87569627540904,15279.4790008058,48.98,76.7946930231826,17.1
COL,Colombia,Latin America & Caribbean,Upper middle income,IBRD,2013,77.499,0.113885757691667,97.8,102.072303771973,4.14129387844136,15912.2471293239,51.7,61.6582884015081,16.5
COL,Colombia,Latin America & Caribbean,Upper middle income,IBRD,2014,73.82,0.110655616684703,97.8,101.245910644531,3.5703066542077,16480.3631474161,52.568136539247,65.0719129896443,16
COL,Colombia,Latin America & Caribbean,Upper middle income,IBRD,2015,69.785,0.10912110563511,98.2,101.232261657715,2.06923227113727,16821.3801400631,55.9049725142924,58.8415695455239,15.5
COL,Colombia,Latin America & Caribbean,Upper middle income,IBRD,2016,66.84,0.109712894416881,98.4,101.674926757812,1.08114925712198,17003.244366485,58.1364935728703,63.0104166666667,15
COL,Colombia,Latin America & Caribbean,Upper middle income,IBRD,2017,65.985,0.0990750360284868,98.5,102.081871032715,-0.101221554133033,16986.0334182842,62.2598803162841,74.4765766902119,14.5
COL,Colombia,Latin America & Caribbean,Upper middle income,IBRD,2018,65.17,0.101841827825181,98.5,102.91561126709,0.695264947238812,17104.1313545678,64.1263768204459,73.2358465790428,14
COL,Colombia,Latin America & Caribbean,Upper middle income,IBRD,2019,64.278,0.0994641580102583,99.4,104.421806335449,1.36014067984289,17336.7716030551,65.0069007159493,70.1969657402226,13.5
COL,Colombia,Latin America & Caribbean,Upper middle income,IBRD,2020,62.885,0.104975708334404,99.7,103.599342346191,-8.50949477621059,15861.4999291295,69.79533474,65.2771499327459,13.1
COL,Colombia,Latin America & Caribbean,Upper middle income,IBRD,2021,62.023,0.103582160476976,100,105.227256774902,9.5929782838861,17383.0901728295,73.02837449,75.1246222666381,12.7
COL,Colombia,Latin America & Caribbean,Upper middle income,IBRD,2022,60.175,0.0925058585051126,100,103.587738037109,6.18779953705864,18458.7209460704,72.79637855,,12.3
COM,Comoros,Sub-Saharan Africa,Lower middle income,IDA,2000,92.011,0.0576008666582113,39.8,,-2.88945143643761,2917.87154106634,0.271740607285909,0,79.9
COM,Comoros,Sub-Saharan Africa,Lower middle income,IDA,2001,90.544,0.0588846494419433,42,,3.27352621774114,3013.38883096315,0.443068372538977,0,76.8
COM,Comoros,Sub-Saharan Africa,Lower middle income,IDA,2002,89.262,0.0582095864690792,44.8,31.1893806457519,2.40756578317429,3085.93814937142,0.554869674985088,10.0368016058883,73.8
COM,Comoros,Sub-Saharan Africa,Lower middle income,IDA,2003,87.979,0.0741681594638044,46.5,34.5227088928223,-0.011062920777249,3085.59675447872,0.848189370151537,12.5825731362064,71
COM,Comoros,Sub-Saharan Africa,Lower middle income,IDA,2004,87.491,0.0773441592335583,48.7,36.0644111633301,1.16411909687749,3121.51677555024,1.32732717785355,12.1951219512195,68.3
COM,Comoros,Sub-Saharan Africa,Lower middle income,IDA,2005,86.863,0.0708479629262208,51,,3.53060047143931,3231.72506154387,2,11.6550116550117,65.8
COM,Comoros,Sub-Saharan Africa,Lower middle income,IDA,2006,84.098,0.0859299654969462,53.2,,-3.71626145355258,3111.62570879692,2.200000048,12.4875124875125,63.4
COM,Comoros,Sub-Saharan Africa,Lower middle income,IDA,2007,81.061,0.0564609325376878,55.5,,-1.18558697748325,3074.7346796054,2.5,9.65250965250965,61.2
COM,Comoros,Sub-Saharan Africa,Lower middle income,IDA,2008,78.28,0.0540542999270395,57.8,,1.91937430669343,3133.75034704474,3,10.4166666666667,59.2
COM,Comoros,Sub-Saharan Africa,Lower middle income,IDA,2009,76.258,0.0651767728850452,60.1,,1.2079203319485,3171.6035546392,3.5,9.72762645914397,57.3
COM,Comoros,Sub-Saharan Africa,Lower middle income,IDA,2010,74.306,0.0737842598415848,69.7,,1.73513066388675,3226.63502045267,5.099999905,7.28862973760933,55.6
COM,Comoros,Sub-Saharan Africa,Lower middle income,IDA,2011,72.815,0.0639864576172033,69.3,,2.08263580496299,3293.83407668409,5.5,8.01282051282051,54
COM,Comoros,Sub-Saharan Africa,Lower middle income,IDA,2012,70.802,0.0640476327457135,69.3,,1.11391111554475,3330.52446059187,5.975299835,7.88643533123028,52.5
COM,Comoros,Sub-Saharan Africa,Lower middle income,IDA,2013,68.911,0.0736218830510249,69.4,60.1044710048694,2.28116402689325,3406.49918649378,6.5,8.18330605564648,51.2
COM,Comoros,Sub-Saharan Africa,Lower middle income,IDA,2014,66.558,0.0638024132448439,71.8,63.5484732484643,-0.0905995194762568,3403.41291459985,6.980000019,8.69565217391304,50
COM,Comoros,Sub-Saharan Africa,Lower middle income,IDA,2015,64.414,0.0698968889490781,74.1,,-0.96541889629961,3370.5557232032,7.459199905,0,48.9
COM,Comoros,Sub-Saharan Africa,Lower middle income,IDA,2016,62.209,0.0791891221106211,76.4,,1.22281058132006,3411.77123523582,7.938300133,0,47.9
COM,Comoros,Sub-Saharan Africa,Lower middle income,IDA,2017,60.415,0.0992305829529384,78.7,59.3382174230061,1.76762596404485,3472.07858942366,8.478199959,0,46.9
COM,Comoros,Sub-Saharan Africa,Lower middle income,IDA,2018,59.952,0.0761318070309564,81,64.5565253389451,1.63821442372796,3528.95868167877,,0,45.8
COM,Comoros,Sub-Saharan Africa,Lower middle income,IDA,2019,59.294,0.0815633109381638,83.3,,-0.178239892265168,3522.66866952646,16.38380051,0,44.8
COM,Comoros,Sub-Saharan Africa,Lower middle income,IDA,2020,58.543,0.0971637344415581,85.6,,-2.13462938280972,3447.47274904772,22.42040062,0,43.7
COM,Comoros,Sub-Saharan Africa,Lower middle income,IDA,2021,57.386,0.140755341335634,87.9,,0.0455645511488143,3449.0435745318,30.68120003,0,42.6
COM,Comoros,Sub-Saharan Africa,Lower middle income,IDA,2022,56.298,0.148659933730913,89.9,56.4125595092773,0.486994503714811,3465.8402271705,31.37409973,,41.4
CPV,Cabo Verde,Sub-Saharan Africa,Upper middle income,Blend,2000,100.642,0.137049202407893,58.6,,12.5710382620585,4510.13573659758,1.82244385164396,3.11004784688995,36
CPV,Cabo Verde,Sub-Saharan Africa,Upper middle income,Blend,2001,97.364,0.155395705468322,60.3,66.4298477172852,0.682276166499946,4540.90731780518,2.68533271272311,2.16362797138241,32.8
CPV,Cabo Verde,Sub-Saharan Africa,Upper middle income,Blend,2002,94.283,0.164234794604078,58.6,69.4299468994141,3.72907261625122,4710.2410491228,3.5187571749658,3.16254120802369,30.5
CPV,Cabo Verde,Sub-Saharan Africa,Upper middle income,Blend,2003,91.763,0.158479937360168,63.7,72.023063659668,2.78169096285627,4841.265398715,4.32488539053715,2.70311084264573,29
CPV,Cabo Verde,Sub-Saharan Africa,Upper middle income,Blend,2004,89.751,0.154228933461142,65.4,72.0146408081055,8.82078735562469,5268.30312485708,5.31883206957883,2.93862254924364,28.2
CPV,Cabo Verde,Sub-Saharan Africa,Upper middle income,Blend,2005,87.164,0.224922737283497,67,76.0318069458008,5.64634152921253,5565.76951208069,6.07408710659813,2.7323561806320402,28
CPV,Cabo Verde,Sub-Saharan Africa,Upper middle income,Blend,2006,84.192,0.226574088375741,68.8,89.9302597045898,6.74862061785244,5941.38218091511,6.80891100753313,2.96508847441416,28
CPV,Cabo Verde,Sub-Saharan Africa,Upper middle income,Blend,2007,81.632,0.223054776933892,70.5,89.594841003418,13.9029028555293,6767.40677380347,8.28321981953034,2.55846864293163,28.1
CPV,Cabo Verde,Sub-Saharan Africa,Upper middle income,Blend,2008,78.153,0.201820451369292,72.3,88.2079620361328,5.93628669264135,7169.13944155367,14,1.92792162351295,27.9
CPV,Cabo Verde,Sub-Saharan Africa,Upper middle income,Blend,2009,71.789,0.200014647076783,74.1,89.8743209838867,-2.43495532260619,6994.5740991365,21,1.57805621401964,27.5
CPV,Cabo Verde,Sub-Saharan Africa,Upper middle income,Blend,2010,74.314,0.207974228541149,81.1,92.7251093032265,1.10867941118087,7072.12150207342,30,1.21294597952784,26.7
CPV,Cabo Verde,Sub-Saharan Africa,Upper middle income,Blend,2011,71.771,0.232654938863098,82.3,95.5805200729927,3.58680088003479,7325.78441834692,32,7.04718198766671,25.6
CPV,Cabo Verde,Sub-Saharan Africa,Upper middle income,Blend,2012,65.731,0.19749946309996,83.2,99.621336354691607,0.983345735610456,7397.82220702474,34.74,19.0087101906534,24.2
CPV,Cabo Verde,Sub-Saharan Africa,Upper middle income,Blend,2013,62.417,0.191929599805192,84.3,103.923782348633,0.579092309567969,7440.66242650114,37.5,21.2783357612001,22.6
CPV,Cabo Verde,Sub-Saharan Africa,Upper middle income,Blend,2014,60.347,0.201701719017498,85.3,104.643058776855,0.676815488926465,7491.02198228243,40.25999832,22.210880119507,20.9
CPV,Cabo Verde,Sub-Saharan Africa,Upper middle income,Blend,2015,57.973,0.204142292999509,86.4,105.428949752596,0.922631249857901,7560.13649202469,42.6830141582781,20.2655352418182,19.2
CPV,Cabo Verde,Sub-Saharan Africa,Upper middle income,Blend,2016,58.61,0.205565234951622,87.5,107.346835625835,4.24816232606327,7881.30336227784,50.3228178676892,18.5976845803865,17.6
CPV,Cabo Verde,Sub-Saharan Africa,Upper middle income,Blend,2017,56.42,0.210278417391552,88.6,108.513703183866,4.48221093147532,8234.56000312459,57.1621463484891,17.6363978722403,16.2
CPV,Cabo Verde,Sub-Saharan Africa,Upper middle income,Blend,2018,50.97,0.181757579546126,90.2,104.00895690918,3.60152349643896,8531.12961646549,59.5,20.7974489083376,15.1
CPV,Cabo Verde,Sub-Saharan Africa,Upper middle income,Blend,2019,45.194,0.17887314169026,91.4,103.593505622998,6.80449531732363,9111.62993173269,61.9433977593088,18.6581628053728,14.1
CPV,Cabo Verde,Sub-Saharan Africa,Upper middle income,Blend,2020,39.913,0.169365034162979,93.7,106.038487060385,-20.8937523404244,7207.86853962048,69.37339783,16.8181059359424,13.3
CPV,Cabo Verde,Sub-Saharan Africa,Upper middle income,Blend,2021,38.922,0.163171695032827,95.5,104.706914193831,6.62540765957627,7685.41921393669,70.28250122,18.2655949281105,12.7
CPV,Cabo Verde,Sub-Saharan Africa,Upper middle income,Blend,2022,38.673,0.147855434144371,97.1,103.582593697222,15.1545081084513,8850.1066918812,73.32740021,,12.1
CRI,Costa Rica,Latin America & Caribbean,High income,IBRD,2000,83.369,0.0929104810222438,96.9,,1.80819157520567,14025.6899537485,5.80025302331829,98.5928602399191,13.1
CRI,Costa Rica,Latin America & Caribbean,High income,IBRD,2001,77.475,0.0967884229554575,98.2,,1.65293200355205,14257.525071713,9.55948213497093,,12.6
CRI,Costa Rica,Latin America & Caribbean,High income,IBRD,2002,72.201,0.0955208273715203,98.5,67.3832092285156,1.72295969081905,14503.176481607,19.8948511346293,97.8013289036545,12.2
CRI,Costa Rica,Latin America & Caribbean,High income,IBRD,2003,69.873,0.0984194906655695,98.7,,2.72728707655179,14898.7197394794,20.3336148143541,99.1938816583926,11.8
CRI,Costa Rica,Latin America & Caribbean,High income,IBRD,2004,68.151,0.0959793927836533,99,79.4942398071289,2.90067536924128,15330.8832332948,20.7923067055542,96.2348143639683,11.5
CRI,Costa Rica,Latin America & Caribbean,High income,IBRD,2005,67.141,0.0949358625566538,99.1,80.8845825195312,2.48427891885412,15711.7451335337,22.07,95.584382566586,11.3
CRI,Costa Rica,Latin America & Caribbean,High income,IBRD,2006,65.438,0.0960993971390917,99.1,88.0462265014648,5.83402518356301,16628.3723014013,25.10000038,92.7713004484305,11.2
CRI,Costa Rica,Latin America & Caribbean,High income,IBRD,2007,67.715,0.0991988353251298,99.2,88.5167999267578,6.7597950880332,17752.4161954513,28.39999962,91.8558011049724,11.1
CRI,Costa Rica,Latin America & Caribbean,High income,IBRD,2008,69.913,0.0936872388280148,99.3,90.038932800293,3.32734138007224,18343.0996854851,32.29,92.720920413764,10.9
CRI,Costa Rica,Latin America & Caribbean,High income,IBRD,2009,68.437,0.0906543693300968,99.4,96.3420486450195,-2.18936700680091,17941.5019129465,34.33,95.0620837808808,10.7
CRI,Costa Rica,Latin America & Caribbean,High income,IBRD,2010,63.057,0.0850711386014485,99,99.3017730712891,4.06134321043838,18670.1678827387,36.5,92.5105916727538,10.5
CRI,Costa Rica,Latin America & Caribbean,High income,IBRD,2011,65.472,0.0866879067149687,99.2,101.516792297363,3.18309276687559,19264.4566461776,39.2121959961842,90.5269528071603,10.2
CRI,Costa Rica,Latin America & Caribbean,High income,IBRD,2012,65.642,0.0820188885276672,99.5,105.142471313477,3.66596872237885,19970.6856013628,47.5,90.9420090426578,9.8
CRI,Costa Rica,Latin America & Caribbean,High income,IBRD,2013,61.182,0.0831220588019363,99.6,111.334037780762,1.36003474738322,20242.2938648319,45.96,87.46634098681,9.5
CRI,Costa Rica,Latin America & Caribbean,High income,IBRD,2014,59.653,0.0814004402691443,99.4,117.044647216797,2.43499508652508,20735.1927258406,53,88.9891357541353,9.2
CRI,Costa Rica,Latin America & Caribbean,High income,IBRD,2015,56.579,0.0757175379829599,99.4,117.688652038574,2.55664326251552,21265.3176336354,59.7629501371681,98.3893821679615,9
CRI,Costa Rica,Latin America & Caribbean,High income,IBRD,2016,53.376,0.0771087933651868,99.5,120.720222473145,3.15607053449173,21936.4660575366,65.8804491942718,97.2188071716063,8.9
CRI,Costa Rica,Latin America & Caribbean,High income,IBRD,2017,51.125,0.0755010897225156,99.6,125.053909301758,3.17871988571305,22633.7648663302,71.5816646195022,98.7375187109272,8.9
CRI,Costa Rica,Latin America & Caribbean,High income,IBRD,2018,49.006,0.0737959611293308,99.7,129.916809082031,1.9267557137394,23069.8622241266,73.4797284369906,97.7038451523305,9
CRI,Costa Rica,Latin America & Caribbean,High income,IBRD,2019,42.097,0.0697433033068061,99.7,137.081527709961,1.85075764226454,23496.8294622995,81.2025964435269,98.3322600295884,9.1
CRI,Costa Rica,Latin America & Caribbean,High income,IBRD,2020,33.354,0.0637199562744017,99.9,137.818099975586,-4.803591296633,22368.1378072638,80.530186079999993,98.9419387842101,9.3
CRI,Costa Rica,Latin America & Caribbean,High income,IBRD,2021,27.871,0.0660833758903854,100,146.792526245117,7.6692169270473,24083.5988182437,82.74901607,99.3668053701814,9.6
CRI,Costa Rica,Latin America & Caribbean,High income,IBRD,2022,26.451,0.0637864545942013,100,138.920425415039,5.00925936176895,25290.0087466975,82.59801121,,9.9
CUB,Cuba,Latin America & Caribbean,Upper middle income,Not classified,2000,48.752,,97,84.1651306152344,5.56315407850497,,0.541182548811058,6.87333688131985,8.6
CUB,Cuba,Latin America & Caribbean,Upper middle income,Not classified,2001,47.437,,96.2,86.8774185180664,2.86074719657753,,1.07975172188907,6.57101771357605,8.2
CUB,Cuba,Latin America & Caribbean,Upper middle income,Not classified,2002,47.899,,95.5,88.5356063842773,1.12278132692103,,3.77058503769014,6.6577489012039,7.9
CUB,Cuba,Latin America & Caribbean,Upper middle income,Not classified,2003,46.664,,96.5,91.2225875854492,3.49676185017218,,5.2412690536929,5.36495888678052,7.6
CUB,Cuba,Latin America & Caribbean,Upper middle income,Not classified,2004,45.007,,96.6,92.1042175292969,5.49410195800384,,8.40798475900703,5.60701036203147,7.3
CUB,Cuba,Latin America & Caribbean,Upper middle income,Not classified,2005,42.791,,96.8,93.3225631713867,10.9666851161532,,9.73806220781346,3.17624820753487,7.1
CUB,Cuba,Latin America & Caribbean,Upper middle income,Not classified,2006,40.74,,96.9,94.1421432495117,11.9069237505458,,11.1596013147617,3.03539984212763,6.8
CUB,Cuba,Latin America & Caribbean,Upper middle income,Not classified,2007,42.955,,97.1,93.2863693237305,7.17925242550075,,11.69,3.03274502014642,6.6
CUB,Cuba,Latin America & Caribbean,Upper middle income,Not classified,2008,49.44,,97.3,92.9718399047852,4.07542754472641,,12.94,3.96107936867115,6.5
CUB,Cuba,Latin America & Caribbean,Upper middle income,Not classified,2009,53.044,,97.6,91.8882904052734,1.42474509664487,,14.33,3.88695848375451,6.3
CUB,Cuba,Latin America & Caribbean,Upper middle income,Not classified,2010,53.624,,97.8,91.8081243138248,2.36597236588088,,15.9,3.23659251595103,6.2
CUB,Cuba,Latin America & Caribbean,Upper middle income,Not classified,2011,55.56,,98,91.5008008947274,2.76444210196216,,16.0172907996413,3.22708333333333,6.1
CUB,Cuba,Latin America & Caribbean,Upper middle income,Not classified,2012,51.844,,98.3,90.8615314533005,3.00028175038565,,21.200000760000002,3.71369654873019,6.1
CUB,Cuba,Latin America & Caribbean,Upper middle income,Not classified,2013,51.077,,98.5,90.8856536605418,2.79314623294214,,27.93,4.43793103448276,6
CUB,Cuba,Latin America & Caribbean,Upper middle income,Not classified,2014,49.369,,98.7,96.875305891987,1.15852883229009,,29.0701843656523,4.02024166064236,6.1
CUB,Cuba,Latin America & Caribbean,Upper middle income,Not classified,2015,50.121,,99,97.5443944674153,4.53753785531039,,37.3050974155373,3.95529376971609,6.1
CUB,Cuba,Latin America & Caribbean,Upper middle income,Not classified,2016,48.43,,99.2,99.2363989742163,0.597183645134152,,42.9786751910106,3.96886303646495,6.3
CUB,Cuba,Latin America & Caribbean,Upper middle income,Not classified,2017,49.67,,99.4,99.8315436409602,1.97075471516408,,57.1484043170788,3.84293219184746,6.4
CUB,Cuba,Latin America & Caribbean,Upper middle income,Not classified,2018,52.373,,99.6,100.943717956543,2.43656837458022,,62.6789236230601,3.64625425925037,6.6
CUB,Cuba,Latin America & Caribbean,Upper middle income,Not classified,2019,51.098,,99.8,101.62084197998,0.0532186639248664,,67.9708086565152,4.18362528920157,6.9
CUB,Cuba,Latin America & Caribbean,Upper middle income,Not classified,2020,50.532,,99.9,102.091444168153,-10.7383538682124,,71.11907507,4.52800156242371,7.2
CUB,Cuba,Latin America & Caribbean,Upper middle income,Not classified,2021,48.346,,100,99.8342771913984,1.74778827156759,,67.64354869,4.77073999691024,7.5
CUB,Cuba,Latin America & Caribbean,Upper middle income,Not classified,2022,47.767,,100,104.243159338676,2.34839091134221,,67.88410187,,7.8
CUW,Curacao,Latin America & Caribbean,High income,Not classified,2000,46.668,,100,,,34307.1250633963,,0.718108831400535,
CUW,Curacao,Latin America & Caribbean,High income,Not classified,2001,46.801,,99.9,,3.00794601323111,35339.0648639949,,6.49497716894977,
CUW,Curacao,Latin America & Caribbean,High income,Not classified,2002,43.298,,99.9,,0.274293371213943,35435.9975763658,,6.20052310374891,
CUW,Curacao,Latin America & Caribbean,High income,Not classified,2003,42.449,,99.8,,-1.75868169706047,34812.7911728195,,6.02201524132091,
CUW,Curacao,Latin America & Caribbean,High income,Not classified,2004,39.689,,99.8,,-1.50534018302206,34288.7402384635,,5.87768595041322,
CUW,Curacao,Latin America & Caribbean,High income,Not classified,2005,39.635,,99.7,,-1.85843997498654,33651.5045829526,,5.69871794871795,
CUW,Curacao,Latin America & Caribbean,High income,Not classified,2006,38.249,,99.7,,-0.940961791444465,33334.8567825808,,5.83908045977012,
CUW,Curacao,Latin America & Caribbean,High income,Not classified,2007,36.042,,99.7,,0.466173824147887,33490.2551592184,,5.6624203821656,
CUW,Curacao,Latin America & Caribbean,High income,Not classified,2008,35.18,,99.7,,0.910342294763453,33795.131116557,,5.08212560386473,
CUW,Curacao,Latin America & Caribbean,High income,Not classified,2009,32.639,,99.7,,-1.17689651776027,33397.3973952737,,4.86286594761171,
CUW,Curacao,Latin America & Caribbean,High income,Not classified,2010,35.207,,100,,-1.17626862745298,33004.5542873273,,4.77097505668934,
CUW,Curacao,Latin America & Caribbean,High income,Not classified,2011,34.266,,100,,-0.90956664776219,32704.3558692872,,4.76377358490566,
CUW,Curacao,Latin America & Caribbean,High income,Not classified,2012,36.033,,100,,-1.1725619495316,32320.8770365245,,7.80989010989011,
CUW,Curacao,Latin America & Caribbean,High income,Not classified,2013,34.307,,100,90.2323376007587,-1.75580782515972,31753.384548357,,14.8624161073826,
CUW,Curacao,Latin America & Caribbean,High income,Not classified,2014,31.842,,100,,-1.96746652701209,31128.6473361746,,17.0309633027523,
CUW,Curacao,Latin America & Caribbean,High income,Not classified,2015,29.521,,100,,-0.858779914555939,30861.3207651786,,16.6400911161731,
CUW,Curacao,Latin America & Caribbean,High income,Not classified,2016,24.703,,100,,-2.11116210733545,30209.7882553609,61.855510740634,14.9287330316742,
CUW,Curacao,Latin America & Caribbean,High income,Not classified,2017,20.61,,100,,-1.59116272960222,29729.1013639498,68.1272162511339,20.2839506172839,
CUW,Curacao,Latin America & Caribbean,High income,Not classified,2018,21.678,,100,,-1.58863051943423,29256.8157865286,,29.006936416185,
CUW,Curacao,Latin America & Caribbean,High income,Not classified,2019,15.763,,100,,-2.04109664387006,28659.6559014065,,27.7758816837315,
CUW,Curacao,Latin America & Caribbean,High income,Not classified,2020,13.982,,100,139.717813051146,-17.4108327282771,23669.7711519128,,24.7008343265793,
CUW,Curacao,Latin America & Caribbean,High income,Not classified,2021,13.122,,100,,5.22183871931962,24905.7684266978,,18.2624113475177,
CUW,Curacao,Latin America & Caribbean,High income,Not classified,2022,13.022,,100,,7.34318830024098,26734.6458998921,,,
CYM,Cayman Islands,Latin America & Caribbean,High income,Not classified,2000,54.062,,100,92.0926513671875,,,,0,
CYM,Cayman Islands,Latin America & Caribbean,High income,Not classified,2001,53.427,,100,82.9303970336914,,,,0,
CYM,Cayman Islands,Latin America & Caribbean,High income,Not classified,2002,51.283,,100,81.3360900878906,,,,0,
CYM,Cayman Islands,Latin America & Caribbean,High income,Not classified,2003,49.796,,100,,,,,0,
CYM,Cayman Islands,Latin America & Caribbean,High income,Not classified,2004,48.321,,100,88.0128173828125,,,,0,
CYM,Cayman Islands,Latin America & Caribbean,High income,Not classified,2005,45.936,,100,83.8930282592773,,,38.0343830823064,0,
CYM,Cayman Islands,Latin America & Caribbean,High income,Not classified,2006,43.76,0.0369860644542567,100,85.9129409790039,,92213.0760037266,44.5,0,
CYM,Cayman Islands,Latin America & Caribbean,High income,Not classified,2007,42.2,0.0447662044509377,100,89.0017929077148,0.141681726123494,92343.7250815203,52,0,
CYM,Cayman Islands,Latin America & Caribbean,High income,Not classified,2008,40.596,0.0487545168632967,100,99.2827301025391,-3.20928610347219,89380.1507450505,61,0,
CYM,Cayman Islands,Latin America & Caribbean,High income,Not classified,2009,38.932,0.0536452567196994,100,,-9.78775091467642,80631.8442229627,64.5,0,
CYM,Cayman Islands,Latin America & Caribbean,High income,Not classified,2010,35.728,0.0598914033383209,100,,-5.37886645271013,76294.7650038522,66,0,
CYM,Cayman Islands,Latin America & Caribbean,High income,Not classified,2011,31.865,0.0478001033486966,100,93.3884297520661,-1.57276020805743,75094.8312990407,69.46594499,0,
CYM,Cayman Islands,Latin America & Caribbean,High income,Not classified,2012,26.953,0.0451849166922798,100,91.0924369747899,-1.48099828738833,73982.6781335848,69.7,0,
CYM,Cayman Islands,Latin America & Caribbean,High income,Not classified,2013,23.298,0.0506172103021097,100,91.1194833153929,-1.34351961199967,72988.7063433775,71.4,0,
CYM,Cayman Islands,Latin America & Caribbean,High income,Not classified,2014,18.532,0.0528124511602044,100,,0.0864584263895267,73051.811230324,74.1,0,
CYM,Cayman Islands,Latin America & Caribbean,High income,Not classified,2015,15.304,0.0555173622214519,100,,0.360803236980843,73315.3845299162,77,0,
CYM,Cayman Islands,Latin America & Caribbean,High income,Not classified,2016,12.706,0.0564113066214119,100,,0.85449283996779,73941.8592413192,79,0.311500602234498,
CYM,Cayman Islands,Latin America & Caribbean,High income,Not classified,2017,11.063,0.0583678963683654,100,,0.889645893903833,74599.6799559357,81.0676932508161,1.29345969474902,
CYM,Cayman Islands,Latin America & Caribbean,High income,Not classified,2018,10.56,0.0615969508626782,100,87.5760649087221,2.04407129171315,76124.5505976249,,2.14078884484552,
CYM,Cayman Islands,Latin America & Caribbean,High income,Not classified,2019,11.533,0.0754368540536722,100,85.8134918212891,1.77641822923059,77476.8409913609,,2.27562739259889,
CYM,Cayman Islands,Latin America & Caribbean,High income,Not classified,2020,11.85,0.066944658020367,100,84.5747222900391,-6.83262897536278,72183.1359045895,,2.69075693126238,
CYM,Cayman Islands,Latin America & Caribbean,High income,Not classified,2021,11.611,0.0604126323455133,100,84.5653184565318,2.73935936787683,74160.4914000191,,2.93933111462709,
CYM,Cayman Islands,Latin America & Caribbean,High income,Not classified,2022,11.515,0.0652035942331059,100,84.132682800293,3.47204149366522,76735.3744333338,,,
CYP,Cyprus,Europe & Central Asia,High income,Not classified,2000,9.459,0.284527665633531,100,,4.84416050602792,36121.6640625,15.2553943710137,0,6.6
CYP,Cyprus,Europe & Central Asia,High income,Not classified,2001,8.297,0.268551840094579,100,93.900146484375,2.83811951306716,37146.84375,18.8187590408455,0,6.2
CYP,Cyprus,Europe & Central Asia,High income,Not classified,2002,7.486,0.265479280014558,100,97.9807815551758,2.54108667123634,38090.77734375,28.32,0,5.8
CYP,Cyprus,Europe & Central Asia,High income,Not classified,2003,7.251,0.282777824123657,100,98.4973907470703,1.38363254964506,38617.8125,30.09,0,5.4
CYP,Cyprus,Europe & Central Asia,High income,Not classified,2004,7.686,0.26735699739959,100,97.8886032104492,3.63073785684536,40019.92578125,33.83,0.0192811235420138,5.1
CYP,Cyprus,Europe & Central Asia,High income,Not classified,2005,6.807,0.258809537164116,100,95.3425979614258,3.35375226035941,41362.09375,32.81,0.0212522851919561,4.7
CYP,Cyprus,Europe & Central Asia,High income,Not classified,2006,6.417,0.25045715961902,100,94.5044784545898,2.98125084368819,42595.203125,35.83,0.0292347377472055,4.4
CYP,Cyprus,Europe & Central Asia,High income,Not classified,2007,5.599,0.247154066308477,100,94.3996505737305,2.88426389868701,43823.76171875,40.77,0.063641962636009,4.1
CYP,Cyprus,Europe & Central Asia,High income,Not classified,2008,6.056,0.243775479494406,100,93.5492401123047,1.07674041142521,44295.62890625,42.31,0.293816463174478,3.8
CYP,Cyprus,Europe & Central Asia,High income,Not classified,2009,6.067,0.242731759825615,100,92.990852355957,-4.61048255739776,42253.38671875,49.81,0.598274209012464,3.5
CYP,Cyprus,Europe & Central Asia,High income,Not classified,2010,6.131,0.226624978804765,100,91.9940032958984,-0.357614019094044,42102.28125,52.99,1.3739195791056,3.2
CYP,Cyprus,Europe & Central Asia,High income,Not classified,2011,5.894,0.218355716172063,100,93.5325469970703,-2.1129375771815,41212.6875,56.8598923503507,3.62365591397849,3
CYP,Cyprus,Europe & Central Asia,High income,Not classified,2012,6.13,0.210353796836081,100,96.1862869262695,-4.90738549673117,39190.22265625,60.6898684001903,5.44901420394318,2.8
CYP,Cyprus,Europe & Central Asia,High income,Not classified,2013,5.346,0.20364050305514,100,98.834846496582,-6.48031760121023,36650.5703125,65.4548,7.62587412587413,2.7
CYP,Cyprus,Europe & Central Asia,High income,Not classified,2014,5.326,0.219445227250777,100,98.3846588134766,-1.48883694697456,36104.90234375,69.3286967086473,7.29747126436782,2.6
CYP,Cyprus,Europe & Central Asia,High income,Not classified,2015,5.492,0.213401374272803,100,99.2361526489258,3.19512275980128,37258.5,71.7157409175171,8.81164534627261,2.5
CYP,Cyprus,Europe & Central Asia,High income,Not classified,2016,6.274,0.210918952533283,100,99.3960037231445,6.01835711404337,39500.8515625,75.9002054030125,8.68917536320851,2.5
CYP,Cyprus,Europe & Central Asia,High income,Not classified,2017,6.619,0.203351292866737,100,99.9665832519531,4.85340888107815,41417.98828125,80.743188971932,8.69724220623501,2.6
CYP,Cyprus,Europe & Central Asia,High income,Not classified,2018,7.136,0.187473116797501,100,99.575309753418,5.05105337795295,43510.03125,84.4335825186889,9.43537549407115,2.7
CYP,Cyprus,Europe & Central Asia,High income,Not classified,2019,6.974,0.1771379703184,100,101.438819885254,4.46826562163456,45454.17578125,86.0636299618935,10.0128379692667,3
CYP,Cyprus,Europe & Central Asia,High income,Not classified,2020,7.274,0.172522749366152,100,102.048797607422,-4.51403585865228,43402.359375,90.80194644,12.3048051144566,3.3
CYP,Cyprus,Europe & Central Asia,High income,Not classified,2021,7.077,0.15753041380137,100,102.309028625488,9.74651161533515,47632.5703125,90.75951564,15.1349873022075,3.7
CYP,Cyprus,Europe & Central Asia,High income,Not classified,2022,7.041,0.151233719076571,100,103.748672485352,6.73560400602804,50840.9140625,89.60099194,,4.1
CZE,Czechia,Europe & Central Asia,High income,Not classified,2000,13.525,0.438454298716877,100,,4.3027395227283,29427.4070011514,9.78052788834393,3.86429096452781,5.5
CZE,Czechia,Europe & Central Asia,High income,Not classified,2001,11.871,0.425738012524452,100,96.0028305053711,3.30462712952885,30399.8730764283,14.6971721171129,4.00562648197516,5.2
CZE,Czechia,Europe & Central Asia,High income,Not classified,2002,11.579,0.40408989840537,100,96.5834121704102,1.7094695893478,30919.549661870202,23.93,4.3892963797349,5
CZE,Czechia,Europe & Central Asia,High income,Not classified,2003,11.29,0.401200447148101,100,97.2614288330078,3.33040637361914,31949.2963145034,34.3,2.751595035265,4.8
CZE,Czechia,Europe & Central Asia,High income,Not classified,2004,11.243,0.38559362153796,100,96.1095199584961,4.70446820099657,33452.3408000614,35.5,3.89498772722422,4.6
CZE,Czechia,Europe & Central Asia,High income,Not classified,2005,10.931,0.355638434897247,100,96.7818069458008,6.22798628216121,35535.7479961511,35.27,4.57711497008889,4.4
CZE,Czechia,Europe & Central Asia,High income,Not classified,2006,10.831,0.338052638182106,100,98.0861129760742,6.33483268224242,37786.8781740905,47.93,5.01095292848591,4.1
CZE,Czechia,Europe & Central Asia,High income,Not classified,2007,11.346,0.324249009876156,100,98.2276916503906,4.87504670244317,39629.0061324728,51.93,4.35910111340393,3.9
CZE,Czechia,Europe & Central Asia,High income,Not classified,2008,11.785,0.301152480066565,100,98.6582107543945,1.76470872925512,40328.3426630095,62.97,4.88115533133286,3.7
CZE,Czechia,Europe & Central Asia,High income,Not classified,2009,12.089,0.30025828318064,100,98.4950180053711,-5.33917399896316,38175.1422773334,64.43,6.3364239216402,3.5
CZE,Czechia,Europe & Central Asia,High income,Not classified,2010,12.227,0.29545317919381,100,99.010498046875,2.41582948883936,39097.3886218756,68.82,7.55942167328266,3.4
CZE,Czechia,Europe & Central Asia,High income,Not classified,2011,11.951,0.283407781919176,100,99.5668029785156,1.56218619113156,39708.1626280195,70.49,9.08699429564343,3.3
CZE,Czechia,Europe & Central Asia,High income,Not classified,2012,12.663,0.27571982469283,100,99.93798828125,-0.909418387644408,39347.0492956846,73.4300078241036,10.0615319499417,3.2
CZE,Czechia,Europe & Central Asia,High income,Not classified,2013,12.327,0.264958889389566,100,107.348907470703,-0.0749629946207335,39317.5535692377,74.1104,11.7516136826482,3.1
CZE,Czechia,Europe & Central Asia,High income,Not classified,2014,12.115,0.253714030696262,100,106.452461242676,2.13762755318902,40158.0164275735,74.2317116367383,11.8669731160329,3.1
CZE,Czechia,Europe & Central Asia,High income,Not classified,2015,11.86,0.244099792263721,100,105.372566223145,4.75262406436026,42066.5759800801,75.668838699279,12.7511920087732,3.2
CZE,Czechia,Europe & Central Asia,High income,Not classified,2016,11.789,0.241305452743487,100,103.56421661377,2.3840542545404,43069.4659744727,76.4811986951838,12.7074625790731,3.2
CZE,Czechia,Europe & Central Asia,High income,Not classified,2017,11.653,0.230618000125421,100,102.751281738281,4.8945501951199,45177.5226053634,78.7191728513432,12.4026029222569,3.2
CZE,Czechia,Europe & Central Asia,High income,Not classified,2018,10.738,0.222165527026015,100,102.012992858887,2.48698770067625,46301.082036029,80.6881675434288,11.9061417358611,3.1
CZE,Czechia,Europe & Central Asia,High income,Not classified,2019,9.834,0.20359776567057,100,100.916809082031,3.15874802851988,47763.6165520254,80.8669444139622,12.9178261618889,3
CZE,Czechia,Europe & Central Asia,High income,Not classified,2020,9.036,0.196524164616404,100,99.9065322875977,-5.53491969820153,45119.9387309139,81.33889705,14.3377287669889,2.9
CZE,Czechia,Europe & Central Asia,High income,Not classified,2021,8.096,0.198184456391854,100,102.618659973145,5.93106968937249,47796.0337408466,82.67062427,14.0234899723578,2.8
CZE,Czechia,Europe & Central Asia,High income,Not classified,2022,6.913,0.189161433152251,100,103.715873718262,1.24409473190281,48390.661678675,84.54009378,,2.7
DEU,Germany,Europe & Central Asia,High income,Not classified,2000,13.48,0.212174279057035,100,,2.73729010710275,49955.6461286496,30.2163466048889,6.88673698232395,5.4
DEU,Germany,Europe & Central Asia,High income,Not classified,2001,13.282,0.212134201546848,100,98.947509765625,1.46530767364665,50687.6500447924,31.650939416316,7.23304331811066,5.2
DEU,Germany,Europe & Central Asia,High income,Not classified,2002,12.554,0.208889480519625,100,100.203979492188,-0.395859338643859,50486.998248551,48.82,8.38887051853266,5.1
DEU,Germany,Europe & Central Asia,High income,Not classified,2003,11.727,0.211926645981865,100,100.351638793945,-0.584856140854797,50191.7219389611,55.9,8.41124256470187,5
DEU,Germany,Europe & Central Asia,High income,Not classified,2004,11.126,0.206026491999644,100,100.461128234863,1.18405124273107,50786.0176463275,64.73,10.3016006303503,4.9
DEU,Germany,Europe & Central Asia,High income,Not classified,2005,10.754,0.199099313460997,100,100.427360534668,0.942782582208039,51264.8193748941,68.71,11.2629470690756,4.7
DEU,Germany,Europe & Central Asia,High income,Not classified,2006,10.528,0.194807231491423,100,101.229377746582,3.98390753495501,53307.1623767517,72.16,12.3838878699732,4.6
DEU,Germany,Europe & Central Asia,High income,Not classified,2007,10.466,0.182951423522568,100,100.871421813965,3.0267913002332,54920.6589299724,75.16,15.0125048335391,4.5
DEU,Germany,Europe & Central Asia,High income,Not classified,2008,10.401,0.18206832499722,100,101.961143493652,1.07991595041742,55513.7558858315,78,15.6434365062903,4.4
DEU,Germany,Europe & Central Asia,High income,Not classified,2009,9.74,0.178407053270843,100,100.680168151855,-5.30491661723096,52568.797424995,79,17.0317317412975,4.3
DEU,Germany,Europe & Central Asia,High income,Not classified,2010,9.559,0.181768227010611,100,102.300201416016,4.29429269623485,54826.255453315,82,17.6238311852413,4.2
DEU,Germany,Europe & Central Asia,High income,Not classified,2011,8.639,0.169415095717302,100,102.559692382812,5.69928311502757,57950.9589729677,81.26999953602,21.1830252657297,4.1
DEU,Germany,Europe & Central Asia,High income,Not classified,2012,8.27,0.171182043726955,100,101.587738037109,0.275091009850499,58110.3768512245,82.3499984738392,23.7360619053531,4
DEU,Germany,Europe & Central Asia,High income,Not classified,2013,7.844,0.174295259201927,100,101.26392364502,0.12338547838786,58182.0766176953,84.17,24.7569676577929,4
DEU,Germany,Europe & Central Asia,High income,Not classified,2014,7.895,0.162428769472485,100,100.556137084961,1.75510660613023,59203.2340879963,86.1937006578756,26.8208650442971,4
DEU,Germany,Europe & Central Asia,High income,Not classified,2015,8.115,0.161035891972444,100,99.435302734375,0.786705244581157,59668.9890355282,87.5897993525767,30.0329009777745,3.9
DEU,Germany,Europe & Central Asia,High income,Not classified,2016,9.23,0.158405081551881,100,98.584228515625,1.40038690062336,60504.5857417161,84.1652066441212,30.0192636163635,3.9
DEU,Germany,Europe & Central Asia,High income,Not classified,2017,8.317,0.151209546042669,100,98.1771011352539,2.4144426920242,61965.4342904965,84.3941537010844,34.0095116739047,3.8
DEU,Germany,Europe & Central Asia,High income,Not classified,2018,7.665,0.144148797664448,100,97.601936340332,0.832212527052548,62481.1183971045,87.037112092841,35.6372215317549,3.8
DEU,Germany,Europe & Central Asia,High income,Not classified,2019,7.126,0.133156388322841,100,97.6850433349609,0.750266426253219,62949.8932511855,88.1345169091916,40.577541904412,3.7
DEU,Germany,Europe & Central Asia,High income,Not classified,2020,6.544,0.128044557874523,100,97.8931121826172,-4.21020011825779,60299.5767710809,89.81294133,44.8396245103934,3.7
DEU,Germany,Europe & Central Asia,High income,Not classified,2021,6.241,0.128711188238729,100,98.0514907836914,3.86602720371127,62630.7748127737,91.43060973,39.8305665158005,3.7
DEU,Germany,Europe & Central Asia,High income,Not classified,2022,5.577,0.124052767374902,100,97.7000427246094,1.83161439976671,63777.9291029299,91.62984383,,3.7
DJI,Djibouti,"Middle East, North Africa, Afghanistan & Pakistan",Lower middle income,IDA,2000,32.882,,56,,,,0.194500528399956,0,98.5
DJI,Djibouti,"Middle East, North Africa, Afghanistan & Pakistan",Lower middle income,IDA,2001,31.878,,56.1,,,,0.343526262964202,0,96.3
DJI,Djibouti,"Middle East, North Africa, Afghanistan & Pakistan",Lower middle income,IDA,2002,30.609,,49.7,,,,0.48697170451894,0,94
DJI,Djibouti,"Middle East, North Africa, Afghanistan & Pakistan",Lower middle income,IDA,2003,29.251,,56.4,,,,0.625940229399888,0,91.6
DJI,Djibouti,"Middle East, North Africa, Afghanistan & Pakistan",Lower middle income,IDA,2004,27.754,,56.6,,,,0.781317175068661,0,89.3
DJI,Djibouti,"Middle East, North Africa, Afghanistan & Pakistan",Lower middle income,IDA,2005,26.336,,56.8,,,,0.953599989,0,86.9
DJI,Djibouti,"Middle East, North Africa, Afghanistan & Pakistan",Lower middle income,IDA,2006,25.389,,55.5,,,,1.269999981,0,84.6
DJI,Djibouti,"Middle East, North Africa, Afghanistan & Pakistan",Lower middle income,IDA,2007,24.456,,57.2,,,,1.62,0,82.3
DJI,Djibouti,"Middle East, North Africa, Afghanistan & Pakistan",Lower middle income,IDA,2008,23.555,,57.4,,,,2.26,0,79.9
DJI,Djibouti,"Middle East, North Africa, Afghanistan & Pakistan",Lower middle income,IDA,2009,23.453,,57.6,,,,4,0,77.7
DJI,Djibouti,"Middle East, North Africa, Afghanistan & Pakistan",Lower middle income,IDA,2010,23.361,,57.9,,,,6.5,0,75.5
DJI,Djibouti,"Middle East, North Africa, Afghanistan & Pakistan",Lower middle income,IDA,2011,23.214,,58.1,,,,7,0,73.4
DJI,Djibouti,"Middle East, North Africa, Afghanistan & Pakistan",Lower middle income,IDA,2012,22.839,,54.6,,,,9.399999619,0.128040973111396,71.3
DJI,Djibouti,"Middle East, North Africa, Afghanistan & Pakistan",Lower middle income,IDA,2013,22.507,0.19889797566982,58.6,,,4469.07409933135,12.69999981,0.115340253748558,69.2
DJI,Djibouti,"Middle East, North Africa, Afghanistan & Pakistan",Lower middle income,IDA,2014,22.05,0.187268184617713,58.9,,5.28018025983934,4705.04926772184,17,0.497512437810945,67.2
DJI,Djibouti,"Middle East, North Africa, Afghanistan & Pakistan",Lower middle income,IDA,2015,21.49,0.161239392610511,59.1,,5.45836831293627,4961.8681860592,22.89999962,0.280112044817927,65.2
DJI,Djibouti,"Middle East, North Africa, Afghanistan & Pakistan",Lower middle income,IDA,2016,20.971,0.137462590931067,59.8,,5.33331529745931,5226.50026106607,30.799999239999998,0.677200902934537,63.2
DJI,Djibouti,"Middle East, North Africa, Afghanistan & Pakistan",Lower middle income,IDA,2017,20.637,0.118301149182033,60.2,,3.73971530980459,5421.95649149613,55.6814092453962,1.00671140939597,61.2
DJI,Djibouti,"Middle East, North Africa, Afghanistan & Pakistan",Lower middle income,IDA,2018,20.318,0.122756291393145,62.4,,3.10861540140996,5590.50426604853,57.06169891,1.07913669064748,59.4
DJI,Djibouti,"Middle East, North Africa, Afghanistan & Pakistan",Lower middle income,IDA,2019,20.015,0.131801923416825,64.7,,3.91378440928256,5809.30455041341,58.4762001,0.655021834061135,57.5
DJI,Djibouti,"Middle East, North Africa, Afghanistan & Pakistan",Lower middle income,IDA,2020,19.781,0.116534645587248,64.5,,-0.306867602824667,5791.47767679877,59.92570114,0.477707006369427,55.7
DJI,Djibouti,"Middle East, North Africa, Afghanistan & Pakistan",Lower middle income,IDA,2021,19.58,0.122658915036178,65.4,,2.91169899255628,5960.10807396825,61.41120148,35.3535353535354,54
DJI,Djibouti,"Middle East, North Africa, Afghanistan & Pakistan",Lower middle income,IDA,2022,19.306,0.123334765644348,65,,3.70080389886223,6180.67998594606,63.77600098,,52.1
DMA,Dominica,Latin America & Caribbean,Upper middle income,Blend,2000,55.622,0.0562883860828873,81.1,109.667503356934,2.8764856526242,14054.6548016043,8.81484419762881,40.8423493044822,19.4
DMA,Dominica,Latin America & Caribbean,Upper middle income,Blend,2001,55.906,0.0566361038540675,82.1,110.292030334473,0.262506178015016,14091.5491387572,13.2452280386761,33.4936490319398,19.7
DMA,Dominica,Latin America & Caribbean,Upper middle income,Blend,2002,51.808,0.0527572095695039,87.7,113.493911743164,-3.19940574714551,13640.70330575,18.4248927671241,45.2401856264894,20.1
DMA,Dominica,Latin America & Caribbean,Upper middle income,Blend,2003,50.916,0.0567542952961082,84,118.673797607422,5.5517552208191,14398.0017636834,23.6204198529629,37.1917985984947,20.6
DMA,Dominica,Latin America & Caribbean,Upper middle income,Blend,2004,49.983,0.0582197301942142,85,113.794143676758,3.91890401306556,14962.2456326016,30.3196130921568,42.7005920141076,21.1
DMA,Dominica,Latin America & Caribbean,Upper middle income,Blend,2005,47.769,0.0568234164746867,86,113.61287689209,0.790489438557572,15080.5206040984,38.54359818,33.4526366022429,21.6
DMA,Dominica,Latin America & Caribbean,Upper middle income,Blend,2006,49.416,0.0577548343659517,87,112.754333496094,4.29152770069501,15727.7053232323,39.39820099,32.6947786473543,22.2
DMA,Dominica,Latin America & Caribbean,Upper middle income,Blend,2007,48.117,0.0663075315145289,88.1,113.574249267578,5.29519443966164,16560.5179009944,40.2745018,25.5797853928695,22.8
DMA,Dominica,Latin America & Caribbean,Upper middle income,Blend,2008,46.676,0.0602619242631251,90.9,109.499076843262,7.11042175462228,17738.0405685048,41.15999985,24.2760180995475,23.5
DMA,Dominica,Latin America & Caribbean,Upper middle income,Blend,2009,45.475,0.0621136677521262,90.2,113.975158691406,-1.15010790521457,17534.0339616963,42.02000046,25.7206918641896,24.2
DMA,Dominica,Latin America & Caribbean,Upper middle income,Blend,2010,44.883,0.0640861688491101,91.3,109.529899597168,-0.0983573113798997,17516.7879573152,47.45,24.045954045954,24.9
DMA,Dominica,Latin America & Caribbean,Upper middle income,Blend,2011,44.648,0.0493078661661265,90.1,109.063751220703,-0.238324807305119,17475.0411061698,48.59999847,36.2900838677849,25.7
DMA,Dominica,Latin America & Caribbean,Upper middle income,Blend,2012,44.269,0.0450695430362427,93.5,99.9667110519308,-0.2512858516139,17431.1288003063,49.79999924,27.0288724151385,26.5
DMA,Dominica,Latin America & Caribbean,Upper middle income,Blend,2013,43.28,0.0497153598615158,94.6,,-0.851878257402049,17282.6368040368,51,37.0548888451702,27.4
DMA,Dominica,Latin America & Caribbean,Upper middle income,Blend,2014,41.661,0.0542581230509594,95.7,89.9837875366211,1.37836503321573,17520.8546265613,57.5,30.5638843215011,28.3
DMA,Dominica,Latin America & Caribbean,Upper middle income,Blend,2015,39.68,0.0607687689045071,96.7,92.5211486816406,-3.42415928778391,16920.9126555668,65,23.5294117647059,29.2
DMA,Dominica,Latin America & Caribbean,Upper middle income,Blend,2016,37.496,0.0642869217556462,97.8,,2.6190351438682,17364.0773046793,67.02999878,33.1086474501109,30.2
DMA,Dominica,Latin America & Caribbean,Upper middle income,Blend,2017,36.456,0.061926183456923,98.9,,-6.04609004192379,16314.2295558891,69.61969757,32.4558365084863,31.1
DMA,Dominica,Latin America & Caribbean,Upper middle income,Blend,2018,36.069,0.0621425129801831,99.6,,3.45033107598908,16877.1244880642,,37.7153218495014,32.1
DMA,Dominica,Latin America & Caribbean,Upper middle income,Blend,2019,36.168,0.0720731477950085,99.9,103.694158075601,4.3983147374291,17619.4335416769,73.38200378,22.2754363558961,33
DMA,Dominica,Latin America & Caribbean,Upper middle income,Blend,2020,35.903,0.076476149433559,100,103.190559387207,-15.323436855213,14919.5307686719,75.65670013,20.3848895224519,33.8
DMA,Dominica,Latin America & Caribbean,Upper middle income,Blend,2021,34.74,0.0719130097413405,100,101.098901098901,5.96160559948913,15808.9743503945,78.07949829,20.2875714004333,34.4
DMA,Dominica,Latin America & Caribbean,Upper middle income,Blend,2022,34.275,0.0692330749531054,100,100.132102966309,11.0179611001056,17550.8009946466,80.57980347,,35
DNK,Denmark,Europe & Central Asia,High income,Not classified,2000,8.037,0.172851123875759,100,,3.37790720232864,57585.8965553524,39.1724308555053,15.4550245471944,5.6
DNK,Denmark,Europe & Central Asia,High income,Not classified,2001,7.416,0.176357361717253,100,133.292358398438,0.588959728591007,57925.0542954115,42.9575247201878,15.4947122902807,5.5
DNK,Denmark,Europe & Central Asia,High income,Not classified,2002,6.352,0.174009194985744,100,128.355743408203,0.13609648331196,58003.8882572641,64.25,17.2805253646244,5.4
DNK,Denmark,Europe & Central Asia,High income,Not classified,2003,5.832,0.190583130946764,100,128.095794677734,0.168251992521974,58101.4809549972,76.26,17.4901485298575,5.2
DNK,Denmark,Europe & Central Asia,High income,Not classified,2004,5.504,0.168115853872258,100,124.252517700195,2.51108744805822,59560.4599503941,80.93,23.544397724462,5
DNK,Denmark,Europe & Central Asia,High income,Not classified,2005,5.448,0.153719357385298,100,124.212532043457,2.07801485327876,60798.1351548444,82.74,27.0705733046405,4.8
DNK,Denmark,Europe & Central Asia,High income,Not classified,2006,5.605,0.171311205866952,100,120.008277893066,3.47585987311464,62911.3931382937,86.65,20.1727653416939,4.6
DNK,Denmark,Europe & Central Asia,High income,Not classified,2007,5.49,0.15594259327504,100,119.769317626953,0.540321532272571,63251.3169416725,85.03,26.2107030216706,4.5
DNK,Denmark,Europe & Central Asia,High income,Not classified,2008,5.699,0.147097387097754,100,118.893989562988,-1.00055940971312,62618.4499382451,85.02,27.5726458378851,4.3
DNK,Denmark,Europe & Central Asia,High income,Not classified,2009,5.326,0.148089391192516,100,118.309303283691,-5.48158280998165,59185.967750553304,86.84,27.6590715444026,4.2
DNK,Denmark,Europe & Central Asia,High income,Not classified,2010,4.966,0.146236847864237,100,119.537956237793,1.13266938250023,59856.3490860003,88.72,31.9833770778653,4.1
DNK,Denmark,Europe & Central Asia,High income,Not classified,2011,4.569,0.129259018535102,100,122.875732421875,0.894526404293345,60391.7799332206,89.8100133895232,40.2539385165631,4.1
DNK,Denmark,Europe & Central Asia,High income,Not classified,2012,4.43,0.114734762292098,100,125.330131530762,-0.380977125445526,60161.7010660256,92.2600117153012,48.3304234527687,4.1
DNK,Denmark,Europe & Central Asia,High income,Not classified,2013,4.204,0.118256116165896,100,133.14208984375,0.970845909690212,60745.7784800252,94.6297,45.9608542973922,4.1
DNK,Denmark,Europe & Central Asia,High income,Not classified,2014,3.819,0.104785033961066,100,134.744125366211,0.765766155124069,61210.9490922919,95.9935053764454,55.8777032065623,4.1
DNK,Denmark,Europe & Central Asia,High income,Not classified,2015,3.524,0.0965977901781179,100,136.163803100586,1.38566632188861,62059.1285991721,96.3305016195436,65.4356254319281,4.1
DNK,Denmark,Europe & Central Asia,High income,Not classified,2016,3.438,0.0981386373224604,100,132.793762207031,2.27180151789635,63468.9888246814,96.9677852516645,60.2201191957561,4
DNK,Denmark,Europe & Central Asia,High income,Not classified,2017,2.874,0.0895356970499315,100,130.848114013672,2.39559065097636,64989.4459872347,97.0993621555621,70.2659725356199,3.9
DNK,Denmark,Europe & Central Asia,High income,Not classified,2018,2.446,0.0878802982039594,100,129.861923217773,1.35619600199787,65870.8302554341,97.3192043651002,68.3574368599559,3.9
DNK,Denmark,Europe & Central Asia,High income,Not classified,2019,2.056,0.0774917001550388,100,128.905914306641,1.34779245340653,66758.6323346131,98.0464347521549,78.1718390025749,3.8
DNK,Denmark,Europe & Central Asia,High income,Not classified,2020,1.663,0.0728856928606993,100,129.851684570312,-2.06613837683189,65379.3066120995,96.54914573,81.6167850181008,3.7
DNK,Denmark,Europe & Central Asia,High income,Not classified,2021,1.42,0.0728116003174174,100,131.364761352539,6.03966577353796,69327.998216527,98.8658506,78.958880484115,3.7
DNK,Denmark,Europe & Central Asia,High income,Not classified,2022,1.196,0.0698665191298031,100,129.684188842773,-0.344058639271637,69089.4692492289,97.86011812,,3.8
DOM,Dominican Republic,Latin America & Caribbean,Upper middle income,IBRD,2000,111.981,0.203277735444054,88.8,65.4546279907227,2.96955695961634,10896.3184155964,3.70469235587688,7.88005155811661,39.6
DOM,Dominican Republic,Latin America & Caribbean,Upper middle income,IBRD,2001,108.811,0.199782318321426,89.8,,0.870183146599885,10991.1363420488,4.42939069666645,6.56644930911349,38.6
DOM,Dominican Republic,Latin America & Caribbean,Upper middle income,IBRD,2002,104.841,0.209880688371432,89.7,74.3092880249023,2.9290209406912,11313.0690271273,6.8237257325842,7.71332714683418,37.7
DOM,Dominican Republic,Latin America & Caribbean,Upper middle income,IBRD,2003,100.871,0.190220886762406,89.2,,-2.75964568450404,11000.8684059352,7.89839293716387,10.3039693593315,37
DOM,Dominican Republic,Latin America & Caribbean,Upper middle income,IBRD,2004,95.454,0.171935555715563,90.3,74.4618911743164,1.18538383413113,11131.2709216332,8.8655534607044,14.0622655663916,36.4
DOM,Dominican Republic,Latin America & Caribbean,Upper middle income,IBRD,2005,92.566,0.169419629603168,90.1,76.9029235839844,8.00660714348427,12022.5080544053,11.4831977789344,15.0328730111078,36
DOM,Dominican Republic,Latin America & Caribbean,Upper middle income,IBRD,2006,91.131,0.16996580145002,90.1,,7.81376318948548,12961.9183632133,14.8449283654589,13.2497168742922,35.6
DOM,Dominican Republic,Latin America & Caribbean,Upper middle income,IBRD,2007,90.542,0.159574102479679,96.9,87.4022064208984,6.11794398001162,13754.9212674095,17.66,12.2872749759516,35.3
DOM,Dominican Republic,Latin America & Caribbean,Upper middle income,IBRD,2008,91.905,0.154270234454172,97.6,85.55322265625,2.00088270726057,14030.1411084465,20.82,10.1954738137563,35.1
DOM,Dominican Republic,Latin America & Caribbean,Upper middle income,IBRD,2009,93.443,0.146255945420772,97.9,85.7362594604492,-0.268926599782176,13992.4103270189,27.72,11.3742907027499,34.9
DOM,Dominican Republic,Latin America & Caribbean,Upper middle income,IBRD,2010,95.31,0.142309998290492,98.1,82.6135120660269,7.02231182986095,14975.0010126958,31.39999962,10.3396507377826,34.9
DOM,Dominican Republic,Latin America & Caribbean,Upper middle income,IBRD,2011,95.549,0.139223996478671,97.9,82.1754815446393,1.89038252427819,15258.0858148503,38,10.408380952381,34.8
DOM,Dominican Republic,Latin America & Caribbean,Upper middle income,IBRD,2012,93.549,0.140320875917821,97.9,82.4110479058614,1.50210074555162,15487.2776356321,42.32,11.8195684303872,34.8
DOM,Dominican Republic,Latin America & Caribbean,Upper middle income,IBRD,2013,88.768,0.131271842478797,98.4,83.5120440264172,3.66423400861591,16054.7677297656,45.9,12.6712738350446,34.8
DOM,Dominican Republic,Latin America & Caribbean,Upper middle income,IBRD,2014,85.739,0.123795031339583,98.5,84.1616453624047,5.84760695663518,16993.587444403,49.58000183,9.60800464037123,34.9
DOM,Dominican Republic,Latin America & Caribbean,Upper middle income,IBRD,2015,83.159,0.1272949343075,98.6,83.8323050910617,5.76452490966611,17973.1870256815,54.2157663369785,7.7648366303623,34.9
DOM,Dominican Republic,Latin America & Caribbean,Upper middle income,IBRD,2016,78.64,0.124263917377633,98.9,83.7006235554531,5.54040978660888,18968.9752386179,63.8708647408206,11.2816563632488,34.9
DOM,Dominican Republic,Latin America & Caribbean,Upper middle income,IBRD,2017,75.887,0.114355867689716,100,83.2663415112375,2.80931921775627,19501.8743054078,67.5712453277737,15.1644171139715,34.9
DOM,Dominican Republic,Latin America & Caribbean,Upper middle income,IBRD,2018,72.619,0.115035855679255,98.9,83.2545036540322,5.95314205477773,20662.848586153,74.8220483597284,13.8371097683786,34.7
DOM,Dominican Republic,Latin America & Caribbean,Upper middle income,IBRD,2019,66.982,0.121791045214254,99,85.3244113670457,3.81572682273033,21451.286441995,79.71549988,12.1868996860797,34.4
DOM,Dominican Republic,Latin America & Caribbean,Upper middle income,IBRD,2020,58.852,0.125143068879975,100,83.4156580342242,-8.88467221699831,19545.4099552943,81.61730194,15.5859072005981,33.8
DOM,Dominican Republic,Latin America & Caribbean,Upper middle income,IBRD,2021,56.058,0.120940704959832,98.1,79.2421801882118,12.8319080410071,22053.4589869955,85.24298638,17.0566127087997,33
DOM,Dominican Republic,Latin America & Caribbean,Upper middle income,IBRD,2022,53.582,0.124390876940984,98.1,80.1246063749448,4.2328919676722,22986.95808105,81.51269675,,32.3
DZA,Algeria,"Middle East, North Africa, Afghanistan & Pakistan",Upper middle income,IBRD,2000,8.658,0.246194219020723,98.6,67.3292007446289,2.35726435010288,11558.220469383,0.491705679141589,0.212498032425626,41.7
DZA,Algeria,"Middle East, North Africa, Afghanistan & Pakistan",Upper middle income,IBRD,2001,8.065,0.233273191569876,98.6,72.1403121948242,1.59517814379704,11742.5946761225,0.646114016703792,0.259154929577465,40.2
DZA,Algeria,"Middle East, North Africa, Afghanistan & Pakistan",Upper middle income,IBRD,2002,7.74,0.231286820330463,98.6,76.0977172851562,4.00705031536965,12213.1263531246,1.59164126035832,0.207609953703704,38.6
DZA,Algeria,"Middle East, North Africa, Afghanistan & Pakistan",Upper middle income,IBRD,2003,7.727,0.233681351794407,98.6,79.9414901733398,5.09333212662064,12835.1814413331,2.19535973086144,0.896824591660749,37
DZA,Algeria,"Middle East, North Africa, Afghanistan & Pakistan",Upper middle income,IBRD,2004,7.789,0.223895880011014,98.6,84.5551605224609,3.05086148235007,13226.7650481165,4.63447508776537,0.80352,35.4
DZA,Algeria,"Middle East, North Africa, Afghanistan & Pakistan",Upper middle income,IBRD,2005,7.87,0.222920650257314,98.6,87.1950912475586,3.86890214242119,13738.495644436,5.843900204,1.63721067374318,33.9
DZA,Algeria,"Middle East, North Africa, Afghanistan & Pakistan",Upper middle income,IBRD,2006,8.403,0.225405562211,98.7,88.9450912475586,1.32618894855368,13920.6940553701,7.37598495634886,0.617640379265315,32.5
DZA,Algeria,"Middle East, North Africa, Afghanistan & Pakistan",Upper middle income,IBRD,2007,8.795,0.225698946323956,98.7,77.9382171630859,1.39346833661227,14114.6745192683,9.45119062555304,0.607807291106571,31.2
DZA,Algeria,"Middle East, North Africa, Afghanistan & Pakistan",Upper middle income,IBRD,2008,9.161,0.229883425803077,99.3,83.4692001342773,0.652527943948144,14206.7767147039,10.18,0.702629486032409,30.1
DZA,Algeria,"Middle East, North Africa, Afghanistan & Pakistan",Upper middle income,IBRD,2009,9.559,0.23191269136946,98.8,99.0396575927734,-0.72042057547074,14104.42817214,11.23,0.888288615880107,29
DZA,Algeria,"Middle East, North Africa, Afghanistan & Pakistan",Upper middle income,IBRD,2010,9.401,0.226109074654064,98.9,104.490663909822,2.77921908194712,14496.4211312996,12.5,0.378011982332619,28.1
DZA,Algeria,"Middle East, North Africa, Afghanistan & Pakistan",Upper middle income,IBRD,2011,9.68,0.230973060633822,99,106.780606139925,1.00399237129356,14641.9640935685,14.899999619999999,0.939676714040294,27.3
DZA,Algeria,"Middle East, North Africa, Afghanistan & Pakistan",Upper middle income,IBRD,2012,9.665,0.253512334809784,98.8,,0.379563284418055,14697.5396133853,18.200000760000002,1.01508789657996,26.6
DZA,Algeria,"Middle East, North Africa, Afghanistan & Pakistan",Upper middle income,IBRD,2013,10.141,0.25670364750559,99.2,,0.548743629610698,14778.1914257233,22.5,0.48592419435632,25.9
DZA,Algeria,"Middle East, North Africa, Afghanistan & Pakistan",Upper middle income,IBRD,2014,10.196,0.262337676930967,99.3,,2.00005200987388,15073.7629403565,29.5,0.60914977740419,25.4
DZA,Algeria,"Middle East, North Africa, Afghanistan & Pakistan",Upper middle income,IBRD,2015,10.294,0.269854658615634,99.4,,1.09962061859601,15239.5171456469,38.20000076,0.474606819965697,24.9
DZA,Algeria,"Middle East, North Africa, Afghanistan & Pakistan",Upper middle income,IBRD,2016,10.5,0.253676891300401,99.4,,1.78594064734014,15511.6858768094,42.94549942,0.606363649168275,24.5
DZA,Algeria,"Middle East, North Africa, Afghanistan & Pakistan",Upper middle income,IBRD,2017,9.978,0.258595218264138,99.5,,-0.541667024495979,15427.6641894713,47.69110107,0.835473177405351,24
DZA,Algeria,"Middle East, North Africa, Afghanistan & Pakistan",Upper middle income,IBRD,2018,9.495,0.268035224334778,99.6,,-0.546019580108478,15343.4261222434,49.0384680793271,1.01960528547017,23.7
DZA,Algeria,"Middle East, North Africa, Afghanistan & Pakistan",Upper middle income,IBRD,2019,10.328,0.276101349160588,99.5,,-0.939992962004737,15199.1989965639,55.79069901,1.03039521134362,23.3
DZA,Algeria,"Middle East, North Africa, Afghanistan & Pakistan",Upper middle income,IBRD,2020,9.901,0.275059055130627,99.7,,-6.61247509707083,14194.1557479619,63.47269821,1.06210599456762,22.9
DZA,Algeria,"Middle East, North Africa, Afghanistan & Pakistan",Upper middle income,IBRD,2021,9.343,0.279430915362769,99.8,,2.13263632683078,14496.8654697299,72.21240234,0.913584728890971,22.6
DZA,Algeria,"Middle East, North Africa, Afghanistan & Pakistan",Upper middle income,IBRD,2022,8.977,0.281423498918692,100,106.153022766113,1.96825188100587,14782.2002970247,74.78150177,,22.3
ECU,Ecuador,Latin America & Caribbean,Upper middle income,IBRD,2000,89.88,0.18933516564706,93.7,56.5507011413574,-0.648225387551591,9183.05155276919,1.46218853556457,71.7228609121749,29.6
ECU,Ecuador,Latin America & Caribbean,Upper middle income,IBRD,2001,90.25,0.200261032905838,94,56.9547691345215,2.41820763888565,9405.11680690106,2.67044367376705,63.9878733031674,28
ECU,Ecuador,Latin America & Caribbean,Upper middle income,IBRD,2002,90.003,0.190702444059151,94.2,57.5130805969238,3.10935393746668,9697.55517665978,4.26079691519764,63.2875767516191,26.6
ECU,Ecuador,Latin America & Caribbean,Upper middle income,IBRD,2003,88.906,0.190264073370591,95,57.3564300537109,1.08541692667872,9802.81408202125,4.46022834472698,62.1896760782955,25.5
ECU,Ecuador,Latin America & Caribbean,Upper middle income,IBRD,2004,87.393,0.191126181085536,94.8,57.5079383850098,4.9766254911447,10290.6634264766,4.83444263759525,58.932920044508,24.5
ECU,Ecuador,Latin America & Caribbean,Upper middle income,IBRD,2005,86.51,0.195562512473559,95.8,60.198299407959,3.59103374682795,10660.2046228939,5.994299889,52.1151148910773,23.6
ECU,Ecuador,Latin America & Caribbean,Upper middle income,IBRD,2006,87.493,0.201136845532954,96.3,62.4189910888672,2.56360111087805,10933.4897470283,7.199999809,48.1250909572005,22.7
ECU,Ecuador,Latin America & Caribbean,Upper middle income,IBRD,2007,88.859,0.201693622675238,96.8,63.8203010559082,0.176823126136227,10952.8226853948,10.80000019,53.3967237699717,21.8
ECU,Ecuador,Latin America & Caribbean,Upper middle income,IBRD,2008,91.097,0.195339096266629,97.2,,4.76318326284088,11474.5257023541,18.8,61.8214842280617,20.9
ECU,Ecuador,Latin America & Caribbean,Upper middle income,IBRD,2009,93.461,0.209325612303371,96.5,88.0668182373047,-0.618743696364604,11403.5277978831,24.6,51.7116890227211,20
ECU,Ecuador,Latin America & Caribbean,Upper middle income,IBRD,2010,91.851,0.217494105820185,97.5,93.4168090820312,2.2990259381485,11665.6978598204,29.03,45.4915940543311,19.1
ECU,Ecuador,Latin America & Caribbean,Upper middle income,IBRD,2011,92.354,0.200835017783538,96.9,97.6552200317383,6.71524931054121,12449.0785549218,31.3668083587433,55.7957278326327,18.2
ECU,Ecuador,Latin America & Caribbean,Upper middle income,IBRD,2012,90.046,0.191550756268848,97.2,100.79842376709,4.11233799510666,12961.0267423765,35.1351464545516,54.8734188296056,17.4
ECU,Ecuador,Latin America & Caribbean,Upper middle income,IBRD,2013,83.498,0.190207619847818,98,102.665153503418,5.61780573490684,13689.1520460125,40.279121941,48.9858997506663,16.6
ECU,Ecuador,Latin America & Caribbean,Upper middle income,IBRD,2014,80.423,0.192698292546088,99,104.573356628418,2.74412306472649,14064.7992246727,45.5903906666095,49.1798321402123,15.9
ECU,Ecuador,Latin America & Caribbean,Upper middle income,IBRD,2015,79.356,0.191655260223535,98.8,102.632553100586,-1.30274985042635,13881.5700738105,48.9404337892669,52.5586897880539,15.3
ECU,Ecuador,Latin America & Caribbean,Upper middle income,IBRD,2016,74.617,0.187596877086433,98.7,99.4637598671025,-2.12550882201938,13586.5160772568,54.0629247288864,60.2130853439754,14.8
ECU,Ecuador,Latin America & Caribbean,Upper middle income,IBRD,2017,73.879,0.172777420629275,99.2,97.4745655657693,4.36195467405905,14179.1537503305,55.79999924,73.6923982449256,14.4
ECU,Ecuador,Latin America & Caribbean,Upper middle income,IBRD,2018,72.494,0.175807740098561,98.7,96.3960714193164,-0.674558960176682,14083.5069982304,57.5,72.5741152333732,14.1
ECU,Ecuador,Latin America & Caribbean,Upper middle income,IBRD,2019,67.976,0.174315420304136,99.1,95.28924793166,-1.51253154807527,13870.4895118068,59.2,78.24132057357,13.8
ECU,Ecuador,Latin America & Caribbean,Upper middle income,IBRD,2020,62.63,0.16766907349383,98.8,96.0492095947266,-10.3108339169142,12440.3263747814,70.7,79.7156938044035,13.6
ECU,Ecuador,Latin America & Caribbean,Upper middle income,IBRD,2021,58.609,0.172332433696734,100,95.8818069146481,8.57789544186942,13507.4445638375,69.1147995,80.9483764822748,13.4
ECU,Ecuador,Latin America & Caribbean,Upper middle income,IBRD,2022,56.981,0.174678051816632,100,95.6203503719702,5.0282959697896,14186.6388544625,69.71811356,,13.2
EGY,"Egypt, Arab Rep.","Middle East, North Africa, Afghanistan & Pakistan",Lower middle income,IBRD,2000,55.974,0.175349458122698,97.7,75.2516632080078,4.09609057659976,9981.62775081593,0.641265037504813,18.0499085010814,47.3
EGY,"Egypt, Arab Rep.","Middle East, North Africa, Afghanistan & Pakistan",Lower middle income,IBRD,2001,54.317,0.186954907853187,97.4,77.1041793823242,1.35955211640928,10117.3331821542,0.838945611477604,18.7720275689825,44.8
EGY,"Egypt, Arab Rep.","Middle East, North Africa, Afghanistan & Pakistan",Lower middle income,IBRD,2002,52.45,0.187451790619254,97.5,,0.258696269362616,10143.5063456555,2.71999971465421,15.0305976006279,42.5
EGY,"Egypt, Arab Rep.","Middle East, North Africa, Afghanistan & Pakistan",Lower middle income,IBRD,2003,52.281,0.185275787488726,98.8,76.3958587646484,1.05358246795282,10250.376550149,4.03788510706701,14.0900896168433,40.4
EGY,"Egypt, Arab Rep.","Middle East, North Africa, Afghanistan & Pakistan",Lower middle income,IBRD,2004,52.035,0.193115296514501,97.8,75.9371719360352,1.96524683769799,10451.8217511529,11.92,13.5577547655949,38.6
EGY,"Egypt, Arab Rep.","Middle East, North Africa, Afghanistan & Pakistan",Lower middle income,IBRD,2005,52.885,0.205555203180478,99.4,,2.38032461730565,10700.6090372525,12.75,12.4357438586807,37
EGY,"Egypt, Arab Rep.","Middle East, North Africa, Afghanistan & Pakistan",Lower middle income,IBRD,2006,53.981,0.20370104556234,99,,4.77751297925985,11211.8320228671,13.66,11.9859193983034,35.6
EGY,"Egypt, Arab Rep.","Middle East, North Africa, Afghanistan & Pakistan",Lower middle income,IBRD,2007,55.205,0.203392844390983,98.4,,5.08546727843067,11782.0060717026,16.03,11.1199002629287,34.2
EGY,"Egypt, Arab Rep.","Middle East, North Africa, Afghanistan & Pakistan",Lower middle income,IBRD,2008,55.887,0.189873633469103,99.8,,5.17381069982021,12391.5847624938,18.01,12.7743050774856,32.8
EGY,"Egypt, Arab Rep.","Middle East, North Africa, Afghanistan & Pakistan",Lower middle income,IBRD,2009,56.754,0.18886344717507,98.9,63.2690315246582,2.7155259211155,12728.0814587564,20,11.4980757588861,31.6
EGY,"Egypt, Arab Rep.","Middle East, North Africa, Afghanistan & Pakistan",Lower middle income,IBRD,2010,56.558,0.180827334987071,99.4,64.1232833862305,3.14977851159885,13128.9878334831,21.6,8.97775210018425,30.5
EGY,"Egypt, Arab Rep.","Middle East, North Africa, Afghanistan & Pakistan",Lower middle income,IBRD,2011,55.618,0.184053825131634,99.4,72.4007186889648,-0.354646268621011,13082.4263680239,25.6,9.63321393516807,29.5
EGY,"Egypt, Arab Rep.","Middle East, North Africa, Afghanistan & Pakistan",Lower middle income,IBRD,2012,56.184,0.19122268137207,99.7,72.635009765625,-0.042967018335915,13076.8052394876,26.4,9.33021010270741,28.6
EGY,"Egypt, Arab Rep.","Middle East, North Africa, Afghanistan & Pakistan",Lower middle income,IBRD,2013,57.538,0.183756865923735,99.9,73.2182236825859,-0.14323388106547,13058.0748238237,29.4,8.76609453550287,27.8
EGY,"Egypt, Arab Rep.","Middle East, North Africa, Afghanistan & Pakistan",Lower middle income,IBRD,2014,57.09,0.181947068299598,99.8,73.200144841154,0.599558564662246,13136.3656298099,33.8946039115275,8.6535848453361,27.1
EGY,"Egypt, Arab Rep.","Middle East, North Africa, Afghanistan & Pakistan",Lower middle income,IBRD,2015,57.09,0.179043194482601,99.3,,2.2041585800734,13425.9119599492,37.8193834276939,8.40123221374128,26.5
EGY,"Egypt, Arab Rep.","Middle East, North Africa, Afghanistan & Pakistan",Lower middle income,IBRD,2016,54.025,0.179260086683329,100,74.7882619375541,2.24497375695228,13727.3201600816,41.2480670885772,8.51020709824893,26
EGY,"Egypt, Arab Rep.","Middle East, North Africa, Afghanistan & Pakistan",Lower middle income,IBRD,2017,53.207,0.180034348431927,100,75.3094821649971,2.12015477140174,14018.3605934411,44.9502042452857,8.12286536681618,25.6
EGY,"Egypt, Arab Rep.","Middle East, North Africa, Afghanistan & Pakistan",Lower middle income,IBRD,2018,47.175,0.167338243762747,100,75.9067103552346,3.35166753239859,14488.2094340261,46.92433676792,7.98323426459616,25.2
EGY,"Egypt, Arab Rep.","Middle East, North Africa, Afghanistan & Pakistan",Lower middle income,IBRD,2019,43.989,0.146662801083188,100,76.911298614293,3.71584088502073,15026.568243683,57.2828663990195,9.10978218986392,24.8
EGY,"Egypt, Arab Rep.","Middle East, North Africa, Afghanistan & Pakistan",Lower middle income,IBRD,2020,43.848,0.14710453258946,100,78.4118910481273,1.88111976012442,15309.2359881835,71.91420096,11.8495551161641,24.4
EGY,"Egypt, Arab Rep.","Middle East, North Africa, Afghanistan & Pakistan",Lower middle income,IBRD,2021,41.901,0.151354360033067,100,80.3491927630684,1.76220484274864,15579.0160861551,72.05599976,12.1959401781537,24
EGY,"Egypt, Arab Rep.","Middle East, North Africa, Afghanistan & Pakistan",Lower middle income,IBRD,2022,41.852,0.140568038639128,100,,5.01555864975533,16360.390775011,72.19806556,,23.5
ERI,Eritrea,Sub-Saharan Africa,Low income,IDA,2000,85.755,,29.3,37.1347503662109,-4.61837133772084,,0.136711941104496,0,85.3
ERI,Eritrea,Sub-Saharan Africa,Low income,IDA,2001,84.915,,30.3,38.0059700012207,5.69571154371637,,0.157815289303043,0,81.1
ERI,Eritrea,Sub-Saharan Africa,Low income,IDA,2002,84.996,,32.2,36.5366516113281,-0.47685782309577,,0.227090137626716,0,77.3
ERI,Eritrea,Sub-Saharan Africa,Low income,IDA,2003,83.803,,32.4,37.1061096191406,-6.59492016605172,,,0,73.8
ERI,Eritrea,Sub-Saharan Africa,Low income,IDA,2004,83.687,,33.4,34.2101783752441,-2.6238903510386,,,0,70.5
ERI,Eritrea,Sub-Saharan Africa,Low income,IDA,2005,83.077,,34.5,38.3557510375977,0.14882340502966,,,0,67.5
ERI,Eritrea,Sub-Saharan Africa,Low income,IDA,2006,81.797,,35.6,39.934700012207,-2.5182134554669098,,,0,64.7
ERI,Eritrea,Sub-Saharan Africa,Low income,IDA,2007,79.697,,36.7,41.5399284362793,-0.04176960463559,,0.409999996,0.0673400673400673,62
ERI,Eritrea,Sub-Saharan Africa,Low income,IDA,2008,77.716,,37.8,42.7360801696777,-12.1248431632963,,0.469999999,0.668896321070234,59.6
ERI,Eritrea,Sub-Saharan Africa,Low income,IDA,2009,76.829,,38.9,43.0703887939453,1.3025781558331,,0.540000021,0.651465798045603,57.3
ERI,Eritrea,Sub-Saharan Africa,Low income,IDA,2010,75.573,,40.1,44.5370407104492,0.205918877679608,,0.610000014,0.622291021671827,55.2
ERI,Eritrea,Sub-Saharan Africa,Low income,IDA,2011,74.12,,41.2,45.4227294921875,6.74798297853228,,0.699999988,0.616564417177914,53.3
ERI,Eritrea,Sub-Saharan Africa,Low income,IDA,2012,72.608,,42.3,46.2857704162598,,,0.800000012,0.631578947368421,51.4
ERI,Eritrea,Sub-Saharan Africa,Low income,IDA,2013,72.277,,43.5,45.141300201416,,,0.899999976,0.741935483870968,49.7
ERI,Eritrea,Sub-Saharan Africa,Low income,IDA,2014,72.448,,44.6,45.0337791442871,,,0.99000001,5.8122866894198,48.1
ERI,Eritrea,Sub-Saharan Africa,Low income,IDA,2015,72.661,,45.8,41.9455795288086,,,1.083699942,5.95454545454546,46.4
ERI,Eritrea,Sub-Saharan Africa,Low income,IDA,2016,72.316,,46.9,,,,1.177099943,6.56655290102389,44.7
ERI,Eritrea,Sub-Saharan Africa,Low income,IDA,2017,70.977,,48,42.0257682800293,,,2.496099949,6.22849462365591,43.3
ERI,Eritrea,Sub-Saharan Africa,Low income,IDA,2018,69.626,,49.1,43.4416885375977,,,5.293000221,6.04859335038363,41.9
ERI,Eritrea,Sub-Saharan Africa,Low income,IDA,2019,68.343,,50.3,,,,11.22379971,5.89526184538653,40.5
ERI,Eritrea,Sub-Saharan Africa,Low income,IDA,2020,67.189,,51.4,,,,14.34939957,5.73300970873786,39.1
ERI,Eritrea,Sub-Saharan Africa,Low income,IDA,2021,66.429,,52.5,,,,,5.05022831050228,37.8
ERI,Eritrea,Sub-Saharan Africa,Low income,IDA,2022,65.724,,55.4,40.2760810852051,,,,,36.6
ESP,Spain,Europe & Central Asia,High income,Not classified,2000,9.229,0.19150195814583,100,,4.73130032942612,39945.8971298178,13.6249608089899,16.947181780922,5.4
ESP,Spain,Europe & Central Asia,High income,Not classified,2001,9.813,0.184401657749435,100,118.565773010254,3.20031684797794,41224.2924057393,18.1487226902932,22.1453507092138,5.3
ESP,Spain,Europe & Central Asia,High income,Not classified,2002,10.164,0.189889170172908,100,119.03498840332,1.31414120540325,41766.0378188791,20.39,15.6014876444677,5.1
ESP,Spain,Europe & Central Asia,High income,Not classified,2003,10.782,0.188608516921522,100,117.701393127441,1.0944115829832,42223.130174522,39.93,22.698365208319,5
ESP,Spain,Europe & Central Asia,High income,Not classified,2004,11.017,0.191911206666386,100,118.77808380127,1.35058688382759,42793.3902326006,44.01,19.1063241586719,4.9
ESP,Spain,Europe & Central Asia,High income,Not classified,2005,11.503,0.193393078441914,100,121.273582458496,1.81657732789419,43570.7652574033,47.88,15.9485519394185,4.7
ESP,Spain,Europe & Central Asia,High income,Not classified,2006,12.216,0.181076573262322,100,121.005409240723,2.29951501349761,44572.6815459931,50.37,18.709395944019,4.5
ESP,Spain,Europe & Central Asia,High income,Not classified,2007,12.867,0.18132650817138,100,121.423683166504,1.63463980710374,45301.2843416374,55.11,20.1610868717199,4.4
ESP,Spain,Europe & Central Asia,High income,Not classified,2008,13.269,0.164743196693857,100,120.799942016602,-0.827648476802253,44926.348951812,59.6,20.6921098426176,4.2
ESP,Spain,Europe & Central Asia,High income,Not classified,2009,11.921,0.151202573694854,100,120.13614654541,-4.61672962915983,42852.220888454,62.4,26.077998778087,4
ESP,Spain,Europe & Central Asia,High income,Not classified,2010,10.795,0.144698911824297,100,124.076477050781,-0.365660089983677,42695.5274189933,65.8,33.4905995151346,3.8
ESP,Spain,Europe & Central Asia,High income,Not classified,2011,9.767,0.146526172613824,100,127.101058959961,-0.992358604711711,42271.8346788238,67.0899993926581,30.5731384019575,3.7
ESP,Spain,Europe & Central Asia,High income,Not classified,2012,9.065,0.148478097600224,100,128.53596496582,-2.92815897770406,41034.0481566356,69.8099999420024,30.4410803944105,3.6
ESP,Spain,Europe & Central Asia,High income,Not classified,2013,8.343,0.135502774157778,100,127.453941345215,-1.07017018206768,40594.914008768,71.635,40.4694798533773,3.5
ESP,Spain,Europe & Central Asia,High income,Not classified,2014,8.073,0.132892384599974,100,126.035743713379,1.83396646193863,41339.4111169417,76.1867089778712,40.9223064477361,3.4
ESP,Spain,Europe & Central Asia,High income,Not classified,2015,7.666,0.135861233090764,100,125.209602355957,4.14701193619516,43053.761430314,78.6896318703515,35.7115563292288,3.3
ESP,Spain,Europe & Central Asia,High income,Not classified,2016,7.287,0.127884444256068,100,124.175399780273,2.83577124069477,44274.6676149922,80.5613329432179,39.3497749034651,3.3
ESP,Spain,Europe & Central Asia,High income,Not classified,2017,6.932,0.131531534398836,100,122.132362365723,2.64617061107108,45446.2508575695,84.6022457016524,32.8920740155082,3.2
ESP,Spain,Europe & Central Asia,High income,Not classified,2018,6.243,0.125411035164661,100,121.294639587402,1.93406292039191,46325.2099441141,86.107235525659,38.7586900441607,3.2
ESP,Spain,Europe & Central Asia,High income,Not classified,2019,5.867,0.115107336007006,100,121.037368774414,1.23303741249605,46896.4171141424,90.718665325267,37.7724998810643,3.2
ESP,Spain,Europe & Central Asia,High income,Not classified,2020,5.23,0.10897374856025,100,119.971183776855,-11.3931290455953,41553.4477945675,93.20564892,44.5277230391878,3.2
ESP,Spain,Europe & Central Asia,High income,Not classified,2021,4.702,0.111072275231207,100,122.149238586426,6.49336738803039,44251.6658222621,93.89752157,47.0149136749395,3.2
ESP,Spain,Europe & Central Asia,High income,Not classified,2022,4.776,0.106866038130767,100,122.008041381836,5.60841068844668,46733.4809780536,94.4855432,,3.2
EST,Estonia,Europe & Central Asia,High income,Not classified,2000,26.023,0.621490092473729,100,,9.55642258870186,20526.6606380865,28.5769538105646,0.214965347116175,11
EST,Estonia,Europe & Central Asia,High income,Not classified,2001,24.307,0.601032220637982,100,98.5468215942383,6.55731967784041,21872.6593953112,31.5274897673756,0.212189084050454,10.1
EST,Estonia,Europe & Central Asia,High income,Not classified,2002,23.182,0.539592075322183,100,101.218223571777,7.61250041092767,23537.7156816601,41.52,0.351823619092295,9.3
EST,Estonia,Europe & Central Asia,High income,Not classified,2003,21.93,0.55976837477689,100,101.92537689209,8.27372395680648,25485.1613028986,45.32,0.482330938084457,8.5
EST,Estonia,Europe & Central Asia,High income,Not classified,2004,22.398,0.537290077245214,100,103.808959960938,7.44108988454812,27381.5350626694,53.2,0.582298136645963,7.8
EST,Estonia,Europe & Central Asia,High income,Not classified,2005,22.452,0.491142802634692,100,106.102340698242,10.1516023275001,30161.1996133966,61.45,1.08770210681039,7.1
EST,Estonia,Europe & Central Asia,High income,Not classified,2006,23.541,0.433270000106871,100,106.238578796387,10.4117043601584,33301.4945486206,63.51,1.3337443485409,6.5
EST,Estonia,Europe & Central Asia,High income,Not classified,2007,25.797,0.477417980005568,100,107.076751708984,8.06276601408268,35986.5161332684,66.19,1.19442165709598,5.9
EST,Estonia,Europe & Central Asia,High income,Not classified,2008,25.144,0.456175372805258,100,107.321166992188,-4.87057915292706,34233.7643806167,70.58,1.86664776486154,5.4
EST,Estonia,Europe & Central Asia,High income,Not classified,2009,22.755,0.446272000838269,100,108.62345123291,-14.4654981470721,29281.6798284656,72.5,6.1696092949083,5
EST,Estonia,Europe & Central Asia,High income,Not classified,2010,19.627,0.554916573642899,100,110.668418884277,2.68366165094633,30067.501040775,74.1,8.05276149336624,4.6
EST,Estonia,Europe & Central Asia,High income,Not classified,2011,17.393,0.518473842897964,100,111.414039611816,7.93414724975237,32453.1008476709,76.5,9.15124486155278,4.2
EST,Estonia,Europe & Central Asia,High income,Not classified,2012,16.359,0.475356801402487,100,111.909286499023,4.04377186018716,33765.4302075072,78.3899259259259,12.341689646528,3.9
EST,Estonia,Europe & Central Asia,High income,Not classified,2013,16.19,0.52010441924562,100,109.79280090332,2.1192820000981,34481.0148921506,80.0043,9.19728813559322,3.6
EST,Estonia,Europe & Central Asia,High income,Not classified,2014,15.418,0.484526505738266,100,107.761253356934,3.59411590769302,35720.3025335234,84.2415280294352,11.1824682628957,3.4
EST,Estonia,Europe & Central Asia,High income,Not classified,2015,12.829,0.439619618372384,100,108.522552490234,1.77141701957223,36353.0580520449,88.4097035040431,15.4271777690185,3.2
EST,Estonia,Europe & Central Asia,High income,Not classified,2016,10.938,0.417618359811295,100,112.33544921875,3.06301090349199,37466.5561839318,87.2402327514547,13.0470046840332,3
EST,Estonia,Europe & Central Asia,High income,Not classified,2017,9.839,0.421782375520648,100,114.632881164551,5.50685731354206,39529.785973279,88.1024568740199,14.1224924012158,2.8
EST,Estonia,Europe & Central Asia,High income,Not classified,2018,9.298,0.437919991061799,100,114.272331237793,3.33940936378892,40849.8473475564,89.3570077747426,16.085409252669,2.7
EST,Estonia,Europe & Central Asia,High income,Not classified,2019,8.383,0.276049052261007,100,114.590209960938,3.3419636171697,42215.0343835811,90.2289281997919,28.1355219960604,2.5
EST,Estonia,Europe & Central Asia,High income,Not classified,2020,7.255,0.223032567592797,100,115.08674621582,-3.07548007766944,40916.7194113327,89.05828666,48.8761105626851,2.4
EST,Estonia,Europe & Central Asia,High income,Not classified,2021,6.368,0.219486035064096,100,115.217590332031,8.14019436008853,44247.4198971873,90.97970174,39.9573847862299,2.3
EST,Estonia,Europe & Central Asia,High income,Not classified,2022,5.344,0.258185690938182,100,114.788101196289,-2.53754963208853,43124.6196563775,91.52016546,,2.2
ETH,Ethiopia,Sub-Saharan Africa,Low income,IDA,2000,148.482,0.0709719729048341,12.7,11.7815504074097,2.86806618904541,810.270749115591,0.0152637672082567,,140.1
ETH,Ethiopia,Sub-Saharan Africa,Low income,IDA,2001,155.407,0.0809336488955871,10.2,14.0522804260254,5.06530432457272,851.313428411291,0.0371623810686744,,133.8
ETH,Ethiopia,Sub-Saharan Africa,Low income,IDA,2002,151.234,0.081957421049597,11.9,14.9959602355957,-1.52885894017255,838.298046952135,0.0724022618698295,,127.4
ETH,Ethiopia,Sub-Saharan Africa,Low income,IDA,2003,141.308,0.0895377700053517,13.5,14.5203800201416,-5.07288652380292,795.772138298998,0.105811658802603,,121
ETH,Ethiopia,Sub-Saharan Africa,Low income,IDA,2004,141.718,0.0858914386077027,15.2,15.9084901809692,10.221815108184,877.114494958363,0.155334520794722,,114.6
ETH,Ethiopia,Sub-Saharan Africa,Low income,IDA,2005,142.009,0.0733486247345851,14,18.1193408966064,8.5508986289875,952.115666282409,0.219659818999505,,108.3
ETH,Ethiopia,Sub-Saharan Africa,Low income,IDA,2006,133.421,0.0700816798953147,18.6,21.5401401519775,7.62653694970021,1024.72911937532,0.310592656856176,,102.4
ETH,Ethiopia,Sub-Saharan Africa,Low income,IDA,2007,125.806,0.068906014264101,20.3,24.6181907653809,8.23770708038126,1109.14330259683,0.37,96.6349027347054,96.9
ETH,Ethiopia,Sub-Saharan Africa,Low income,IDA,2008,117.95,0.0672225482363876,22,26.6844291687012,7.62786742867665,1193.74728331296,0.449999988,87.6613714588298,91.8
ETH,Ethiopia,Sub-Saharan Africa,Low income,IDA,2009,105.942,0.0621907974768718,23.7,27.9870700836182,5.7563855983106,1262.46398000981,0.540000021,88.8154345654346,87.1
ETH,Ethiopia,Sub-Saharan Africa,Low income,IDA,2010,104.466,0.0550263797974815,25.5,30.1612491607666,9.4043448666486,1381.19044650715,0.75,99.5631378827296,82.7
ETH,Ethiopia,Sub-Saharan Africa,Low income,IDA,2011,102.912,0.057243249392496,23,32.4362602233887,8.06141676362226,1492.53396469943,1.100000024,99.8603880738287,78.6
ETH,Ethiopia,Sub-Saharan Africa,Low income,IDA,2012,92.291,0.0594899113460089,29,34.5193099975586,5.64374376946701,1576.76875733933,2.9000000950000002,,74.8
ETH,Ethiopia,Sub-Saharan Africa,Low income,IDA,2013,83.509,0.0625105939816194,30.8,,7.61661454720691,1696.86515588665,4.599999905,,71.2
ETH,Ethiopia,Sub-Saharan Africa,Low income,IDA,2014,82.682,0.0673542067756683,27.2,,7.33861859355025,1821.39161772403,7.699999809,77.5972091071241,67.7
ETH,Ethiopia,Sub-Saharan Africa,Low income,IDA,2015,79.432,0.0664489246075704,29,33.3210265952712,7.4680767605293,1957.41454184551,13.8551755555556,91.4725968436155,64.4
ETH,Ethiopia,Sub-Saharan Africa,Low income,IDA,2016,77.374,0.0720534613760134,42.9,,6.5099145630674,2084.84055616471,15.3669238595896,83.6703821656051,61.3
ETH,Ethiopia,Sub-Saharan Africa,Low income,IDA,2017,75.196,0.0651171849833748,44.3,,6.61862070026751,2222.82824478259,15.62440014,95.0159365558912,58.4
ETH,Ethiopia,Sub-Saharan Africa,Low income,IDA,2018,74.733,0.0670913043104603,44.8,,3.97407545942133,2311.16511656359,15.88619995,91.2721139946307,55.8
ETH,Ethiopia,Sub-Saharan Africa,Low income,IDA,2019,74.505,0.0655026118797181,48,,5.48664147824387,2437.97046047967,15.98460007,96.7799428077409,53.6
ETH,Ethiopia,Sub-Saharan Africa,Low income,IDA,2020,73.654,0.060200729332758,51.1,,3.22311599681393,2516.54907638899,16.06959915,95.4343696574432,51.5
ETH,Ethiopia,Sub-Saharan Africa,Low income,IDA,2021,72.373,0.060396630231313,54.2,,2.85565763143852,2588.41310213778,16.6981031,,70.4
ETH,Ethiopia,Sub-Saharan Africa,Low income,IDA,2022,71.137,0.0550647857513869,55,,2.59539967724329,2655.59276743639,17.9836998,,68.1
FIN,Finland,Europe & Central Asia,High income,Not classified,2000,9.928,0.236622951378482,100,,5.53441379935349,46968.841714507,37.2484617371121,33.4094260889448,4.3
FIN,Finland,Europe & Central Asia,High income,Not classified,2001,10.672,0.254772429053072,100,134.663055419922,2.40682902219235,48099.3014282794,43.1053633522263,28.9272077974384,4.2
FIN,Finland,Europe & Central Asia,High income,Not classified,2002,11.236,0.2590217620882,100,136.179000854492,1.44115409187744,48792.4864789775,62.43,26.4557000867187,4.1
FIN,Finland,Europe & Central Asia,High income,Not classified,2003,10.817,0.286242819698488,100,138.743591308594,1.76883520334854,49655.5451564067,69.22,22.6088039276143,4
FIN,Finland,Europe & Central Asia,High income,Not classified,2004,10.676,0.261696263211692,100,113.423683166504,3.70383750334673,51494.705860401,72.39,29.8576737142524,3.9
FIN,Finland,Europe & Central Asia,High income,Not classified,2005,10.057,0.210503536508125,100,113.830627441406,2.42615653951086,52744.048034135,74.48,33.2486611317333,3.7
FIN,Finland,Europe & Central Asia,High income,Not classified,2006,9.262,0.24270373934895,100,112.610382080078,3.62113497225309,54653.981203281,79.66,27.2933594129653,3.6
FIN,Finland,Europe & Central Asia,High income,Not classified,2007,8.871,0.224565380759951,100,111.485862731934,4.86572137220107,57313.2916474478,80.78,29.938371592098,3.5
FIN,Finland,Europe & Central Asia,High income,Not classified,2008,8.59,0.195841345021807,100,110.881446838379,0.316320525705208,57494.585352886,83.67,35.8774021076557,3.3
FIN,Finland,Europe & Central Asia,High income,Not classified,2009,8.48,0.203264674316756,100,110.353019714355,-8.51460466433139,52599.1487066911,82.49,30.1086042542563,3.2
FIN,Finland,Europe & Central Asia,High income,Not classified,2010,8.407,0.227279867481381,100,111.196716308594,2.69737665062684,54017.9458623339,86.89,29.9911371693482,3
FIN,Finland,Europe & Central Asia,High income,Not classified,2011,7.918,0.196270837215216,100,111.733192443848,1.91685338301681,55053.3906850323,88.70999491353,32.8917021537122,2.9
FIN,Finland,Europe & Central Asia,High income,Not classified,2012,7.749,0.179124193967578,100,112.473762512207,-1.99029082999297,53957.6680986279,89.879997974222,40.5621280765789,2.8
FIN,Finland,Europe & Central Asia,High income,Not classified,2013,7.566,0.184369473197694,100,152.21354675293,-1.43490157636175,53183.4286685126,91.5144,35.9680312109687,2.6
FIN,Finland,Europe & Central Asia,High income,Not classified,2014,7.352,0.171743601089038,100,154.411575317383,-0.888801631577977,52710.7334867778,86.5303927529377,38.5804329309484,2.6
FIN,Finland,Europe & Central Asia,High income,Not classified,2015,6.394,0.158963001345439,100,157.990310668945,0.136127693741741,52782.4873926277,86.4221333325445,44.5011880639659,2.5
FIN,Finland,Europe & Central Asia,High income,Not classified,2016,5.598,0.164520953527264,100,159.691635131836,2.27754373131673,53984.6316254715,87.7036499599455,44.2314818854807,2.4
FIN,Finland,Europe & Central Asia,High income,Not classified,2017,4.957,0.150347964124404,100,161.339553833008,3.06123169296772,55637.2262781223,87.4689290730615,46.6140130029768,2.4
FIN,Finland,Europe & Central Asia,High income,Not classified,2018,4.372,0.152971563663912,100,161.847595214844,1.05884315705418,56226.337241343,88.8899599985585,45.7410016651723,2.4
FIN,Finland,Europe & Central Asia,High income,Not classified,2019,4.048,0.140441303800133,100,151.423095703125,1.23812097519217,56922.4873163103,89.6073851129779,46.4434231609614,2.4
FIN,Finland,Europe & Central Asia,High income,Not classified,2020,3.799,0.128800429707328,100,149.881484985352,-2.63099855258851,55424.8574989208,92.17027106,51.8681190177141,2.4
FIN,Finland,Europe & Central Asia,High income,Not classified,2021,3.748,0.124929593444389,100,150.98811340332,2.46373050011893,56790.3766177692,92.80806082,52.9302986606029,2.4
FIN,Finland,Europe & Central Asia,High income,Not classified,2022,3.221,0.117081134774333,100,153.241073608398,0.489394588644501,57068.3056478074,92.98879471,,2.4
FJI,Fiji,East Asia & Pacific,Upper middle income,Blend,2000,43.472,0.189213783693362,76.8,77.9657592773438,-2.7615422573721,9070.99318456826,1.4968547339902,76.1439413066401,22.6
FJI,Fiji,East Asia & Pacific,Upper middle income,Blend,2001,42.325,0.200965564614459,77.7,76.3341522216797,0.957064567258897,9157.80844623624,1.8579785936093,77.6890851449275,22.6
FJI,Fiji,East Asia & Pacific,Upper middle income,Blend,2002,40.957,0.161132609763372,79.6,78.0475387573242,2.18333221669403,9357.75382838604,6.15264970011985,73.3307266210492,22.7
FJI,Fiji,East Asia & Pacific,Upper middle income,Blend,2003,38.589,0.188083282278062,80,79.5437927246094,0.0396498820572191,9361.4641667422,6.72543473821551,56.8385462866546,22.8
FJI,Fiji,East Asia & Pacific,Upper middle income,Blend,2004,35.42,0.231746052022364,80.6,82.2571029663086,4.32692550982252,9766.52774786586,7.4129434854202,58.8033173891011,23.1
FJI,Fiji,East Asia & Pacific,Upper middle income,Blend,2005,34.654,0.201272280725966,81.6,,-0.214470375987901,9745.58143908405,8.45363663371359,52.8280596731281,23.3
FJI,Fiji,East Asia & Pacific,Upper middle income,Blend,2006,34.056,0.21245411895878,82.6,82.5951385498047,0.938932462650172,9837.08586688962,9.6000384001536,50.651364764268,23.5
FJI,Fiji,East Asia & Pacific,Upper middle income,Blend,2007,33.013,0.198535444775872,88.9,82.7922592163086,-1.67524879277953,9672.29020465987,10.89780045,66.2226963771145,23.5
FJI,Fiji,East Asia & Pacific,Upper middle income,Blend,2008,31.296,0.147222740906263,86.2,81.2673568725586,0.410201054333271,9711.96604105756,13,64.9184378553311,23.2
FJI,Fiji,East Asia & Pacific,Upper middle income,Blend,2009,32.218,0.122917105202464,85.6,82.2133331298828,-1.80343317505495,9536.81722352305,17,60.1047548537521,22.8
FJI,Fiji,East Asia & Pacific,Upper middle income,Blend,2010,33.021,0.190450725423922,92.4,,2.59506259774236,9784.30360030575,20,51.3227678944291,22.2
FJI,Fiji,East Asia & Pacific,Upper middle income,Blend,2011,33.308,0.136127365598672,92.5,86.2617492675781,2.41603454017945,10020.6957548052,28,58.0231534182435,21.6
FJI,Fiji,East Asia & Pacific,Upper middle income,Blend,2012,34.056,0.129900041830912,92.6,85.2120971679688,1.19749999071976,10140.693585539,33.74240112,64.9846862306406,21
FJI,Fiji,East Asia & Pacific,Upper middle income,Blend,2013,35.093,0.141307017760425,91.8,,4.57032170520452,10604.1559055372,35.20000076,61.2086936778881,20.7
FJI,Fiji,East Asia & Pacific,Upper middle income,Blend,2014,28.784,0.152012727728872,93,89.439954928784,5.46160981322221,11183.3135250834,37.40000153,49.2158597394242,20.6
FJI,Fiji,East Asia & Pacific,Upper middle income,Blend,2015,23.729,0.15080843963648,93.2,89.4052671769281,4.38823289212192,11674.0633676202,42.5,47.8345355513028,20.9
FJI,Fiji,East Asia & Pacific,Upper middle income,Blend,2016,21.943,0.144959881035939,93.4,90.7946273675174,2.38011648097762,11951.9196738327,49.41999817,53.8250199017533,21.6
FJI,Fiji,East Asia & Pacific,Upper middle income,Blend,2017,21.218,0.133109749927923,96,,5.40003471633406,12597.327485488,53.6473999,51.2531136749908,22.7
FJI,Fiji,East Asia & Pacific,Upper middle income,Blend,2018,21.827,0.137734489523666,95.1,93.1892646769198,3.99107234875937,13100.095939444,58.2364006,58.3361117447839,24.2
FJI,Fiji,East Asia & Pacific,Upper middle income,Blend,2019,22.047,0.135535337351915,96.1,94.1516926967393,-0.334080345193271,13056.3310937089,63.21789932,54.475526184985704,25.7
FJI,Fiji,East Asia & Pacific,Upper middle income,Blend,2020,21.695,0.108596187981732,97.1,93.3745574951172,-17.1893281212242,10812.0355014178,68.62560272,54.5526524148852,27.2
FJI,Fiji,East Asia & Pacific,Upper middle income,Blend,2021,21.553,0.141894213611197,92.1,94.6174004192872,-4.52835673234897,10322.4279638854,70.56800079,60.0656085236255,28.3
FJI,Fiji,East Asia & Pacific,Upper middle income,Blend,2022,21.271,0.128730884298284,92,96.1407038662342,17.397944683227198,12118.3182710082,72.56549835,,28.9
FRA,France,Europe & Central Asia,High income,Not classified,2000,11.871,0.143292529753699,100,,3.42869029655284,45922.4789363701,14.3079239430677,13.7368998099838,5.4
FRA,France,Europe & Central Asia,High income,Not classified,2001,11.994,0.142066357561376,100,104.655410766602,1.1593271284506,46454.8706927365,26.3259035521688,14.9187032555093,5.2
FRA,France,Europe & Central Asia,High income,Not classified,2002,11.283,0.138688242993235,100,103.38053894043,0.335619014023663,46610.7820717214,30.18,12.456687350084,5.1
FRA,France,Europe & Central Asia,High income,Not classified,2003,10.869,0.139044307703908,100,103.231269836426,0.257866805308325,46730.975806379,36.14,12.0654455064763,4.9
FRA,France,Europe & Central Asia,High income,Not classified,2004,10.956,0.135511804293333,100,102.502822875977,2.11736543407739,47720.4413351103,39.15,12.0693402873951,4.8
FRA,France,Europe & Central Asia,High income,Not classified,2005,10.895,0.133739184529024,100,106.991889953613,1.1253537135494,48257.4650937971,42.87,10.6198562305034,4.6
FRA,France,Europe & Central Asia,High income,Not classified,2006,11.009,0.126773771316921,100,106.926139831543,2.00131130247657,49223.247197008,46.87,11.790103484446,4.5
FRA,France,Europe & Central Asia,High income,Not classified,2007,10.836,0.121417452046252,100,106.79029083252,1.89856745333175,50157.7837477634,66.09,12.560092879909,4.4
FRA,France,Europe & Central Asia,High income,Not classified,2008,10.954,0.118695906968588,100,106.61882019043,-0.178410661195599,50068.2969141379,70.68,13.6874971680324,4.4
FRA,France,Europe & Central Asia,High income,Not classified,2009,10.727,0.118111294580179,100,106.454376220703,-3.32212444604225,48404.965782636304,71.58,13.9254447917153,4.3
FRA,France,Europe & Central Asia,High income,Not classified,2010,10.611,0.118092776971791,100,106.964630126953,1.49872466177408,49130.422942344,77.28,14.5810478721629,4.2
FRA,France,Europe & Central Asia,High income,Not classified,2011,10.22,0.111130368519661,100,107.088279724121,1.94433505424516,50085.6829779109,77.8199989926706,12.4090462949242,4.2
FRA,France,Europe & Central Asia,High income,Not classified,2012,9.873,0.111333290083425,100,106.117530822754,-0.299598729272304,49935.6269081617,81.44,15.7356680451587,4.1
FRA,France,Europe & Central Asia,High income,Not classified,2013,9.218,0.108997386929991,100,104.996017456055,0.26214454973659,50066.5304324783,81.9198,17.9490525882191,4.1
FRA,France,Europe & Central Asia,High income,Not classified,2014,8.843,0.0979698984916927,100,104.223556518555,0.519383764691739,50326.567863089,83.7510996681821,17.4240636120725,4.1
FRA,France,Europe & Central Asia,High income,Not classified,2015,8.176,0.098478261188514,100,103.941093444824,0.708030590350688,50682.8953586333,78.0060377071902,16.6912500883769,4.2
FRA,France,Europe & Central Asia,High income,Not classified,2016,7.557,0.0984086753946062,100,103.741958618164,0.594243752389232,50984.075297832,79.2698113207547,18.3954832584027,4.2
FRA,France,Europe & Central Asia,High income,Not classified,2017,7.122,0.0975334078351058,100,104.159187316895,1.78779549384231,51895.5662985838,80.5024597243607,17.3813942159824,4.2
FRA,France,Europe & Central Asia,High income,Not classified,2018,6.397,0.093076139752495,100,104.071128845215,1.28216603702126,52560.9536243841,82.0431867788484,20.4354555869103,4.2
FRA,France,Europe & Central Asia,High income,Not classified,2019,6.127,0.089658933875645,100,104.170417785645,1.68870844116209,53448.5548849943,83.3397440866883,20.6287000318508,4.2
FRA,France,Europe & Central Asia,High income,Not classified,2020,5.616,0.0861217113314687,100,104.657997131348,-7.74056751254994,49311.333409639,84.70639801,24.3565688978964,4.2
FRA,France,Europe & Central Asia,High income,Not classified,2021,4.94,0.088888909697982,100,104.648162841797,6.50155219757207,52517.3354905855,86.09548575,22.8038733642766,4.3
FRA,France,Europe & Central Asia,High income,Not classified,2022,3.979,0.0840720637177388,100,104.633659362793,2.20208858513766,53673.8137406422,85.33331734,,4.3
FRO,Faroe Islands,Europe & Central Asia,High income,Not classified,2000,15.318,,100,,,,32.916392363397,35.3587528174305,
FRO,Faroe Islands,Europe & Central Asia,High income,Not classified,2001,13.057,,100,,,,43.2469835228993,32.5663869907447,
FRO,Faroe Islands,Europe & Central Asia,High income,Not classified,2002,11.963,,100,,,,53.2992218313613,40.3903778924588,
FRO,Faroe Islands,Europe & Central Asia,High income,Not classified,2003,11.64,,100,,,,58.9126409695337,35.6187492468972,
FRO,Faroe Islands,Europe & Central Asia,High income,Not classified,2004,11.784,,100,,,,66.5335994677312,41.3704462385026,
FRO,Faroe Islands,Europe & Central Asia,High income,Not classified,2005,11.386,,100,,,,67.9026317413939,44.5115975171513,
FRO,Faroe Islands,Europe & Central Asia,High income,Not classified,2006,10.402,,100,,,,69.359445124439,44.319408046863,
FRO,Faroe Islands,Europe & Central Asia,High income,Not classified,2007,10.479,,100,,,,75.98,44.6180684433227,
FRO,Faroe Islands,Europe & Central Asia,High income,Not classified,2008,11.365,7.59208715683309e-4,100,,,54263.326408917,75.57,39.4488759970993,
FRO,Faroe Islands,Europe & Central Asia,High income,Not classified,2009,11.582,7.95426873524205e-4,100,,-5.02867328771298,51534.6010087672,75.18,38.983666061706,
FRO,Faroe Islands,Europe & Central Asia,High income,Not classified,2010,11.942,7.98459566610798e-4,100,,-0.105461192690626,51480.252003895,75.2,28.8976097038887,
FRO,Faroe Islands,Europe & Central Asia,High income,Not classified,2011,10.585,7.7096418383638e-4,100,,3.80958689031866,53441.4369353384,80.7321728,39.0796201607012,
FRO,Faroe Islands,Europe & Central Asia,High income,Not classified,2012,10.755,7.19978990796519e-4,100,,7.64028513939343,57524.5150997874,85.3351892392109,37.9286694101509,
FRO,Faroe Islands,Europe & Central Asia,High income,Not classified,2013,10.558,6.80148515040034e-4,100,,5.95488006639857,60950.030982757104,90,38.4273504273504,
FRO,Faroe Islands,Europe & Central Asia,High income,Not classified,2014,10.48,6.45105469448507e-4,100,,5.03590340286293,64019.4156670638,93.3,50.8185985592665,
FRO,Faroe Islands,Europe & Central Asia,High income,Not classified,2015,9.544,6.38983990458854e-4,100,,-0.0144554034650923,64010.1614022331,94.2,60.0953895071542,
FRO,Faroe Islands,Europe & Central Asia,High income,Not classified,2016,8.77,6.30245958231855e-4,100,,0.228343050722899,64156.3241575516,95.1086816720257,49.9369880277253,
FRO,Faroe Islands,Europe & Central Asia,High income,Not classified,2017,7.865,6.08862619764467e-4,100,,2.03500931466967,65461.9113301074,97.5819589384468,51.1217469338917,
FRO,Faroe Islands,Europe & Central Asia,High income,Not classified,2018,7.013,6.22112371889058e-4,100,,1.11536325937354,66192.0494379671,,48.8352272727273,
FRO,Faroe Islands,Europe & Central Asia,High income,Not classified,2019,6.188,5.95103536660823e-4,100,,2.93783373419572,68136.6617957112,,40.4299404299404,
FRO,Faroe Islands,Europe & Central Asia,High income,Not classified,2020,5.38,6.05009485102444e-4,100,,-3.08017092370805,66037.9361506945,,38.6922320550639,
FRO,Faroe Islands,Europe & Central Asia,High income,Not classified,2021,4.793,5.75835565552136e-4,100,,3.62712467824227,68433.2144298182,,38.0840018876829,
FRO,Faroe Islands,Europe & Central Asia,High income,Not classified,2022,4.767,5.54429060540964e-4,100,,2.68179027570467,70268.4497197492,,,
FSM,"Micronesia, Fed. Sts.",East Asia & Pacific,Upper middle income,IDA,2000,70.397,5.00860612033321e-4,46,,4.28464922262306,3563.89180484484,3.73486213690137,4.18293363078639,38.6
FSM,"Micronesia, Fed. Sts.",East Asia & Pacific,Upper middle income,IDA,2001,69.424,4.91907098495312e-4,48.4,,1.52928759804583,3618.3939602241,4.66052719883673,4.18293363078639,37.7
FSM,"Micronesia, Fed. Sts.",East Asia & Pacific,Upper middle income,IDA,2002,64.672,4.89736488660213e-4,50.1,,0.36908090872447,3631.74876153373,5.57009970478472,4.18293363078639,41.5
FSM,"Micronesia, Fed. Sts.",East Asia & Pacific,Upper middle income,IDA,2003,64.317,4.81253168123993e-4,51.8,,1.91048154546718,3701.13265140057,9.23250210039423,0.162715016271502,36.4
FSM,"Micronesia, Fed. Sts.",East Asia & Pacific,Upper middle income,IDA,2004,60.833,4.97112951919532e-4,53.5,85.8371276855469,-2.87899601132597,3594.57718999286,11.0178673081514,0.162715016271502,36.1
FSM,"Micronesia, Fed. Sts.",East Asia & Pacific,Upper middle income,IDA,2005,58.272,4.83839009010405e-4,55.2,88.0796432495117,3.21654818694653,3710.19849742597,11.88140011,0.162715016271502,35.9
FSM,"Micronesia, Fed. Sts.",East Asia & Pacific,Upper middle income,IDA,2006,55.7,4.85846639753187e-4,57,,0.201049259643597,3717.65782403635,12.75030041,0.162715016271502,35.9
FSM,"Micronesia, Fed. Sts.",East Asia & Pacific,Upper middle income,IDA,2007,53.42,4.9404658304016e-4,58.7,,-0.899914202895062,3684.20209326281,13.62110043,0.301764159702878,35.6
FSM,"Micronesia, Fed. Sts.",East Asia & Pacific,Upper middle income,IDA,2008,51.764,5.06878961820424e-4,60.5,,-1.6870200410321,3622.04886559734,14.49,0.382697437086861,35.3
FSM,"Micronesia, Fed. Sts.",East Asia & Pacific,Upper middle income,IDA,2009,50.541,5.00380513591957e-4,62.2,,2.21732101369363,3702.36131622048,15.35,0.87205966724039,34.8
FSM,"Micronesia, Fed. Sts.",East Asia & Pacific,Upper middle income,IDA,2010,50.37,4.91970757061e-4,64.5,,2.1037928244549,3780.25132792653,20,1.09054383699239,34.1
FSM,"Micronesia, Fed. Sts.",East Asia & Pacific,Upper middle income,IDA,2011,50.292,4.74044697087117e-4,66.3,,3.62925834784508,3917.44641481482,22.799999239999998,1.27474002012747,33.4
FSM,"Micronesia, Fed. Sts.",East Asia & Pacific,Upper middle income,IDA,2012,49.733,4.8184790197744e-4,67.8,,-1.79451030307897,3847.14743528337,25.97439957,1.09763142692086,32.6
FSM,"Micronesia, Fed. Sts.",East Asia & Pacific,Upper middle income,IDA,2013,48.608,5.00380513591957e-4,69.4,,-3.90944028072801,3696.74550378941,27.799999239999998,1.45551759988118,31.6
FSM,"Micronesia, Fed. Sts.",East Asia & Pacific,Upper middle income,IDA,2014,47.844,5.13548421844377e-4,71.2,,-2.81129684982227,3592.81901389543,29.64999962,3.42848512309319,30.7
FSM,"Micronesia, Fed. Sts.",East Asia & Pacific,Upper middle income,IDA,2015,47.592,4.91970757061e-4,73,,4.0787101496705,3739.35968767448,31.50110054,4.63703703703704,29.8
FSM,"Micronesia, Fed. Sts.",East Asia & Pacific,Upper middle income,IDA,2016,47.72,4.85846639753187e-4,74.8,,0.927224155763625,3774.03193396948,33.35219955,6.33414932680539,28.9
FSM,"Micronesia, Fed. Sts.",East Asia & Pacific,Upper middle income,IDA,2017,47.729,4.75971708050886e-4,76.5,,1.69615440576835,3838.04534289261,35.30410004,6.39269406392694,28.1
FSM,"Micronesia, Fed. Sts.",East Asia & Pacific,Upper middle income,IDA,2018,46.866,4.74044697087117e-4,78.3,,0.0155080252273621,3838.64054793262,36.61460114,6.28428146058612,27.3
FSM,"Micronesia, Fed. Sts.",East Asia & Pacific,Upper middle income,IDA,2019,45.7,4.57379063205148e-4,80.1,,3.29317692508138,3965.05377269396,37.97370148,6.59815311289842,26.4
FSM,"Micronesia, Fed. Sts.",East Asia & Pacific,Upper middle income,IDA,2020,44.646,4.6698509249052e-4,81.9,,-2.61687691868171,3861.29319570301,39.38330078,6.18974430627358,25.6
FSM,"Micronesia, Fed. Sts.",East Asia & Pacific,Upper middle income,IDA,2021,44.033,4.52945154775974e-4,83.6,,2.445766552558,3955.73141317971,,4.94750949296404,24.7
FSM,"Micronesia, Fed. Sts.",East Asia & Pacific,Upper middle income,IDA,2022,43.998,4.67503807779728e-4,85.3,,-3.53756970750719,3815.79465699672,39.027900699999996,,23.9
GAB,Gabon,Sub-Saharan Africa,Upper middle income,IBRD,2000,132.158,0.238391737161775,73.6,,-4.3871748201515,21717.2240796789,1.21614061828589,89.1855513307985,73.3
GAB,Gabon,Sub-Saharan Africa,Upper middle income,IBRD,2001,127.116,0.238253588960161,77.2,,-0.517762468580202,21604.7804441769,1.34762022159633,83.359630419331907,71.5
GAB,Gabon,Sub-Saharan Africa,Upper middle income,IBRD,2002,125.344,0.229320684493891,77.8,,-2.88501235798608,20981.4798584466,1.93953010616212,83.417004048583,69.6
GAB,Gabon,Sub-Saharan Africa,Upper middle income,IBRD,2003,123.369,0.254435765925412,78.5,,-0.505326252378111,20875.4549325844,2.65958659385985,81.4550195567145,67.7
GAB,Gabon,Sub-Saharan Africa,Upper middle income,IBRD,2004,123.115,0.22801355071345,79.2,,-2.09108844494591,20438.9307066593,2.97906980035019,51.2358674463938,65.6
GAB,Gabon,Sub-Saharan Africa,Upper middle income,IBRD,2005,120.986,0.214243791693187,81.6,,-0.262443845603784,20385.2899909124,4.89326474972412,51.1188811188811,63.6
GAB,Gabon,Sub-Saharan Africa,Upper middle income,IBRD,2006,118.986,0.196824013585459,80.5,,-5.6960834287439,19224.1268658387,5.48920080280135,51.8425480769231,61.8
GAB,Gabon,Sub-Saharan Africa,Upper middle income,IBRD,2007,117.015,0.168374613669531,81.3,,2.74524486560748,19751.876221581,5.767000198,51.8489042675894,59.7
GAB,Gabon,Sub-Saharan Africa,Upper middle income,IBRD,2008,116.72,0.18569301258162,82,,-6.37298501256997,18493.0921102783,7.5,53.0356750823271,57.6
GAB,Gabon,Sub-Saharan Africa,Upper middle income,IBRD,2009,117.179,0.183099190662442,82.7,,-3.14683049052138,17911.1458491118,9.5,51.6735921268453,55.6
GAB,Gabon,Sub-Saharan Africa,Upper middle income,IBRD,2010,117.319,0.186951202184839,89.3,,3.45835073677657,18530.5760935497,13,47.0502590673575,53.4
GAB,Gabon,Sub-Saharan Africa,Upper middle income,IBRD,2011,115.331,0.170521891218185,88.7,,3.35937600321799,19153.0878200945,18,41.2857142857143,51.3
GAB,Gabon,Sub-Saharan Africa,Upper middle income,IBRD,2012,111.976,0.163963017627943,89.3,,1.552307854364,19450.402706679,24,42.0865740740741,49.4
GAB,Gabon,Sub-Saharan Africa,Upper middle income,IBRD,2013,108.161,0.160157331091066,86.4,,1.98480609519432,19836.455485141,30.53800011,42.5966348340155,47.3
GAB,Gabon,Sub-Saharan Africa,Upper middle income,IBRD,2014,104.465,0.158317008125712,87.1,,0.869784891054778,20008.9899778716,38.07120132,35.0348171000441,45.8
GAB,Gabon,Sub-Saharan Africa,Upper middle income,IBRD,2015,101.746,0.156641609373623,87.3,,0.693296575495864,20147.7116201795,45.78450012,38.1134575569358,44.4
GAB,Gabon,Sub-Saharan Africa,Upper middle income,IBRD,2016,99.801,0.1562362843125,88.1,,-0.79183198007,19988.1755963186,48.0522995,32.3673870333988,42.7
GAB,Gabon,Sub-Saharan Africa,Upper middle income,IBRD,2017,98.88,0.136295401268557,86.3,,-2.16361774149249,19555.707882916,51.60490036,34.1433891992551,41.4
GAB,Gabon,Sub-Saharan Africa,Upper middle income,IBRD,2018,98.055,0.127216104212801,89.6,,-1.68804743568779,19225.5982574678,55.42020035,35.4504504504504,39.9
GAB,Gabon,Sub-Saharan Africa,Upper middle income,IBRD,2019,97.632,0.12788914565897,90.3,72.0510629415333,1.38257599119697,19491.4067631396,59.51760101,32.8026008669557,38.5
GAB,Gabon,Sub-Saharan Africa,Upper middle income,IBRD,2020,96.307,0.127423237547569,91.1,,-4.15528083286725,18681.4840738546,63.91790009,32.6681048788583,36.8
GAB,Gabon,Sub-Saharan Africa,Upper middle income,IBRD,2021,94.925,0.12185465763461,91.8,,-0.845244788994776,18523.5798032135,65.76809692,31.5882541720154,35.8
GAB,Gabon,Sub-Saharan Africa,Upper middle income,IBRD,2022,93.319,0.123081239578151,93.5,,0.747533658746065,18662.0497970472,67.67169952,,34.7
GBR,United Kingdom,Europe & Central Asia,High income,Not classified,2000,28.732,0.213889896254038,100,101.946479797363,4.15158061382745,43818.3463079443,26.8217543508578,3.35853650127696,6.5
GBR,United Kingdom,Europe & Central Asia,High income,Not classified,2001,27.051,0.21311751310405,100,101.883728027344,1.9975992432021,44693.6612621755,33.4810948744147,3.1110556694708,6.4
GBR,United Kingdom,Europe & Central Asia,High income,Not classified,2002,26.242,0.203599917496858,100,103.448120117188,1.27936543722539,45265.4565169944,56.48,3.55820331262298,6.3
GBR,United Kingdom,Europe & Central Asia,High income,Not classified,2003,26.859,0.202145567247707,100,103.651992797852,2.73900554436896,46505.2798806788,64.82,3.35310574136485,6.2
GBR,United Kingdom,Europe & Central Asia,High income,Not classified,2004,27.278,0.197704322248668,100,105.841842651367,1.74549468873848,47317.027070979,65.61,4.26119560223087,6.1
GBR,United Kingdom,Europe & Central Asia,High income,Not classified,2005,26.542,0.191771308632749,100,106.556312561035,2.08729988072291,48304.6753205932,70,4.98749861932543,6
GBR,United Kingdom,Europe & Central Asia,High income,Not classified,2006,26.008,0.187798321975862,100,99.3644409179688,1.4414302818718,49000.9535382241,68.82,5.52730805825585,5.9
GBR,United Kingdom,Europe & Central Asia,High income,Not classified,2007,25.276,0.179351113427766,100,98.5482711791992,2.13253558466515,50045.9163092519,75.09,5.93404211889756,5.8
GBR,United Kingdom,Europe & Central Asia,High income,Not classified,2008,25.31,0.174058484261289,100,99.5328369140625,-0.832967942760902,49629.0498697349,78.39,6.77161952616921,5.6
GBR,United Kingdom,Europe & Central Asia,High income,Not classified,2009,24.826,0.165192401859964,100,101.106651306152,-5.30637777763782,46995.5449961945,83.56,7.78668294365861,5.4
GBR,United Kingdom,Europe & Central Asia,High income,Not classified,2010,23.648,0.167313962885663,100,103.691650390625,1.46206947680976,47682.6525150443,85,7.66320959272708,5.2
GBR,United Kingdom,Europe & Central Asia,High income,Not classified,2011,21.728,0.152138329355906,100,94.7179718017578,0.0663488911998797,47714.2894262827,85.3799985496322,10.3583881637057,5
GBR,United Kingdom,Europe & Central Asia,High income,Not classified,2012,20.042,0.157087077748553,100,92.7410583496094,0.807661642969506,48099.6594401942,87.4799984242111,12.1419134027188,4.8
GBR,United Kingdom,Europe & Central Asia,High income,Not classified,2013,17.494,0.150849744662738,100,129.011032104492,1.04127689543228,48600.5100807266,89.8441,15.6690312872525,4.6
GBR,United Kingdom,Europe & Central Asia,High income,Not classified,2014,15.803,0.133925571603707,100,131.405410766602,2.39228723571463,49763.17387988,91.6133009176453,19.9592553440347,4.5
GBR,United Kingdom,Europe & Central Asia,High income,Not classified,2015,14.712,0.126621385313195,100,128.079116821289,1.40597768353071,50462.8329992477,92.0002998740234,25.4710311062464,4.5
GBR,United Kingdom,Europe & Central Asia,High income,Not classified,2016,13.952,0.116731482401074,100,,1.39797854877506,51168.2925796814,94.7758006318882,25.4852540875207,4.4
GBR,United Kingdom,Europe & Central Asia,High income,Not classified,2017,12.978,0.110082104566451,100,127.764511108398,2.46409428701189,52429.1275538988,90.4245504868553,30.154491759748,4.4
GBR,United Kingdom,Europe & Central Asia,High income,Not classified,2018,12.068,0.106455827392213,100,122.013656616211,1.0564966711085,52983.039541197,90.692008988783,33.7661243996114,4.4
GBR,United Kingdom,Europe & Central Asia,High income,Not classified,2019,11.064,0.100953879451269,100,118.958671569824,0.738072456841849,53374.0927628482,92.5166285497138,37.5205246899264,4.4
GBR,United Kingdom,Europe & Central Asia,High income,Not classified,2020,9.701,0.099939952737176,100,116.565010070801,-10.1988501221779,47930.5490378931,94.81820132,43.8836758483445,4.4
GBR,United Kingdom,Europe & Central Asia,High income,Not classified,2021,8.578,0.0973209498552521,100,115.857772827148,8.15741414430147,51840.4424245515,96.19650269,40.1999760236135,4.4
GBR,United Kingdom,Europe & Central Asia,High income,Not classified,2022,8.379,0.0890159062033718,100,115.081817626953,4.1267500565517,53979.7679116234,95.46530151,,4.5
GEO,Georgia,Europe & Central Asia,Upper middle income,IBRD,2000,43.871,0.224051180693769,99.8,80.0817413330078,3.84018024327052,5706.27236527837,0.484746298540492,79.2200969827586,35.8
GEO,Georgia,Europe & Central Asia,Upper middle income,IBRD,2001,35.732,0.159073814965296,99.8,82.9587173461914,6.44578529290918,6074.08643017282,0.992344436138154,79.795156407669,33.4
GEO,Georgia,Europe & Central Asia,Upper middle income,IBRD,2002,35.662,0.139724781731181,99.9,85.5044097900391,6.42465284351501,6464.32539672648,1.58787562980332,92.4831197464517,30.9
GEO,Georgia,Europe & Central Asia,Upper middle income,IBRD,2003,37.325,0.138501678444973,100,89.1005401611328,11.8096106867876,7227.73705960701,2.55881648068489,90.7430167597765,28.3
GEO,Georgia,Europe & Central Asia,Upper middle income,IBRD,2004,38.364,0.14271615548844,99.9,86.4853973388672,6.44984993877193,7693.91525392067,3.88622135350273,87.0566146735991,25.8
GEO,Georgia,Europe & Central Asia,Upper middle income,IBRD,2005,43.093,0.15036506826494,97.9,91.160026550293,10.2895785214873,8485.58670534953,6.079500198,82.9833493876428,23.3
GEO,Georgia,Europe & Central Asia,Upper middle income,IBRD,2006,42.039,0.156800242445236,100,96.5612411499023,10.0452966712851,9337.98906420101,7.52687684487832,74.1265266913682,21
GEO,Georgia,Europe & Central Asia,Upper middle income,IBRD,2007,43.25,0.161698497214245,100,,13.1643509520424,10567.2747164758,8.26,81.9871579452712,19
GEO,Georgia,Europe & Central Asia,Upper middle income,IBRD,2008,49.608,0.135976886625263,100,107.212013244629,2.7332346709434,10856.1031328003,10.01000023,84.8102448834733,17.1
GEO,Georgia,Europe & Central Asia,Upper middle income,IBRD,2009,58.436,0.16076204032205,100,,-2.79118104819281,10553.0896395853,20.06999969,86.6675625146062,15.5
GEO,Georgia,Europe & Central Asia,Upper middle income,IBRD,2010,55.294,0.14759519804995,100,,7.02428366897674,11294.3685917112,26.9,92.6007506914263,14.2
GEO,Georgia,Europe & Central Asia,Upper middle income,IBRD,2011,50.57,0.164309329825266,100,,8.8036288733672,12288.6828861156,31.52000046,77.422601530312,13.1
GEO,Georgia,Europe & Central Asia,Upper middle income,IBRD,2012,47.313,0.168171406664233,100,,7.36675215463949,13193.9596974054,36.93999863,74.4766374419804,12.2
GEO,Georgia,Europe & Central Asia,Upper middle income,IBRD,2013,46.467,0.176887206250142,100,104.884443945013,5.44978265548417,13913.0018245661,43.3,82.22696093051,11.5
GEO,Georgia,Europe & Central Asia,Upper middle income,IBRD,2014,50.878,0.182772247198446,100,103.98407296803,4.04162752314514,14475.3135356035,49.1024547144647,80.3716131520586,11
GEO,Georgia,Europe & Central Asia,Upper middle income,IBRD,2015,48.127,0.191341851222874,100,104.703674077125,3.18839294862944,14936.8434116647,47.5697596438736,78.037108834118,10.6
GEO,Georgia,Europe & Central Asia,Upper middle income,IBRD,2016,44.002,0.191530435179298,100,105.340707282856,3.38835328316745,15442.9564358054,58.4592896118725,80.6874027993779,10.2
GEO,Georgia,Europe & Central Asia,Upper middle income,IBRD,2017,37.22,0.184539486518127,100,106.843781110901,5.14582677562736,16237.6242230275,59.7055045962571,80.6424421125661,10
GEO,Georgia,Europe & Central Asia,Upper middle income,IBRD,2018,32.988,0.173464018056218,99.9,109.227803680577,6.10344745087359,17228.6790847503,62.7179081974285,82.60602568324,9.8
GEO,Georgia,Europe & Central Asia,Upper middle income,IBRD,2019,29.594,0.176219774110708,100,109.182046396768,5.56167165873158,18186.8816465807,68.8467135616978,76.0791160593792,9.6
GEO,Georgia,Europe & Central Asia,Upper middle income,IBRD,2020,27.086,0.182022326514544,100,105.57885771221,-6.35478715206467,17031.144028342602,72.53157487,74.7826866206649,9.4
GEO,Georgia,Europe & Central Asia,Upper middle income,IBRD,2021,25.154,0.175952423638124,100,103.428793170353,11.0650780067831,18915.6534005263,76.4427093,81.3667062079873,9.2
GEO,Georgia,Europe & Central Asia,Upper middle income,IBRD,2022,21.511,0.172961176310095,100,100.530264984786,10.8422088053808,20966.5280391134,78.71127536,,9
GHA,Ghana,Sub-Saharan Africa,Lower middle income,IDA,2000,84.342,0.0920913069125119,43.7,28.9962100982666,1.12706117579829,3327.35199291767,0.153615297625799,91.7001246019659,99.9
GHA,Ghana,Sub-Saharan Africa,Lower middle income,IDA,2001,82.309,0.09570721350376,44.8,27.9841899871826,1.26692433665509,3369.50702508212,0.200008060324831,84.266446112737,95.8
GHA,Ghana,Sub-Saharan Africa,Lower middle income,IDA,2002,80.088,0.10815653001237,46.8,29.3423309326172,1.6652639048673,3425.61820934278,0.830284033818738,69.4280214491957,91.9
GHA,Ghana,Sub-Saharan Africa,Lower middle income,IDA,2003,77.289,0.0964920812293219,48.3,30.6779098510742,2.39760659496866,3507.75105744843,1.19305791098328,66.2784767086025,88.2
GHA,Ghana,Sub-Saharan Africa,Lower middle income,IDA,2004,75.661,0.0851446411388727,50.8,32.5887718200684,2.83982995857866,3607.36522285021,1.71679770389504,87.6552409339295,85
GHA,Ghana,Sub-Saharan Africa,Lower middle income,IDA,2005,73.636,0.0850573614448683,41.2,34.3779106140137,3.15861099530474,3721.30785741996,1.83119746104616,83.1246317030053,82
GHA,Ghana,Sub-Saharan Africa,Lower middle income,IDA,2006,74.147,0.0972090239303126,55.1,36.2336196899414,3.66950804093835,3857.86154847605,2.72317597313987,66.7686832740214,79.1
GHA,Ghana,Sub-Saharan Africa,Lower middle income,IDA,2007,75.409,0.0983540647187933,56.9,40.4977607727051,1.69171777527903,3923.12567803728,3.85,53.5482946402981,76.2
GHA,Ghana,Sub-Saharan Africa,Lower middle income,IDA,2008,73.096,0.0854558686365852,60.5,42.8381881713867,6.41466992518754,4174.78124103364,4.27,74.625180201826,73.1
GHA,Ghana,Sub-Saharan Africa,Lower middle income,IDA,2009,71.37,0.0934411950913699,61.1,44.4520797729492,2.26068893513001,4269.16005861557,5.44,76.9457468184863,69.8
GHA,Ghana,Sub-Saharan Africa,Lower middle income,IDA,2010,70.724,0.0971643015764868,64.2,,5.30617508163762,4495.68916584106,7.8,68.9564276581096,66.5
GHA,Ghana,Sub-Saharan Africa,Lower middle income,IDA,2011,71.413,0.0918129925232616,64.1,52.0960388183594,11.3370417824575,5005.36732498187,9,67.4512596812962,63.3
GHA,Ghana,Sub-Saharan Africa,Lower middle income,IDA,2012,71.644,0.101402892556057,56.5,53.1241347690324,6.67974740594653,5339.71321903045,10.6,66.8883374689826,60.3
GHA,Ghana,Sub-Saharan Africa,Lower middle income,IDA,2013,72.474,0.100512299730902,70.7,64.3019790649414,4.75796338524816,5593.77481886917,15,63.9937960449787,57.5
GHA,Ghana,Sub-Saharan Africa,Lower middle income,IDA,2014,72.556,0.0941512557074807,78.3,61.2572744110292,0.452244093941871,5619.07233511591,19,64.8856768424298,54.9
GHA,Ghana,Sub-Saharan Africa,Lower middle income,IDA,2015,72.481,0.0970148622292572,74,64.5307806759859,-0.208325820413904,5607.36635657413,23,50.8573529411765,52.5
GHA,Ghana,Sub-Saharan Africa,Lower middle income,IDA,2016,70.423,0.0964303987587957,79.3,65.3783920673892,1.04704406736222,5666.07795334591,28,47.6268530283778,50.3
GHA,Ghana,Sub-Saharan Africa,Lower middle income,IDA,2017,67.881,0.0965895526608306,79,64.9647509332356,5.78094585817396,5993.63085211077,37.88420105,40.3716417910448,48.2
GHA,Ghana,Sub-Saharan Africa,Lower middle income,IDA,2018,66.515,0.099766822193657,80.4,66.9166894213064,4.01895338314475,6234.51208201488,43,37.4674421467258,46.1
GHA,Ghana,Sub-Saharan Africa,Lower middle income,IDA,2019,64.279,0.0996682476119478,83.5,70.2943846951293,4.39063133478864,6508.24652305901,22.0732,40.3917871474905,44.1
GHA,Ghana,Sub-Saharan Africa,Lower middle income,IDA,2020,62.026,0.112211815312345,85.4,73.2758030599046,-1.46830801654092,6412.68541762469,62.51760101,36.660734645318,42.2
GHA,Ghana,Sub-Saharan Africa,Lower middle income,IDA,2021,59.76,0.113984837010311,86.3,75.6377570946198,3.03800270044563,6607.50297378321,68.6,34.867098938968,40.3
GHA,Ghana,Sub-Saharan Africa,Lower middle income,IDA,2022,58.808,0.106651399525813,85.1,77.9574778013858,1.83051244958061,6728.45413832472,69.91329956,,38.6
GIB,Gibraltar,Europe & Central Asia,High income,Not classified,2000,24.617,,99.9,103.35765838623,,,19.1316381248919,0,
GIB,Gibraltar,Europe & Central Asia,High income,Not classified,2001,23.382,,99.9,111.911758422852,,,21.171109436031,0,
GIB,Gibraltar,Europe & Central Asia,High income,Not classified,2002,18.428,,99.8,,,,23.670239745714,0,
GIB,Gibraltar,Europe & Central Asia,High income,Not classified,2003,17.159,,99.8,,,,28.3257797920554,0,
GIB,Gibraltar,Europe & Central Asia,High income,Not classified,2004,17.199,,99.7,,,,32.8860826098395,0,
GIB,Gibraltar,Europe & Central Asia,High income,Not classified,2005,16.971,,99.7,,,,39.0701308849385,0,
GIB,Gibraltar,Europe & Central Asia,High income,Not classified,2006,16.355,,99.7,,,,45.29864751181,0,
GIB,Gibraltar,Europe & Central Asia,High income,Not classified,2007,15.794,,99.7,,,,51.61,0,
GIB,Gibraltar,Europe & Central Asia,High income,Not classified,2008,15.402,,99.7,110.893852233887,,,58,0,
GIB,Gibraltar,Europe & Central Asia,High income,Not classified,2009,15.09,,100,109.230766296387,,,65.07,0,
GIB,Gibraltar,Europe & Central Asia,High income,Not classified,2010,15.035,,100,,,,65,0,
GIB,Gibraltar,Europe & Central Asia,High income,Not classified,2011,14.697,,99.8,,,,65,0,
GIB,Gibraltar,Europe & Central Asia,High income,Not classified,2012,13.946,,99.9,,,,65.017,0,
GIB,Gibraltar,Europe & Central Asia,High income,Not classified,2013,12.67,,99.9,,,,,0,
GIB,Gibraltar,Europe & Central Asia,High income,Not classified,2014,11.279,,99.9,,,,,0,
GIB,Gibraltar,Europe & Central Asia,High income,Not classified,2015,10.05,,100,,,,,0,
GIB,Gibraltar,Europe & Central Asia,High income,Not classified,2016,8.796,,100,131.354838709677,,,94.4444715818151,,
GIB,Gibraltar,Europe & Central Asia,High income,Not classified,2017,8.832,,100,130.694275274056,,,,,
GIB,Gibraltar,Europe & Central Asia,High income,Not classified,2018,8.797,,100,,,,,,
GIB,Gibraltar,Europe & Central Asia,High income,Not classified,2019,8.689,,100,98.7607192993164,,,,,
GIB,Gibraltar,Europe & Central Asia,High income,Not classified,2020,8.388,,100,98.175178527832,,,,,
GIB,Gibraltar,Europe & Central Asia,High income,Not classified,2021,8.283,,100,97.8042068481445,,,,,
GIB,Gibraltar,Europe & Central Asia,High income,Not classified,2022,8.477,,100,70.1354675292969,,,,,
GIN,Guinea,Sub-Saharan Africa,Lower middle income,IDA,2000,151.173,0.0734545031395197,15.2,,0.512194741763963,2358.28765608495,0.0954249236063846,55.9693318729463,165.7
GIN,Guinea,Sub-Saharan Africa,Lower middle income,IDA,2001,146.167,0.076457904105802,16.4,10.4426498413086,2.30947074547048,2412.75161959628,0.175541868491054,57.2614107883817,159
GIN,Guinea,Sub-Saharan Africa,Lower middle income,IDA,2002,147.271,0.0783609369537908,17.7,12.3354597091675,3.5387047162788,2498.13177495102,0.402022748744397,58.6206896551724,152.7
GIN,Guinea,Sub-Saharan Africa,Lower middle income,IDA,2003,143.04,0.0819662462289799,18.9,14.1111297607422,-0.996648465303707,2473.23418295471,0.450960370842751,46.3499420625724,146.9
GIN,Guinea,Sub-Saharan Africa,Lower middle income,IDA,2004,138.322,0.0815216570390914,20.2,15.3069696426392,0.172593565879879,2477.50282602363,0.508819332302937,61.4617940199336,141.6
GIN,Guinea,Sub-Saharan Africa,Lower middle income,IDA,2005,138.1,0.0757721705502985,20.2,19.3124198913574,0.957366356559277,2501.22160456279,0.542299986,60.7594434975623,137
GIN,Guinea,Sub-Saharan Africa,Lower middle income,IDA,2006,138.735,0.0793427257729429,22.8,22.1961803436279,-0.903894697466356,2478.61319510726,0.637499988,63.0935557781223,133.1
GIN,Guinea,Sub-Saharan Africa,Lower middle income,IDA,2007,139.395,0.0776032736336152,24.1,,4.37307821452357,2587.0048887648,0.780025279059244,64.691153094096,129.7
GIN,Guinea,Sub-Saharan Africa,Lower middle income,IDA,2008,142.485,0.0792178954108542,25.4,24.3607196807861,1.64417388168144,2629.5397474637,0.92,74.3490896150881,126.9
GIN,Guinea,Sub-Saharan Africa,Lower middle income,IDA,2009,143.059,0.0850090678949536,26.7,,-3.50758302722751,2537.30645758746,0.94,70.3399695549652,124.4
GIN,Guinea,Sub-Saharan Africa,Lower middle income,IDA,2010,144.497,0.09305651156517,28.1,,2.26713039266406,2594.83050344245,1,77.3998524648,122.2
GIN,Guinea,Sub-Saharan Africa,Lower middle income,IDA,2011,141.49,0.0931379140715141,29.5,28.5025997161865,3.02826048764469,2673.40873029955,2,75.9510967277958,120.3
GIN,Guinea,Sub-Saharan Africa,Lower middle income,IDA,2012,138.242,0.0832171386627272,26.2,,3.34759058991902,2762.90350938513,3.0999999049999998,67.7351443123939,118.4
GIN,Guinea,Sub-Saharan Africa,Lower middle income,IDA,2013,136.008,0.0723684084275484,32.2,,1.4353219620192,2802.56007024474,4.5,74.1009687090408,116.6
GIN,Guinea,Sub-Saharan Africa,Lower middle income,IDA,2014,133.031,0.0729707674723111,33.5,30.6022090911865,1.15630967477851,2834.96634347846,6.400000095,60.301083012492,115.4
GIN,Guinea,Sub-Saharan Africa,Lower middle income,IDA,2015,129.659,0.0849073647573505,34.9,,1.2305341257089,2869.85157178732,9.199999809,78.8746543860741,113.7
GIN,Guinea,Sub-Saharan Africa,Lower middle income,IDA,2016,126.677,0.0862952542138515,33.5,,8.01216245351651,3099.78874189372,13.100000380000001,67.9480350193333,111.4
GIN,Guinea,Sub-Saharan Africa,Lower middle income,IDA,2017,126.32,0.0792204169309352,35.4,,7.51589992127235,3332.76576150531,18.700000760000002,69.298370922306,109.5
GIN,Guinea,Sub-Saharan Africa,Lower middle income,IDA,2018,126.102,0.0852215971037903,45,,3.68700873912611,3455.64512638662,21.8300230430563,63.2895906310451,107.5
GIN,Guinea,Sub-Saharan Africa,Lower middle income,IDA,2019,126.258,0.103818925460019,42.2,,2.9464024435663,3557.46233883145,23.89049911,63.8927510354618,105.4
GIN,Guinea,Sub-Saharan Africa,Lower middle income,IDA,2020,125.054,0.111088051669458,44.7,,2.06694997562413,3630.99330577677,26.14550018,61.8418206822253,102.9
GIN,Guinea,Sub-Saharan Africa,Lower middle income,IDA,2021,122.721,0.0990559355467212,46.8,,2.96921009369555,3738.8051255133,28.61330032,88.1321934987129,100.3
GIN,Guinea,Sub-Saharan Africa,Lower middle income,IDA,2022,120.438,0.0979563107953025,47.7,,1.423063279934,3792.01068836277,31.31399918,,97.6
GMB,"Gambia, The",Sub-Saharan Africa,Low income,IDA,2000,116.941,0.0688119861317891,34.3,,2.65021456237223,2658.61770579464,0.921794919066406,0,112.8
GMB,"Gambia, The",Sub-Saharan Africa,Low income,IDA,2001,114.117,0.07285812867695,29.9,,2.97441795005224,2737.69610805906,1.33679116648397,0.022202486678508,108.1
GMB,"Gambia, The",Sub-Saharan Africa,Low income,IDA,2002,108.131,0.0782096974133002,31.5,,-5.81287900613223,2578.557145742,1.79677988296495,0.116562466885663,103.6
GMB,"Gambia, The",Sub-Saharan Africa,Low income,IDA,2003,103.092,0.0745762578140448,27.8,,4.0302689250437,2682.47993310133,2.436781193062,0.296256396444923,99.2
GMB,"Gambia, The",Sub-Saharan Africa,Low income,IDA,2004,100.599,0.0721371480861693,34.8,,4.16456397721086,2794.19352609118,3.30800347812937,0.489548527469112,94.9
GMB,"Gambia, The",Sub-Saharan Africa,Low income,IDA,2005,98.111,0.075004746262951,30.5,,-5.03011452953602,2653.64239155191,3.799000025,0.654799745708837,90.7
GMB,"Gambia, The",Sub-Saharan Africa,Low income,IDA,2006,99.965,0.0836071991101193,38.1,,-3.35221701800941,2564.68653970519,5.23769115841218,0.708267187690805,86.8
GMB,"Gambia, The",Sub-Saharan Africa,Low income,IDA,2007,98.721,0.0854397365915593,39.8,,0.0963372438063175,2567.15728802982,6.20503741852418,0.830505447401322,83
GMB,"Gambia, The",Sub-Saharan Africa,Low income,IDA,2008,95.364,0.0811775770184892,41.5,43.8599510192871,3.21187607038,2649.61119865306,6.8800001140000004,0.970036645828843,79.4
GMB,"Gambia, The",Sub-Saharan Africa,Low income,IDA,2009,94.785,0.0845131441987813,43.2,45.4219284057617,3.61238687182772,2745.32540574768,7.6300001140000004,1.20436105476673,76
GMB,"Gambia, The",Sub-Saharan Africa,Low income,IDA,2010,92.194,0.0810113523900039,46.8,44.591251373291,2.87350950500529,2824.21259222517,9.2,1.23230309072782,72.7
GMB,"Gambia, The",Sub-Saharan Africa,Low income,IDA,2011,89.74,0.0927419252597279,48.3,,-10.7772609082744,2519.83983255672,10.87030029,1.8878313537324,69.7
GMB,"Gambia, The",Sub-Saharan Africa,Low income,IDA,2012,89.652,0.0844732911733276,49.9,,2.18645897140155,2574.93509664061,12.44919968,2.01788303528275,66.8
GMB,"Gambia, The",Sub-Saharan Africa,Low income,IDA,2013,86.721,0.0824654100464087,51.5,,-0.0966163079995681,2572.44728941685,14,2.12715294864672,64
GMB,"Gambia, The",Sub-Saharan Africa,Low income,IDA,2014,81.725,0.0906705819670516,53,,-4.17258609769029,2465.10971144823,15.56000042,2.00723922342876,61.4
GMB,"Gambia, The",Sub-Saharan Africa,Low income,IDA,2015,76.888,0.0916732311760276,54.7,,1.25137248146628,2495.95741601525,17.59950066,1.61640740418875,58.9
GMB,"Gambia, The",Sub-Saharan Africa,Low income,IDA,2016,72.228,0.090773674198079,56.4,,-0.701007891119758,2478.46055756999,19.90640068,1.42922770659997,56.6
GMB,"Gambia, The",Sub-Saharan Africa,Low income,IDA,2017,67.899,0.0882491392625919,56.2,,2.20807546707253,2533.18683710276,22.5156002,1.42922770659997,54.3
GMB,"Gambia, The",Sub-Saharan Africa,Low income,IDA,2018,64.859,0.0723461964334581,60.3,,4.66787430455537,2651.43281455826,28.30900002,1.42922770659997,52.3
GMB,"Gambia, The",Sub-Saharan Africa,Low income,IDA,2019,63.374,0.0688038894860203,62.1,,3.74848295956672,2750.82132179634,31.11829948,1.63007488156487,50.4
GMB,"Gambia, The",Sub-Saharan Africa,Low income,IDA,2020,61.874,0.0620742181659861,62.2,,-1.7631871131438,2702.31919474482,36.01100159,1.63007488156487,48.6
GMB,"Gambia, The",Sub-Saharan Africa,Low income,IDA,2021,60.503,0.0667446396258033,63.7,116.372766553778,2.79304588389131,2777.79620978324,41.67309952,1.60250694249828,47
GMB,"Gambia, The",Sub-Saharan Africa,Low income,IDA,2022,59.158,0.0655610488103707,65.4,,3.07381399019251,2863.18049829859,48.22539902,,45.3
GNB,Guinea-Bissau,Sub-Saharan Africa,Low income,IDA,2000,124.284,0.0824755560915151,,12.7837495803833,-0.908641384543557,1974.74466342453,0.230103170591588,0,174.8
GNB,Guinea-Bissau,Sub-Saharan Africa,Low income,IDA,2001,124.062,0.0827790444252727,,,2.58170548418317,2025.72675469878,0.299569144677667,0,169.3
GNB,Guinea-Bissau,Sub-Saharan Africa,Low income,IDA,2002,123.582,0.0843165759860882,1.3,,1.40014043705072,2054.08977413547,1.02299323436117,0,163.6
GNB,Guinea-Bissau,Sub-Saharan Africa,Low income,IDA,2003,122.384,0.100159806476402,2.6,,-2.51633136885211,2002.40206880451,1.35419747762901,0,157.7
GNB,Guinea-Bissau,Sub-Saharan Africa,Low income,IDA,2004,118.528,0.100945944794776,3.9,,-1.13385031185746,1979.69782670273,1.80814220342991,0,151.6
GNB,Guinea-Bissau,Sub-Saharan Africa,Low income,IDA,2005,115.651,0.0966987506608153,5.2,,4.08995783100083,2060.66663299612,1.90139997,0,145.3
GNB,Guinea-Bissau,Sub-Saharan Africa,Low income,IDA,2006,115.841,0.0989085797386739,14.5,,0.220591080099751,2065.2122797791,2.057199955,0,139.1
GNB,Guinea-Bissau,Sub-Saharan Africa,Low income,IDA,2007,115.374,0.102511162124979,7.9,,0.0376503174978779,2065.98983875944,2.20630002,0,132.8
GNB,Guinea-Bissau,Sub-Saharan Africa,Low income,IDA,2008,113.712,0.093063140770314,9.3,,1.92082759963192,2105.67394178792,2.35488871087933,0,126.5
GNB,Guinea-Bissau,Sub-Saharan Africa,Low income,IDA,2009,112.127,0.096291048069962,4.7,,-0.124226604498276,2103.05813454823,2.30328059172582,0,120.2
GNB,Guinea-Bissau,Sub-Saharan Africa,Low income,IDA,2010,110.942,0.0925665065421539,6,,2.91052833964689,2164.26823755351,2.450000048,0,114.3
GNB,Guinea-Bissau,Sub-Saharan Africa,Low income,IDA,2011,110.405,0.0868977235145327,13.5,,5.28027330014127,2278.54751544448,2.671999931,0,108.6
GNB,Guinea-Bissau,Sub-Saharan Africa,Low income,IDA,2012,107.919,0.0889119248061413,14.9,,-4.29238918450449,2180.74338832775,2.894000053,0,103.6
GNB,Guinea-Bissau,Sub-Saharan Africa,Low income,IDA,2013,105.848,0.0886091364281851,16.3,,0.543365078897963,2192.5927863603,3.0999999049999998,0,99.1
GNB,Guinea-Bissau,Sub-Saharan Africa,Low income,IDA,2014,102.357,0.0908789494364907,17.2,,-1.65358336592615,2156.33643676255,3.319999933,0,95.2
GNB,Guinea-Bissau,Sub-Saharan Africa,Low income,IDA,2015,98.391,0.0909719257801618,20.1,,3.4407197814937,2230.52993109779,6.099999905,1.91938579654511,91.6
GNB,Guinea-Bissau,Sub-Saharan Africa,Low income,IDA,2016,94.263,0.0901641948602962,22.9,,2.81765698941554,2293.37861360238,13.80000019,1.97784810126582,88.2
GNB,Guinea-Bissau,Sub-Saharan Africa,Low income,IDA,2017,90.151,0.0697268893396273,26,,2.14454305364472,2342.56110535416,14.80000019,1.97784810126582,85.1
GNB,Guinea-Bissau,Sub-Saharan Africa,Low income,IDA,2018,88.417,0.0772812968193428,28.4,,1.32710524004433,2373.64935653455,15.69999981,7.08661417322835,82.2
GNB,Guinea-Bissau,Sub-Saharan Africa,Low income,IDA,2019,87.043,0.0742047444189758,30.9,,2.89045755858285,2442.25868377476,17.92149925,7.08661417322835,79.5
GNB,Guinea-Bissau,Sub-Saharan Africa,Low income,IDA,2020,85.874,0.0680139040362375,33.4,,0.563114253614899,2456.01139053324,20.45730019,7.08661417322835,76.7
GNB,Guinea-Bissau,Sub-Saharan Africa,Low income,IDA,2021,84.568,0.06470669622625,35.8,,2.69206006657852,2522.12869240841,23.3519001,7.08661417322835,74.3
GNB,Guinea-Bissau,Sub-Saharan Africa,Low income,IDA,2022,83.159,0.0628005690051178,37.4,,3.11934051229805,2600.802474483,27.67379951,,72
GNQ,Equatorial Guinea,Sub-Saharan Africa,Upper middle income,IBRD,2000,186.496,0.331641046702946,64.8,13.4011402130127,12.1516339606444,11767.4708814313,0.132354665123789,10.2941176470588,154.5
GNQ,Equatorial Guinea,Sub-Saharan Africa,Upper middle income,IBRD,2001,183.977,0.266296546780788,64.9,,53.2356880825419,18031.964975074,0.16526042288306,5.36842105263158,150.2
GNQ,Equatorial Guinea,Sub-Saharan Africa,Upper middle income,IBRD,2002,184.231,0.198865946684898,64.9,13.6110897064209,12.258597420866,20242.4309684399,0.321197997152044,5.36842105263158,145.9
GNQ,Equatorial Guinea,Sub-Saharan Africa,Upper middle income,IBRD,2003,185.167,0.195070021267483,64.9,,7.24786542705019,21709.5751241959,0.520524272046806,5.06382978723404,141.5
GNQ,Equatorial Guinea,Sub-Saharan Africa,Upper middle income,IBRD,2004,186.388,0.247229991094123,64.9,,30.0162976688723,28225.985816122,0.843930284607049,4.04624277456647,137
GNQ,Equatorial Guinea,Sub-Saharan Africa,Upper middle income,IBRD,2005,186.155,0.215667375688736,65,15.326849937439,10.9012034435108,31302.957953874,1.149799943,3.86740331491713,132.3
GNQ,Equatorial Guinea,Sub-Saharan Africa,Upper middle income,IBRD,2006,185.757,0.199944817793844,65.1,,3.03105558195507,32251.7680082519,1.279199958,3.64583333333333,127.4
GNQ,Equatorial Guinea,Sub-Saharan Africa,Upper middle income,IBRD,2007,185.349,0.193810851506717,65.1,,10.1968975693747,35540.4477563657,1.557100058,3.30188679245283,122.6
GNQ,Equatorial Guinea,Sub-Saharan Africa,Upper middle income,IBRD,2008,184.087,0.152314582929691,65.2,,12.5326733451216,39994.6159790647,1.820000052,3.34928229665072,118
GNQ,Equatorial Guinea,Sub-Saharan Africa,Upper middle income,IBRD,2009,182.423,0.124614272823053,65.4,,-3.22046029526918,38706.6052512135,2.130000114,2.85714285714286,113.5
GNQ,Equatorial Guinea,Sub-Saharan Africa,Upper middle income,IBRD,2010,180.057,0.142772027950797,66.1,,-13.0151718370352,33668.8740654852,6,2.53623188405797,109.4
GNQ,Equatorial Guinea,Sub-Saharan Africa,Upper middle income,IBRD,2011,178.292,0.13977296815812,66.1,,1.99905762799257,34341.9342607505,11.5,1.77664974619289,105.6
GNQ,Equatorial Guinea,Sub-Saharan Africa,Upper middle income,IBRD,2012,175.897,0.121449055539758,65.7,,3.98800386782088,35711.4919273537,13.94320011,9.15300546448088,102
GNQ,Equatorial Guinea,Sub-Saharan Africa,Upper middle income,IBRD,2013,173.885,0.129243750968948,65.9,,-7.8885603944365,32894.3693189101,16.39999962,15.2460984393757,98.6
GNQ,Equatorial Guinea,Sub-Saharan Africa,Upper middle income,IBRD,2014,171.857,0.128588082192283,66,,-3.43058595312914,31765.8997056851,18.86000061,11.053089643168,95.3
GNQ,Equatorial Guinea,Sub-Saharan Africa,Upper middle income,IBRD,2015,169.671,0.133781664168316,66.1,,-12.4917142663428,27797.7942803179,21.31999969,9.77675134719015,92.1
GNQ,Equatorial Guinea,Sub-Saharan Africa,Upper middle income,IBRD,2016,167.303,0.146239254293777,66.2,,-12.0971098998986,24435.0645564801,23.78000069,9.09799713876967,89
GNQ,Equatorial Guinea,Sub-Saharan Africa,Upper middle income,IBRD,2017,164.344,0.140576471460125,66.4,,-8.94053555047577,22250.4389230263,26.23999977,9.55963990997749,86.1
GNQ,Equatorial Guinea,Sub-Saharan Africa,Upper middle income,IBRD,2018,161.597,0.163063328735017,66.5,,-9.37041905185943,20165.4795550607,29.39999962,9.41137370753323,83.2
GNQ,Equatorial Guinea,Sub-Saharan Africa,Upper middle income,IBRD,2019,158.817,0.166262710364302,66.6,,-8.52391282041842,18446.5916579681,49.13370132,9.09421841541756,80.7
GNQ,Equatorial Guinea,Sub-Saharan Africa,Upper middle income,IBRD,2020,156.024,0.167391757546066,66.7,,-7.35874657366674,17089.153726379,55.00130081,9.04758522727273,77.9
GNQ,Equatorial Guinea,Sub-Saharan Africa,Upper middle income,IBRD,2021,154.136,0.170043743823303,66.8,,-1.56652040015599,16821.4486470413,58.71730042,8.82316227461859,75.1
GNQ,Equatorial Guinea,Sub-Saharan Africa,Upper middle income,IBRD,2022,152.146,0.166632754302533,67,,0.661786258781987,16932.7706827155,63.65950012,,72.8
GRC,Greece,Europe & Central Asia,High income,Not classified,2000,10.292,0.283249397256216,100,98.8526763916016,3.71272971778744,31386.639783624,9.13883730776798,8.4727819772301,6.4
GRC,Greece,Europe & Central Asia,High income,Not classified,2001,11.701,0.276452058367787,100,103.383697509766,4.10776514479092,32675.9292327768,10.9350258080278,6.62911514970952,6
GRC,Greece,Europe & Central Asia,High income,Not classified,2002,11.54,0.263994989378541,100,99.013557434082,4.30010645802261,34081.0289759343,14.67,7.76461324348081,5.6
GRC,Greece,Europe & Central Asia,High income,Not classified,2003,11.249,0.259088784697337,100,94.5704803466797,5.54464686570202,35970.7016808475,17.8,11.0449624600229,5.2
GRC,Greece,Europe & Central Asia,High income,Not classified,2004,10.863,0.245250817677989,100,92.2558898925781,5.11746949484984,37811.4913664483,21.42,10.8695278536043,4.9
GRC,Greece,Europe & Central Asia,High income,Not classified,2005,10.238,0.247272068760829,100,95.032829284668,0.887221298370648,38146.962971083,24,11.6626124625125,4.6
GRC,Greece,Europe & Central Asia,High income,Not classified,2006,10.682,0.229494820804333,100,94.9060592651367,6.12419382696766,40483.1569225337,32.25,13.6366612380529,4.3
GRC,Greece,Europe & Central Asia,High income,Not classified,2007,10.602,0.229557913601969,100,92.760383605957,3.24351376995932,41796.2336918303,35.88,8.47272269119315,4.1
GRC,Greece,Europe & Central Asia,High income,Not classified,2008,11.538,0.220400405970746,100,,-0.2077841521306,41709.3877420312,38.2,10.333542486941,4
GRC,Greece,Europe & Central Asia,High income,Not classified,2009,11.426,0.217187674856897,100,,-4.37113631022572,39886.2135496664,42.4,13.7459732637757,4
GRC,Greece,Europe & Central Asia,High income,Not classified,2010,10.925,0.21325915292918,100,104.387901306152,-5.81520524166056,37566.7483686263,44.4,18.3954707778068,3.9
GRC,Greece,Europe & Central Asia,High income,Not classified,2011,9.71,0.228786868340897,100,103.346748352051,-9.74334160929287,33906.4917435676,51.6499951676815,14.1459048388182,4
GRC,Greece,Europe & Central Asia,High income,Not classified,2012,8.773,0.236282340942615,100,103.870376586914,-7.83408943355501,31250.2268565956,55.0699934418411,16.9602355681688,4
GRC,Greece,Europe & Central Asia,High income,Not classified,2013,8.203,0.219015258367512,100,105.128707885742,-1.56089629701783,30762.4432227813,59.8663,25.1734497480403,4.1
GRC,Greece,Europe & Central Asia,High income,Not classified,2014,8.194,0.208855293808711,100,100.458488464355,1.46585655106406,31213.3765120298,63.2073404784561,24.3841185560883,4.2
GRC,Greece,Europe & Central Asia,High income,Not classified,2015,8.421,0.204745229845478,100,99.8590774536133,0.431225575747547,31347.976574604,66.8349594911035,28.7272622122836,4.3
GRC,Greece,Europe & Central Asia,High income,Not classified,2016,9.048,0.201003267686511,100,100.793319702148,0.384851865059588,31468.6198471099,69.0879154723892,27.3986920900841,4.3
GRC,Greece,Europe & Central Asia,High income,Not classified,2017,8.716,0.198732420132867,100,101.863510131836,1.67402014860588,31995.4108838386,69.8929706543154,25.1118409148482,4.3
GRC,Greece,Europe & Central Asia,High income,Not classified,2018,8.566,0.189449795875774,100,102.07266998291,2.27195132202993,32722.3310444029,72.2383733920483,30.3497427809695,4.2
GRC,Greece,Europe & Central Asia,High income,Not classified,2019,8.4,0.171192299612688,100,104.780532836914,2.38497557963629,33502.7506488997,75.6712066931757,33.2085098506972,4.1
GRC,Greece,Europe & Central Asia,High income,Not classified,2020,8.35,0.160531921915178,100,102.624420166016,-9.00116455331775,30487.1129331045,78.11584474,36.5812314770678,4.1
GRC,Greece,Europe & Central Asia,High income,Not classified,2021,7.886,0.151567284635639,100,103.454742431641,9.9750809262257,33528.2271202515,78.49426371,40.5640135246276,4
GRC,Greece,Europe & Central Asia,High income,Not classified,2022,6.941,0.147382856440079,100,105.123413085938,6.85973802216606,35828.1756641776,83.17066333,,4
GRD,Grenada,Latin America & Caribbean,Upper middle income,Blend,2000,53.863,0.0459522272724214,86,,4.18122183760816,11625.050939182,4.06390799146313,0,15.5
GRD,Grenada,Latin America & Caribbean,Upper middle income,Blend,2001,53.556,0.0476368549038843,86.3,,-2.51021033342408,11333.2377092409,5.12810398216998,0,15.3
GRD,Grenada,Latin America & Caribbean,Upper middle income,Blend,2002,52.839,0.0500825587581925,86.6,117.967300415039,3.0394289508191,11677.7034172407,14.7588405454867,0,15.1
GRD,Grenada,Latin America & Caribbean,Upper middle income,Blend,2003,52.019,0.0502267737135844,86.9,113.498748779297,8.98141669840049,12726.5266219464,18.6451821830564,0,14.9
GRD,Grenada,Latin America & Caribbean,Upper middle income,Blend,2004,51.109,0.0482297604980271,87.2,112.467987060547,-1.04641274220963,12593.3546257337,19.570620584378698,0,14.8
GRD,Grenada,Latin America & Caribbean,Upper middle income,Blend,2005,50.249,0.0457191269881371,87.5,104.430801391602,12.851921344972,14211.8426569264,20.4878006,0,14.8
GRD,Grenada,Latin America & Caribbean,Upper middle income,Blend,2006,49.339,0.0543008437075986,87.9,,-4.34487991607801,13594.355159621,21.39599991,0,14.9
GRD,Grenada,Latin America & Caribbean,Upper middle income,Blend,2007,48.585,0.056957805357226,88.2,117.071830749512,5.7518527541441,14376.2824512778,22.29,0,14.9
GRD,Grenada,Latin America & Caribbean,Upper middle income,Blend,2008,47.759,0.0616602396300853,90,113.521827697754,0.607094088064969,14463.560012123,23.18000031,0.167266460540321,15.1
GRD,Grenada,Latin America & Caribbean,Upper middle income,Blend,2009,46.762,0.0709671011048476,89,110.414993286133,-6.91378690534548,13463.580293958,24.049999239999998,0.196666502777914,15.4
GRD,Grenada,Latin America & Caribbean,Upper middle income,Blend,2010,45.458,0.0797197290521441,89.4,121.271240234375,-0.807153746059768,13354.9085012616,27,0.243739246797935,15.7
GRD,Grenada,Latin America & Caribbean,Upper middle income,Blend,2011,44.229,0.0612006664523953,88.8,113.734835355286,0.321541246692931,13397.8500405513,30,0.322533352880809,16
GRD,Grenada,Latin America & Caribbean,Upper middle income,Blend,2012,42.821,0.0640716252083684,90.2,,-1.76486904539074,13161.3955324377,32,0.364216933592776,16.4
GRD,Grenada,Latin America & Caribbean,Upper middle income,Blend,2013,41.09,0.0807017936597908,90.6,107.174295774648,1.70896295471954,13386.3189064112,35,0.536111673073033,16.8
GRD,Grenada,Latin America & Caribbean,Upper middle income,Blend,2014,37.647,0.0674551664055805,91,107.422493776873,6.73549593358203,14287.9538720088,51.6,0.577833125778331,17.2
GRD,Grenada,Latin America & Caribbean,Upper middle income,Blend,2015,35.822,0.067461074024474,91.4,105.264378478664,5.9402683055354,15136.6966673773,52.5,0.752932091317149,17.5
GRD,Grenada,Latin America & Caribbean,Upper middle income,Blend,2016,33.887,0.0708602115895287,91.8,107.677725118483,3.33052048330798,15640.8274503805,53.29999924,1.15667718191377,17.8
GRD,Grenada,Latin America & Caribbean,Upper middle income,Blend,2017,28.958,0.0680613225499106,92.2,106.911551474142,4.16002295455056,16291.4894625979,54.20000076,1.47065357444351,18.1
GRD,Grenada,Latin America & Caribbean,Upper middle income,Blend,2018,31.136,0.0731142872689625,92.3,111.967495690717,4.13321655238465,16964.852001696,61.42459869,1.54196374881883,18.3
GRD,Grenada,Latin America & Caribbean,Upper middle income,Blend,2019,31.587,0.0912974659210172,93,,0.424779227477273,17036.9151689715,64.31279755,1.62491258381669,18.5
GRD,Grenada,Latin America & Caribbean,Upper middle income,Blend,2020,30.369,0.0901337932036147,93.4,105.387205387205,-14.0234896211443,14647.7451384876,65.65380096,1.96742957746479,18.6
GRD,Grenada,Latin America & Caribbean,Upper middle income,Blend,2021,29.652,0.090124991388604,93.7,102.901307966706,4.38638000986352,15290.250903138,67.02279663,1.96573875802998,18.7
GRD,Grenada,Latin America & Caribbean,Upper middle income,Blend,2022,29.357,0.0884772140990628,94.2,,7.10371866166386,16376.4273099594,68.42030334,,18.5
GRL,Greenland,Europe & Central Asia,High income,Not classified,2000,73.654,5.14269542158135e-4,100,,6.93956723449121,44991.6751496134,31.7478112321162,94.376491646778,
GRL,Greenland,Europe & Central Asia,High income,Not classified,2001,71.2,5.4688853041462e-4,100,,0.920568578995386,45405.8543742044,35.4641368915684,52.6894645110884,
GRL,Greenland,Europe & Central Asia,High income,Not classified,2002,66.46,5.52251875325506e-4,100,,-1.3491298806964,44793.2704252565,44.154789028418,54.168338971389304,
GRL,Greenland,Europe & Central Asia,High income,Not classified,2003,62.141,5.28824699358999e-4,100,,4.14298316488345,46649.0480779756,54.5342598293605,55.9544929740081,
GRL,Greenland,Europe & Central Asia,High income,Not classified,2004,60.026,0.213375365047525,100,,6.6303821324005,49742.0582266726,56.0990147610533,31.1988488173397,
GRL,Greenland,Europe & Central Asia,High income,Not classified,2005,58.861,0.205560997125447,100,,4.91926419216257,52189.001485462,57.7034045008656,48.1088560885609,
GRL,Greenland,Europe & Central Asia,High income,Not classified,2006,54.94,0.199141602695176,100,,5.85316581553596,55243.7102798786,59.361687268664,42.7790867728307,
GRL,Greenland,Europe & Central Asia,High income,Not classified,2007,53.961,0.191667616166912,100,,2.7505908652024,56763.2387284359,61.07,44.6530331811017,
GRL,Greenland,Europe & Central Asia,High income,Not classified,2008,53.877,0.185523534849121,100,,6.59397874864722,60506.1946272328,62.82,43.032570163928,
GRL,Greenland,Europe & Central Asia,High income,Not classified,2009,55.093,0.160106756903917,100,,0.874906570700134,61035.5672997071,62.83,54.3468428607948,
GRL,Greenland,Europe & Central Asia,High income,Not classified,2010,50.189,0.183794788156023,100,,1.35611976495977,61863.2826915137,63,64.1449010148062,
GRL,Greenland,Europe & Central Asia,High income,Not classified,2011,45.16,0.196234861927554,100,,-1.11918135533512,61170.9203658321,64,65.7897699553421,
GRL,Greenland,Europe & Central Asia,High income,Not classified,2012,42.214,0.152726412501773,100,,1.53697694464276,62111.1033086807,64.8960100995989,65.6644034917556,
GRL,Greenland,Europe & Central Asia,High income,Not classified,2013,41.377,0.15430461351664,100,,-0.726861643140481,61659.6415225985,65.8,72.927276431045,
GRL,Greenland,Europe & Central Asia,High income,Not classified,2014,40.515,0.131802692788368,100,,5.09192733313645,64799.3056628017,66.7,73.9119437769869,
GRL,Greenland,Europe & Central Asia,High income,Not classified,2015,40.371,0.145910245064395,100,,-2.2149188822392,63364.0536061164,67.600443481006,75.3335980251687,
GRL,Greenland,Europe & Central Asia,High income,Not classified,2016,40.228,0.138605200775105,100,,4.54780858066064,66245.7294730698,68.500873675421,75.2919349558005,
GRL,Greenland,Europe & Central Asia,High income,Not classified,2017,39.529,0.135095032612616,100,,0.0776647739674274,66297.1790691281,69.4824617821988,71.2452522097192,
GRL,Greenland,Europe & Central Asia,High income,Not classified,2018,38.376,0.13564619912716,100,,0.89068474112419,66887.6779268926,,72.5568582658649,
GRL,Greenland,Europe & Central Asia,High income,Not classified,2019,37.615,0.135958663074499,100,,2.46273159433217,68534.9419039133,,74.9641738761212,
GRL,Greenland,Europe & Central Asia,High income,Not classified,2020,37.14,0.136550453957874,100,,-0.00176247850131972,68533.7339902964,,74.3324705685898,
GRL,Greenland,Europe & Central Asia,High income,Not classified,2021,36.873,0.139678225772028,100,,1.12101711638257,69302.0088788237,,77.0421783235451,
GRL,Greenland,Europe & Central Asia,High income,Not classified,2022,36.42,0.147420555578055,100,,1.99015372527471,70681.2253902158,,,
GTM,Guatemala,Latin America & Caribbean,Upper middle income,IBRD,2000,112.864,0.094344959516178,73.3,29.3731899261475,1.17641998878537,8770.40815272307,0.712332904508925,58.6068121693122,51.8
GTM,Guatemala,Latin America & Caribbean,Upper middle income,IBRD,2001,110.035,0.096873186970494,73.7,31.3750190734863,0.00856424754331897,8771.15927218783,1.7382017815873,47.5537449075525,49.7
GTM,Guatemala,Latin America & Caribbean,Upper middle income,IBRD,2002,106.861,0.0975843916958677,78.7,33.8575096130371,1.48647617022837,8901.54046462168,3.39174627024502,41.0421686746988,47.7
GTM,Guatemala,Latin America & Caribbean,Upper middle income,IBRD,2003,103.297,0.0950498542142485,78.5,,0.276550484041408,8926.15771786373,4.54885490848324,45.1326012354152,45.9
GTM,Guatemala,Latin America & Caribbean,Upper middle income,IBRD,2004,99.423,0.0939652193172233,77.2,37.1055107116699,0.87051616698119,9003.86136388797,5.1,58.591730594201,44.1
GTM,Guatemala,Latin America & Caribbean,Upper middle income,IBRD,2005,96.673,0.098793508214179,78.3,39.1436080932617,1.06472255613932,9099.7275067528,5.699999809,59.3071188967574,42.4
GTM,Guatemala,Latin America & Caribbean,Upper middle income,IBRD,2006,94.264,0.0950703838320776,83.7,41.1204605102539,3.14600619827499,9386.00549814138,6.5,54.5858437423463,40.7
GTM,Guatemala,Latin America & Caribbean,Upper middle income,IBRD,2007,94.584,0.0951837429697178,80.7,43.0145683288574,4.12107602558113,9772.80992048501,7.300000191,50.5149023638232,39.1
GTM,Guatemala,Latin America & Caribbean,Upper middle income,IBRD,2008,94.013,0.0838912320243953,81.9,44.2082481384277,1.1948125938613,9889.57668418909,8.300000191,54.6995870612526,37.5
GTM,Guatemala,Latin America & Caribbean,Upper middle income,IBRD,2009,93.596,0.088101989154855,83.1,47.0550994873047,-1.50524953899686,9740.71387674159,9.300000191,45.1997347186913,36
GTM,Guatemala,Latin America & Caribbean,Upper middle income,IBRD,2010,93.44,0.0826812835743106,84.3,50.5112654099543,0.865525448373077,9825.022234198,10.5,63.4947711683346,34.5
GTM,Guatemala,Latin America & Caribbean,Upper middle income,IBRD,2011,94.826,0.0818263362306833,84,50.796282162896,2.10758860221354,10032.0932829709,12.30000019,59.9114764808362,33.1
GTM,Guatemala,Latin America & Caribbean,Upper middle income,IBRD,2012,95.398,0.0823190389142884,86.8,51.2024295698266,0.944366952930409,10126.8330566224,16,63.571780147662,31.8
GTM,Guatemala,Latin America & Caribbean,Upper middle income,IBRD,2013,88.548,0.0854197528142432,88.1,51.3257665612677,1.68864483006772,10297.8392994827,19.700000760000002,64.9902708889737,30.4
GTM,Guatemala,Latin America & Caribbean,Upper middle income,IBRD,2014,87.065,0.0878300175798898,85.5,51.2191175132007,2.48328491110885,10553.563988977,23.39999962,65.2737837837838,29.2
GTM,Guatemala,Latin America & Caribbean,Upper middle income,IBRD,2015,85.762,0.0984358591110607,90.5,52.866427490626,2.20204590469615,10785.9583125957,28.80590057,60.3977933629832,28.1
GTM,Guatemala,Latin America & Caribbean,Upper middle income,IBRD,2016,85.004,0.101896376505155,91.8,52.5401757423553,0.803225593316299,10872.5938902469,34.50930023,60.4595570534425,27
GTM,Guatemala,Latin America & Caribbean,Upper middle income,IBRD,2017,83.905,0.0935510972480016,93.3,52.2652133739495,1.22202113190455,11005.4592851719,37.90000153,66.5006552069683,26.1
GTM,Guatemala,Latin America & Caribbean,Upper middle income,IBRD,2018,81.694,0.0993920905518658,94.2,52.3446298715485,1.69836286934826,11192.3719192725,41.5,63.1750972762646,25.1
GTM,Guatemala,Latin America & Caribbean,Upper middle income,IBRD,2019,77.103,0.100260737747304,95.4,51.0635988036794,2.44813678390565,11466.3764932197,44.401049838502,62.8014615440272,24.3
GTM,Guatemala,Latin America & Caribbean,Upper middle income,IBRD,2020,72.461,0.0914701926398664,96.6,50.8073127066553,-3.2200765703051,11097.1503902986,47.51229858,68.1469099032018,23.5
GTM,Guatemala,Latin America & Caribbean,Upper middle income,IBRD,2021,70.295,0.0970882592215812,97.9,48.1472917509683,6.56016056249786,11825.141273764,50.84164945,60.6103116732271,22.7
GTM,Guatemala,Latin America & Caribbean,Upper middle income,IBRD,2022,69.116,0.0874349315995054,99.1,46.8427646987635,2.70050703837425,12144.4800461597,54.40430069,,21.9
GUM,Guam,East Asia & Pacific,High income,Not classified,2000,66.71,,100,,,,16.1131270423389,0,
GUM,Guam,East Asia & Pacific,High income,Not classified,2001,66.296,,100,,,,25.3802275337398,0,
GUM,Guam,East Asia & Pacific,High income,Not classified,2002,62.863,,100,,,,31.1922942556271,0,
GUM,Guam,East Asia & Pacific,High income,Not classified,2003,64.188,,100,,0.371012546622907,,33.7166817880876,0,
GUM,Guam,East Asia & Pacific,High income,Not classified,2004,65.082,,100,,6.05626846413823,,36.1617878387908,0,
GUM,Guam,East Asia & Pacific,High income,Not classified,2005,60.763,,100,,3.29235446239393,,38.559877557558,0,
GUM,Guam,East Asia & Pacific,High income,Not classified,2006,61.799,,100,,-3.92956765070362,,43.8514430048178,0,
GUM,Guam,East Asia & Pacific,High income,Not classified,2007,62.002,,100,,0.456380842049214,,46.1504736192355,0,
GUM,Guam,East Asia & Pacific,High income,Not classified,2008,59.359,,100,,1.772255039884,,48.4187021509296,0,
GUM,Guam,East Asia & Pacific,High income,Not classified,2009,57.018,,100,,0.14856119478938,,50.6420283820435,0.00449125328422896,
GUM,Guam,East Asia & Pacific,High income,Not classified,2010,58.705,,100,,2.04892665177626,,54.04,0.00895696179855793,
GUM,Guam,East Asia & Pacific,High income,Not classified,2011,57.105,,100,,0.0650356763903517,,57.7,0.0142326063318019,
GUM,Guam,East Asia & Pacific,High income,Not classified,2012,56.35,,100,,2.26402706379456,,61.5341593079002,0.0331889323644494,
GUM,Guam,East Asia & Pacific,High income,Not classified,2013,50.969,,100,,1.91405054312719,,65.4,0.0858509464044806,
GUM,Guam,East Asia & Pacific,High income,Not classified,2014,46.815,,100,,2.08830750386504,,69.27,0.154793274173156,
GUM,Guam,East Asia & Pacific,High income,Not classified,2015,40.978,,100,,1.18092123655293,,73.139999947043,1.79760629627905,
GUM,Guam,East Asia & Pacific,High income,Not classified,2016,40.661,,100,,0.591903022530076,,77.009999893206,3.8231588592372,
GUM,Guam,East Asia & Pacific,High income,Not classified,2017,38.905,,100,,1.34860712204592,,80.5054655600831,3.57076194731811,
GUM,Guam,East Asia & Pacific,High income,Not classified,2018,36.116,,100,,-0.333833095467511,,,4.29443620433928,
GUM,Guam,East Asia & Pacific,High income,Not classified,2019,35.293,,100,,3.07547868580322,,,4.46821357715863,
GUM,Guam,East Asia & Pacific,High income,Not classified,2020,34.706,,100,,-10.7119946566793,,,4.69573717836819,
GUM,Guam,East Asia & Pacific,High income,Not classified,2021,34.292,,100,,1.07830501841417,,,4.80077087647049,
GUM,Guam,East Asia & Pacific,High income,Not classified,2022,33.902,,100,,4.17726586538778,,,,
GUY,Guyana,Latin America & Caribbean,High income,IDA,2000,105.829,0.270788482008693,74.6,,-1.40881252207762,8025.29326490962,0.6,4.45132572092123,46.7
GUY,Guyana,Latin America & Caribbean,High income,IDA,2001,100.087,0.26212511175013,75.1,95.8699264526367,2.32701717600905,8212.04321760917,1,4.42278467746161,45.6
GUY,Guyana,Latin America & Caribbean,High income,IDA,2002,97.642,0.255740112714454,75.7,,1.24188408073948,8314.0272750321,1.5,5.15128103401474,44.5
GUY,Guyana,Latin America & Caribbean,High income,IDA,2003,93.634,0.256733227218932,76.2,,-0.560476505993833,8267.42910545363,2.4,5.49389179755672,43.4
GUY,Guyana,Latin America & Caribbean,High income,IDA,2004,89.626,0.261177757216156,76.8,,1.65433601876252,8404.2001629708,3.7,5.36958387675707,42.5
GUY,Guyana,Latin America & Caribbean,High income,IDA,2005,88.263,0.236115984979501,77.5,86.8446273803711,-1.7571567715639,8256.52519071138,5.699999809,5.99823710885853,41.6
GUY,Guyana,Latin America & Caribbean,High income,IDA,2006,88.371,0.2020659722842,73.4,,5.39944024794079,8702.33133494001,8.899999619,5.91397076788204,40.7
GUY,Guyana,Latin America & Caribbean,High income,IDA,2007,88.121,0.226985785594706,78.5,83.9229278564453,7.48935908253156,9354.08017716534,13.80000019,5.95505465038725,39.9
GUY,Guyana,Latin America & Caribbean,High income,IDA,2008,86.737,0.222862183945597,79.1,87.4516677856445,2.05930009878752,9546.70875949436,18.2,5.01402146362509,39.1
GUY,Guyana,Latin America & Caribbean,High income,IDA,2009,85.106,0.218242415561761,77.6,90.4651107788086,3.95757174257776,9924.52660770631,23.9,8.05839481432554,38.3
GUY,Guyana,Latin America & Caribbean,High income,IDA,2010,83.361,0.226576924791972,83.3,95.4920425415039,4.53289275994231,10374.3947557656,29.9,9.76909227935019,37.6
GUY,Guyana,Latin America & Caribbean,High income,IDA,2011,81.687,0.224214638484869,84.2,103.002723693848,5.63372747844741,10958.8598838438,30,9.37208626169255,36.8
GUY,Guyana,Latin America & Caribbean,High income,IDA,2012,79.93,0.232632404087737,85.1,103.891082763672,5.25728662587919,11534.9985588659,30.5,7.23148993369379,36
GUY,Guyana,Latin America & Caribbean,High income,IDA,2013,80.042,0.221608819475651,86,,3.13748133371095,11896.9069854942,31,8.44530686272598,35.2
GUY,Guyana,Latin America & Caribbean,High income,IDA,2014,80.206,0.227598985248056,86.9,,1.1191644103188,12030.0529344045,32,7.83902180715352,34.3
GUY,Guyana,Latin America & Caribbean,High income,IDA,2015,80.084,0.227085007329732,88,,0.0833711927134857,12040.08253302,34,6.7408082067015,33.3
GUY,Guyana,Latin America & Caribbean,High income,IDA,2016,79.007,0.259014828593826,89,,3.15936322443832,12420.4724727603,35.65999985,7.83812993532867,32.4
GUY,Guyana,Latin America & Caribbean,High income,IDA,2017,77.516,0.250950615706384,90,,3.06887182440371,12801.6408529346,42.6753006,7.8252957233849,31.4
GUY,Guyana,Latin America & Caribbean,High income,IDA,2018,76.143,0.251180573497254,90.9,,1.39604562755792,12980.3576003177,48.59889984,7.92511726233732,30.5
GUY,Guyana,Latin America & Caribbean,High income,IDA,2019,75.615,0.258058743839867,91.6,,3.25156178245531,13402.4219472757,55.31269836,7.11256633924034,29.6
GUY,Guyana,Latin America & Caribbean,High income,IDA,2020,74.211,0.214394324923006,92.3,90.3541412353516,43.5123463015091,19234.1301977637,62.95399857,7.22601799222723,28.6
GUY,Guyana,Latin America & Caribbean,High income,IDA,2021,72.781,0.178106085551917,92.9,89.7333602905273,18.8820438552858,22865.9270968882,71.65090179,7.1061714531072,27.8
GUY,Guyana,Latin America & Caribbean,High income,IDA,2022,71.313,0.120958987532527,93,,62.1110713145037,37068.1993827588,76.56240082,,26.9
HKG,"Hong Kong SAR, China",East Asia & Pacific,High income,Not classified,2000,4.798,0.157765344176888,100,,6.71846101727634,39848.5593475546,27.8277606812581,0,
HKG,"Hong Kong SAR, China",East Asia & Pacific,High income,Not classified,2001,4.243,0.156720306476337,100,78.5087585449219,-0.177504807082329,39777.8262391597,38.6714032309569,0,
HKG,"Hong Kong SAR, China",East Asia & Pacific,High income,Not classified,2002,4.044,0.150830749857392,100,79.802360534668,1.20751353736517,40258.1488758671,43.0823830278909,0,
HKG,"Hong Kong SAR, China",East Asia & Pacific,High income,Not classified,2003,3.866,0.159102569972791,100,80.3769378662109,3.25999730083788,41570.5634425877,52.2000433497404,0,
HKG,"Hong Kong SAR, China",East Asia & Pacific,High income,Not classified,2004,3.792,0.133986876138527,100,81.7905578613281,7.85559095750126,44836.1768653659,56.3998803935333,0.201982117849833,
HKG,"Hong Kong SAR, China",East Asia & Pacific,High income,Not classified,2005,3.404,0.131669204505657,100,83.0064697265625,6.92002910970628,47938.8533561286,56.9,0.187251306858079,
HKG,"Hong Kong SAR, China",East Asia & Pacific,High income,Not classified,2006,3.182,0.1213781464029,100,82.9267272949219,6.34741145052469,50981.7296233058,60.8,0.212341714788824,
HKG,"Hong Kong SAR, China",East Asia & Pacific,High income,Not classified,2007,3.164,0.119378429123235,100,84.1592788696289,5.55354347014728,53813.022139769,64.8,0.272129800780448,
HKG,"Hong Kong SAR, China",East Asia & Pacific,High income,Not classified,2008,3.148,0.11346912914859,100,85.9268798828125,1.51879180866375,54630.3299120222,66.7,0.165815655103437,
HKG,"Hong Kong SAR, China",East Asia & Pacific,High income,Not classified,2009,3.16,0.12176484125191,100,86.8064117431641,-2.66892308273452,53172.2884268262,69.4,0.193096147888051,
HKG,"Hong Kong SAR, China",East Asia & Pacific,High income,Not classified,2010,3.298,0.106675565082014,100,87.7130156472262,5.98642780696426,56355.409086809,72,0.213355941046041,
HKG,"Hong Kong SAR, China",East Asia & Pacific,High income,Not classified,2011,3.09,0.108896227602211,100,86.5290014684288,4.11210914677804,58672.8050185719,72.19999695,0.227818298144594,
HKG,"Hong Kong SAR, China",East Asia & Pacific,High income,Not classified,2012,2.985,0.105807247142794,100,107.646090534979,0.58376779057221,59015.3179560955,72.9,0.220655703902263,
HKG,"Hong Kong SAR, China",East Asia & Pacific,High income,Not classified,2013,3.323,0.106161341545155,100,101.180897250362,2.68793428576153,60601.6109212886,74.2,0.199877250409165,
HKG,"Hong Kong SAR, China",East Asia & Pacific,High income,Not classified,2014,3.215,0.106368595253482,100,103.578616352201,2.04316927988437,61839.8044187474,79.8662704309064,0.231964066146395,
HKG,"Hong Kong SAR, China",East Asia & Pacific,High income,Not classified,2015,3.307,0.0966594949185289,100,105.413190529876,1.51997702565862,62779.7552386246,84.9483529634062,0.207020867871898,
HKG,"Hong Kong SAR, China",East Asia & Pacific,High income,Not classified,2016,3.08,0.0963844536123531,100,105.614832535885,1.54456362409606,63749.4285013369,87.47941467087,0.38078431372549,
HKG,"Hong Kong SAR, China",East Asia & Pacific,High income,Not classified,2017,2.792,0.0909136199551368,100,104.087170042971,3.00147920005347,65662.8543379575,89.4159446487565,0.39483424742658,
HKG,"Hong Kong SAR, China",East Asia & Pacific,High income,Not classified,2018,2.446,0.0882454179859484,100,105.382222222222,2.02718102328538,66993.9592604441,90.5073953294283,0.40166311067345,
HKG,"Hong Kong SAR, China",East Asia & Pacific,High income,Not classified,2019,2.233,0.0886242038806379,100,102.312146003776,-2.39666775385065,65388.3366418212,91.7434003891587,0.430652585973463,
HKG,"Hong Kong SAR, China",East Asia & Pacific,High income,Not classified,2020,1.786,0.0742414785248007,100,97.6744464392579,-6.20875243033073,61328.5367014193,92.41313602,0.547648654759213,
HKG,"Hong Kong SAR, China",East Asia & Pacific,High income,Not classified,2021,1.324,0.0707135084418477,100,97.5304295942721,7.42949558184318,65884.9376260603,93.08715788,0.83458081824279,
HKG,"Hong Kong SAR, China",East Asia & Pacific,High income,Not classified,2022,1.13,0.0683064655050937,100,103.838896020539,-2.80684659913206,64035.6484949629,95.61357052,,
HND,Honduras,Latin America & Caribbean,Lower middle income,IDA,2000,127.991,0.165989698080413,67.4,,6.65751930552896,4579.68960840984,1.20385599891878,62.2774740295243,37.3
HND,Honduras,Latin America & Caribbean,Lower middle income,IDA,2001,125.721,0.190237374472821,64.2,,-0.0161960531288656,4578.94787944773,1.41528193123711,48.9282980352131,35.6
HND,Honduras,Latin America & Caribbean,Lower middle income,IDA,2002,122.484,0.193656945708984,63.1,,1.0499116620788,4627.02278723456,2.5974025974026,39.2583212735166,34
HND,Honduras,Latin America & Caribbean,Lower middle income,IDA,2003,119.068,0.205054840536361,65.1,,1.89850421782039,4714.86701000971,4.8,38.350510980648,32.5
HND,Honduras,Latin America & Caribbean,Lower middle income,IDA,2004,116.242,0.219577123548125,67.1,,3.61570269241076,4885.34258343422,5.6,29.3077546061956,31.1
HND,Honduras,Latin America & Caribbean,Lower middle income,IDA,2005,113.262,0.187634133956785,68.9,,3.50707975469855,5056.67544412551,6.5,32.3323741007194,29.8
HND,Honduras,Latin America & Caribbean,Lower middle income,IDA,2006,109.651,0.202166018053141,71.3,64.3261108398438,4.08321335137572,5263.15029099578,7.800000191,36.2617617617618,28.6
HND,Honduras,Latin America & Caribbean,Lower middle income,IDA,2007,106.793,0.202533621071349,73.5,66.7260818481445,3.77627878562679,5461.90151889031,9.399999619,37.5507269279393,27.4
HND,Honduras,Latin America & Caribbean,Lower middle income,IDA,2008,103.981,0.19426855287995,76.4,67.0854873657227,1.9188349629601,5566.70639487722,9.6,38.430614729154,26.4
HND,Honduras,Latin America & Caribbean,Lower middle income,IDA,2009,101.28,0.18773815901689,78.3,,-4.54399131651867,5313.75573967791,9.800000191,43.3015964331943,25.4
HND,Honduras,Latin America & Caribbean,Lower middle income,IDA,2010,98.337,0.176842939159036,81,73.3693008422852,1.5491216313325,5396.07227927744,11.09,46.3370611551529,24.4
HND,Honduras,Latin America & Caribbean,Lower middle income,IDA,2011,95.68,0.202477156039898,82.2,72.8045272827148,1.71164194817371,5488.43371596332,15.9,44.6537102473498,23.5
HND,Honduras,Latin America & Caribbean,Lower middle income,IDA,2012,93.523,0.203434880107784,83.6,71.1991729736328,2.04382616957031,5600.6077605497,18.12,45.2442787348933,22.7
HND,Honduras,Latin America & Caribbean,Lower middle income,IDA,2013,91.134,0.201709012226642,87.2,68.2308197021484,0.777167217053545,5644.13384802045,17.8,42.5873953717381,21.9
HND,Honduras,Latin America & Caribbean,Lower middle income,IDA,2014,89.442,0.19213607516088,88.7,53.6911043455277,1.0812751128465,5705.16246265484,23,40.6083071721806,21.1
HND,Honduras,Latin America & Caribbean,Lower middle income,IDA,2015,88.093,0.201496838403674,90,55.1216519478842,1.88202222037501,5812.5348879105,27.1395454833776,45.9164363877528,20.3
HND,Honduras,Latin America & Caribbean,Lower middle income,IDA,2016,86.927,0.174465490499717,91.6,55.2523310583486,1.96051068302054,5926.49025534228,29.5282180796457,52.1139701940603,19.6
HND,Honduras,Latin America & Caribbean,Lower middle income,IDA,2017,85.934,0.159825262153723,86.5,54.7623596191406,2.92107278326836,6099.60734919414,31.7357924661485,61.2311776574281,18.9
HND,Honduras,Latin America & Caribbean,Lower middle income,IDA,2018,85.75,0.148291099840026,91.6,,1.96196872528638,6219.27973775059,36.0400608231468,66.7642776581565,18.2
HND,Honduras,Latin America & Caribbean,Lower middle income,IDA,2019,85.131,0.162995215224002,91.1,68.4164123535156,0.71936151617345,6264.01884276715,39.3883521850111,57.2043939536194,17.7
HND,Honduras,Latin America & Caribbean,Lower middle income,IDA,2020,84.334,0.162636856386044,93.1,62.3465596528451,-10.5484174868395,5603.26398377777,45.24829865,57.4845819331884,17.1
HND,Honduras,Latin America & Caribbean,Lower middle income,IDA,2021,83.508,0.162477513469076,94.1,60.2124453124399,10.7029903655951,6202.98078812037,51.95159912,64.6209532374101,16.5
HND,Honduras,Latin America & Caribbean,Lower middle income,IDA,2022,82.781,0.159023277691092,94.4,59.2098503112793,2.41184551052402,6352.58710177732,56.88069916,,16
HRV,Croatia,Europe & Central Asia,High income,IBRD,2000,15.754,0.203581194938215,100,,3.96819591961956,21302.4117206381,6.64488254374396,57.3725733534261,8.3
HRV,Croatia,Europe & Central Asia,High income,IBRD,2001,16.728,0.209313134146891,100,95.7922592163086,7.15557497333592,22826.7217624371,11.5585731811648,56.3549067062222,8
HRV,Croatia,Europe & Central Asia,High income,IBRD,2002,16.155,0.205690196968239,100,95.9384307861328,5.73914762696708,24136.7810227804,17.76,46.3388662699655,7.7
HRV,Croatia,Europe & Central Asia,High income,IBRD,2003,15.345,0.207517727557263,100,96.3225402832031,5.5383780446826,25473.5672036391,22.75,41.6397524901902,8.2
HRV,Croatia,Europe & Central Asia,High income,IBRD,2004,14.761,0.199029307368589,99.9,,4.14142900899388,26528.5369054362,30.91,55.2230164403145,7.1
HRV,Croatia,Europe & Central Asia,High income,IBRD,2005,15.298,0.191801375324856,99.9,100.796699523926,4.19397635804874,27641.1374713864,33.13999939,54.4332168363471,6.7
HRV,Croatia,Europe & Central Asia,High income,IBRD,2006,14.562,0.184031605372098,99.8,100.721687316895,5.04515240807896,29035.6749841445,37.97999954,51.8969878132904,6.4
HRV,Croatia,Europe & Central Asia,High income,IBRD,2007,14.495,0.186358789802481,99.8,100.733200073242,5.07179924204281,30508.3061279124,41.44,38.6080730191203,6.2
HRV,Croatia,Europe & Central Asia,High income,IBRD,2008,14.69,0.173928388647603,100,100.755500793457,1.98388228188433,31113.555007687,44.24,46.1647661158948,5.9
HRV,Croatia,Europe & Central Asia,High income,IBRD,2009,13.909,0.173445252994485,100,100.785598754883,-6.71376495542094,29024.6640551953,50.58,56.2489037532516,5.7
HRV,Croatia,Europe & Central Asia,High income,IBRD,2010,12.759,0.169851907643872,100,102.289459228516,-1.11211829111342,28701.8754573033,56.55,63.1097839216213,5.5
HRV,Croatia,Europe & Central Asia,High income,IBRD,2011,11.66,0.166091873155762,100,101.10627746582,0.233948098216914,28769.0229490882,57.7899789891444,47.6385298514024,5.3
HRV,Croatia,Europe & Central Asia,High income,IBRD,2012,11.316,0.156047076909981,100,101.08341217041,-1.77225046048896,28259.1638073948,61.9399731527956,50.4309623430962,5.2
HRV,Croatia,Europe & Central Asia,High income,IBRD,2013,10.506,0.152878315829448,100,103.140029907227,0.491232719081154,28397.9820661555,66.7476,66.7575434101907,5.1
HRV,Croatia,Europe & Central Asia,High income,IBRD,2014,10.327,0.147848713686256,100,103.976387023926,0.20548399994118,28456.3353756076,68.5678992528467,74.1792828685259,5
HRV,Croatia,Europe & Central Asia,High income,IBRD,2015,9.834,0.147335303041053,100,104.907768249512,3.54970254475377,29466.4506365792,69.8450359238281,67.3059721126019,4.9
HRV,Croatia,Europe & Central Asia,High income,IBRD,2016,9.946,0.144375420744237,100,105.486587524414,4.59625905495034,30820.8050421355,72.6972696701463,66.8353354134165,4.9
HRV,Croatia,Europe & Central Asia,High income,IBRD,2017,9.509,0.143781470953973,100,106.282768249512,4.95698866850903,32348.5888556174,67.0961920368478,61.0531586414087,4.8
HRV,Croatia,Europe & Central Asia,High income,IBRD,2018,9.034,0.132051115080198,100,107.253150939941,4.26898598804596,33729.5455811943,75.2946259897258,72.3740004401731,4.8
HRV,Croatia,Europe & Central Asia,High income,IBRD,2019,8.687,0.12956333900432,100,107.940246582031,4.13065464683689,35122.7966231008,79.0797836757554,66.248432601880907,4.7
HRV,Croatia,Europe & Central Asia,High income,IBRD,2020,7.57,0.135168319279949,100,108.669891357422,-7.48629145426857,32493.4017010055,78.32090004,64.9876727680239,4.7
HRV,Croatia,Europe & Central Asia,High income,IBRD,2021,7.542,0.12220991292297,100,108.876899719238,13.6540779633306,36930.076102199,81.25396608,69.8809993425378,4.6
HRV,Croatia,Europe & Central Asia,High income,IBRD,2022,6.945,0.114733203404619,100,108.496017456055,7.94429675001722,39863.9109377649,82.07155532,,4.6
HTI,Haiti,Latin America & Caribbean,Lower middle income,IDA,2000,76.099,0.0630577516793992,33.7,,-0.974737113523176,3237.53077898724,0.231270714628821,51.7367458866545,102.9
HTI,Haiti,Latin America & Caribbean,Lower middle income,IDA,2001,72.754,0.0645027139810713,31.5,,-2.14318391327505,3168.14454014466,0.340832326173809,47.6430976430976,99.4
HTI,Haiti,Latin America & Caribbean,Lower middle income,IDA,2002,70.226,0.0720872843535579,33.1,,-0.729374655833098,3145.03689680869,0.893432988337908,47.5319926873857,96.2
HTI,Haiti,Latin America & Caribbean,Lower middle income,IDA,2003,67.612,0.0691591604470112,31.6,,1.6820034644329,3197.9365263707,1.64735834557778,47.6635514018692,93.3
HTI,Haiti,Latin America & Caribbean,Lower middle income,IDA,2004,66.546,0.0647796995869721,34.1,,-2.98301062977993,3102.54173985545,5.401261907622,47.5319926873857,90.7
HTI,Haiti,Latin America & Caribbean,Lower middle income,IDA,2005,67.331,0.0641930277170971,34.5,,1.35443141019209,3144.56353969437,6.376200199,47.6618705035971,88.4
HTI,Haiti,Latin America & Caribbean,Lower middle income,IDA,2006,67.875,0.0638463724248948,33.9,,0.0540583442750062,3146.2634386786,6.796000004,47.5438596491228,86.2
HTI,Haiti,Latin America & Caribbean,Lower middle income,IDA,2007,66.823,0.0719242036731932,35.5,,2.95569722727539,3239.25745989841,7.199999809,32.9059829059829,84.1
HTI,Haiti,Latin America & Caribbean,Lower middle income,IDA,2008,66.229,0.0694042419519966,36.1,,0.961802640900089,3270.41272369326,7.599999905,37.2427983539095,82.2
HTI,Haiti,Latin America & Caribbean,Lower middle income,IDA,2009,65.381,0.0643315658047916,36.6,,4.15489282064615,3406.29486715549,8.100000381,28.7101248266297,80.2
HTI,Haiti,Latin America & Caribbean,Lower middle income,IDA,2010,64.114,0.0834578869314368,37.2,,-6.7459038549499,3176.50949040109,8.369999886,25.6816208393632,137.7
HTI,Haiti,Latin America & Caribbean,Lower middle income,IDA,2011,62.743,0.0899661820801193,37.8,,3.91514494215959,3300.87444105175,9,12.3566362715299,76.5
HTI,Haiti,Latin America & Caribbean,Lower middle income,IDA,2012,62.348,0.0838676888156204,37.9,,-1.04324222181728,3266.43832519352,9.800000191,20.2306993642143,74.6
HTI,Haiti,Latin America & Caribbean,Lower middle income,IDA,2013,60.372,0.0867672099322071,38.9,,2.767509667507,3356.8373216264,10.600000380000001,13.561553030303,72.8
HTI,Haiti,Latin America & Caribbean,Lower middle income,IDA,2014,58.978,0.0914375010965532,39.6,,1.39231187945737,3403.57496642947,11.399999619999999,8.94777562862669,70.9
HTI,Haiti,Latin America & Caribbean,Lower middle income,IDA,2015,57.3,0.0975967617754587,40.8,,-0.0454395053176881,3402.0283988016,14.19999981,8.2771896053898,69.1
HTI,Haiti,Latin America & Caribbean,Lower middle income,IDA,2016,56.454,0.0981639167081605,40.4,,0.398402974127237,3415.58218112308,22.799999239999998,6.85714285714286,67.2
HTI,Haiti,Latin America & Caribbean,Lower middle income,IDA,2017,55.523,0.0959929220082986,43.3,,1.12394427912376,3453.97142164659,27.200000760000002,12.3758262511804,65.3
HTI,Haiti,Latin America & Caribbean,Lower middle income,IDA,2018,54.607,0.0936547933686652,44.4,,0.326678559605597,3465.25480573601,32.4736271300557,19.2116301239276,63.4
HTI,Haiti,Latin America & Caribbean,Lower middle income,IDA,2019,53.62,0.0962932928593799,45.4,,-2.98683711868885,3361.75328894114,35.76409912,19.1242990654206,61.5
HTI,Haiti,Latin America & Caribbean,Lower middle income,IDA,2020,52.578,0.0954187374321074,46.3,,-4.49816442182016,3210.53609854862,39.38809967,20.3988035892323,59.8
HTI,Haiti,Latin America & Caribbean,Lower middle income,IDA,2021,51.509,0.0961448484729535,47.2,,-2.92695804339543,3116.56505397604,43.37919998,20.5416248746239,58.1
HTI,Haiti,Latin America & Caribbean,Lower middle income,IDA,2022,50.589,0.0972445139744747,49.3,,-2.7846808475344,3029.77866381702,47.77470016,,56.2
HUN,Hungary,Europe & Central Asia,High income,Not classified,2000,23.669,0.263287578097757,100,,4.68094650632939,22117.9204303193,6.99967635062916,0.690517461851041,10.1
HUN,Hungary,Europe & Central Asia,High income,Not classified,2001,22.103,0.259574802078831,100,98.6913299560547,4.30099676765016,23069.2114730987,14.5285543028277,0.705753123712756,9.5
HUN,Hungary,Europe & Central Asia,High income,Not classified,2002,21.447,0.243696253462242,100,99.9961776733398,5.02871060786862,24229.2953575981,16.67,0.655474735182676,9
HUN,Hungary,Europe & Central Asia,High income,Not classified,2003,20.69,0.245009726434997,100,101.836357116699,4.23691963512549,25255.8711300567,21.63,0.98403865866159,8.4
HUN,Hungary,Europe & Central Asia,High income,Not classified,2004,20.69,0.226492330598583,100,95.5287780761719,5.19581258967388,26568.118861864,27.74,2.77450456864839,8
HUN,Hungary,Europe & Central Asia,High income,Not classified,2005,20.173,0.218567281098318,99.9,96.9495697021484,4.50792078649896,27765.7886146197,38.97,5.23059067009733,7.5
HUN,Hungary,Europe & Central Asia,High income,Not classified,2006,19.855,0.208454481560075,99.9,97.4231414794922,4.09589996478341,28903.0475407078,47.06,4.16383613597702,7.2
HUN,Hungary,Europe & Central Asia,High income,Not classified,2007,19.34,0.202509582656124,100,97.6521224975586,0.487904817715162,29044.0669021254,53.3,4.71293793793794,6.8
HUN,Hungary,Europe & Central Asia,High income,Not classified,2008,20.105,0.196087507413546,100,97.6947937011719,1.17042884387347,29384.0070385818,61,5.88714553404122,6.5
HUN,Hungary,Europe & Central Asia,High income,Not classified,2009,19.635,0.187949563386344,100,99.2112579345703,-6.59558642753552,27445.959458479,62,8.06190820986967,6.2
HUN,Hungary,Europe & Central Asia,High income,Not classified,2010,18.343,0.188283190058681,100,101.26692199707,1.2966366075499,27801.833816111,65,8.08118594632201,6
HUN,Hungary,Europe & Central Asia,High income,Not classified,2011,18.231,0.181532029899454,100,102.006248474121,2.2059103447462,28415.1173442897,68.0199878861296,7.51869846469919,5.9
HUN,Hungary,Europe & Central Asia,High income,Not classified,2012,19.874,0.170460712072118,100,100.345176696777,-0.828646515876528,28179.656464434,70.579998153838,7.63920889273856,5.7
HUN,Hungary,Europe & Central Asia,High income,Not classified,2013,21.738,0.157052449946186,100,107.611831665039,2.52439305270235,28891.0217544976,72.6439,9.20069980854295,5.6
HUN,Hungary,Europe & Central Asia,High income,Not classified,2014,23.668,0.150647657785412,100,106.39575958252,4.75555169835647,30264.9492302161,75.6531974544103,10.7166615651464,5.3
HUN,Hungary,Europe & Central Asia,High income,Not classified,2015,23.655,0.154109783795652,100,104.925148010254,4.03310873929586,31485.5675425634,72.8347370323805,10.6358036890646,5.1
HUN,Hungary,Europe & Central Asia,High income,Not classified,2016,24.847,0.152732443122297,100,103.420066833496,2.83749039789862,32378.9674983075,79.2594121273057,10.2125572064447,4.7
HUN,Hungary,Europe & Central Asia,High income,Not classified,2017,23.288,0.155403695106624,100,104.089332580566,4.47743568209606,33828.714942571,76.7505471201922,10.5726872246696,4.5
HUN,Hungary,Europe & Central Asia,High income,Not classified,2018,22.212,0.147513471038554,100,103.239440917969,5.82146361803679,35798.0412754022,76.0743606365063,11.7441606636106,4.3
HUN,Hungary,Europe & Central Asia,High income,Not classified,2019,21.404,0.141052155652074,100,102.106719970703,5.2087641343076,37662.67681014,80.3716936050482,13.6770581202065,4.1
HUN,Hungary,Europe & Central Asia,High income,Not classified,2020,21.318,0.142151139511168,100,101.485832214355,-4.09730738033811,36119.5211735652,84.77115202,15.828800458059,4
HUN,Hungary,Europe & Central Asia,High income,Not classified,2021,19.787,0.136136961280167,100,99.3371276855469,7.66253175353751,38887.1909527154,88.64083466,19.1445182724252,4
HUN,Hungary,Europe & Central Asia,High income,Not classified,2022,18.766,0.121960497682319,100,102.312553405762,4.43277115645731,40610.9711368238,89.14282688,,3.9
IDN,Indonesia,East Asia & Pacific,Upper middle income,IBRD,2000,53.853,0.228533438126902,86.3,55.1257095336914,3.4278636272189,6056.38197842165,0.925563864466858,21.0016394320922,51.4
IDN,Indonesia,East Asia & Pacific,Upper middle income,IBRD,2001,53.016,0.235607880715261,86.3,56.169189453125,2.21481343921472,6190.51954040991,2.01861385948459,21.9326940170265,49
IDN,Indonesia,East Asia & Pacific,Upper middle income,IBRD,2002,51.763,0.229256827366467,87.6,57.8687705993652,3.09230929876641,6381.94955179996,2.13413573295808,19.4262454143064,46.7
IDN,Indonesia,East Asia & Pacific,Upper middle income,IBRD,2003,50.413,0.238111928381468,87.9,60.981201171875,3.40244595178829,6599.09193597034,2.38701977959476,17.5550392125622,44.6
IDN,Indonesia,East Asia & Pacific,Upper middle income,IBRD,2004,48.211,0.230891877680326,89,63.4045181274414,3.7043674512371,6843.54654972364,2.60028587633414,17.4691460765793,48.6
IDN,Indonesia,East Asia & Pacific,Upper middle income,IBRD,2005,48.096,0.219939590334439,84.8,61.954891204834,4.3443558422024,7140.8545640704,3.60202476259646,17.7843235656204,40.7
IDN,Indonesia,East Asia & Pacific,Upper middle income,IBRD,2006,47.766,0.220443303585785,90.6,65.5009613037109,4.11201890218061,7434.48785352221,4.7648131336665704,15.9337877239389,38.9
IDN,Indonesia,East Asia & Pacific,Upper middle income,IBRD,2007,47.667,0.217224326702669,91.1,72.845329284668,4.94958392275811,7802.46406905954,5.78627472934199,17.1079767289713,37.2
IDN,Indonesia,East Asia & Pacific,Upper middle income,IBRD,2008,46.292,0.202587881837122,92.7,70.6463317871094,4.64721758277069,8165.06155116624,7.917500019,17.6652893668886,35.6
IDN,Indonesia,East Asia & Pacific,Upper middle income,IBRD,2009,45.594,0.200494593443008,93.6,75.0030670166016,3.31160021271401,8435.4557468629,6.92,17.123464349956,34.1
IDN,Indonesia,East Asia & Pacific,Upper middle income,IBRD,2010,45.68,0.203583168476405,94.2,76.5413818359375,4.89326246908787,8848.22473702066,10.92,19.5994746504731,32.6
IDN,Indonesia,East Asia & Pacific,Upper middle income,IBRD,2011,45.593,0.216064645546429,94.8,78.8347778320312,4.82294276512758,9274.96955181702,12.28,16.0083592484018,31.2
IDN,Indonesia,East Asia & Pacific,Upper middle income,IBRD,2012,44.616,0.205538065067404,96,81.492919921875,4.67540374198676,9708.61182531081,14.52,15.0475301495417,29.9
IDN,Indonesia,East Asia & Pacific,Upper middle income,IBRD,2013,42.675,0.183406081143036,96.5,80.8373400803378,4.25603923226443,10121.8141535043,14.94,15.912612809934,28.6
IDN,Indonesia,East Asia & Pacific,Upper middle income,IBRD,2014,40.126,0.185734275785612,97,83.3549900998268,3.77968595157438,10504.3869411088,17.1431598350566,14.5086391000202,27.3
IDN,Indonesia,East Asia & Pacific,Upper middle income,IBRD,2015,37.861,0.179665435926819,97.5,88.012649448813,3.70583428895539,10893.6621142169,22.062742603379,13.6593504639543,26.1
IDN,Indonesia,East Asia & Pacific,Upper middle income,IBRD,2016,35.356,0.169286474124514,97.6,89.0999579586062,3.91054275495577,11319.6634287738,25.447353701827,15.1437457097094,25
IDN,Indonesia,East Asia & Pacific,Upper middle income,IBRD,2017,32.792,0.170221287628399,98.1,91.8476348896733,4.00109865179923,11772.5743296107,32.335806250688,15.7714127577141,23.8
IDN,Indonesia,East Asia & Pacific,Upper middle income,IBRD,2018,30.648,0.180190639615214,98.5,93.7541308046929,4.15930013909383,12262.2310300771,39.9046386385762,15.5999106611078,22.8
IDN,Indonesia,East Asia & Pacific,Upper middle income,IBRD,2019,28.876,0.183401323158224,98.8,95.9420767172654,4.0413041818536,12757.7850854842,47.6906489788375,14.5841228957778,21.8
IDN,Indonesia,East Asia & Pacific,Upper middle income,IBRD,2020,27.176,0.17514290997288,97,97.2526258977195,-2.89423403981894,12388.5449268131,53.72649449,15.8206622268759,20.8
IDN,Indonesia,East Asia & Pacific,Upper middle income,IBRD,2021,26.824,0.176367393298113,99.2,98.3041172391285,2.97476192227879,12757.0746440204,62.10447842,15.5300398228856,19.9
IDN,Indonesia,East Asia & Pacific,Upper middle income,IBRD,2022,26.581,0.194378576323224,100,98.185474262024,4.52447576618876,13334.2653947637,66.48461277,,19.1
IMN,Isle of Man,Europe & Central Asia,High income,Not classified,2000,11.223,,100,,4.09055253299996,,,,
IMN,Isle of Man,Europe & Central Asia,High income,Not classified,2001,11.196,,100,,4.27400134298588,,,,
IMN,Isle of Man,Europe & Central Asia,High income,Not classified,2002,10.976,,100,,5.10192250991517,,,,
IMN,Isle of Man,Europe & Central Asia,High income,Not classified,2003,10.585,,100,,4.94881389767924,,,,
IMN,Isle of Man,Europe & Central Asia,High income,Not classified,2004,10.36,,100,,4.20797850373191,,,,
IMN,Isle of Man,Europe & Central Asia,High income,Not classified,2005,10.673,,100,,4.93577075888795,,,,
IMN,Isle of Man,Europe & Central Asia,High income,Not classified,2006,11.009,,100,,6.6564512619359,,,,
IMN,Isle of Man,Europe & Central Asia,High income,Not classified,2007,11.257,,100,,6.36998309806449,,,,
IMN,Isle of Man,Europe & Central Asia,High income,Not classified,2008,11.366,,100,,3.77208525293702,,,,
IMN,Isle of Man,Europe & Central Asia,High income,Not classified,2009,11.341,,100,,0.979767326548526,,,,
IMN,Isle of Man,Europe & Central Asia,High income,Not classified,2010,11.336,,100,,2.24854803434695,,,,
IMN,Isle of Man,Europe & Central Asia,High income,Not classified,2011,11.276,,100,,1.38472598626136,,,,
IMN,Isle of Man,Europe & Central Asia,High income,Not classified,2012,11.064,,100,,7.3636916765798,,,,
IMN,Isle of Man,Europe & Central Asia,High income,Not classified,2013,10.809,,100,,4.38197664616249,,,,
IMN,Isle of Man,Europe & Central Asia,High income,Not classified,2014,10.646,,100,,5.46721088334894,,,,
IMN,Isle of Man,Europe & Central Asia,High income,Not classified,2015,10.541,,100,,-0.0295616197691402,,,,
IMN,Isle of Man,Europe & Central Asia,High income,Not classified,2016,10.44,,100,,7.11503908245226,,,,
IMN,Isle of Man,Europe & Central Asia,High income,Not classified,2017,10.125,,100,,2.66187031478451,,,,
IMN,Isle of Man,Europe & Central Asia,High income,Not classified,2018,9.615,,100,,1.97434466746698,,,,
IMN,Isle of Man,Europe & Central Asia,High income,Not classified,2019,9.22,,100,,0.0733713448695283,,,,
IMN,Isle of Man,Europe & Central Asia,High income,Not classified,2020,8.97,,100,,-8.952853097019,,,,
IMN,Isle of Man,Europe & Central Asia,High income,Not classified,2021,8.944,,100,,3.78598283934312,,,,
IMN,Isle of Man,Europe & Central Asia,High income,Not classified,2022,8.827,,100,,-4.19809282387067,,,,
IND,India,South Asia,Lower middle income,IBRD,2000,114.352,0.313015876691479,60.3,38.9118194580078,1.90763005843495,3010.42156148397,0.527532449930946,14.0401258332442,91.8
IND,India,South Asia,Lower middle income,IBRD,2001,112.043,0.30343574121053,62,38.7999687194824,2.88134658113091,3097.16224022342,0.660146377009928,13.6197629481384,88.1
IND,India,South Asia,Lower middle income,IBRD,2002,105.119,0.303306581119234,62.3,41.3250694274902,1.94070548523048,3157.26903770593,1.53787558175083,12.8005809834912,84.6
IND,India,South Asia,Lower middle income,IBRD,2003,97.366,0.289745219601743,65.4,45.5992889404297,6.00579964269848,3346.8882902915,1.68648997063625,11.5191856915079,81.1
IND,India,South Asia,Lower middle income,IBRD,2004,83.5,0.289555824366078,64.4,47.2715797424316,6.09996522556324,3551.04731213773,1.97613649190559,12.8708458297682,77.7
IND,India,South Asia,Lower middle income,IBRD,2005,64.678,0.279706626339658,68.8,50.2120513916016,6.17702892470105,3770.39653173829,2.388099909,14.3659113976406,74.3
IND,India,South Asia,Lower middle income,IBRD,2006,55.76,0.276261780582701,67.9,51.390209197998,6.38367720990838,4011.08647585805,2.80549986534254,15.9724580053981,71
IND,India,South Asia,Lower middle income,IBRD,2007,51.987,0.279424872686947,72.3,54.4490394592285,6.05160013553237,4253.82139046739,3.95,16.8958319059597,67.8
IND,India,South Asia,Lower middle income,IBRD,2008,54.289,0.291073383553681,74.1,58.1668281555176,1.61413451730577,4322.48378983546,4.38,17.1072579022733,64.5
IND,India,South Asia,Lower middle income,IBRD,2009,46.696,0.28786419395809,75,58.6507301330566,6.31340985810947,4595.37990753812,5.12,15.3504789989236,61.2
IND,India,South Asia,Lower middle income,IBRD,2010,41.719,0.283136676709761,76.3,62.3437995910645,6.93079780360446,4913.87639723705,7.5,14.9419430950586,58.1
IND,India,South Asia,Lower middle income,IBRD,2011,40.795,0.287010651670204,79.5,64.624397277832,3.76074153231241,5098.67458775444,10.07,15.306114125047,55
IND,India,South Asia,Lower middle income,IBRD,2012,39.533,0.297176383032674,79.9,67.4936981201172,4.01726735834531,5303.50197767655,11.100000380000001,16.2449871875852,52
IND,India,South Asia,Lower middle income,IBRD,2013,35.326,0.287285167065118,83.1,69.2553634643555,4.97769997299568,5567.49439418718,12.30000019,15.2987635527139,49.1
IND,India,South Asia,Lower middle income,IBRD,2014,28.806,0.288763115756516,85.1,74.7539901733398,6.06398074170735,5905.10618204633,13.5,15.8631842012333,46.4
IND,India,South Asia,Lower middle income,IBRD,2015,18.194,0.272229702035272,88,74.3924407958984,6.71566734636781,6301.67346968236,14.899999619999999,14.8948527456761,43.7
IND,India,South Asia,Lower middle income,IBRD,2016,14.535,0.255192757114799,89.6,75.823371887207,6.97394690926852,6741.14883185347,16.5,13.5971725653557,41.3
IND,India,South Asia,Lower middle income,IBRD,2017,15.166,0.252310872154683,91.8,74.2236328125,5.5611850346496,7116.03659185396,18.200000760000002,14.1593786090421,39
IND,India,South Asia,Lower middle income,IBRD,2018,15.133,0.248229813137767,95.7,75.5565032958984,5.29211971912275,7492.62576755145,20.0813000379384,15.0102597827208,36.9
IND,India,South Asia,Lower middle income,IBRD,2019,14.796,0.238488726965652,95.9,75.6416931152344,2.79675759966057,7702.17634811957,29.52350044,16.8275232132522,34.9
IND,India,South Asia,Lower middle income,IBRD,2020,14.423,0.233815479257375,96.5,76.5541213427966,-6.69047102834244,7186.86447099679,43.40544313,19.7557474948152,33
IND,India,South Asia,Lower middle income,IBRD,2021,14.289,0.234954610857686,99.6,78.4542146302356,8.79093447675136,7818.65701757504,49.2580986,19.131292447169,31.2
IND,India,South Asia,Lower middle income,IBRD,2022,14.185,0.235917744300051,99.2,80.4518698611689,6.76238601728318,8347.38478647086,55.9,,29.5
IRL,Ireland,Europe & Central Asia,High income,Not classified,2000,19.961,0.214952036896146,100,,7.95480656981979,53582.8313532284,17.8504672405807,6.21299307814194,7.2
IRL,Ireland,Europe & Central Asia,High income,Not classified,2001,20.187,0.214478457419587,100,109.808570861816,3.64246980676886,55534.5698068816,23.1388121904053,5.41244341172229,6.9
IRL,Ireland,Europe & Central Asia,High income,Not classified,2002,19.825,0.197835154516603,100,111.292457580566,4.12975527664135,57828.0116338414,25.85,6.8806793381215,6.5
IRL,Ireland,Europe & Central Asia,High income,Not classified,2003,19.205,0.189850171721243,100,112.472328186035,1.34938713225839,58608.3353816693,34.31,5.93038928090066,6.1
IRL,Ireland,Europe & Central Asia,High income,Not classified,2004,17.775,0.179872194974242,100,113.681762695312,4.85345751357542,61452.8660388324,36.99,6.8337307947926,5.6
IRL,Ireland,Europe & Central Asia,High income,Not classified,2005,16.903,0.177982105192275,100,114.562652587891,3.46094094006261,63579.7134384122,41.61,8.53216869324303,5.2
IRL,Ireland,Europe & Central Asia,High income,Not classified,2006,16.621,0.171739009803468,100,113.762756347656,2.19518952781192,64975.4086496251,54.82,10.3197847742311,4.8
IRL,Ireland,Europe & Central Asia,High income,Not classified,2007,17.184,0.160537443217431,100,115.01000213623,2.30923113199,66475.8410142999,61.158324551,10.9654824454574,4.6
IRL,Ireland,Europe & Central Asia,High income,Not classified,2008,16.83,0.165698511287972,100,114.988639831543,-6.41164613131696,62213.6453256462,65.34,12.9646713111236,4.4
IRL,Ireland,Europe & Central Asia,High income,Not classified,2009,16.08,0.155326084149895,100,118.528137207031,-6.05481156494983,58446.726333492,67.38,15.7656057241549,4.3
IRL,Ireland,Europe & Central Asia,High income,Not classified,2010,14.764,0.151832940844272,100,121.657470703125,1.13042386118924,59107.4220740498,69.85,13.7527729849643,4.2
IRL,Ireland,Europe & Central Asia,High income,Not classified,2011,12.592,0.135623654030184,100,118.078887939453,1.166742916706,59797.0537343463,74.8899729670944,19.9133132618593,4.1
IRL,Ireland,Europe & Central Asia,High income,Not classified,2012,11.415,0.137855030238568,100,119.381332397461,-0.826164036751607,59303.0319813561,76.919992540097,19.941103533788,4
IRL,Ireland,Europe & Central Asia,High income,Not classified,2013,9.694,0.130346477971586,100,,1.65624859275668,60285.2376140094,78.2477,22.974879784574,3.9
IRL,Ireland,Europe & Central Asia,High income,Not classified,2014,8.55,0.118523615605256,100,118.297927856445,8.58909717383906,65463.1952541564,83.4917223351728,25.4903706534199,3.8
IRL,Ireland,Europe & Central Asia,High income,Not classified,2015,8.018,0.0990758556949502,100,118.652038574219,23.4520270725761,80815.6415277345,83.4947916666667,28.5989753307366,3.7
IRL,Ireland,Europe & Central Asia,High income,Not classified,2016,7.307,0.102728568225144,100,118.613380432129,-0.0687294094505688,80760.0974145688,83.5,25.4968150785614,3.6
IRL,Ireland,Europe & Central Asia,High income,Not classified,2017,6.69,0.0903455912491484,100,123.970291137695,8.63259519638329,87731.7897045734,84.1140070623844,29.3129335096945,3.5
IRL,Ireland,Europe & Central Asia,High income,Not classified,2018,6.104,0.0833733425183861,100,164.419372558594,6.13694267880518,93115.8393498329,87.0001401148942,33.383688215359,3.4
IRL,Ireland,Europe & Central Asia,High income,Not classified,2019,5.447,0.0759643722623206,100,143.507354736328,3.31840085150145,96205.7961557005,87.0000552425146,38.7059541788503,3.4
IRL,Ireland,Europe & Central Asia,High income,Not classified,2020,5.027,0.0668468151375644,100,140.086166381836,5.80801946810749,101793.447525871,91.99989097,42.3895067623772,3.5
IRL,Ireland,Europe & Central Asia,High income,Not classified,2021,4.798,0.0610016557745014,100,138.651184082031,14.6467292457005,116702.85817485,93.50610352,37.1541775946047,3.6
IRL,Ireland,Europe & Central Asia,High income,Not classified,2022,4.151,0.0556536326744179,100,136.129119873047,5.40228269492256,123007.47648651,95.03690338,,3.7
IRN,"Iran, Islamic Rep.","Middle East, North Africa, Afghanistan & Pakistan",Upper middle income,IBRD,2000,36.904,0.457688090571267,97.9,71.0602569580078,4.29451656429561,11643.1218077696,0.934190019959829,3.0371139286391,36.4
IRN,"Iran, Islamic Rep.","Middle East, North Africa, Afghanistan & Pakistan",Upper middle income,IBRD,2001,36.015,0.464959257823376,98.1,70.8468475341797,0.823553037936534,11739.0090911282,1.48422133163363,3.90991482269449,34.3
IRN,"Iran, Islamic Rep.","Middle East, North Africa, Afghanistan & Pakistan",Upper middle income,IBRD,2002,35.14,0.449088259687701,98.1,71.3788070678711,7.19000975928768,12583.044990424,4.62617511492205,5.7274119123057,32.3
IRN,"Iran, Islamic Rep.","Middle East, North Africa, Afghanistan & Pakistan",Upper middle income,IBRD,2003,34.479,0.436254248906151,98.2,71.2510070800781,7.44180127291611,13519.4501926929,6.93372195304053,7.22756339437736,30.3
IRN,"Iran, Islamic Rep.","Middle East, North Africa, Afghanistan & Pakistan",Upper middle income,IBRD,2004,33.564,0.44840728183506,98.3,72.5664596557617,2.12837885127104,13807.1953114023,7.49,6.39436729412047,28.3
IRN,"Iran, Islamic Rep.","Middle East, North Africa, Afghanistan & Pakistan",Upper middle income,IBRD,2005,33.292,0.468528335014207,98.4,73.1008987426758,0.931246313659614,13935.7743087596,8.100000381,9.07186896365842,26.5
IRN,"Iran, Islamic Rep.","Middle East, North Africa, Afghanistan & Pakistan",Upper middle income,IBRD,2006,33.521,0.481477665510107,98.4,75.411491394043,2.76183106993244,14320.6568534545,8.760000229,9.49460250568294,24.7
IRN,"Iran, Islamic Rep.","Middle East, North Africa, Afghanistan & Pakistan",Upper middle income,IBRD,2007,33.651,0.473744777004678,98.7,76.9536514282227,6.40171006806331,15237.4237850549,9.470000267,8.88687949172983,23.1
IRN,"Iran, Islamic Rep.","Middle East, North Africa, Afghanistan & Pakistan",Upper middle income,IBRD,2008,33.781,0.487151420140067,98.8,78.5560073852539,-0.959303455562093,15091.2506521463,12.02,2.30688015662145,21.7
IRN,"Iran, Islamic Rep.","Middle East, North Africa, Afghanistan & Pakistan",Upper middle income,IBRD,2009,33.9,0.497978087094144,99.7,79.4014663696289,-0.239219321569081,15055.1494647199,13.80000019,3.35871617653702,20.4
IRN,"Iran, Islamic Rep.","Middle East, North Africa, Afghanistan & Pakistan",Upper middle income,IBRD,2010,34.004,0.473590778049553,99.4,77.7281036376953,4.48194624429263,15729.9131707266,15.9,4.18216080941282,19.3
IRN,"Iran, Islamic Rep.","Middle East, North Africa, Afghanistan & Pakistan",Upper middle income,IBRD,2011,35.083,0.468719608494714,99.5,79.6959381103516,1.38495950276369,15947.766097961,19,5.12146534917435,18.3
IRN,"Iran, Islamic Rep.","Middle East, North Africa, Afghanistan & Pakistan",Upper middle income,IBRD,2012,37.467,0.492417639777874,99.5,80.8130187988281,-4.94408603979183,15159.2948206531,22.73,4.98456008431783,17.5
IRN,"Iran, Islamic Rep.","Middle East, North Africa, Afghanistan & Pakistan",Upper middle income,IBRD,2013,39.006,0.517036804267824,99.8,79.7113418579102,-2.80061992960059,14734.740588719,29.95,5.6018922852984,16.8
IRN,"Iran, Islamic Rep.","Middle East, North Africa, Afghanistan & Pakistan",Upper middle income,IBRD,2014,38.569,0.511707102114958,100,80.5690994262695,3.58412137758084,15262.8515760903,39.353614505223,5.13713680177999,16.1
IRN,"Iran, Islamic Rep.","Middle East, North Africa, Afghanistan & Pakistan",Upper middle income,IBRD,2015,37.413,0.513354642377726,100,80.8046798706055,-2.75798228082138,14841.9048340737,45.3349761533285,5.11239590497197,15.5
IRN,"Iran, Islamic Rep.","Middle East, North Africa, Afghanistan & Pakistan",Upper middle income,IBRD,2016,36.172,0.481372847930269,100,82.1195220947266,7.26636493161325,15920.3718021202,53.2267716709857,5.78014763364165,14.9
IRN,"Iran, Islamic Rep.","Middle East, North Africa, Afghanistan & Pakistan",Upper middle income,IBRD,2017,35.132,0.484742883996088,99.9,81.7238006591797,1.55521443456146,16167.9677224227,64.0439736249513,5.01657974624426,14.4
IRN,"Iran, Islamic Rep.","Middle East, North Africa, Afghanistan & Pakistan",Upper middle income,IBRD,2018,32.963,0.499891761985788,100,,-4.96761764341849,15364.8049052614,70.2005650008363,5.35997700570336,13.9
IRN,"Iran, Islamic Rep.","Middle East, North Africa, Afghanistan & Pakistan",Upper middle income,IBRD,2019,29.369,0.551558410147209,100,,-3.40863263146464,14841.0751514998,72.4509047672065,9.844243902887,13.4
IRN,"Iran, Islamic Rep.","Middle East, North Africa, Afghanistan & Pakistan",Upper middle income,IBRD,2020,26.989,0.545362012368957,100,84.9604034423828,3.64198271829557,15381.5845437266,75.56986637,6.77518127951359,13
IRN,"Iran, Islamic Rep.","Middle East, North Africa, Afghanistan & Pakistan",Upper middle income,IBRD,2021,26.445,0.558169700773047,100,,3.26912440288719,15884.4276775963,78.5957366,4.23813256684958,12.6
IRN,"Iran, Islamic Rep.","Middle East, North Africa, Afghanistan & Pakistan",Upper middle income,IBRD,2022,26.291,0.540202975536,100,85.9843673706055,3.10702656058911,16377.9610645368,81.71649933,,12.1
IRQ,Iraq,"Middle East, North Africa, Afghanistan & Pakistan",Upper middle income,IBRD,2000,59.28,0.286266976287278,96.8,27.8302001953125,13.0301611362353,12702.1641950892,,1.9153605015674,44.3
IRQ,Iraq,"Middle East, North Africa, Afghanistan & Pakistan",Upper middle income,IBRD,2001,58.997,0.318804944801271,96.9,27.4531402587891,-1.35847551126994,12529.6084050976,0.1,1.91621965210381,43.4
IRQ,Iraq,"Middle East, North Africa, Afghanistan & Pakistan",Upper middle income,IBRD,2002,60.846,0.327970196311219,97.1,,-11.0582696179366,11144.0505255902,0.5,1.91654608274518,42.5
IRQ,Iraq,"Middle East, North Africa, Afghanistan & Pakistan",Upper middle income,IBRD,2003,64.393,0.451510839670001,97.2,33.3460884094238,-38.5382182871903,6849.3320080035,0.6,1.52787579393084,41.6
IRQ,Iraq,"Middle East, North Africa, Afghanistan & Pakistan",Upper middle income,IBRD,2004,69.568,0.320761713783252,97.3,35.8271293640137,49.0738525824483,10210.5631004936,0.9,1.52655209784796,40.7
IRQ,Iraq,"Middle East, North Africa, Afghanistan & Pakistan",Upper middle income,IBRD,2005,73.213,0.304699358631942,97.4,,-1.29394759634579,10078.4437646814,0.899999976,16.3289473684211,39.7
IRQ,Iraq,"Middle East, North Africa, Afghanistan & Pakistan",Upper middle income,IBRD,2006,78.229,0.280592721031564,97.6,,4.86652515076509,10568.9137652953,0.95234424383919,14.6941430387606,38.8
IRQ,Iraq,"Middle East, North Africa, Afghanistan & Pakistan",Upper middle income,IBRD,2007,79.181,0.254512889289152,98.1,42.750431060791,2.69566336957755,10853.8161022286,0.93,13.6835454463399,37.7
IRQ,Iraq,"Middle East, North Africa, Afghanistan & Pakistan",Upper middle income,IBRD,2008,79.068,0.271867832580217,97.9,,6.06351402987207,11511.9387643638,1,9.44751680763392,36.7
IRQ,Iraq,"Middle East, North Africa, Afghanistan & Pakistan",Upper middle income,IBRD,2009,80.796,0.280902328219903,98.1,,-0.359808708496018,11470.5178061728,1.06,8.53264459534441,35.6
IRQ,Iraq,"Middle East, North Africa, Afghanistan & Pakistan",Upper middle income,IBRD,2010,85.52,0.303914465851997,98.4,,3.01924651269078,11816.8410150233,2.5,9.7496319620512,34.5
IRQ,Iraq,"Middle East, North Africa, Afghanistan & Pakistan",Upper middle income,IBRD,2011,89.622,0.293774063220055,98,,3.81441942451566,12267.5848940645,5,7.68482273713893,33.4
IRQ,Iraq,"Middle East, North Africa, Afghanistan & Pakistan",Upper middle income,IBRD,2012,88.519,0.295965408593523,99.3,,8.88055394419878,13357.0143882323,7.099999905,9.5495240992655,32.4
IRQ,Iraq,"Middle East, North Africa, Afghanistan & Pakistan",Upper middle income,IBRD,2013,85.749,0.298479491294812,99,,2.6646473210161,13712.931714296,9.199999809,8.21895737839502,31.3
IRQ,Iraq,"Middle East, North Africa, Afghanistan & Pakistan",Upper middle income,IBRD,2014,82.27,0.279498621582293,99.2,,-1.2842545257663,13536.8227681399,11.6453267304545,4.40908219683008,30.3
IRQ,Iraq,"Middle East, North Africa, Afghanistan & Pakistan",Upper middle income,IBRD,2015,76.418,0.271641644912511,99.4,,-0.153622231589026,13516.0271989173,15.21440029,3.79053022037966,29.3
IRQ,Iraq,"Middle East, North Africa, Afghanistan & Pakistan",Upper middle income,IBRD,2016,71.098,0.268398835210184,99.7,,11.0984155585203,15016.0920644557,19.87719917,4.09087006808399,28.4
IRQ,Iraq,"Middle East, North Africa, Afghanistan & Pakistan",Upper middle income,IBRD,2017,66.576,0.295062820578239,99.9,,-3.98546687274897,14417.6306896454,25.96920013,2.43831522924574,27.5
IRQ,Iraq,"Middle East, North Africa, Afghanistan & Pakistan",Upper middle income,IBRD,2018,64.639,0.310850730348279,99.9,,0.267762550620816,14456.2357053191,33.92810059,2.23215828142307,26.5
IRQ,Iraq,"Middle East, North Africa, Afghanistan & Pakistan",Upper middle income,IBRD,2019,63.067,0.315293022937042,100,,3.14043943608276,14910.225032382,44.3263465511579,4.63672817539535,25.7
IRQ,Iraq,"Middle East, North Africa, Afghanistan & Pakistan",Upper middle income,IBRD,2020,61.747,0.340346350775807,100,,-13.9675322715096,12827.6345392293,53.67779922,3.88740678590081,24.9
IRQ,Iraq,"Middle East, North Africa, Afghanistan & Pakistan",Upper middle income,IBRD,2021,60.371,0.3641866903101,100,,-0.74745630944858,12731.7535755128,65.00219727,3.77958595889556,24
IRQ,Iraq,"Middle East, North Africa, Afghanistan & Pakistan",Upper middle income,IBRD,2022,58.979,0.375459336807548,100,,5.51097802059412,13433.3977166956,78.71560926,,23.3
ISL,Iceland,Europe & Central Asia,High income,Not classified,2000,23.223,0.201949545279957,100,112.418891906738,3.4786164080938,50227.8408745363,44.470533824288,99.934929724102,3.9
ISL,Iceland,Europe & Central Asia,High income,Not classified,2001,20.478,0.201652347103036,100,113.251411437988,2.46972063829026,51468.3282267824,49.3929953676426,99.9502054027138,3.7
ISL,Iceland,Europe & Central Asia,High income,Not classified,2002,18.656,0.212181135096613,100,116.697853088379,-0.351156726983646,51287.593729948,79.12,99.9287072243346,3.5
ISL,Iceland,Europe & Central Asia,High income,Not classified,2003,16.314,0.205532376399423,100,119.957382202148,1.57552048232783,52095.6402740564,83.14,99.9294117647059,3.3
ISL,Iceland,Europe & Central Asia,High income,Not classified,2004,13.76,0.195638587291786,100,109.347999572754,6.68188295274432,55576.6099806516,83.88,99.961962194132,3.2
ISL,Iceland,Europe & Central Asia,High income,Not classified,2005,13.293,0.180009585170756,100,109.665580749512,5.34851964990581,58549.1358862183,87,99.9457748100391,3.1
ISL,Iceland,Europe & Central Asia,High income,Not classified,2006,13.235,0.176573971676462,100,109.666450500488,3.21994147028617,60434.3837931128,89.51,99.9725047839662,2.9
ISL,Iceland,Europe & Central Asia,High income,Not classified,2007,13.828,0.174071043569386,100,109.764930725098,6.0245936124245,64075.3098188208,90.6,99.9857202505219,2.8
ISL,Iceland,Europe & Central Asia,High income,Not classified,2008,14.297,0.186169596142404,100,108.088829040527,-0.174091518111624,63963.7601392225,91,99.9884010445133,2.8
ISL,Iceland,Europe & Central Asia,High income,Not classified,2009,14.231,0.205625096776832,100,108.148422241211,-8.63377662571038,58441.2719673968,93,99.9906736366877,2.7
ISL,Iceland,Europe & Central Asia,High income,Not classified,2010,12.963,0.205297506423173,100,109.966148376465,-2.0810114124051,57225.1024282006,93.39,99.9906207866815,2.7
ISL,Iceland,Europe & Central Asia,High income,Not classified,2011,11.385,0.19531640372525,100,110.568481445312,1.07078538218349,57837.8604599413,94.8196868008949,99.9843123583755,2.6
ISL,Iceland,Europe & Central Asia,High income,Not classified,2012,10.864,0.195271422522483,100,113.343231201172,0.632418770513922,58203.6379459536,96.2097995545657,99.9861530571543,2.6
ISL,Iceland,Europe & Central Asia,High income,Not classified,2013,8.698,0.191878530710349,100,123.816963195801,2.6216677950663,59729.5439775397,96.5468,99.9741664826673,2.6
ISL,Iceland,Europe & Central Asia,High income,Not classified,2014,8.19,0.175757766854032,100,122.319847106934,0.786303524956651,60199.1994872756,98.1580233097118,99.9873089444353,2.6
ISL,Iceland,Europe & Central Asia,High income,Not classified,2015,7.514,0.177457421095609,100,120.264518737793,2.69299660510147,61820.3618857662,98.19999695,99.9873929464333,2.6
ISL,Iceland,Europe & Central Asia,High income,Not classified,2016,6.669,0.146339528651077,100,116.968399047852,4.7538797362384,64759.2275423229,98.23999786,99.9936388140162,2.6
ISL,Iceland,Europe & Central Asia,High income,Not classified,2017,5.931,0.148128386270839,100,114.679817199707,1.08598544948268,65462.5033306299,98.2552011867973,,2.7
ISL,Iceland,Europe & Central Asia,High income,Not classified,2018,5.381,0.140031540707121,100,113.783317565918,1.89500637167048,66703.0219398003,99.0109539916991,,2.7
ISL,Iceland,Europe & Central Asia,High income,Not classified,2019,4.88,0.133505074794472,100,110.045211791992,-1.06147505075413,65994.9860038103,99.5049411693787,,2.8
ISL,Iceland,Europe & Central Asia,High income,Not classified,2020,4.408,0.138278035142642,100,108.87816619873,-8.14886563450268,60617.143268851,99.5327519,,2.8
ISL,Iceland,Europe & Central Asia,High income,Not classified,2021,4.15,0.135404833878628,100,112.999610900879,3.47038527549633,62720.7916832797,99.68701957,,2.9
ISL,Iceland,Europe & Central Asia,High income,Not classified,2022,3.515,0.12736376766925,100,110.178550720215,6.15498049883465,66581.2441801002,97.58339691,,2.9
ISR,Israel,"Middle East, North Africa, Afghanistan & Pakistan",High income,Not classified,2000,17.271,0.2832636784994,100,,5.75975072145897,33278.5412285682,20.8737899981674,0.0726659009399686,6.9
ISR,Israel,"Middle East, North Africa, Afghanistan & Pakistan",High income,Not classified,2001,16.816,0.282258002235895,100,99.0385437011719,-2.06538364198205,32591.2116817431,17.3786238639049,0.0455052217241928,6.6
ISR,Israel,"Middle East, North Africa, Afghanistan & Pakistan",High income,Not classified,2002,16.644,0.298216062434251,100,99.633903503418,-2.14374381254724,31892.5395978816,17.7645990630493,0.0703296703296703,6.4
ISR,Israel,"Middle East, North Africa, Afghanistan & Pakistan",High income,Not classified,2003,16.472,0.302298099349361,100,98.1695938110352,-0.380427550574865,31771.2115906733,19.5933936579649,0.091409621394103,6.1
ISR,Israel,"Middle East, North Africa, Afghanistan & Pakistan",High income,Not classified,2004,15.523,0.28778114649905,100,97.9283065795898,2.81588919584401,32665.8537052438,22.7704855254035,0.0824890543370207,5.8
ISR,Israel,"Middle East, North Africa, Afghanistan & Pakistan",High income,Not classified,2005,15.006,0.266574926188937,100,97.9647064208984,2.52905588156467,33491.9913996395,25.19400024,0.083741409818526,5.6
ISR,Israel,"Middle East, North Africa, Afghanistan & Pakistan",High income,Not classified,2006,14.51,0.265374302192011,100,97.8787307739258,3.74082297657495,34744.8675092298,27.8810997,0.0538193757664465,5.3
ISR,Israel,"Middle East, North Africa, Afghanistan & Pakistan",High income,Not classified,2007,14.149,0.258744572048607,100,97.7012176513672,4.44151356230513,36288.0655118571,48.1280621948445,0.0503048780487805,5.1
ISR,Israel,"Middle East, North Africa, Afghanistan & Pakistan",High income,Not classified,2008,14.044,0.252046619795355,100,97.3704681396484,1.39829553388404,36795.4799112424,59.39,0.0650865774284662,4.9
ISR,Israel,"Middle East, North Africa, Afghanistan & Pakistan",High income,Not classified,2009,13.728,0.246306347532304,100,96.9526901245117,-1.17051223143478,36364.7843182661,63.12,0.15570462478185,4.7
ISR,Israel,"Middle East, North Africa, Afghanistan & Pakistan",High income,Not classified,2010,13.21,0.250413499160357,100,98.8364334106445,3.63416912780745,37686.3420833543,67.5,0.33081872642556,4.6
ISR,Israel,"Middle East, North Africa, Afghanistan & Pakistan",High income,Not classified,2011,12.286,0.234669793358226,100,98.8685913085938,3.58135753623301,39036.0247356871,68.8738779907441,0.676111799993297,4.4
ISR,Israel,"Middle East, North Africa, Afghanistan & Pakistan",High income,Not classified,2012,11.634,0.249925600682919,100,98.8610000610352,0.536640391791892,39245.5078117687,70.8,0.818259737786102,4.3
ISR,Israel,"Middle East, North Africa, Afghanistan & Pakistan",High income,Not classified,2013,10.315,0.211320156496367,100,99.4867477416992,2.16577109822916,40095.4756773092,70.250311945000007,0.928833515435169,4.1
ISR,Israel,"Middle East, North Africa, Afghanistan & Pakistan",High income,Not classified,2014,10.092,0.196692879193456,100,99.0864105224609,1.74621551083156,40795.6290927281,75.0177531628076,1.58584513179748,4
ISR,Israel,"Middle East, North Africa, Afghanistan & Pakistan",High income,Not classified,2015,9.672,0.198423839222931,100,98.7219314575195,0.230342851538737,40889.5989080834,77.3520896572253,2.06055180145113,3.9
ISR,Israel,"Middle East, North Africa, Afghanistan & Pakistan",High income,Not classified,2016,9.277,0.188586605858861,100,99.7816162109375,2.50670443598923,41914.5802977706,79.6531241815281,2.6341172079134,3.8
ISR,Israel,"Middle East, North Africa, Afghanistan & Pakistan",High income,Not classified,2017,8.863,0.18146007755486,100,98.5735092163086,2.34048587653075,42895.585129847,81.5811835871611,2.87841711735674,3.7
ISR,Israel,"Middle East, North Africa, Afghanistan & Pakistan",High income,Not classified,2018,8.186,0.163271153110498,100,98.8978576660156,2.06796927151525,43782.6526491689,83.7331569615326,3.10037304225393,3.7
ISR,Israel,"Middle East, North Africa, Afghanistan & Pakistan",High income,Not classified,2019,7.481,0.162138440003033,100,98.4972991943359,1.62043641627767,44492.1226967084,86.7878776180583,4.71589495507947,3.6
ISR,Israel,"Middle East, North Africa, Afghanistan & Pakistan",High income,Not classified,2020,6.918,0.155199159992497,100,98.5995178222656,-3.51878278661184,42926.5415418584,90.12734091,6.20373803331304,3.5
ISR,Israel,"Middle East, North Africa, Afghanistan & Pakistan",High income,Not classified,2021,6.759,0.140975583612054,100,99.3400192260742,7.51180775977554,46151.100820403,90.29689758,7.63056263212098,3.5
ISR,Israel,"Middle East, North Africa, Afghanistan & Pakistan",High income,Not classified,2022,6.737,0.13833246200587,100,98.9096984863281,4.29299164027475,48132.3637205177,91.85079615,,3.4
ITA,Italy,Europe & Central Asia,High income,Not classified,2000,7.176,0.158452275774754,100,,3.83504714661416,50353.4200415436,23.1108742441037,20.8138489956297,5.6
ITA,Italy,Europe & Central Asia,High income,Not classified,2001,6.993,0.155117194179146,100,96.097038269043,1.94399983338882,51332.2904432567,27.2221169788811,22.0289920002294,5.3
ITA,Italy,Europe & Central Asia,High income,Not classified,2002,6.927,0.157180847982275,100,97.0359878540039,0.0717374312631875,51369.1149098293,28.04,19.6507978238618,5.1
ITA,Italy,Europe & Central Asia,High income,Not classified,2003,6.943,0.163824608246848,100,98.1742935180664,-0.472767256846353,51126.2585544038,29.04,18.5354663744879,4.8
ITA,Italy,Europe & Central Asia,High income,Not classified,2004,7.147,0.165272957447003,100,98.7184906005859,0.721242547682493,51495.0028841364,33.24,20.2534259445454,4.6
ITA,Italy,Europe & Central Asia,High income,Not classified,2005,6.766,0.164326042312897,100,98.8290634155273,0.176020373979568,51585.6445807938,35,18.2074850427562,4.5
ITA,Italy,Europe & Central Asia,High income,Not classified,2006,6.639,0.159605488866867,100,99.1188430786133,1.3930148978998,52304.2402949819,37.99,18.1659869922737,4.3
ITA,Italy,Europe & Central Asia,High income,Not classified,2007,6.736,0.154981292677486,100,99.3631820678711,0.846872548383672,52747.1905476807,40.79,17.006690305747,4.2
ITA,Italy,Europe & Central Asia,High income,Not classified,2008,7.072,0.151580940977126,100,99.8315582275391,-1.7836019705945,51806.3906176391,44.53,19.9805533795005,4.1
ITA,Italy,Europe & Central Asia,High income,Not classified,2009,7.014,0.14245714023268,100,99.8766174316406,-5.85255775999181,48774.3916833748,48.83,25.1354194075294,4.1
ITA,Italy,Europe & Central Asia,High income,Not classified,2010,6.854,0.14364341400825,100,101.048370361328,1.0811087798198,49301.6959141674,53.68,26.5708511138405,4
ITA,Italy,Europe & Central Asia,High income,Not classified,2011,6.583,0.139577355165336,100,101.019592285156,0.347491108002188,49473.0149235634,54.3899983018814,28.058229036192,3.9
ITA,Italy,Europe & Central Asia,High income,Not classified,2012,6.412,0.137110755241443,100,99.9755325317383,-3.38984189684089,47795.9579360541,55.829997993283,31.4795423637633,3.8
ITA,Italy,Europe & Central Asia,High income,Not classified,2013,5.891,0.128058792931333,100,100.541206359863,-2.01397031609169,46833.3615309303,58.4593,39.3087237669337,3.7
ITA,Italy,Europe & Central Asia,High income,Not classified,2014,5.593,0.121426359989989,100,100.533279418945,-0.0164634913490715,46825.6511245062,55.6384602242293,43.7427339034475,3.6
ITA,Italy,Europe & Central Asia,High income,Not classified,2015,5.137,0.124137951269891,100,100.56990814209,1.03826511770654,47311.8255262709,58.1417349568747,38.993960981367,3.5
ITA,Italy,Europe & Central Asia,High income,Not classified,2016,4.766,0.12103776720016,100,100.321586608887,1.42884453159633,47987.8379581014,61.3242527666303,37.9132682465567,3.4
ITA,Italy,Europe & Central Asia,High income,Not classified,2017,4.376,0.11793731048032,100,100.285293579102,1.79499729937032,48849.2183534756,63.0773469984291,35.7422506169084,3.3
ITA,Italy,Europe & Central Asia,High income,Not classified,2018,4.064,0.115174177557444,100,100.701438903809,1.03718514840632,49355.8751913504,74.3871829234822,40.0899112209535,3.2
ITA,Italy,Europe & Central Asia,High income,Not classified,2019,3.68,0.112050110454249,100,100.929710388184,0.678246830552865,49690.6298505274,67.8507102874836,40.0521927630482,3.1
ITA,Italy,Europe & Central Asia,High income,Not classified,2020,3.295,0.109145512643533,100,101.073577880859,-8.42323993924451,45505.0688708956,70.48342785,42.3735273463539,3
ITA,Italy,Europe & Central Asia,High income,Not classified,2021,3.016,0.112121858523011,100,101.245712280273,9.49416108466208,49825.3934111848,74.8623274,40.9735703240403,2.9
ITA,Italy,Europe & Central Asia,High income,Not classified,2022,2.988,0.107177819128562,100,100.924369812012,5.0334454866795,52333.3274270604,85.06074504,,2.8
JAM,Jamaica,Latin America & Caribbean,Upper middle income,IBRD,2000,74.488,0.406326039742764,84.4,82.1989822387695,0.181209199316882,9667.92474492316,3.11577802729967,1.71404783530124,20.5
JAM,Jamaica,Latin America & Caribbean,Upper middle income,IBRD,2001,71.806,0.403450263839471,87.7,82.0432891845703,0.704785923037818,9736.06291757526,3.8630203874764,1.48152043269231,20
JAM,Jamaica,Latin America & Caribbean,Upper middle income,IBRD,2002,69.776,0.393665988338503,86.7,82.4636306762695,1.37273149144548,9869.71291927176,6.1,2.00432650706663,19.6
JAM,Jamaica,Latin America & Caribbean,Upper middle income,IBRD,2003,67.654,0.390751195415734,86.5,82.3553771972656,3.03997803691765,10169.7500243245,7.8,2.47299188357123,19.3
JAM,Jamaica,Latin America & Caribbean,Upper middle income,IBRD,2004,66.234,0.387246308765735,87.2,86.8673324584961,0.732138408370318,10244.2066702878,10,2.78370514064016,19.1
JAM,Jamaica,Latin America & Caribbean,Upper middle income,IBRD,2005,64.625,0.384833168425524,88,86.2242126464844,0.33654893030193,10278.6834382546,12.80000019,3.0188628402048,19.1
JAM,Jamaica,Latin America & Caribbean,Upper middle income,IBRD,2006,62.645,0.433177433076155,88.7,,2.36949906247872,10522.2367459591,16.39999962,3.35902582630804,19.1
JAM,Jamaica,Latin America & Caribbean,Upper middle income,IBRD,2007,60.593,0.424456920680417,89.4,88.4859008789062,0.952340641642138,10622.4442829007,21.10000038,4.01884589726484,19.1
JAM,Jamaica,Latin America & Caribbean,Upper middle income,IBRD,2008,58.061,0.345204594020201,92,90.2766189575195,-1.24242279776804,10490.4686134498,23.6,5.62541567695962,19.1
JAM,Jamaica,Latin America & Caribbean,Upper middle income,IBRD,2009,56.117,0.294299295395654,91,90.9492568969727,-4.74232025652036,9992.97699539021,24.3,5.18575418994413,19.1
JAM,Jamaica,Latin America & Caribbean,Upper middle income,IBRD,2010,54.162,0.285401693004071,92.2,92.5638443679897,-1.87206742708895,9805.90172806302,27.67,5.38215048658913,19
JAM,Jamaica,Latin America & Caribbean,Upper middle income,IBRD,2011,52.089,0.277304842273516,91.1,94.7008819580078,1.29087650393585,9932.48380946963,37.438613414848,6.43233082706767,19
JAM,Jamaica,Latin America & Caribbean,Upper middle income,IBRD,2012,51.002,0.257391550450086,93.1,,-1.04151903293869,9829.03510015044,33.79,6.94085116614571,18.9
JAM,Jamaica,Latin America & Caribbean,Upper middle income,IBRD,2013,49.793,0.273213661578234,93.9,88.0026753615918,0.111200802511547,9839.96506606095,37.1,6.58965102286402,18.9
JAM,Jamaica,Latin America & Caribbean,Upper middle income,IBRD,2014,47.584,0.261584932659115,93.3,89.161127286711,0.327176684512608,9872.15913752129,40.4027351046672,7.13991270611057,18.8
JAM,Jamaica,Latin America & Caribbean,Upper middle income,IBRD,2015,45.19,0.255319984102785,94.9,87.8180659010758,0.60513225929955206,9931.89875715182,42.2212211907441,7.1475012130034,18.7
JAM,Jamaica,Latin America & Caribbean,Upper middle income,IBRD,2016,42.821,0.266595927614561,96.6,89.5799290253363,2.49050959451111,10179.2536486158,44.3668563671334,8.3262459990855,18.7
JAM,Jamaica,Latin America & Caribbean,Upper middle income,IBRD,2017,40.413,0.249758104313832,97.4,86.0544417661238,2.08054717136154,10391.0378224678,55.0720670507751,11.6884422110553,18.7
JAM,Jamaica,Latin America & Caribbean,Upper middle income,IBRD,2018,38.233,0.289753423005035,98.2,84.739986572276,2.35833186418979,10636.0929784551,68.2145170876072,12.2653942285844,18.7
JAM,Jamaica,Latin America & Caribbean,Upper middle income,IBRD,2019,37.741,0.27636467684164,98.9,86.3051320241406,1.69497447065874,10816.3720391154,70.8410169743356,12.0104957570344,18.8
JAM,Jamaica,Latin America & Caribbean,Upper middle income,IBRD,2020,36.813,0.211520181631503,99.7,83.5566101074219,-8.54632871499803,9891.96932961548,76.38400269,13.1252943947244,18.7
JAM,Jamaica,Latin America & Caribbean,Upper middle income,IBRD,2021,36.807,0.218669667603313,100,86.6220377560584,5.44605052451513,10430.6909771759,82.36071561,12.7547999074717,18.6
JAM,Jamaica,Latin America & Caribbean,Upper middle income,IBRD,2022,36.812,0.238537100823298,100,82.8671722412109,6.38449296229192,11096.6377085321,85.84329987,,18.4
JOR,Jordan,"Middle East, North Africa, Afghanistan & Pakistan",Upper middle income,IBRD,2000,35.946,0.348067567630683,99,85.7906112670898,2.10734677821824,8781.60904744228,2.62327542156362,0.610004066693778,25.8
JOR,Jordan,"Middle East, North Africa, Afghanistan & Pakistan",Upper middle income,IBRD,2001,34.953,0.331484212180202,99,,3.12682361391062,9056.19447281902,4.70571958094159,0.675586170353689,25
JOR,Jordan,"Middle East, North Africa, Afghanistan & Pakistan",Upper middle income,IBRD,2002,35.16,0.326646112438055,99.5,84.959228515625,3.57676471497929,9380.11324124271,6.02553241191204,0.750122970978849,24.2
JOR,Jordan,"Middle East, North Africa, Afghanistan & Pakistan",Upper middle income,IBRD,2003,35.365,0.321597625209783,99,85.0584030151367,1.88023738458034,9556.48163712053,8.46600501623938,0.62546910182637006,23.5
JOR,Jordan,"Middle East, North Africa, Afghanistan & Pakistan",Upper middle income,IBRD,2004,35.998,0.319196824943043,99.2,84.6306762695312,5.97888573730083,10127.8527547101,11.6587413706379,0.691424110627858,22.7
JOR,Jordan,"Middle East, North Africa, Afghanistan & Pakistan",Upper middle income,IBRD,2005,34.313,0.315313169190741,99,85.5384216308594,5.50057037395855,10684.9424228538,12.93290043,0.673296043090947,22
JOR,Jordan,"Middle East, North Africa, Afghanistan & Pakistan",Upper middle income,IBRD,2006,33.606,0.295001045549782,100,88.3580093383789,1.4032017956127,10834.8737267915,13.86709976,0.539568345323741,21.3
JOR,Jordan,"Middle East, North Africa, Afghanistan & Pakistan",Upper middle income,IBRD,2007,35.256,0.283269284498702,98.8,89.5034408569336,1.84052436528847,11034.2922176813,20,0.569143208737117,20.7
JOR,Jordan,"Middle East, North Africa, Afghanistan & Pakistan",Upper middle income,IBRD,2008,35.192,0.253711029781246,100,90.5130767822266,4.72560086199398,11555.728825835,23,0.53475935828877,20.1
JOR,Jordan,"Middle East, North Africa, Afghanistan & Pakistan",Upper middle income,IBRD,2009,36.255,0.248059364466336,99.4,,2.88110685566487,11888.6617212582,26,0.483464125560538,19.5
JOR,Jordan,"Middle East, North Africa, Afghanistan & Pakistan",Upper middle income,IBRD,2010,37.124,0.236252119699489,100,90.1925506591797,0.453459698002902,11942.572010796,27.2,0.493977534172419,18.9
JOR,Jordan,"Middle East, North Africa, Afghanistan & Pakistan",Upper middle income,IBRD,2011,34.079,0.234323438872493,99.6,90.5657806396484,0.384542795672388,11988.4963110815,34.9,0.45091480065538,18.4
JOR,Jordan,"Middle East, North Africa, Afghanistan & Pakistan",Upper middle income,IBRD,2012,33.996,0.267131965602256,99.5,89.996940612793,0.964469841021028,12104.1217423938,37,0.422390937575319,17.9
JOR,Jordan,"Middle East, North Africa, Afghanistan & Pakistan",Upper middle income,IBRD,2013,34.191,0.255453116824575,99.7,90.0058657097509,-2.47848803296866,11804.1225335126,41.4,0.367417878454319,17.4
JOR,Jordan,"Middle East, North Africa, Afghanistan & Pakistan",Upper middle income,IBRD,2014,32.551,0.26509944947328,99.8,91.9826453827636,-6.07780868696074,11086.6905487513,46.2,0.36674696156794,17
JOR,Jordan,"Middle East, North Africa, Afghanistan & Pakistan",Upper middle income,IBRD,2015,30.428,0.256514106004089,99.9,,-5.56577200216208,10469.6306302225,54.22000122,1.21431953285286,16.5
JOR,Jordan,"Middle East, North Africa, Afghanistan & Pakistan",Upper middle income,IBRD,2016,28.618,0.247307985109112,100,,-2.59919514615272,10197.5044990617,56.15000153,4.3971620384498,16.1
JOR,Jordan,"Middle East, North Africa, Afghanistan & Pakistan",Upper middle income,IBRD,2017,26.442,0.253828835849931,100,91.5137035572558,0.22543046814485,10220.492781193,64.5,6.68083156473085,15.7
JOR,Jordan,"Middle East, North Africa, Afghanistan & Pakistan",Upper middle income,IBRD,2018,24.292,0.236645314298127,99.9,92.4891451216421,-0.366596262740202,10183.0248366235,65.2,10.6109556766308,15.3
JOR,Jordan,"Middle East, North Africa, Afghanistan & Pakistan",Upper middle income,IBRD,2019,22.573,0.21462532836229,99.9,92.5425629523907,-0.144023848563009,10168.3588523537,70.08470154,14.6256212844752,14.9
JOR,Jordan,"Middle East, North Africa, Afghanistan & Pakistan",Upper middle income,IBRD,2020,20.981,0.195292228422864,99.9,93.0858429614664,-2.91147672323414,9872.3094512325,78.4178009,20.683396937346,14.5
JOR,Jordan,"Middle East, North Africa, Afghanistan & Pakistan",Upper middle income,IBRD,2021,19.418,0.195375150591169,99.9,92.8440273185155,1.86634825216463,10056.5611261239,85.999997,24.9181992606112,14.1
JOR,Jordan,"Middle East, North Africa, Afghanistan & Pakistan",Upper middle income,IBRD,2022,18.875,0.204099027622709,100,93.4988532874014,1.01339563047829,10158.4738771524,90.4999984,,13.7
JPN,Japan,East Asia & Pacific,High income,Not classified,2000,5.532,0.246756110562789,100,,2.80621328819454,39731.7953686304,29.9907403589142,10.2781393693635,4.5
JPN,Japan,East Asia & Pacific,High income,Not classified,2001,5.972,0.24336741281015,100,,0.0432610804393931,39748.9837725849,38.5320608612719,10.1699450211479,4.3
JPN,Japan,East Asia & Pacific,High income,Not classified,2002,6.225,0.249983427914028,100,,-0.147465639518501,39690.3676794625,46.5942011179917,9.85338824915103,4.1
JPN,Japan,East Asia & Pacific,High income,Not classified,2003,5.982,0.248028396138444,100,,1.16340717181257,40152.1282635641,48.4352658899653,11.2211333327667,4
JPN,Japan,East Asia & Pacific,High income,Not classified,2004,5.775,0.241963863624121,100,,2.07858049766911,40986.7225710497,62.3939296327259,10.919454165101,3.9
JPN,Japan,East Asia & Pacific,High income,Not classified,2005,5.367,0.239755366725876,100,,1.83871609775319,41740.352036905,66.9210661042901,9.57878351712967,3.7
JPN,Japan,East Asia & Pacific,High income,Not classified,2006,5.246,0.231922852110456,100,,1.48197527748053,42358.9337348253,68.6852703213795,10.5870701137256,3.6
JPN,Japan,East Asia & Pacific,High income,Not classified,2007,5.145,0.234461765180367,100,,1.61155135596718,43041.5697058021,74.3,9.27298936641637,3.5
JPN,Japan,East Asia & Pacific,High income,Not classified,2008,5.168,0.224195593902243,100,,-1.21447096036071,42518.8423408417,75.4,9.46142018753925,3.4
JPN,Japan,East Asia & Pacific,High income,Not classified,2009,4.914,0.225990564100832,100,,-5.92418744684731,39999.9464203408,78,9.66559557477652,3.4
JPN,Japan,East Asia & Pacific,High income,Not classified,2010,4.603,0.228182241252155,100,,4.11775410034667,41647.0458542008,78.21,9.67870045350893,3.3
JPN,Japan,East Asia & Pacific,High income,Not classified,2011,4.477,0.238564273594899,100,,-0.015331176425093,41640.6608721251,79.0541135244739,10.4970838682726,3.3
JPN,Japan,East Asia & Pacific,High income,Not classified,2012,4.332,0.241811884223062,100,,1.8114084396923,42394.9433175064,79.4964,10.0761044938698,3.1
JPN,Japan,East Asia & Pacific,High income,Not classified,2013,4.361,0.23981074061681,100,101.316276550293,2.14453612740357,43304.1181931426,88.219428911,10.8588465871834,3
JPN,Japan,East Asia & Pacific,High income,Not classified,2014,4.325,0.228693659546884,100,101.236053466797,1.03990068136697,43754.438013293,89.1068330166075,12.3603682310134,2.9
JPN,Japan,East Asia & Pacific,High income,Not classified,2015,4.04,0.217418987115807,100,101.829078674316,1.90806992390948,44589.3032854003,91.0580283929962,14.178795710626,2.8
JPN,Japan,East Asia & Pacific,High income,Not classified,2016,3.75,0.21520988124002,100,101.40486907959,0.756497591794997,44926.6202909525,93.1827212821617,14.6993686700037,2.7
JPN,Japan,East Asia & Pacific,High income,Not classified,2017,3.404,0.209063838308805,100,100.593452453613,1.70668817770073,45693.3776080987,91.7265472366635,16.1973831664999,2.6
JPN,Japan,East Asia & Pacific,High income,Not classified,2018,3.076,0.198819326592434,100,100.685279846191,0.962163474855828,46133.0225978718,88.7463508901772,17.0616438035159,2.5
JPN,Japan,East Asia & Pacific,High income,Not classified,2019,2.772,0.192693502203744,100,100.780563354492,-0.168366879621402,46055.3498672487,92.7303978145525,18.5788056220746,2.5
JPN,Japan,East Asia & Pacific,High income,Not classified,2020,2.503,0.189925827346344,100,101.33186340332,-4.00127136367016,44212.5503415724,90.21945812,20.2923691935508,2.4
JPN,Japan,East Asia & Pacific,High income,Not classified,2021,2.088,0.186845291524807,100,101.723770141602,4.04163849701511,45999.4617966896,82.91407928,21.1036678422205,2.4
JPN,Japan,East Asia & Pacific,High income,Not classified,2022,1.821,0.179319636109405,100,101.571006774902,1.78240958675406,46819.360613609,84.92343147,,2.4
KAZ,Kazakhstan,Europe & Central Asia,Upper middle income,IBRD,2000,31.649,0.659404999802598,99.6,89.1025238037109,9.47962640033421,12935.864368308,0.668594402621264,14.6734471202556,42.1
KAZ,Kazakhstan,Europe & Central Asia,Upper middle income,IBRD,2001,29.076,0.573295300099001,99.7,,12.9575000867226,14612.0290050498,1.00612421099739,14.2128497810296,39.6
KAZ,Kazakhstan,Europe & Central Asia,Upper middle income,IBRD,2002,27.045,0.582382356055516,99.8,,9.23105777770729,15960.8738450013,1.67477099516366,15.2377361077783,37.2
KAZ,Kazakhstan,Europe & Central Asia,Upper middle income,IBRD,2003,26.889,0.593680595571666,99.9,,8.67044524900558,17344.752672995,2.00041475265872,13.4656937963862,35.1
KAZ,Kazakhstan,Europe & Central Asia,Upper middle income,IBRD,2004,27.196,0.583108070397351,100,,8.88930817801581,18886.5811908122,2.6503946570164,11.9501082978564,33
KAZ,Kazakhstan,Europe & Central Asia,Upper middle income,IBRD,2005,27.204,0.571257686554653,100,,8.88963565884097,20565.5294470866,2.961699963,11.6438457116748,31
KAZ,Kazakhstan,Europe & Central Asia,Upper middle income,IBRD,2006,28.379,0.578196662964167,99.8,96.475227355957,9.76786673957737,22574.3429577665,3.268399954,10.7456354578059,28.9
KAZ,Kazakhstan,Europe & Central Asia,Upper middle income,IBRD,2007,30.226,0.554720366738379,100,,7.871783713981,24351.3464102542,4.02,10.7052403457009,26.8
KAZ,Kazakhstan,Europe & Central Asia,Upper middle income,IBRD,2008,31.492,0.607488572476857,100,,2.23526924918258,24895.6645683245,11,9.21234454168586,24.7
KAZ,Kazakhstan,Europe & Central Asia,Upper middle income,IBRD,2009,30.383,0.542416078990534,100,,0.0228479849101006,24901.3527260084,18.2,8.63930885529158,22.5
KAZ,Kazakhstan,Europe & Central Asia,Upper middle income,IBRD,2010,29.99,0.545408136391003,100,97.1018374439523,5.91730119035698,26374.8407672795,31.6,9.706483072381,20.4
KAZ,Kazakhstan,Europe & Central Asia,Upper middle income,IBRD,2011,30.783,0.550667865188484,99.8,97.7360563082277,5.95764573473487,27946.1603432944,50.6,9.12387683921188,18.3
KAZ,Kazakhstan,Europe & Central Asia,Upper middle income,IBRD,2012,33.038,0.517801111956411,100,98.2057617758137,3.34601033412712,28881.2417563728,61.9066274652008,8.19145199694022,16.3
KAZ,Kazakhstan,Europe & Central Asia,Upper middle income,IBRD,2013,35.166,0.521156839819743,100,97.505296092687,4.48819679131283,30177.4887221736,63.30422443,7.50480671290682,14.5
KAZ,Kazakhstan,Europe & Central Asia,Upper middle income,IBRD,2014,35.779,0.422077392905402,100,98.8825340771977,2.6806378826727,30986.4379168995,66,8.7306263770853,13
KAZ,Kazakhstan,Europe & Central Asia,Upper middle income,IBRD,2015,31.993,0.362910804899612,100,99.2999761450382,-0.299093532608879,30893.7594851041,70.82993359566,10.3259180252933,11.9
KAZ,Kazakhstan,Europe & Central Asia,Upper middle income,IBRD,2016,28.612,0.382634681771821,100,98.0107832338107,-0.438395201172128,30758.3227260598,74.5877264735738,12.7040647143928,11
KAZ,Kazakhstan,Europe & Central Asia,Upper middle income,IBRD,2017,25.047,0.385127198365316,100,96.6959328368217,2.49076945691363,31524.4416339794,76.4267482325439,11.3313888135199,10.5
KAZ,Kazakhstan,Europe & Central Asia,Upper middle income,IBRD,2018,23.453,0.374742911281657,100,96.2488486443621,2.5560669084423,32330.2274546567,78.9039190578816,10.2450466525408,10.3
KAZ,Kazakhstan,Europe & Central Asia,Upper middle income,IBRD,2019,22.036,0.342088652562275,100,96.758870906544,2.99405538115775,33298.2123695035,81.8776204746284,10.5762418481058,10.2
KAZ,Kazakhstan,Europe & Central Asia,Upper middle income,IBRD,2020,21.962,0.361572528119541,100,91.6816314447458,-3.86406094514987,32011.5491499004,85.94259898,10.9314906664262,10.1
KAZ,Kazakhstan,Europe & Central Asia,Upper middle income,IBRD,2021,21.952,0.371897042435371,100,93.9223187700412,2.91864170117744,32945.8515725823,90.9239507,10.9976885243053,10
KAZ,Kazakhstan,Europe & Central Asia,Upper middle income,IBRD,2022,18.412,0.367247377529875,100,93.6981837228001,1.70100297910589,33506.2614893237,92.29685266,,9.8
KEN,Kenya,Sub-Saharan Africa,Lower middle income,Blend,2000,121.104,0.0773770805963012,15.2,39.7841300964355,-2.38610693277963,3756.63622296879,0.318059713612037,59.0982298678634,95.2
KEN,Kenya,Sub-Saharan Africa,Lower middle income,Blend,2001,123.253,0.0690810899811592,17,40.212100982666,0.575576747494395,3778.25854755615,0.619782266151425,53.1642254771416,90.5
KEN,Kenya,Sub-Saharan Africa,Lower middle income,Blend,2002,120.567,0.0666798718034721,18.9,40.7447204589844,-2.56736280977373,3681.2569427491,1.20777388492125,70.3272688356164,85.6
KEN,Kenya,Sub-Saharan Africa,Lower middle income,Blend,2003,119.028,0.0584853786639156,16,43.9185981750488,-0.194798007216917,3674.08592758409,2.94190286101524,77.4454472523065,80.8
KEN,Kenya,Sub-Saharan Africa,Lower middle income,Blend,2004,118.167,0.0619635649798855,22.6,45.2924499511719,1.89113513278383,3743.56785736929,3.0235280420962,76.1442739520958,76.1
KEN,Kenya,Sub-Saharan Africa,Lower middle income,Blend,2005,115.294,0.0655825776202797,24.5,45.9471015930176,2.70244103195117,3844.73557120578,3.101900101,71.3124343257443,71.2
KEN,Kenya,Sub-Saharan Africa,Lower middle income,Blend,2006,112.795,0.0682344359715474,26.4,46.934700012207,3.27715457506901,3970.73349887685,3.5999999049999998,71.1285525446134,66.8
KEN,Kenya,Sub-Saharan Africa,Lower middle income,Blend,2007,113.472,0.0638710842602332,28.3,47.2512016296387,3.66978666216018,4116.45094720856,4.400000095,70.5604497150778,62.9
KEN,Kenya,Sub-Saharan Africa,Lower middle income,Blend,2008,112.227,0.0673531518696163,30.3,54.2933616638184,-2.7588645638462,4002.88364073792,5.199999809,67.1421664904064,58
KEN,Kenya,Sub-Saharan Africa,Lower middle income,Blend,2009,110.195,0.0769402895538364,23,54.5718307495117,0.232598394599862,4012.19428382397,6.1,59.7118467933492,55.2
KEN,Kenya,Sub-Saharan Africa,Lower middle income,Blend,2010,108.691,0.0769595247877456,19.2,,4.96811299885232,4211.52462957784,7.2,62.7448651669694,53.1
KEN,Kenya,Sub-Saharan Africa,Lower middle income,Blend,2011,104.615,0.0753448416157936,36.2,,2.26952218964762,4307.10611556858,8.800000191,67.8164983164983,51.7
KEN,Kenya,Sub-Saharan Africa,Lower middle income,Blend,2012,100.219,0.0669470195758887,38.1,,1.87670753904403,4387.93790075409,10.5,72.6234173248088,50.7
KEN,Kenya,Sub-Saharan Africa,Lower middle income,Blend,2013,95.576,0.069505681294328,40.1,,1.26331129067221,4443.371215682,13,73.4667900948855,49.4
KEN,Kenya,Sub-Saharan Africa,Lower middle income,Blend,2014,89.953,0.0748123653146458,36,,2.59218353342239,4558.55155266374,16.5,77.1617567126862,48.3
KEN,Kenya,Sub-Saharan Africa,Lower middle income,Blend,2015,81.864,0.077149984015176,41.6,70.187444140127,2.65589352795405,4679.62182831938,16.5878548475992,85.6406490705556,46.8
KEN,Kenya,Sub-Saharan Africa,Lower middle income,Blend,2016,73.781,0.0805748087008224,53.1,73.1205739030308,1.93794795580835,4770.31046388086,16.6,83.5605809533093,45.5
KEN,Kenya,Sub-Saharan Africa,Lower middle income,Blend,2017,68.182,0.0807129945831556,55.8,,1.60475183361922,4846.86210851932,17.82710075,81.4669820428654,44.7
KEN,Kenya,Sub-Saharan Africa,Lower middle income,Blend,2018,66.659,0.0759634150633088,61.2,,3.52404781491717,5017.66784674664,19.5,79.3964402727353,43.7
KEN,Kenya,Sub-Saharan Africa,Lower middle income,Blend,2019,63.656,0.0735514956801204,69.7,,3.07004769448449,5171.71264279257,22.6687733618171,81.5853236413984,42.7
KEN,Kenya,Sub-Saharan Africa,Lower middle income,Blend,2020,59.38,0.0725700898775443,71.5,,-2.2103217118529,5057.40115537429,24.7227993,83.1580658964484,42.1
KEN,Kenya,Sub-Saharan Africa,Lower middle income,Blend,2021,59.513,0.0757243338665979,76.5,79.6603133999262,5.5651365159048,5338.85243382781,26.96290016,78.0821751777634,41.3
KEN,Kenya,Sub-Saharan Africa,Lower middle income,Blend,2022,57.272,0.0737489248441196,76,83.4337197590316,2.86281276489714,5491.69378280246,29.40589905,,40.5
KGZ,Kyrgyz Republic,Europe & Central Asia,Lower middle income,IDA,2000,35.037,0.269204512063867,99.6,80.0949630737305,4.19610604345162,3638.46314292227,1.04140114469361,91.6348536601701,50.8
KGZ,Kyrgyz Republic,Europe & Central Asia,Lower middle income,IDA,2001,31.838,0.214746653384975,99.5,80.1173477172852,4.3267567743611,3795.89059344129,3.00294132719239,90.9490012438721,48.1
KGZ,Kyrgyz Republic,Europe & Central Asia,Lower middle income,IDA,2002,30.617,0.268461180764927,100,79.4984893798828,-0.931486114215559,3760.53239965257,2.99926518003089,90.4797852709277,45.5
KGZ,Kyrgyz Republic,Europe & Central Asia,Lower middle income,IDA,2003,28.604,0.281767498027406,99.4,84.7630462646484,5.91391847989379,3982.92722017802,3.90876626828521,92.7465943941231,43
KGZ,Kyrgyz Republic,Europe & Central Asia,Lower middle income,IDA,2004,27.24,0.260979620008971,99.3,83.4454879760742,5.73937835827032,4211.52248307857,5.09038530732863,93.0869823657618,40.9
KGZ,Kyrgyz Republic,Europe & Central Asia,Lower middle income,IDA,2005,27.233,0.261559635491286,99.4,82.1718826293945,-1.29558825808593,4156.95849230116,10.53380013,93.8848969176012,39.2
KGZ,Kyrgyz Republic,Europe & Central Asia,Lower middle income,IDA,2006,29.143,0.252648491177209,98.9,82.4580535888672,2.00174444436951,4240.17017797554,12.30690002,94.0060593541279,37.6
KGZ,Kyrgyz Republic,Europe & Central Asia,Lower middle income,IDA,2007,29.215,0.280696381045621,99.5,82.8428421020508,7.51249331031009,4558.71267894172,14.03,94.4308833445718,35.9
KGZ,Kyrgyz Republic,Europe & Central Asia,Lower middle income,IDA,2008,30.449,0.300516144788007,99.5,,7.37554930252675,4894.9427801376,15.69999981,91.2638900670116,33.8
KGZ,Kyrgyz Republic,Europe & Central Asia,Lower middle income,IDA,2009,33.441,0.262876748866556,99.5,88.7243728637695,1.53257250259469,4969.96132720374,16,91.1125146620951,31.6
KGZ,Kyrgyz Republic,Europe & Central Asia,Lower middle income,IDA,2010,36.467,0.247775675775787,99,87.3795815410487,-1.88093371727501,4876.47964886483,16.299999239999998,93.0132231404959,29.5
KGZ,Kyrgyz Republic,Europe & Central Asia,Lower middle income,IDA,2011,41.809,0.279804426726869,98.3,87.4421175040858,4.43705345314649,5092.85165751678,17.5,94.3996569468268,27.6
KGZ,Kyrgyz Republic,Europe & Central Asia,Lower middle income,IDA,2012,44.015,0.369949461674727,99.8,87.004163224052,-1.95288116304553,4993.39431683528,19.799999239999998,93.479694092827,26
KGZ,Kyrgyz Republic,Europe & Central Asia,Lower middle income,IDA,2013,44.212,0.309439242330294,98.9,87.8419677828729,8.51417444984632,5418.54061993935,23,93.4744129612447,24.7
KGZ,Kyrgyz Republic,Europe & Central Asia,Lower middle income,IDA,2014,45.664,0.305299854447781,99.8,89.5127032733476,1.75718622899099,5513.7544695252,28.299999239999998,91.2544606093879,23.5
KGZ,Kyrgyz Republic,Europe & Central Asia,Lower middle income,IDA,2015,42.837,0.304982961462877,98.7,89.3803392348644,1.56807607660568,5600.2143342846,30.24699974,85.1320030698388,22.3
KGZ,Kyrgyz Republic,Europe & Central Asia,Lower middle income,IDA,2016,39.706,0.276021948618381,99.7,90.2972623073403,2.04985149948004,5715.01041179003,40.52619934,86.6973307193485,21.1
KGZ,Kyrgyz Republic,Europe & Central Asia,Lower middle income,IDA,2017,36.034,0.260711869313943,100,89.7482653344435,2.55837834194257,5861.22200040503,50.80530167,91.5586927093405,20
KGZ,Kyrgyz Republic,Europe & Central Asia,Lower middle income,IDA,2018,37.479,0.299102665101694,100,91.0594350779724,1.54586820248004,5951.82876758606,62.8,92.2273752012882,19
KGZ,Kyrgyz Republic,Europe & Central Asia,Lower middle income,IDA,2019,37.279,0.254911805939392,99.9,91.5009835275856,2.28120088774463,6087.60193826927,64.1,91.6916969897453,18.3
KGZ,Kyrgyz Republic,Europe & Central Asia,Lower middle income,IDA,2020,32.51,0.24988917683592,99.9,92.1680769300161,-9.03157714073227,5537.79547319377,72,90.7499350817969,17.8
KGZ,Kyrgyz Republic,Europe & Central Asia,Lower middle income,IDA,2021,29.623,0.267544307229595,99.7,93.1961318508701,3.58776993335192,5736.47883415154,77.11769867,85.5934733782534,17.5
KGZ,Kyrgyz Republic,Europe & Central Asia,Lower middle income,IDA,2022,28.854,0.245202121754178,99.7,,7.03042869604123,6139.77788825006,84.1937027,,17.3
KHM,Cambodia,East Asia & Pacific,Lower middle income,IDA,2000,54.734,0.083555274923356,16.6,12.7743301391602,8.25832877301973,1922.03179092592,0.047022640068885,8.95982142857143,105.2
KHM,Cambodia,East Asia & Pacific,Lower middle income,IDA,2001,56.35,0.0850443017092679,9.5,14.5757503509522,5.72566644409127,2032.08092022373,0.0769560555527296,5.94695481335953,96
KHM,Cambodia,East Asia & Pacific,Lower middle income,IDA,2002,52.181,0.0822363351961163,13.1,17.9505195617676,4.63862356700642,2126.34150468987,0.226983237666204,4.06043956043956,86.2
KHM,Cambodia,East Asia & Pacific,Lower middle income,IDA,2003,50.286,0.0802139241887293,19.3,21.7320804595947,8.62974314019115,2309.83931482788,0.260570197574002,5.37221494102228,77.5
KHM,Cambodia,East Asia & Pacific,Lower middle income,IDA,2004,45.903,0.0733254665548407,14.2,25.3631000518799,7.85639001144227,2491.30930003838,0.300436644360101,3.55092024539877,70.4
KHM,Cambodia,East Asia & Pacific,Lower middle income,IDA,2005,44.582,0.0722535746994302,20.5,,11.6637861428805,2781.89028895255,0.317321781089656,4.61099585062241,64.4
KHM,Cambodia,East Asia & Pacific,Lower middle income,IDA,2006,46.624,0.0725184642958864,27.5,34.3806800842285,9.31792401297673,3041.10471220153,0.468400002,4.51993214588634,59.3
KHM,Cambodia,East Asia & Pacific,Lower middle income,IDA,2007,47.422,0.0807455568595517,20.2,37.6149711608887,8.78143916559131,3308.15747246544,0.49,3.83512064343164,54.9
KHM,Cambodia,East Asia & Pacific,Lower middle income,IDA,2008,46.006,0.0832584239237333,26.4,40.8487091064453,5.85728555368171,3501.9257021932,0.51,3.61470985155196,50.8
KHM,Cambodia,East Asia & Pacific,Lower middle income,IDA,2009,46.478,0.0952350075798775,25.6,,2.44674504763958,3587.60889588362,0.53,4.52764612954186,47
KHM,Cambodia,East Asia & Pacific,Lower middle income,IDA,2010,49.114,0.0958621536790898,31.1,,3.45435117133705,3711.53750580157,1.26,4.03838582677165,43.5
KHM,Cambodia,East Asia & Pacific,Lower middle income,IDA,2011,50.152,0.0929155717346312,37.4,,5.66993084409259,3921.97911563308,3.0999999049999998,6.53911404335533,40.3
KHM,Cambodia,East Asia & Pacific,Lower middle income,IDA,2012,53.533,0.0906207504718116,42.3,,6.04756982656951,4159.16354123446,4.94,36.4129993229519,37.2
KHM,Cambodia,East Asia & Pacific,Lower middle income,IDA,2013,55.19,0.0849467208406636,50.9,,6.25691498312409,4419.3988680186,6,56.6552100381888,34.5
KHM,Cambodia,East Asia & Pacific,Lower middle income,IDA,2014,54.465,0.0971371900557698,56.1,,6.41109251902618,4702.73061823207,14,60.0397350993377,32
KHM,Cambodia,East Asia & Pacific,Lower middle income,IDA,2015,53.572,0.109752934293713,62.7,,5.652931676093,4968.57276699143,6.43319107021405,48.5765824152085,29.6
KHM,Cambodia,East Asia & Pacific,Lower middle income,IDA,2016,52.522,0.126502584198228,68.8,,6.34300627617029,5283.72964943779,32.3984517141849,45.9874462596733,27.5
KHM,Cambodia,East Asia & Pacific,Lower middle income,IDA,2017,51.735,0.130658979971228,89.1,51.2054747282757,6.59196495590379,5632.03125629342,32.9002785437986,41.0815736187446,25.6
KHM,Cambodia,East Asia & Pacific,Lower middle income,IDA,2018,51.007,0.125037480229402,80.7,53.0927446861047,7.43177030242717,6050.59088262205,65,57.1958509142054,24.1
KHM,Cambodia,East Asia & Pacific,Lower middle income,IDA,2019,50.2,0.14781623191898,84,53.3177080845995,6.58272364852731,6448.88455952805,52.305878224498,47.2861575972515,22.8
KHM,Cambodia,East Asia & Pacific,Lower middle income,IDA,2020,48.594,0.181775273236529,86.4,54.5285415649414,-4.96368199399319,6128.78243783335,56.37590027,46.9143673738595,21.8
KHM,Cambodia,East Asia & Pacific,Lower middle income,IDA,2021,47.847,0.174901908196294,82.5,59.1888520896695,1.57862051550094,6225.53265474741,60.76269913,56.368745716244,20.8
KHM,Cambodia,East Asia & Pacific,Lower middle income,IDA,2022,47.089,0.165487996884485,92.3,59.850293235261,3.74000920039251,6458.3681488084,65.49079895,,19.9
KIR,Kiribati,East Asia & Pacific,Lower middle income,IDA,2000,48.544,0.147330438901602,55.6,68.3258666992188,4.95143441733177,2481.73318329794,1.78522547397736,0.820283370618941,65.8
KIR,Kiribati,East Asia & Pacific,Lower middle income,IDA,2001,47.285,0.137089557209858,57.3,81.1455535888672,-4.99043248812092,2357.88396425016,2.33745894837722,0.774102744546094,64.1
KIR,Kiribati,East Asia & Pacific,Lower middle income,IDA,2002,45.792,0.199924213962691,59,85.8114471435547,-0.673840916592098,2341.99557733328,2.5,0.774102744546094,62.5
KIR,Kiribati,East Asia & Pacific,Lower middle income,IDA,2003,44.694,0.210177300735453,60.7,93.3157577514648,-3.57269845860688,2258.32313744125,3,0.614182021217197,61.4
KIR,Kiribati,East Asia & Pacific,Lower middle income,IDA,2004,45.278,0.219507349529655,62.4,93.2632217407227,-2.58468567894897,2199.95258272342,3.5,1.63147792706334,60.7
KIR,Kiribati,East Asia & Pacific,Lower middle income,IDA,2005,45.484,0.287696650875359,69.7,89.7085266113281,-0.722362780004488,2184.06094408808,4,1.77777777777778,60.1
KIR,Kiribati,East Asia & Pacific,Lower middle income,IDA,2006,46.736,0.292294811863987,68.8,89.5072708129883,3.68079200082892,2264.4516846113,4.5,1.74854288093256,59.7
KIR,Kiribati,East Asia & Pacific,Lower middle income,IDA,2007,48.482,0.263921290170723,67.7,88.7881927490234,0.984244992784554,2286.73943693111,6,1.83028286189684,59.2
KIR,Kiribati,East Asia & Pacific,Lower middle income,IDA,2008,50.22,0.302954730277858,69.4,85.3749771118164,-4.98978666488051,2172.63601744656,7,2.00348432055749,58.7
KIR,Kiribati,East Asia & Pacific,Lower middle income,IDA,2009,51.16,0.255214115873632,64.2,,-1.58315258146997,2138.23987425041,8.97,1.98675496688742,58.2
KIR,Kiribati,East Asia & Pacific,Lower middle income,IDA,2010,51.756,0.265141616378799,63.2,,-0.857158610176697,2119.91176706204,9.07,2.96495956873315,57.7
KIR,Kiribati,East Asia & Pacific,Lower middle income,IDA,2011,52.558,0.239532114653022,74.9,,1.45038004681834,2150.65854434166,10,3.19715808170515,57.5
KIR,Kiribati,East Asia & Pacific,Lower middle income,IDA,2012,51.537,0.221626864187718,76.7,,4.26113729441184,2242.30105765006,10.74680042,3.37751175716118,57.4
KIR,Kiribati,East Asia & Pacific,Lower middle income,IDA,2013,50.457,0.221575785944176,78.8,,6.26028947416073,2382.67559474112,11.5,3.53430353430353,57.7
KIR,Kiribati,East Asia & Pacific,Lower middle income,IDA,2014,49.826,0.220995222861623,83.4,,-0.0428972459236832,2381.65349253168,12.25,6.25,58
KIR,Kiribati,East Asia & Pacific,Lower middle income,IDA,2015,49.505,0.203855492163399,90.6,,9.84706076349215,2616.17635911711,14.899999619999999,16.207322089675,58.6
KIR,Kiribati,East Asia & Pacific,Lower middle income,IDA,2016,49.553,0.207168210881179,92.6,,5.58490832516883,2762.28741039854,19.41939926,18.5948835433372,59.1
KIR,Kiribati,East Asia & Pacific,Lower middle income,IDA,2017,49.685,0.203583441856577,85.7,,2.16246551099044,2822.02092296284,25.30960083,16.9038528288789,59.6
KIR,Kiribati,East Asia & Pacific,Lower middle income,IDA,2018,49.683,0.216213142732912,87.5,,1.89214544847405,2875.41766341166,32.9864006,17.8853754940711,59.6
KIR,Kiribati,East Asia & Pacific,Lower middle income,IDA,2019,49.038,0.209834705285139,89.3,,1.77977627382882,2926.59366475855,41.79299927,16.3652802893309,59.1
KIR,Kiribati,East Asia & Pacific,Lower middle income,IDA,2020,47.872,0.20585623612167,91,,-2.98712184016587,2839.17274622563,52.95090103,16.3652802893309,58.3
KIR,Kiribati,East Asia & Pacific,Lower middle income,IDA,2021,46.388,0.207346481463153,92.8,93.4636603502039,6.51730510856365,3024.21029665634,67.08760071,16.3652802893309,57.2
KIR,Kiribati,East Asia & Pacific,Lower middle income,IDA,2022,45.011,0.185784443400363,94.4,95.0484764542936,3.40476180750579,3127.17745381556,84.99849701,,55.9
KNA,St. Kitts and Nevis,Latin America & Caribbean,High income,IBRD,2000,68.163,0.0553608354965761,95.4,106.413093566895,8.46930909930006,19840.5800645267,5.86281024037522,0,23.9
KNA,St. Kitts and Nevis,Latin America & Caribbean,High income,IBRD,2001,67.012,0.0537617776040284,93.5,96.7472534179688,4.07351451919244,20648.7889741472,7.71472655580319,0,22.9
KNA,St. Kitts and Nevis,Latin America & Caribbean,High income,IBRD,2002,63.244,0.0605533596796952,95.8,95.0264129638672,0.797218805613539,20813.4050029806,21.152381758186,0,22
KNA,St. Kitts and Nevis,Latin America & Caribbean,High income,IBRD,2003,60.085,0.0655322559868735,96,96.1212692260742,-4.25794420201746,19927.1818314137,22.9697842928439,0,21.1
KNA,St. Kitts and Nevis,Latin America & Caribbean,High income,IBRD,2004,56.964,0.0683435403088745,96.3,92.4339065551758,3.68423412350383,20661.3458642993,24.7376775443732,0,20.3
KNA,St. Kitts and Nevis,Latin America & Caribbean,High income,IBRD,2005,54.251,0.0579010927619146,96.5,93.4050521850586,9.44452895015881,22612.7126559455,34,0,19.7
KNA,St. Kitts and Nevis,Latin America & Caribbean,High income,IBRD,2006,51.674,0.0639801977789786,96.7,,2.85800106872907,23258.9842253211,38.5,0,19.2
KNA,St. Kitts and Nevis,Latin America & Caribbean,High income,IBRD,2007,48.832,0.0702058331872247,97,110.280372619629,0.305516416409375,23330.0442404195,43.5,0,18.9
KNA,St. Kitts and Nevis,Latin America & Caribbean,High income,IBRD,2008,47.345,0.0662836137764852,97.3,111.532699584961,11.0104297068936,25898.7823620981,49.20000076,0,18.8
KNA,St. Kitts and Nevis,Latin America & Caribbean,High income,IBRD,2009,45.981,0.0772401117509888,97.6,110.266731262207,-3.5715108939693,24973.8045286303,55.70000076,0,18.7
KNA,St. Kitts and Nevis,Latin America & Caribbean,High income,IBRD,2010,44.378,0.0842843405425455,99.8,107.334342956543,0.0951505914335229,24997.5672513428,63,2.57879656160458,18.8
KNA,St. Kitts and Nevis,Latin America & Caribbean,High income,IBRD,2011,43.613,0.0653799593987258,100,109.34342956543,1.52991480984264,25380.0087348215,63.20000076,2.48637758139109,18.9
KNA,St. Kitts and Nevis,Latin America & Caribbean,High income,IBRD,2012,42.641,0.0675590182876852,100,92.7716827392578,-1.04787778946711,25114.0572603244,64,3.61061614930132,19.1
KNA,St. Kitts and Nevis,Latin America & Caribbean,High income,IBRD,2013,41.414,0.0728676507434976,100,128.944717407227,5.64641698929439,26532.1016561725,64.59999847,3.906660928609,19.3
KNA,St. Kitts and Nevis,Latin America & Caribbean,High income,IBRD,2014,40.821,0.0724247365738516,100,112.262702941895,7.53127511202617,28530.3072249013,65.38179779,4.69888121875744,19.4
KNA,St. Kitts and Nevis,Latin America & Caribbean,High income,IBRD,2015,40.355,0.0753258585188388,100,115.620048522949,0.69841246781877,28729.566447667,66.17310333,4.50787851107559,19.4
KNA,St. Kitts and Nevis,Latin America & Caribbean,High income,IBRD,2016,40.268,0.0793035357083594,100,118.171806335449,3.95919692482656,29867.0265589791,66.97389984,4.64632454923717,19.3
KNA,St. Kitts and Nevis,Latin America & Caribbean,High income,IBRD,2017,40.456,0.0738061490105522,100,120.649651972158,0.274193507101955,29948.9200065682,67.78440094,3.66546653363987,19
KNA,St. Kitts and Nevis,Latin America & Caribbean,High income,IBRD,2018,40.39,0.0772961891705206,100,117.739025856885,2.09466207201663,30576.2486749244,68.60479736,3.63286318168501,18.6
KNA,St. Kitts and Nevis,Latin America & Caribbean,High income,IBRD,2019,39.623,0.0879991023282247,100,112.30303030303,3.06102179372833,31512.1943105684,69.43499756,3.49980023971235,18.2
KNA,St. Kitts and Nevis,Latin America & Caribbean,High income,IBRD,2020,38.711,0.0954387436781087,100,108.363636363636,-15.1537081395497,26736.9283563771,70.27529907,4.41465289044488,17.8
KNA,St. Kitts and Nevis,Latin America & Caribbean,High income,IBRD,2021,36.993,0.0923859848994977,100,118.408256530762,0.597261391032816,26896.6177065978,74.37159729,4.52674897119342,17.3
KNA,St. Kitts and Nevis,Latin America & Caribbean,High income,IBRD,2022,35.666,0.0936249617943717,100,115.003099814011,10.6082200037537,29749.8700864823,75.76229858,,16.8
KOR,"Korea, Rep.",East Asia & Pacific,High income,Not classified,2000,2.672,0.375764970366229,100,98.2106094360352,8.29254041446951,26404.1588575745,44.7,1.97533853310966,7.6
KOR,"Korea, Rep.",East Asia & Pacific,High income,Not classified,2001,2.533,0.367045618336064,100,97.9438171386719,3.92550900636917,27440.6564915847,56.6,1.96020895137366,7.2
KOR,"Korea, Rep.",East Asia & Pacific,High income,Not classified,2002,2.719,0.353059435862112,100,97.4044876098633,7.12308072036979,29395.2766036796,59.4,1.68491069545361,6.8
KOR,"Korea, Rep.",East Asia & Pacific,High income,Not classified,2003,2.542,0.348426541032338,100,97.2058563232422,2.54185039649609,30142.4605585814,65.5,2.05873343390032,6.4
KOR,"Korea, Rep.",East Asia & Pacific,High income,Not classified,2004,2.346,0.342111854023492,100,97.2399368286133,4.7675860552671,31579.5283048867,72.7,1.66852928631973,6
KOR,"Korea, Rep.",East Asia & Pacific,High income,Not classified,2005,2.187,0.325621407016702,100,97.5727310180664,4.13723386737684,32886.0472450743,73.5,1.43790883430735,5.6
KOR,"Korea, Rep.",East Asia & Pacific,High income,Not classified,2006,2.178,0.314023566776399,100,96.9087905883789,4.6937077744137,34429.6222013137,78.1,1.4218289812567,5.2
KOR,"Korea, Rep.",East Asia & Pacific,High income,Not classified,2007,2.113,0.306492990897192,100,96.7846374511719,5.30856236809566,36257.3401689702,78.8,1.47015351871194,4.8
KOR,"Korea, Rep.",East Asia & Pacific,High income,Not classified,2008,1.725,0.303804843211299,100,96.407600402832,2.22523680909987,37064.1518484106,81,1.62301759824585,4.5
KOR,"Korea, Rep.",East Asia & Pacific,High income,Not classified,2009,1.69,0.303519004895061,100,96.9241409301758,0.302292304284919,37176.1939270969,81.6,1.72213081319407,4.3
KOR,"Korea, Rep.",East Asia & Pacific,High income,Not classified,2010,1.764,0.312554519448905,100,97.3114166259766,6.44997750684229,39574.0500732947,83.7,1.88960082176325,4.1
KOR,"Korea, Rep.",East Asia & Pacific,High income,Not classified,2011,1.853,0.318529335609512,100,97.4617385864258,2.89375816160189,40719.2273771671,83.7591201534472,2.0466332671046,4
KOR,"Korea, Rep.",East Asia & Pacific,High income,Not classified,2012,1.743,0.30942649110184,100,97.2857513427734,2.00997301929048,41537.6728611117,84.07,2.09989950649846,3.8
KOR,"Korea, Rep.",East Asia & Pacific,High income,Not classified,2013,1.739,0.298097409834191,100,97.6339797973633,2.82226288554209,42709.9751857887,84.77,2.39361038266386,3.7
KOR,"Korea, Rep.",East Asia & Pacific,High income,Not classified,2014,1.797,0.283657612845007,100,98.3530578613281,2.5683693516693,43806.9250985661,87.5568264944747,2.52440823467489,3.6
KOR,"Korea, Rep.",East Asia & Pacific,High income,Not classified,2015,1.638,0.281383955221779,100,98.3732299804688,2.37903405951899,44849.106767089,89.8962557995106,2.59846041402281,3.5
KOR,"Korea, Rep.",East Asia & Pacific,High income,Not classified,2016,1.478,0.274859225972886,100,98.453483581543,2.76290075939411,46088.2430785383,92.843025679607507,3.51815763012004,3.4
KOR,"Korea, Rep.",East Asia & Pacific,High income,Not classified,2017,1.126,0.272482531484106,100,98.7714462280273,3.14298545917306,47536.7898568851,95.0694218761004,3.97507067547113,3.3
KOR,"Korea, Rep.",East Asia & Pacific,High income,Not classified,2018,1.179,0.270131592191611,100,98.8866806030273,2.72979572830845,48834.4471157733,96.0228595797887,4.53797018684571,3.2
KOR,"Korea, Rep.",East Asia & Pacific,High income,Not classified,2019,0.925,0.254126709749899,100,97.9251403808594,1.95849636720857,49790.8679884821,96.157579184239,5.27146426906108,3.1
KOR,"Korea, Rep.",East Asia & Pacific,High income,Not classified,2020,0.799,0.241208367551111,100,96.619010925293,-0.837051834035137,49374.0926148025,96.50506052,6.23004780952926,3.1
KOR,"Korea, Rep.",East Asia & Pacific,High income,Not classified,2021,0.539,0.238575868055572,100,97.7645034790039,4.747751556973,51718.2518656631,97.57132698,6.58834768589831,3
KOR,"Korea, Rep.",East Asia & Pacific,High income,Not classified,2022,0.651,0.223070683488571,100,97.5669174194336,2.92034561376229,53228.6035655365,97.16855335,,2.9
KWT,Kuwait,"Middle East, North Africa, Afghanistan & Pakistan",High income,Not classified,2000,17.773,0.473045606092839,100,88.5162506103516,1.76596434147542,60585.3026788164,6.73139576837536,0,12.7
KWT,Kuwait,"Middle East, North Africa, Afghanistan & Pakistan",High income,Not classified,2001,17.76,0.496084072061722,100,90.2363891601562,-2.45214152569666,59099.6653133601,8.55179243431475,0,12.5
KWT,Kuwait,"Middle East, North Africa, Afghanistan & Pakistan",High income,Not classified,2002,17.859,0.503711011986452,100,,0.421240897856848,59348.6172741565,10.2489679289296,0,12.3
KWT,Kuwait,"Middle East, North Africa, Afghanistan & Pakistan",High income,Not classified,2003,18.392,0.452588796765372,100,98.5272521972656,14.5507976912199,67984.3145062554,22.4029383804612,0,12.2
KWT,Kuwait,"Middle East, North Africa, Afghanistan & Pakistan",High income,Not classified,2004,17.955,0.436240719098166,100,103.832092285156,7.81613775807561,73298.0621819477,22.9271120360078,0,12
KWT,Kuwait,"Middle East, North Africa, Afghanistan & Pakistan",High income,Not classified,2005,17.038,0.44157973595197,100,113.676391601562,6.67935670476243,78193.9012127585,25.92609978,0,11.8
KWT,Kuwait,"Middle East, North Africa, Afghanistan & Pakistan",High income,Not classified,2006,16.004,0.425071409582754,100,103.89916229248,1.6976352381691,79521.3484338455,28.79120064,0,11.6
KWT,Kuwait,"Middle East, North Africa, Afghanistan & Pakistan",High income,Not classified,2007,15.01,0.392469720052517,100,102.424270629883,-0.0585846444072189,79474.7611346377,34.79999924,0,11.4
KWT,Kuwait,"Middle East, North Africa, Afghanistan & Pakistan",High income,Not classified,2008,14.229,0.409353514908208,100,102.276557922363,-3.06795857769427,77036.5083833055,42,0,11.2
KWT,Kuwait,"Middle East, North Africa, Afghanistan & Pakistan",High income,Not classified,2009,13.457,0.449526251040668,100,102.015670776367,-11.8648164745831,67896.2680451995,50.79999924,0,11
KWT,Kuwait,"Middle East, North Africa, Afghanistan & Pakistan",High income,Not classified,2010,11.927,0.468526343397829,100,101.846071594242,-7.27588260300011,62956.2152904125,61.40000153,0,10.7
KWT,Kuwait,"Middle East, North Africa, Afghanistan & Pakistan",High income,Not classified,2011,9.513,0.452259493236372,100,98.8108291625977,2.99936488052495,64844.5019019408,65.7690706867398,1.73946320165597e-5,10.3
KWT,Kuwait,"Middle East, North Africa, Afghanistan & Pakistan",High income,Not classified,2012,9.002,0.424565442879494,100,103.851159711408,0.0983286715542846,64908.262639237,70.44999695,1.63615242395982e-5,10
KWT,Kuwait,"Middle East, North Africa, Afghanistan & Pakistan",High income,Not classified,2013,8.154,0.428462882182338,100,99.4679336547852,-3.77371634598551,62458.8089221249,75.45999908,2.95169066281854e-4,9.6
KWT,Kuwait,"Middle East, North Africa, Afghanistan & Pakistan",High income,Not classified,2014,7.966,0.419324860360814,100,96.9901733398438,-3.83157244878866,60065.6544076232,78.69999695,0.00503530856616518,9.3
KWT,Kuwait,"Middle East, North Africa, Afghanistan & Pakistan",High income,Not classified,2015,7.421,0.431556456073772,100,99.7793273925781,-3.83270102171981,57763.5174574395,82,0.00745372539831303,9.1
KWT,Kuwait,"Middle East, North Africa, Afghanistan & Pakistan",High income,Not classified,2016,6.45,0.431617384467982,100,,-1.43152053599024,56936.620842726,85.59999847,0.069644003709781,9
KWT,Kuwait,"Middle East, North Africa, Afghanistan & Pakistan",High income,Not classified,2017,6.031,0.448656060239996,100,,-8.16879129164303,52285.5871175696,97.9999893344615,0.0704099576853327,8.9
KWT,Kuwait,"Middle East, North Africa, Afghanistan & Pakistan",High income,Not classified,2018,5.158,0.443912809506027,100,,-1.26570110779524,51623.8078622052,99.5988495907557,0.0744504271082142,8.9
KWT,Kuwait,"Middle East, North Africa, Afghanistan & Pakistan",High income,Not classified,2019,4.499,0.424222112494569,100,,-0.471027490632153,51380.6455354631,99.5426764518489,0.0828282559177312,8.9
KWT,Kuwait,"Middle East, North Africa, Afghanistan & Pakistan",High income,Not classified,2020,2.994,0.427831374562639,100,,-3.90774915473197,49372.8187938552,99.10587017,0.0806490448927176,8.8
KWT,Kuwait,"Middle East, North Africa, Afghanistan & Pakistan",High income,Not classified,2021,2.132,0.452266518719399,100,,2.59077518987651,50651.9575337091,99.7,0.265012812418762,8.7
KWT,Kuwait,"Middle East, North Africa, Afghanistan & Pakistan",High income,Not classified,2022,1.671,0.435161715570398,100,,1.43711284054184,51379.8833194119,99.74729919,,8.6
LAO,Lao PDR,East Asia & Pacific,Lower middle income,IDA,2000,101.105,0.0593514585458224,42.6,27.401819229126,4.03726532497247,2899.01961879748,0.111044032290124,,100.1
LAO,Lao PDR,East Asia & Pacific,Lower middle income,IDA,2001,99.656,0.0618049828352272,45.3,29.2967090606689,4.02249661411516,3015.63258480614,0.181664460654566,99.6551724137931,95.6
LAO,Lao PDR,East Asia & Pacific,Lower middle income,IDA,2002,95.5,0.0654559920083202,46.3,31.9144496917725,4.23097600258968,3143.22327579556,0.267899241309349,96.5371809100999,91.1
LAO,Lao PDR,East Asia & Pacific,Lower middle income,IDA,2003,93.292,0.0641496132223698,48,34.5732192993164,4.44645858943204,3282.9853971272,0.333912466428616,,86.6
LAO,Lao PDR,East Asia & Pacific,Lower middle income,IDA,2004,93.126,0.0632301946350887,53.5,36.436149597168,4.81831567317876,3441.16999706515,0.361434490258043,,82.1
LAO,Lao PDR,East Asia & Pacific,Lower middle income,IDA,2005,88.404,0.0611272406386273,57.2,37.047550201416,5.50361623488958,3630.55878769378,0.850399971,,77.7
LAO,Lao PDR,East Asia & Pacific,Lower middle income,IDA,2006,89.356,0.0738171468959482,57,36.8837394714355,6.91294627933061,3881.53736632657,1.16989994,,73.5
LAO,Lao PDR,East Asia & Pacific,Lower middle income,IDA,2007,90.611,0.0725162149582735,55,37.8355903625488,5.94392449426221,4112.25301659759,1.64,,69.5
LAO,Lao PDR,East Asia & Pacific,Lower middle income,IDA,2008,90.611,0.0785557241149576,66,39.2269515991211,6.19878841672832,4367.162880257,3.55,,65.5
LAO,Lao PDR,East Asia & Pacific,Lower middle income,IDA,2009,90.441,0.0914748565743909,67.4,40.9841690063477,5.90563851314371,4625.07173324518,6,,61.8
LAO,Lao PDR,East Asia & Pacific,Lower middle income,IDA,2010,89.466,0.0945240505768731,70.2,42.871711730957,6.94116593325336,4946.10563678173,7,,58.4
LAO,Lao PDR,East Asia & Pacific,Lower middle income,IDA,2011,88.803,0.0923597717588012,70,42.421690482661504,6.48536557882839,5266.87866924206,9,,55.1
LAO,Lao PDR,East Asia & Pacific,Lower middle income,IDA,2012,87.613,0.0912272085610643,76.4,45.525951385498,6.49513527103458,5608.96956337059,10.74769974,97.7952056368232,52.1
LAO,Lao PDR,East Asia & Pacific,Lower middle income,IDA,2013,86.643,0.0998593762733509,79.3,49.4297722584981,6.51642199042166,5974.47368943414,12.5,,49.4
LAO,Lao PDR,East Asia & Pacific,Lower middle income,IDA,2014,84.405,0.10321544176188,82.5,55.2351608276367,6.13842534644749,6341.2122967032,14.26000023,,46.8
LAO,Lao PDR,East Asia & Pacific,Lower middle income,IDA,2015,84.784,0.195793673721593,89.7,59.772232688381,5.71702901311374,6703.74124348885,18.200000760000002,98.1752944062807,44.4
LAO,Lao PDR,East Asia & Pacific,Lower middle income,IDA,2016,84.146,0.325234517712107,89,62.2666985609989,5.36288912313843,7063.25545347926,21.87000084,68.5886729248627,42.2
LAO,Lao PDR,East Asia & Pacific,Lower middle income,IDA,2017,84.125,0.368930739208136,93.6,63.5469120681911,5.2271106715724,7432.4596330485,25.51040077,62.8591707976566,40.2
LAO,Lao PDR,East Asia & Pacific,Lower middle income,IDA,2018,84.175,0.358388377616667,92.9,63.8298251272908,4.60986171989208,7775.08574451883,36.27130127,61.7279648949464,38.3
LAO,Lao PDR,East Asia & Pacific,Lower middle income,IDA,2019,84.037,0.331419305631805,98.4,62.7755100424821,3.86091278109465,8075.27502377003,47.03229904,86.440673624896,36.5
LAO,Lao PDR,East Asia & Pacific,Lower middle income,IDA,2020,83.548,0.330913043841405,99.3,60.6465219892194,-0.986715601107164,7995.59502527818,54,66.0885163872905,34.8
LAO,Lao PDR,East Asia & Pacific,Lower middle income,IDA,2021,82.821,0.395460004851603,100,58.3834691492585,1.06109059992194,8080.43553249923,62,63.2882872854376,33.2
LAO,Lao PDR,East Asia & Pacific,Lower middle income,IDA,2022,82.431,0.388509673316728,100,55.9171927545616,1.2697005231296,8183.03286472653,64.54000092,,31.8
LBN,Lebanon,"Middle East, North Africa, Afghanistan & Pakistan",Lower middle income,IBRD,2000,25.332,0.305571295186405,99.3,65.9806900024414,-0.39180673260141,11571.7326041085,7.95274373635276,4.47493190759609,20
LBN,Lebanon,"Middle East, North Africa, Afghanistan & Pakistan",Lower middle income,IBRD,2001,24.942,0.317529879604306,99.3,64.3623809814453,2.12758024747754,11817.9305012844,6.78321977527715,3.3464447806354,18.9
LBN,Lebanon,"Middle East, North Africa, Afghanistan & Pakistan",Lower middle income,IBRD,2002,24.233,0.306042468163827,99.3,66.052490234375,1.99615029951745,12053.8341563826,7,5.88402777777778,18
LBN,Lebanon,"Middle East, North Africa, Afghanistan & Pakistan",Lower middle income,IBRD,2003,23.5,0.296563157745186,99.2,68.1703186035156,1.81278345572235,12272.3440677497,8,9.87645450995705,17
LBN,Lebanon,"Middle East, North Africa, Afghanistan & Pakistan",Lower middle income,IBRD,2004,22.521,0.281701096411823,99.9,69.5652008056641,4.96833961304041,12882.0757995163,9,9.43252046835109,16.1
LBN,Lebanon,"Middle East, North Africa, Afghanistan & Pakistan",Lower middle income,IBRD,2005,21.6,0.272451114564672,99.2,70.1318969726562,1.106879785513,13024.6648924956,10.14000034,8.91893274230671,15.3
LBN,Lebanon,"Middle East, North Africa, Afghanistan & Pakistan",Lower middle income,IBRD,2006,21.199,0.261144559046394,99.4,70.9933471679688,-0.16111039140597,13003.680803908,15,6.12668725187472,14.6
LBN,Lebanon,"Middle East, North Africa, Afghanistan & Pakistan",Lower middle income,IBRD,2007,20.908,0.221339978918138,97.8,72.4031066894531,7.21242419520836,13941.5614244767,18.74,5.5371666351428,14.1
LBN,Lebanon,"Middle East, North Africa, Afghanistan & Pakistan",Lower middle income,IBRD,2008,20.756,0.248606540735621,99.9,72.9855270385742,7.27020382429338,14955.1413563252,22.53,2.99895590715605,13.6
LBN,Lebanon,"Middle East, North Africa, Afghanistan & Pakistan",Lower middle income,IBRD,2009,21.183,0.265525625745023,99.3,75.2082824707031,8.75424197439401,16264.3506182706,30.13999939,4.73120184899846,13.2
LBN,Lebanon,"Middle East, North Africa, Afghanistan & Pakistan",Lower middle income,IBRD,2010,21.957,0.235642417525941,99.5,74.984394389501,6.92562408092621,17390.7584012958,43.68000031,5.34272808245324,13
LBN,Lebanon,"Middle East, North Africa, Afghanistan & Pakistan",Lower middle income,IBRD,2011,22.627,0.237268685604895,99.7,78.0964568809092,-0.215990101752055,17353.1960845294,52,5.38713435947753,12.8
LBN,Lebanon,"Middle East, North Africa, Afghanistan & Pakistan",Lower middle income,IBRD,2012,22.791,0.258399261566074,99.5,76.1323848482182,-0.172272058447192,17323.3013764282,61.24980164,7.1481704019708,12.7
LBN,Lebanon,"Middle East, North Africa, Afghanistan & Pakistan",Lower middle income,IBRD,2013,22.747,0.245344087293413,99.6,74.7805921960167,-5.35004515636365,16396.4969302163,70.5,5.66805377720871,12.7
LBN,Lebanon,"Middle East, North Africa, Afghanistan & Pakistan",Lower middle income,IBRD,2014,22.719,0.258719358708215,99.7,62.1051842337746,-7.26145145442744,15205.873265402,73,1.20402826461915,12.8
LBN,Lebanon,"Middle East, North Africa, Afghanistan & Pakistan",Lower middle income,IBRD,2015,22.693,0.277496216311,99.7,60.3778897955521,-1.48529943559267,14980.020515614,74,2.74690265486726,12.9
LBN,Lebanon,"Middle East, North Africa, Afghanistan & Pakistan",Lower middle income,IBRD,2016,22.796,0.283001140967564,99.8,62.351438954916,3.95420458700914,15572.3611739774,76.11000061,2.23912819455894,13.2
LBN,Lebanon,"Middle East, North Africa, Afghanistan & Pakistan",Lower middle income,IBRD,2017,22.563,0.294871454453633,99.9,66.1201281851679,3.57185811074811,16128.5838196051,78.18080139,2.38504989644135,13.5
LBN,Lebanon,"Middle East, North Africa, Afghanistan & Pakistan",Lower middle income,IBRD,2018,22.341,0.282039870734601,99.7,68.2192125483757,1.00112836973221,16290.0516478592,80.90000153,2.18127499411903,14
LBN,Lebanon,"Middle East, North Africa, Afghanistan & Pakistan",Lower middle income,IBRD,2019,22.046,0.297598122675696,100,69.5287831759035,-3.87037166908469,15659.5661040012,81.48120117,5.13664999073559,14.5
LBN,Lebanon,"Middle East, North Africa, Afghanistan & Pakistan",Lower middle income,IBRD,2020,21.76,0.305944634647035,100,70.2938677645431,-20.1290983815185,12507.4366368078,82.0664978,6.40880917119193,15.1
LBN,Lebanon,"Middle East, North Africa, Afghanistan & Pakistan",Lower middle income,IBRD,2021,21.366,0.252001647163028,100,71.177412177286,-7.25697163046323,11599.7755083765,82.65599823,5.07230201863354,15.7
LBN,Lebanon,"Middle East, North Africa, Afghanistan & Pakistan",Lower middle income,IBRD,2022,21.109,0.158306153561994,100,68.0329956698082,-1.07782192621244,11474.7505845558,81.46479797,,16.3
LBR,Liberia,Sub-Saharan Africa,Low income,IDA,2000,145.316,0.0729765696469058,,28.439359664917,23.9409230680701,1868.17975587618,0.0177027057169472,26.2692226669475,194.9
LBR,Liberia,Sub-Saharan Africa,Low income,IDA,2001,143.378,0.0817407446377684,,,-0.0567743363726407,1867.11910921753,0.033812227177592,26.2692226669475,181.7
LBR,Liberia,Sub-Saharan Africa,Low income,IDA,2002,140.238,0.0797007399931118,,,1.09938923491595,1887.64601570733,0.0327133071190699,26.2692226669475,168.6
LBR,Liberia,Sub-Saharan Africa,Low income,IDA,2003,143.407,0.123553641976984,,,-30.6993530292511,1308.15090140274,0.0318689345450327,26.2692226669475,156.2
LBR,Liberia,Sub-Saharan Africa,Low income,IDA,2004,143.37,0.130189870507296,,,1.4054000654278,1326.53565502695,0.0310111848040233,25.4645701449867,144.8
LBR,Liberia,Sub-Saharan Africa,Low income,IDA,2005,146.914,0.154505914668121,,,0.684612867093762,1335.61728880785,0.551400006,25.4645701449867,134.9
LBR,Liberia,Sub-Saharan Africa,Low income,IDA,2006,150.311,0.150518309972608,,,2.17024627280136,1364.60347323709,0.529999971,25.4645701449867,126.5
LBR,Liberia,Sub-Saharan Africa,Low income,IDA,2007,151.496,0.128273515814718,3,,4.21343815918623,1422.10019670004,0.551400006,24.227705459491,119.6
LBR,Liberia,Sub-Saharan Africa,Low income,IDA,2008,149.859,0.100275435367268,1.3,,2.88473943454363,1463.12408187297,0.529999971,24.227705459491,114
LBR,Liberia,Sub-Saharan Africa,Low income,IDA,2009,149.039,0.0887728714483867,1.9,,2.04180167202995,1492.99817384053,2,24.227705459491,109.5
LBR,Liberia,Sub-Saharan Africa,Low income,IDA,2010,146.993,0.127168853647735,5.3,,3.07117998186455,1538.85083488512,2.3,22.2073876279484,105.7
LBR,Liberia,Sub-Saharan Africa,Low income,IDA,2011,145.602,0.131025074437054,4.1,38.8059883117676,4.04086635073222,1601.03374045996,2.5,21.5178956446744,102.4
LBR,Liberia,Sub-Saharan Africa,Low income,IDA,2012,143.474,0.133877003041661,9.3,,4.24345556941776,1668.97289588776,2.5999999049999998,21.551724137931,99.5
LBR,Liberia,Sub-Saharan Africa,Low income,IDA,2013,142.286,0.114389718662516,9.8,,6.3241100027268,1774.5205777394,3.200000048,21.2785853948823,97
LBR,Liberia,Sub-Saharan Africa,Low income,IDA,2014,141.648,0.147993858522241,9.4,31.7852096557617,-1.37370786861489,1750.1438489328,5.409999847,21.5520162656727,97
LBR,Liberia,Sub-Saharan Africa,Low income,IDA,2015,140.319,0.154381923990457,15.2,31.3665904998779,-2.06002320038729,1714.09047960464,10,21.5653057767237,93.2
LBR,Liberia,Sub-Saharan Africa,Low income,IDA,2016,137.803,0.176178135470743,17.7,,-3.54590251888713,1653.31050211233,15.69999981,20.7248018120045,91.5
LBR,Liberia,Sub-Saharan Africa,Low income,IDA,2017,135.26,0.152764561835237,24.2,,0.48341831127135,1661.30290782171,16.299999239999998,57.3764787752262,90.3
LBR,Liberia,Sub-Saharan Africa,Low income,IDA,2018,133.418,0.0787725080893495,22.8,,-0.802290167584516,1647.97443793846,17.27770042,57.4209245742092,89.4
LBR,Liberia,Sub-Saharan Africa,Low income,IDA,2019,132.002,0.12701744238769,23.1,,-4.38160849244818,1575.76665001238,19.89579964,57.4209245742092,88.7
LBR,Liberia,Sub-Saharan Africa,Low income,IDA,2020,130.522,0.108265319617206,27.6,37.0220985412598,-4.97470394166794,1497.37692436272,22.91069984,57.4209245742092,88.3
LBR,Liberia,Sub-Saharan Africa,Low income,IDA,2021,129.044,0.103864058075859,29.8,,2.7936852774608,1539.20892304674,26.38229942,57.4209245742092,88
LBR,Liberia,Sub-Saharan Africa,Low income,IDA,2022,127.332,0.102375854448966,31.8,,2.585058275666,1578.99837069175,30.38010025,,87.8
LBY,Libya,"Middle East, North Africa, Afghanistan & Pakistan",Upper middle income,IBRD,2000,13.815,0.52347834084514,99.8,,1.97930843294741,17747.0188855832,0.187042622337565,0,28.1
LBY,Libya,"Middle East, North Africa, Afghanistan & Pakistan",Upper middle income,IBRD,2001,8.952,0.527079952247227,96.9,,-3.55569593532938,17115.9888564264,0.366533175284228,0,27.3
LBY,Libya,"Middle East, North Africa, Afghanistan & Pakistan",Upper middle income,IBRD,2002,5.758,0.544714460673372,95.2,114.308647155762,-2.84267783712218,16629.4364346005,2.24441822165946,0,26.5
LBY,Libya,"Middle East, North Africa, Afghanistan & Pakistan",Upper middle income,IBRD,2003,5.814,0.519583387915193,93.5,110.30061340332,10.7838721756603,18422.7336032405,2.81451798740855,0.00168927836139999,25.5
LBY,Libya,"Middle East, North Africa, Afghanistan & Pakistan",Upper middle income,IBRD,2004,5.884,0.492217893651511,91.8,,2.32576943782377,18851.2039109963,3.53283816154549,0.00547364268455052,24.4
LBY,Libya,"Middle East, North Africa, Afghanistan & Pakistan",Upper middle income,IBRD,2005,5.979,0.477150015255257,90.1,102.042678833008,9.53922388994984,20649.4624580172,3.91779995,0.00842448835568101,23.1
LBY,Libya,"Middle East, North Africa, Afghanistan & Pakistan",Upper middle income,IBRD,2006,6.023,0.4460934248528,88.4,105.584159851074,4.3383026664543,21545.2986384419,4.301099777,0.0109073281085885,21.7
LBY,Libya,"Middle East, North Africa, Afghanistan & Pakistan",Upper middle income,IBRD,2007,6.125,0.392671338630915,86.8,,4.06916207450483,22422.0117594762,4.72199937850513,0.0133414652740718,20.2
LBY,Libya,"Middle East, North Africa, Afghanistan & Pakistan",Upper middle income,IBRD,2008,6.224,0.418171352728949,85.1,,-2.26034195363675,21915.1976208274,9,0.0149654643131236,18.8
LBY,Libya,"Middle East, North Africa, Afghanistan & Pakistan",Upper middle income,IBRD,2009,6.328,0.461325886587928,83.5,,-6.37107364350932,20518.9642412838,10.80000019,0.0167583050735851,17.6
LBY,Libya,"Middle East, North Africa, Afghanistan & Pakistan",Upper middle income,IBRD,2010,6.685,0.464050626713121,81.9,,2.90736772244718,21115.5259846154,14,0.0180600774003317,16.6
LBY,Libya,"Middle East, North Africa, Afghanistan & Pakistan",Upper middle income,IBRD,2011,7.045,0.649229224473712,80.3,,-49.1278565212286,10741.9206751908,14,0.025693295895996,19.6
LBY,Libya,"Middle East, North Africa, Afghanistan & Pakistan",Upper middle income,IBRD,2012,7.154,0.493762183065358,78.7,,91.7813702690939,20601.0026641,15.19999981,0.022727935813275,15
LBY,Libya,"Middle East, North Africa, Afghanistan & Pakistan",Upper middle income,IBRD,2013,7.52,0.599768841018575,77.1,,-19.6276937990081,16557.500941665,16.5,0.0205470419117453,14.4
LBY,Libya,"Middle East, North Africa, Afghanistan & Pakistan",Upper middle income,IBRD,2014,7.619,0.769283469960106,75.5,,-24.5110536856449,12499.0829968523,17.76000023,0.0206461530306644,13.8
LBY,Libya,"Middle East, North Africa, Afghanistan & Pakistan",Upper middle income,IBRD,2015,7.413,0.683949254501249,73.8,,-2.43005265175647,12195.3486990421,25,0.020767241609128,13.3
LBY,Libya,"Middle East, North Africa, Afghanistan & Pakistan",Upper middle income,IBRD,2016,7.23,0.65187200406617,72.2,,-2.98083261952721,11831.8257669559,35,0.0247931253978358,12.8
LBY,Libya,"Middle East, North Africa, Afghanistan & Pakistan",Upper middle income,IBRD,2017,7.016,0.532813790581306,70.6,,30.3950611263495,15428.1164411854,47.5,0.0234067485952946,12.4
LBY,Libya,"Middle East, North Africa, Afghanistan & Pakistan",Upper middle income,IBRD,2018,6.797,0.51031031754607,67,,6.20327204937865,16385.164476127,47.5,0.0227971086593895,11.9
LBY,Libya,"Middle East, North Africa, Afghanistan & Pakistan",Upper middle income,IBRD,2019,6.61,0.576716498401938,68.5,,-12.4989174222368,14337.1962987582,71.40409851,0.0224962458126372,11.6
LBY,Libya,"Middle East, North Africa, Afghanistan & Pakistan",Upper middle income,IBRD,2020,6.445,0.650072754473068,69.4,,-30.4001717408883,9978.66400110743,74.35810089,0.0264076748364351,11.2
LBY,Libya,"Middle East, North Africa, Afghanistan & Pakistan",Upper middle income,IBRD,2021,6.274,0.647021044925961,70.2,,26.6853936559494,12641.5097714075,77.438797,0.0223947103636625,10.8
LBY,Libya,"Middle East, North Africa, Afghanistan & Pakistan",Upper middle income,IBRD,2022,6.079,0.703316289557175,70,,-9.42490206992071,11450.0598552928,80.64720154,,10.4
LCA,St. Lucia,Latin America & Caribbean,Upper middle income,Blend,2000,58.539,0.0327435915057826,86,81.7228775024414,-1.15852753925388,18638.117705755,5.09048334139327,0,18.5
LCA,St. Lucia,Latin America & Caribbean,Upper middle income,Blend,2001,61.858,0.0362802140576107,89.9,83.2157287597656,-4.38521361096242,17820.7964312951,8.18186395448366,0,18.4
LCA,St. Lucia,Latin America & Caribbean,Upper middle income,Blend,2002,58.92,0.034002420599422,87.7,84.7546691894531,-0.455758268918373,17739.5766779723,14.6418357746777,0,18.4
LCA,St. Lucia,Latin America & Caribbean,Upper middle income,Blend,2003,57.288,0.0379633170265743,88.5,85.162956237793,3.41053937654591,18344.5919258071,20.9824734633424,0,18.4
LCA,St. Lucia,Latin America & Caribbean,Upper middle income,Blend,2004,55.538,0.0342999261749621,89.3,75.5812606811523,6.44252113072108,19526.4461369718,21.395212362765,0,18.5
LCA,St. Lucia,Latin America & Caribbean,Upper middle income,Blend,2005,53.419,0.0361319920035354,90.1,87.2725067138672,-1.13924471405971,19303.9921315127,21.5675829464215,0,18.5
LCA,St. Lucia,Latin America & Caribbean,Upper middle income,Blend,2006,50.973,0.0377390483726379,90.9,91.7881317138672,5.43753454391749,20353.6533720188,24.5,0,18.6
LCA,St. Lucia,Latin America & Caribbean,Upper middle income,Blend,2007,48.083,0.0401265577487933,91.8,94.5270690917969,1.01330265983917,20559.8974830119,27.89999962,0,18.6
LCA,St. Lucia,Latin America & Caribbean,Upper middle income,Blend,2008,45.705,0.0413283219310935,92.7,98.5242462158203,4.29652830468692,21443.2592977841,30,0,18.7
LCA,St. Lucia,Latin America & Caribbean,Upper middle income,Blend,2009,46.379,0.0458578220379091,93.5,100.330680847168,-3.43582922693658,20706.505527623,31,0.00550949009669155,18.8
LCA,St. Lucia,Latin America & Caribbean,Upper middle income,Blend,2010,44.045,0.051657672348214403,94.2,98.4699630737305,-0.278750187807233,20648.7861045765,32.5,0.00787587619122627,18.8
LCA,St. Lucia,Latin America & Caribbean,Upper middle income,Blend,2011,38.266,0.0383518554997374,95.4,97.125129699707,3.78344996295867,21430.0225948015,34,0.0077873533381788,18.8
LCA,St. Lucia,Latin America & Caribbean,Upper middle income,Blend,2012,38.449,0.0396715852130442,95.3,94.1647262573242,-0.563683330885993,21309.2251296295,45.865,0.0207867796081692,18.8
LCA,St. Lucia,Latin America & Caribbean,Upper middle income,Blend,2013,38.739,0.04616697514928,97.2,92.7354431152344,-2.26163327907432,20827.2886025849,49.3871994,0.0234944005012139,18.8
LCA,St. Lucia,Latin America & Caribbean,Upper middle income,Blend,2014,38.71,0.0485956863152475,98.1,91.8217620849609,0.880621538906311,21010.6981919895,53.17969894,0.0421507415896098,18.8
LCA,St. Lucia,Latin America & Caribbean,Upper middle income,Blend,2015,36.925,0.0498021852319515,99,91.9546737670898,-0.337052867572226,20939.8810312364,57.26330185,0.308537063668453,18.7
LCA,St. Lucia,Latin America & Caribbean,Upper middle income,Blend,2016,35.203,0.0518474568478323,99.8,91.5551681518555,2.9915396739198,21566.3058799575,58.22259903,0.994030756778632,18.6
LCA,St. Lucia,Latin America & Caribbean,Upper middle income,Blend,2017,33.812,0.0501268572965773,99.9,90.8347015380859,2.97179882236796,22207.2131041263,59.16009903,0.975355520810066,18.5
LCA,St. Lucia,Latin America & Caribbean,Upper middle income,Blend,2018,32.127,0.0643317852574204,100,90.4871978759766,2.49445186760282,22761.1613461447,60.11259842,2.1902638606463,18.4
LCA,St. Lucia,Latin America & Caribbean,Upper middle income,Blend,2019,30.831,0.073903396460405,100,88.6840362548828,-1.38812466794819,22445.2080507874,61.08050156,2.57230886813633,18.2
LCA,St. Lucia,Latin America & Caribbean,Upper middle income,Blend,2020,29.294,0.0902926170056157,100,89.3361511230469,-23.1552773828255,17247.9578674753,62.06399918,2.7505168668708,18.1
LCA,St. Lucia,Latin America & Caribbean,Upper middle income,Blend,2021,28.84,0.0825834872934053,100,,10.9773537968332,19141.3272253168,63.06330109,2.54489148622662,17.9
LCA,St. Lucia,Latin America & Caribbean,Upper middle income,Blend,2022,28.551,0.0726052314911058,100,91.6141891479492,19.1727834727551,22811.2524480383,66.95159912,,17.7
LIE,Liechtenstein,Europe & Central Asia,High income,Not classified,2000,6.167,,100,,1.87954790344263,,36.5152298938015,,
LIE,Liechtenstein,Europe & Central Asia,High income,Not classified,2001,6.041,,100,,-2.37488109909029,,45.1168526483592,,
LIE,Liechtenstein,Europe & Central Asia,High income,Not classified,2002,5.62,,100,,-2.46311446328741,,59.4707106749926,,
LIE,Liechtenstein,Europe & Central Asia,High income,Not classified,2003,5.136,,100,103.171249389648,-3.04540410833893,,58.8096918372148,,
LIE,Liechtenstein,Europe & Central Asia,High income,Not classified,2004,5.109,,100,103.859649658203,1.93839655413686,,64.0074481394199,,
LIE,Liechtenstein,Europe & Central Asia,High income,Not classified,2005,5.157,,100,99.6525421142578,3.90506605911179,,63.37139893,,
LIE,Liechtenstein,Europe & Central Asia,High income,Not classified,2006,4.347,,100,99.6570587158203,7.76432322419438,,64.21420288,,
LIE,Liechtenstein,Europe & Central Asia,High income,Not classified,2007,3.755,,100,99.3852462768555,2.66666052628214,,65.0802002,,
LIE,Liechtenstein,Europe & Central Asia,High income,Not classified,2008,3.489,,100,100.270820617676,1.19257451932671,,70,,
LIE,Liechtenstein,Europe & Central Asia,High income,Not classified,2009,3.843,,100,97.8465728759766,-1.90138748845943,,75,,
LIE,Liechtenstein,Europe & Central Asia,High income,Not classified,2010,2.793,,100,100,,,80,,
LIE,Liechtenstein,Europe & Central Asia,High income,Not classified,2011,3.092,,100,101.0673828125,,,85,,
LIE,Liechtenstein,Europe & Central Asia,High income,Not classified,2012,2.604,,100,101.465690612793,,,89.40769958,,
LIE,Liechtenstein,Europe & Central Asia,High income,Not classified,2013,2.423,,100,,,,93.80000305,,
LIE,Liechtenstein,Europe & Central Asia,High income,Not classified,2014,2.766,,100,103.274223327637,,,95.20999908,,
LIE,Liechtenstein,Europe & Central Asia,High income,Not classified,2015,2.364,,100,101.72176361084,,,96.6411972,,
LIE,Liechtenstein,Europe & Central Asia,High income,Not classified,2016,2.519,,100,101.906776428223,,,98.09390259,,
LIE,Liechtenstein,Europe & Central Asia,High income,Not classified,2017,2.096,,100,105.065116882324,,,99.54660034,,
LIE,Liechtenstein,Europe & Central Asia,High income,Not classified,2018,2.24,,100,101.641143798828,,,,,
LIE,Liechtenstein,Europe & Central Asia,High income,Not classified,2019,1.992,,100,110.007469177246,,,93.14610291,,
LIE,Liechtenstein,Europe & Central Asia,High income,Not classified,2020,1.722,,100,110.204078674316,,,94.34999847,,
LIE,Liechtenstein,Europe & Central Asia,High income,Not classified,2021,1.631,,100,109.090911865234,,,95.56939697,,
LIE,Liechtenstein,Europe & Central Asia,High income,Not classified,2022,1.631,,100,,,,97.88069916,,
LKA,Sri Lanka,South Asia,Upper middle income,IDA,2000,29.844,0.0924528194492256,70.3,,4.0862744786218,6428.61341889128,0.647410010940963,45.8128212450029,16.3
LKA,Sri Lanka,South Asia,Upper middle income,IDA,2001,30.212,0.0931465113863359,63.6,,-3.08904716018746,6230.03051863559,0.793821864362622,46.0439463206017,15.8
LKA,Sri Lanka,South Asia,Upper middle income,IDA,2002,29.29,0.0937258623987274,80.7,,2.8865391549469,6409.86278892115,1.05042270585318,38.1806123888811,15.5
LKA,Sri Lanka,South Asia,Upper middle income,IDA,2003,27.838,0.0956120895645572,75,,5.16625254648899,6741.01248848024,1.45858022842408,43.0838517366511,15.2
LKA,Sri Lanka,South Asia,Upper middle income,IDA,2004,26.33,0.093632835260902,76.5,,4.7307209819853,7059.91098067102,1.44615998041486,36.138554948391,29
LKA,Sri Lanka,South Asia,Upper middle income,IDA,2005,24.289,0.0957738063825228,78.1,,5.56425373682754,7452.7423412297,1.792000055,37.2279064779065,14
LKA,Sri Lanka,South Asia,Upper middle income,IDA,2006,22.235,0.0813353294431929,82,,6.94942271248222,7970.6649101939,2.53756612897332,49.0003157894737,13.3
LKA,Sri Lanka,South Asia,Upper middle income,IDA,2007,21.706,0.0815246507303949,80,,6.06651827130165,8454.20675331505,3.88,40.0649429350571,12.6
LKA,Sri Lanka,South Asia,Upper middle income,IDA,2008,20.864,0.0724811723426493,82.9,,5.24732975759279,8897.82686005016,4.824500084,41.5834082958521,12
LKA,Sri Lanka,South Asia,Upper middle income,IDA,2009,21.564,0.0672298297019047,87.1,,2.90511614609032,9156.31906481264,5.868500233,39.2983176447026,21.5
LKA,Sri Lanka,South Asia,Upper middle income,IDA,2010,21.712,0.0658511936602193,85.3,92.7051773071289,7.38142864786508,9832.18622335265,6.912399769,53.0379594481992,11.2
LKA,Sri Lanka,South Asia,Upper middle income,IDA,2011,21.316,0.0713093274224369,87.8,95.112060546875,7.99726895684675,10618.4925999722,7.956399918,40.7778349631155,10.8
LKA,Sri Lanka,South Asia,Upper middle income,IDA,2012,20.875,0.0738383728232195,87,97.1849975585938,7.80902906885484,11447.6937737782,9.00039959,29.2712377111167,10.3
LKA,Sri Lanka,South Asia,Upper middle income,IDA,2013,19.785,0.0588395009688989,90.2,97.8860232469157,7.00602738731078,12249.7223347846,10.04440022,59.780004990435,9.8
LKA,Sri Lanka,South Asia,Upper middle income,IDA,2014,18.08,0.0666577742605057,92.7,96.1411697667469,5.38986888014487,12909.9663068113,10.5000026214106,52.7744161784768,9.2
LKA,Sri Lanka,South Asia,Upper middle income,IDA,2015,17.041,0.0705162924854349,94.3,97.2124296159383,3.25185230614606,13329.779343882,15.26249981,48.4749658625398,8.7
LKA,Sri Lanka,South Asia,Upper middle income,IDA,2016,16.485,0.0799791203727083,97.5,96.5253510453528,3.86979649874351,13845.6146782218,22.19,32.6232147857743,8.3
LKA,Sri Lanka,South Asia,Upper middle income,IDA,2017,16.218,0.0748846364071651,97.5,97.5062635264586,5.24982935126125,14572.4858214616,25.07550049,30.0104386892178,7.9
LKA,Sri Lanka,South Asia,Upper middle income,IDA,2018,15.778,0.0687297663947631,99.6,99.2050919963165,1.28556702923734,14759.8248945226,28.33620071,45.049362852362,7.6
LKA,Sri Lanka,South Asia,Upper middle income,IDA,2019,15.602,0.0751174567135719,99.8,,-0.829146715016009,14637.4442912676,32.02090073,34.3886657190532,7.2
LKA,Sri Lanka,South Asia,Upper middle income,IDA,2020,15.465,0.0742962340020958,100,,-5.12926234565826,13886.6513728689,36.18473435,35.1981051864448,6.9
LKA,Sri Lanka,South Asia,Upper middle income,IDA,2021,15.401,0.0719433868657736,100,91.9800637956542,3.09278196849438,14316.1352225567,44.45308724,49.2380351199357,6.6
LKA,Sri Lanka,South Asia,Upper middle income,IDA,2022,15.122,0.0707679191461808,100,90.6491955714904,-7.4536189792008,13249.0650505201,48.3,,6.3
LSO,Lesotho,Sub-Saharan Africa,Lower middle income,IDA,2000,77.55,0.0906020657425396,4.3,32.2869987487793,3.84034989034289,1932.15793223415,0.211806070361977,99.896848448655,108.3
LSO,Lesotho,Sub-Saharan Africa,Lower middle income,IDA,2001,79.187,0.091052457666235,1.3,33.5986404418945,3.71996350434441,2004.03350215955,0.261150063093855,99.8979235501115,110.3
LSO,Lesotho,Sub-Saharan Africa,Lower middle income,IDA,2002,80.323,0.0954243680514582,3.4,34.8072319030762,1.0355999970419,2024.78727304864,1.08394313737534,99.9047833821945,112.1
LSO,Lesotho,Sub-Saharan Africa,Lower middle income,IDA,2003,82.531,0.0928258639956788,5.4,35.6447906494141,5.06649512855877,2127.37302160132,1.53249659019509,99.9071812408403,113.2
LSO,Lesotho,Sub-Saharan Africa,Lower middle income,IDA,2004,80.425,0.0947739443402511,6.8,38.172981262207,2.41103579960742,2178.66474674332,2.17552433931097,99.906221465413,113.9
LSO,Lesotho,Sub-Saharan Africa,Lower middle income,IDA,2005,82.775,0.0918015637660095,9.6,40.7864608764648,4.42249766024187,2275.01614419256,2.580199957,99.9171571833442,114.6
LSO,Lesotho,Sub-Saharan Africa,Lower middle income,IDA,2006,85.595,0.0894793840730521,9.7,42.6532783508301,4.65948787654852,2381.02024562073,2.97970818724486,99.9213559883276,114.7
LSO,Lesotho,Sub-Saharan Africa,Lower middle income,IDA,2007,89.92,0.11104234002892199,13.9,46.9338684082031,3.75025688346649,2470.31462127885,3.44543125970873,99.9253408778341,111.9
LSO,Lesotho,Sub-Saharan Africa,Lower middle income,IDA,2008,89.956,0.0857277227052667,16,51.0167694091797,4.81119838923493,2589.16635854686,3.58,99.924753965268,111.6
LSO,Lesotho,Sub-Saharan Africa,Lower middle income,IDA,2009,86.83,0.101872282244322,17,56.7846603393555,-1.96870088552072,2538.19341751854,3.72,99.9250389600142,99.1
LSO,Lesotho,Sub-Saharan Africa,Lower middle income,IDA,2010,84.125,0.0986809274952738,17,62.8373908996582,4.45925951436652,2651.37804898226,3.859999895,99.9243329350856,90.9
LSO,Lesotho,Sub-Saharan Africa,Lower middle income,IDA,2011,85.201,0.0982815291971723,22.5,65.863037109375,3.69398595274109,2749.31958166573,7,99.9226163808903,85.2
LSO,Lesotho,Sub-Saharan Africa,Lower middle income,IDA,2012,87.357,0.0978959773799516,20.6,68.1460800170898,5.27066659627468,2894.22705048142,10,99.9219648431083,81.4
LSO,Lesotho,Sub-Saharan Africa,Lower middle income,IDA,2013,88.379,0.0969562612610072,26.9,65.9366836547852,0.696148188602265,2914.37515966739,15,99.926537398264,79.3
LSO,Lesotho,Sub-Saharan Africa,Lower middle income,IDA,2014,85.643,0.0982784508339185,27.8,66.7313219029994,0.557309193389017,2930.61724036206,22,99.9272769027616,77.6
LSO,Lesotho,Sub-Saharan Africa,Lower middle income,IDA,2015,83.902,0.0949034936084123,31.8,67.8270774378415,1.92251059472272,2986.95866729879,25,99.928920147397207,75.1
LSO,Lesotho,Sub-Saharan Africa,Lower middle income,IDA,2016,85.849,0.100947975732908,35.1,65.0972290039062,2.35363981271321,3057.26091568162,32.4538569477365,99.9258218161943,71.4
LSO,Lesotho,Sub-Saharan Africa,Lower middle income,IDA,2017,84.285,0.114014285519749,33.7,68.1387518596821,-4.33655999292874,2924.68096193272,39,99.880810488677,70.1
LSO,Lesotho,Sub-Saharan Africa,Lower middle income,IDA,2018,80.001,0.121905944860977,47,,-2.67593907523207,2846.41828124649,40.79999924,99.8801561835543,68.8
LSO,Lesotho,Sub-Saharan Africa,Lower middle income,IDA,2019,76.564,0.127853762482047,44.6,,-2.56925986092637,2773.28639887236,42.301733569273,99.8651296536631,68.1
LSO,Lesotho,Sub-Saharan Africa,Lower middle income,IDA,2020,74.143,0.124956202611788,47.5,,-9.23727005298078,2517.11044486593,43.65750122,99.878396707357,66.3
LSO,Lesotho,Sub-Saharan Africa,Lower middle income,IDA,2021,73.048,0.132820573763522,50.4,,1.09935782526551,2544.78249551214,45.05670166,99.7862526718416,64
LSO,Lesotho,Sub-Saharan Africa,Lower middle income,IDA,2022,71.785,0.166498307005566,50,,1.28745564005285,2577.54544127769,48.06959915,,62
LTU,Lithuania,Europe & Central Asia,High income,Not classified,2000,23.584,0.211119772419565,99.5,,4.14861792867285,15777.4293800236,6.42706749477765,5.63676148796499,10.7
LTU,Lithuania,Europe & Central Asia,High income,Not classified,2001,20.575,0.210758591668594,99.5,99.2935409545898,7.36519017903279,16939.467059225,7.17935699381369,4.77030603243537,10.3
LTU,Lithuania,Europe & Central Asia,High income,Not classified,2002,20.088,0.198753179473129,99.4,101.328956604004,7.57999763692278,18223.4782620215,17.69,4.42977258619717,9.9
LTU,Lithuania,Europe & Central Asia,High income,Not classified,2003,20.754,0.180095532439226,99.4,103.705223083496,11.4535417783581,20310.7119582322,25.91,5.09031198686371,9.6
LTU,Lithuania,Europe & Central Asia,High income,Not classified,2004,20.307,0.176863607965693,99.4,102.579322814941,7.70478467031737,21875.6085796224,31.23,4.92891978831587,9.3
LTU,Lithuania,Europe & Central Asia,High income,Not classified,2005,20.218,0.17537865724077,99.4,104.165756225586,9.50010821862925,23953.8150681702,36.22,5.60741341991342,9
LTU,Lithuania,Europe & Central Asia,High income,Not classified,2006,20.309,0.166065153145764,99.4,106.662200927734,9.12367697158992,26139.2837773621,43.9,6.72969075468675,8.6
LTU,Lithuania,Europe & Central Asia,High income,Not classified,2007,19.239,0.163978481417053,99.4,106.777969360352,12.4053451378162,29381.9521464971,49.9,7.98172342400228,8
LTU,Lithuania,Europe & Central Asia,High income,Not classified,2008,18.765,0.162522829954085,99.4,106.165969848633,3.66012476803633,30457.3682543436,55.22,8.53942356069863,7.3
LTU,Lithuania,Europe & Central Asia,High income,Not classified,2009,16.694,0.159248122330116,99.5,104.750190734863,-13.8877568111501,26227.5230201039,59.76,9.1098450319052,6.7
LTU,Lithuania,Europe & Central Asia,High income,Not classified,2010,14.628,0.168539519651054,99.7,104.120399475098,2.5553360476174,26897.7243702338,62.12,28.9805183510176,6.1
LTU,Lithuania,Europe & Central Asia,High income,Not classified,2011,15.218,0.161668722326149,99.7,104.555450439453,8.75223892258067,29251.8774718539,63.6399774002179,35.011820821236,5.6
LTU,Lithuania,Europe & Central Asia,High income,Not classified,2012,15.471,0.156727736186281,100,104.154022216797,5.74397608423232,30932.0983180261,67.2299893276414,33.6506047987309,5.3
LTU,Lithuania,Europe & Central Asia,High income,Not classified,2013,14.692,0.138919999334841,100,106.272689819336,5.026825169489,32487.0008217277,68.4529,43.5531289374213,5.1
LTU,Lithuania,Europe & Central Asia,High income,Not classified,2014,14.171,0.132340127155305,100,105.459228515625,4.62035286553186,33988.0148951198,72.1335378644566,50.0341141687514,5.1
LTU,Lithuania,Europe & Central Asia,High income,Not classified,2015,14.542,0.133067173011308,100,104.869941711426,3.75632420325671,35264.7149248316,71.3780590101754,47.699168862761,5
LTU,Lithuania,Europe & Central Asia,High income,Not classified,2016,13.826,0.128272210524402,100,104.289833068848,3.87744054624235,36632.0832798438,74.3766455618662,62.9395218002813,4.8
LTU,Lithuania,Europe & Central Asia,High income,Not classified,2017,12.652,0.12664353046487,100,105.108963012695,5.88872606993294,38789.2463179035,77.6152565124514,74.4411272987819,4.5
LTU,Lithuania,Europe & Central Asia,High income,Not classified,2018,11.745,0.121175235062258,100,105.096572875977,5.79066548228593,41035.4018152732,79.7225827680518,77.8467673027627,4.2
LTU,Lithuania,Europe & Central Asia,High income,Not classified,2019,10.518,0.118057185221816,100,105.323661804199,4.97938353929399,43078.7118585461,81.5818683764046,77.3457567363385,3.9
LTU,Lithuania,Europe & Central Asia,High income,Not classified,2020,8.466,0.117656680155249,100,105.823112487793,0.068446214406265,43108.1976060283,83.05554724,60.8065977886532,3.7
LTU,Lithuania,Europe & Central Asia,High income,Not classified,2021,6.867,0.111187778389731,100,104.426818847656,6.47017052787757,45897.3715026327,86.93054425,65.6144151240646,3.6
LTU,Lithuania,Europe & Central Asia,High income,Not classified,2022,6.23,0.0997183491863149,100,105.173408508301,1.62367298622554,46642.5947251086,87.72420219,,3.5
LUX,Luxembourg,Europe & Central Asia,High income,Not classified,2000,12.161,0.176712505945526,100,,5.51037466267064,114148.353907645,22.8873279731211,78.7066895368782,4.7
LUX,Luxembourg,Europe & Central Asia,High income,Not classified,2001,12.01,0.181834630816109,100,98.185302734375,1.85449582849829,116265.230369162,36.163422506306,56.8007402837755,4.4
LUX,Luxembourg,Europe & Central Asia,High income,Not classified,2002,11.745,0.189325559827752,100,97.9495086669922,2.14948280766399,118764.331507238,39.84,28.1360194699838,4.2
LUX,Luxembourg,Europe & Central Asia,High income,Not classified,2003,11.042,0.192253768098617,100,97.5937271118164,1.37976654261331,120403.002017933,54.55,26.8621927644297,3.9
LUX,Luxembourg,Europe & Central Asia,High income,Not classified,2004,11.054,0.209609876882344,100,97.0481719970703,2.75969290542125,123725.755122536,65.88,22.8809293320426,3.7
LUX,Luxembourg,Europe & Central Asia,High income,Not classified,2005,10.995,0.208560916842962,100,96.6965484619141,0.926401620733969,124871.952523256,70,24.062484863163,3.5
LUX,Luxembourg,Europe & Central Asia,High income,Not classified,2006,10.442,0.193929982745172,100,96.5267333984375,4.33902205420004,130290.174082751,72.51,24.2684052619432,3.3
LUX,Luxembourg,Europe & Central Asia,High income,Not classified,2007,9.675,0.170380160207138,100,96.6558380126953,6.4418869874232,138683.319852878,78.92,26.6478380404899,3.1
LUX,Luxembourg,Europe & Central Asia,High income,Not classified,2008,8.796,0.168951456074346,100,97.3021469116211,-2.0685335435922,135814.608862354,82.23,31.3553556367726,3
LUX,Luxembourg,Europe & Central Asia,High income,Not classified,2009,7.694,0.165221416008976,100,,-5.01426169873878,129004.508948877,87.31,25.649561629706,2.9
LUX,Luxembourg,Europe & Central Asia,High income,Not classified,2010,7.325,0.168290926808872,100,101.503318786621,1.88353964502777,131434.360018803,90.62,35.4685253757351,2.8
LUX,Luxembourg,Europe & Central Asia,High income,Not classified,2011,6.674,0.164720287087464,100,101.81990814209,-1.17681027678633,129887.626962873,90.0298585646936,35.3412271259419,2.7
LUX,Luxembourg,Europe & Central Asia,High income,Not classified,2012,6.516,0.158800224568182,100,102.334587097168,-0.762369570929096,128897.403218507,91.9499237417387,35.8799790356394,2.7
LUX,Luxembourg,Europe & Central Asia,High income,Not classified,2013,5.823,0.146209678949907,100,104.802833557129,0.814549354349651,129947.336184196,93.7765,48.7757009345794,2.6
LUX,Luxembourg,Europe & Central Asia,High income,Not classified,2014,5.622,0.135521106647943,100,105.43293762207,0.232566751606214,130249.550482759,94.6702052774766,49.197705802969,2.6
LUX,Luxembourg,Europe & Central Asia,High income,Not classified,2015,5.339,0.125626207593668,100,106.386573791504,-0.116861972397984,130097.338289025,96.3767141704759,67.3232104121475,2.5
LUX,Luxembourg,Europe & Central Asia,High income,Not classified,2016,4.875,0.116225109082044,100,107.912910461426,2.73979183520059,133661.734541281,98.1366986657616,85.1137915339099,2.5
LUX,Luxembourg,Europe & Central Asia,High income,Not classified,2017,4.558,0.116577982522371,100,108.230567932129,-1.11617956345307,132169.829576174,97.3629603241751,86.6532438478747,2.5
LUX,Luxembourg,Europe & Central Asia,High income,Not classified,2018,4.347,0.119179476031592,100,108.786758422852,-0.329837078615427,131733.884471489,97.061298705829,87.6416552978627,2.4
LUX,Luxembourg,Europe & Central Asia,High income,Not classified,2019,4.249,0.117775685629375,100,107.631690979004,0.752175646219683,132724.754668303,97.120635693272,85.9067085953878,2.4
LUX,Luxembourg,Europe & Central Asia,High income,Not classified,2020,3.901,0.0976294522710214,100,107.652420043945,-2.15417448261604,129865.631871124,98.45962893,88.5747538048344,2.4
LUX,Luxembourg,Europe & Central Asia,High income,Not classified,2021,3.604,0.0957311122246338,100,107.486389160156,5.31842935090185,136772.443753292,98.66086333,89.0447963800905,2.3
LUX,Luxembourg,Europe & Central Asia,High income,Not classified,2022,3.98,0.0839165847335129,100,109.018447875977,-3.07197222288745,132570.832272626,98.24203749,,2.3
LVA,Latvia,Europe & Central Asia,High income,Not classified,2000,20.059,0.209847821130224,99.9,,6.86619861333267,14554.2131724037,6.31906208267861,68.2683752417795,14.3
LVA,Latvia,Europe & Central Asia,High income,Not classified,2001,18.935,0.209061157949671,99.9,93.5370712280273,7.8444195658347,15695.906718153,7.21934580836289,66.3443925233645,13.4
LVA,Latvia,Europe & Central Asia,High income,Not classified,2002,18.576,0.194070236361215,99.8,95.328987121582,8.92368151151518,17096.5594440255,21.94,62.5116981132076,12.6
LVA,Latvia,Europe & Central Asia,High income,Not classified,2003,19.38,0.184823503441793,99.8,96.0678863525391,9.48207219023105,18717.6675525538,26.98,58.8337106918239,11.9
LVA,Latvia,Europe & Central Asia,High income,Not classified,2004,18.721,0.17090856312523,99.7,98.8323669433594,9.91817299610062,20574.118201251,38.58,68.1708253358925,11.1
LVA,Latvia,Europe & Central Asia,High income,Not classified,2005,19.752,0.154512118757891,99.7,102.411727905273,12.8279409524173,23213.3539355881,46,69.5707297187118,10.5
LVA,Latvia,Europe & Central Asia,High income,Not classified,2006,21.549,0.1456463020449,99.6,103.948348999023,13.8646922612695,26431.8140222767,53.63,56.972602739726,9.9
LVA,Latvia,Europe & Central Asia,High income,Not classified,2007,22.858,0.13769005727141,99.7,105.011726379395,11.3194013044585,29423.7371235063,59.17,59.2817019492769,9.3
LVA,Latvia,Europe & Central Asia,High income,Not classified,2008,23.577,0.135555378127713,99.7,105.759788513184,-2.36803650613602,28726.9722869522,63.41,60.9051952976868,8.8
LVA,Latvia,Europe & Central Asia,High income,Not classified,2009,20.796,0.147612561506343,100,99.7813491821289,-14.6423127971401,24520.6791475489,66.84,63.8568863350691,8.3
LVA,Latvia,Europe & Central Asia,High income,Not classified,2010,18.082,0.175518242547863,99.8,102.114990234375,-1.63514379125596,24119.7307848939,68.42,54.8599668024747,7.7
LVA,Latvia,Europe & Central Asia,High income,Not classified,2011,18.632,0.157943936482513,99.8,103.978866577148,4.92957999064132,25308.7322074626,69.7499545592245,50.4982767109798,7.2
LVA,Latvia,Europe & Central Asia,High income,Not classified,2012,19.405,0.143508529501427,100,104.845741271973,8.64449958601972,27496.5454583635,73.1199437663748,66.6327225555375,6.6
LVA,Latvia,Europe & Central Asia,High income,Not classified,2013,18.905,0.136219662979064,100,112.935676574707,3.19545170389934,28375.1842887263,75.2344,56.9196327911097,6.1
LVA,Latvia,Europe & Central Asia,High income,Not classified,2014,18.679,0.129899943834351,100,112.199729919434,3.06097381676449,29243.7412502629,75.8261041383556,54.5329830706363,5.6
LVA,Latvia,Europe & Central Asia,High income,Not classified,2015,17.649,0.126389070258449,100,111.17414855957,4.63645212679371,30599.6133134147,79.2005829239344,50.1850713898428,5.1
LVA,Latvia,Europe & Central Asia,High income,Not classified,2016,15.499,0.120546683889716,100,110.434066772461,3.49318640044002,31668.5148442662,79.8420977843089,54.1841531755915,4.8
LVA,Latvia,Europe & Central Asia,High income,Not classified,2017,14.14,0.115828186374767,100,110.162521362305,4.31935869681359,33036.3915943437,80.1140770037369,72.5229053246581,4.5
LVA,Latvia,Europe & Central Asia,High income,Not classified,2018,12.21,0.121139658618342,100,108.584571838379,5.12560422080688,34729.7062763057,83.5771748630956,52.0315288518739,4.2
LVA,Latvia,Europe & Central Asia,High income,Not classified,2019,11.993,0.117357376481565,100,107.570869445801,1.37774612596324,35208.1934590859,86.13545644343,49.5823237030134,3.9
LVA,Latvia,Europe & Central Asia,High income,Not classified,2020,10.493,0.111878665324296,100,106.199699401855,-2.78996380720736,34225.8976044058,88.89796078,63.7583857442348,3.6
LVA,Latvia,Europe & Central Asia,High income,Not classified,2021,9.835,0.108257122092182,100,106.540283203125,7.8481957927218,36912.0130602161,91.17964988,63.5961341087923,3.3
LVA,Latvia,Europe & Central Asia,High income,Not classified,2022,8.61,0.097714840011962,100,105.172348022461,2.18545852350196,37718.7097958367,91.03009059,,3
MAC,"Macao SAR, China",East Asia & Pacific,High income,Not classified,2000,4.771,0.0605192312228307,100,,4.96128697751081,55994.760697993,13.6085897418451,,
MAC,"Macao SAR, China",East Asia & Pacific,High income,Not classified,2001,4.293,0.0628715134675515,100,83.9162292480469,2.1057298683224,57173.8590987063,22.5212167700561,,
MAC,"Macao SAR, China",East Asia & Pacific,High income,Not classified,2002,3.669,0.0633420238266353,100,87.1809692382812,7.78694490504645,61625.9560068114,25.1718801643395,,
MAC,"Macao SAR, China",East Asia & Pacific,High income,Not classified,2003,3.396,0.0582246488761365,100,90.6741409301758,10.3346413302596,67994.777526459,25.7421239826498,,
MAC,"Macao SAR, China",East Asia & Pacific,High income,Not classified,2004,3.167,0.0532714419011555,100,94.2692565917969,23.5454528451709,84004.4558061302,31.4840973824121,,
MAC,"Macao SAR, China",East Asia & Pacific,High income,Not classified,2005,3.271,0.0495950493034049,100,93.4739303588867,3.78678679303218,87185.5254441553,34.86289978,,
MAC,"Macao SAR, China",East Asia & Pacific,High income,Not classified,2006,3.418,0.0434577818385496,100,93.9249725341797,7.61914824490131,93828.3198758417,46.4,,
MAC,"Macao SAR, China",East Asia & Pacific,High income,Not classified,2007,3.394,0.0359712605830689,100,94.6795425415039,9.64668162095835,102879.639164559,47.32699966,,
MAC,"Macao SAR, China",East Asia & Pacific,High income,Not classified,2008,3.245,0.0288297441453584,100,90.4638900756836,-0.393635324657993,102474.668562926,49.24,,
MAC,"Macao SAR, China",East Asia & Pacific,High income,Not classified,2009,3.172,0.0301759601732504,100,90.1166305541992,2.37763323141643,104911.140336462,54,,
MAC,"Macao SAR, China",East Asia & Pacific,High income,Not classified,2010,3.163,0.0244982722180953,100,91.4267465854378,24.6371741633376,130758.2806979,55.198,,
MAC,"Macao SAR, China",East Asia & Pacific,High income,Not classified,2011,3.265,0.0197763988970402,100,94.6152226550163,18.8340221202044,155385.324208541,60.2036967182195,,
MAC,"Macao SAR, China",East Asia & Pacific,High income,Not classified,2012,3.251,0.0186873850284549,100,96.9751489935905,5.6980527343963,164239.261923457,61.31,,
MAC,"Macao SAR, China",East Asia & Pacific,High income,Not classified,2013,2.908,0.0175674091899815,100,97.0595238095238,6.28976356008269,174569.523171267,65.8,,
MAC,"Macao SAR, China",East Asia & Pacific,High income,Not classified,2014,2.729,0.0206389743383518,100,100.927631578947,-6.73432773895128,162813.439348589,69.7809492200465,,
MAC,"Macao SAR, China",East Asia & Pacific,High income,Not classified,2015,2.276,0.0348352138434227,100,101.774647887324,-24.3342148018188,123194.067291275,77.6001318608868,,
MAC,"Macao SAR, China",East Asia & Pacific,High income,Not classified,2016,2.011,0.0333889160475412,100,101.977941176471,-2.16245351057516,120530.052858314,81.6429854646415,,
MAC,"Macao SAR, China",East Asia & Pacific,High income,Not classified,2017,1.616,0.0333906347286863,100,98.5185185185185,10.6136017665803,133322.632677744,83.1740890688259,,
MAC,"Macao SAR, China",East Asia & Pacific,High income,Not classified,2018,1.349,0.0231185032576849,100,93.8029197080292,4.66426775869004,139541.157248769,83.7940896091516,,
MAC,"Macao SAR, China",East Asia & Pacific,High income,Not classified,2019,1.318,0.0250588145281196,100,91.8175182481752,-4.36234107753577,133453.896026037,86.4679257062588,,
MAC,"Macao SAR, China",East Asia & Pacific,High income,Not classified,2020,1.096,0.0546039211894238,100,89.9859154929577,-55.2935602758164,59662.4855864551,87.46230316,,
MAC,"Macao SAR, China",East Asia & Pacific,High income,Not classified,2021,0.814,0.0408821737478164,100,88.92,22.9825542159725,73374.4486829589,88.46810492,,
MAC,"Macao SAR, China",East Asia & Pacific,High income,Not classified,2022,0.473,0.0413578559442169,100,89.5705128205128,-18.3347299128809,59921.441691873,89.48549652,,
MAF,St. Martin (French part),Latin America & Caribbean,High income,Not classified,2000,40.517,,100,,,,,0,
MAF,St. Martin (French part),Latin America & Caribbean,High income,Not classified,2001,40.047,,99.9,,,,,0,
MAF,St. Martin (French part),Latin America & Caribbean,High income,Not classified,2002,38.469,,99.9,,,,,0,
MAF,St. Martin (French part),Latin America & Caribbean,High income,Not classified,2003,36.656,,99.8,,,,,0,
MAF,St. Martin (French part),Latin America & Caribbean,High income,Not classified,2004,33.85,,99.8,,,,,0,
MAF,St. Martin (French part),Latin America & Caribbean,High income,Not classified,2005,32.202,,99.7,,,,,0,
MAF,St. Martin (French part),Latin America & Caribbean,High income,Not classified,2006,30.145,,99.7,,,,,0,
MAF,St. Martin (French part),Latin America & Caribbean,High income,Not classified,2007,28.329,,99.7,,,,,0,
MAF,St. Martin (French part),Latin America & Caribbean,High income,Not classified,2008,26.909,,99.7,,,,,0,
MAF,St. Martin (French part),Latin America & Caribbean,High income,Not classified,2009,25.848,,99.7,,,,,0,
MAF,St. Martin (French part),Latin America & Caribbean,High income,Not classified,2010,25.24,,100,,,,,0,
MAF,St. Martin (French part),Latin America & Caribbean,High income,Not classified,2011,26.868,,100,,,,,0,
MAF,St. Martin (French part),Latin America & Caribbean,High income,Not classified,2012,27.519,,100,,,,,0,
MAF,St. Martin (French part),Latin America & Caribbean,High income,Not classified,2013,22.515,,100,,,,,1.1544227886057,
MAF,St. Martin (French part),Latin America & Caribbean,High income,Not classified,2014,18.717,,100,,,,,1.33461402355796,
MAF,St. Martin (French part),Latin America & Caribbean,High income,Not classified,2015,18.338,,100,,1.21892477722176,,,2.10837438423645,
MAF,St. Martin (French part),Latin America & Caribbean,High income,Not classified,2016,17.886,,100,,5.54794889038332,,,1.40885157250605,
MAF,St. Martin (French part),Latin America & Caribbean,High income,Not classified,2017,16.197,,100,,-7.15585200915483,,,0.0970818342755982,
MAF,St. Martin (French part),Latin America & Caribbean,High income,Not classified,2018,14.463,,100,,-5.8923641662807,,,0.0136286201022146,
MAF,St. Martin (French part),Latin America & Caribbean,High income,Not classified,2019,14.9,,100,,11.9233703264347,,,0.267873087683791,
MAF,St. Martin (French part),Latin America & Caribbean,High income,Not classified,2020,16.251,,100,,-5.67034471115365,,,0.685086626656098,
MAF,St. Martin (French part),Latin America & Caribbean,High income,Not classified,2021,15.065,,100,,11.2897229582813,,,0.811168745171615,
MAF,St. Martin (French part),Latin America & Caribbean,High income,Not classified,2022,14.656,,100,,,,,,
MAR,Morocco,"Middle East, North Africa, Afghanistan & Pakistan",Lower middle income,IBRD,2000,35.709,0.229372450982645,69.8,35.1672592163086,1.11923449171742,5100.11572265625,0.693791244805455,6.08442820492887,52.4
MAR,Morocco,"Middle East, North Africa, Afghanistan & Pakistan",Lower middle income,IBRD,2001,34.315,0.234674627395196,71.6,36.7545204162598,6.22462901700752,5417.57861328125,1.37143810096418,7.15605476538615,50.2
MAR,Morocco,"Middle East, North Africa, Afghanistan & Pakistan",Lower middle income,IBRD,2002,32.948,0.234065287141766,73.3,38.5802192687988,2.33486055707684,5544.07177734375,2.37325319241544,6.86012471283229,48
MAR,Morocco,"Middle East, North Africa, Afghanistan & Pakistan",Lower middle income,IBRD,2003,32.402,0.21947152332411,75.1,40.5255088806152,4.79759279351288,5810.05322265625,3.35336668122363,9.9769574134395,45.8
MAR,Morocco,"Middle East, North Africa, Afghanistan & Pakistan",Lower middle income,IBRD,2004,32.114,0.235894539107272,78.2,43.4972381591797,3.20713471239438,5996.39013671875,11.6079347729582,10.247509057971,43.6
MAR,Morocco,"Middle East, North Africa, Afghanistan & Pakistan",Lower middle income,IBRD,2005,32.244,0.238366260710215,78.6,45.7038993835449,1.78494971981462,6103.42236328125,15.0844445240204,8.22378045704485,41.4
MAR,Morocco,"Middle East, North Africa, Afghanistan & Pakistan",Lower middle income,IBRD,2006,32.191,0.224716873969002,96.5,48.9838714599609,6.31205425044466,6488.673828125,19.7711915653115,8.68708245964793,39.2
MAR,Morocco,"Middle East, North Africa, Afghanistan & Pakistan",Lower middle income,IBRD,2007,32.196,0.220294559665484,82.2,52.1271018981934,2.03302704420354,6620.59033203125,21.5,7.9200294912755,36.9
MAR,Morocco,"Middle East, North Africa, Afghanistan & Pakistan",Lower middle income,IBRD,2008,32.155,0.224079743696139,84.1,54.1733512878418,4.24978033517071,6901.95068359375,33.1,7.95091004134391,34.8
MAR,Morocco,"Middle East, North Africa, Afghanistan & Pakistan",Lower middle income,IBRD,2009,32.375,0.213734283078179,85.9,56.9432411193848,2.34392549842086,7063.72705078125,41.3,15.4795208477309,32.8
MAR,Morocco,"Middle East, North Africa, Afghanistan & Pakistan",Lower middle income,IBRD,2010,32.46,0.219528072781616,95.7,59.2141571815954,2.07976488720576,7210.63671875,52,18.2040282058861,30.9
MAR,Morocco,"Middle East, North Africa, Afghanistan & Pakistan",Lower middle income,IBRD,2011,32.005,0.22497091167917,96.1,61.6058418206276,4.06561020586629,7503.79296875,46.107482597,11.3329126405048,29.2
MAR,Morocco,"Middle East, North Africa, Afghanistan & Pakistan",Lower middle income,IBRD,2012,31.14,0.227095492665087,96.4,63.780614962939,1.66384638357194,7628.64404296875,55.4160531914894,9.47957191409357,27.5
MAR,Morocco,"Middle East, North Africa, Afghanistan & Pakistan",Lower middle income,IBRD,2013,29.998,0.2178913011039,97.2,,2.7578648778037,7839.0322265625,56,15.6662417675802,26
MAR,Morocco,"Middle East, North Africa, Afghanistan & Pakistan",Lower middle income,IBRD,2014,29.112,0.215641592807279,97.3,,1.43852495314533,7951.79833984375,56.7746379160074,13.7481962973047,24.5
MAR,Morocco,"Middle East, North Africa, Afghanistan & Pakistan",Lower middle income,IBRD,2015,28.756,0.212513277975495,97.3,,3.10634719191513,8198.80859375,57.0799993486116,15.5367932083934,23.1
MAR,Morocco,"Middle East, North Africa, Afghanistan & Pakistan",Lower middle income,IBRD,2016,28.529,0.210945016623126,97.8,,-0.693616602037565,8141.9404296875,58.271236420398,15.9136616782303,21.9
MAR,Morocco,"Middle East, North Africa, Afghanistan & Pakistan",Lower middle income,IBRD,2017,28.087,0.210170720986666,100,74.2546979867675,3.78371209116371,8450.0087890625,61.7622120123071,15.3642553704317,20.8
MAR,Morocco,"Middle East, North Africa, Afghanistan & Pakistan",Lower middle income,IBRD,2018,27.658,0.208183411585739,98.1,75.2608385790025,1.91410663270995,8611.75,64.8038651924043,19.1881019513693,19.9
MAR,Morocco,"Middle East, North Africa, Afghanistan & Pakistan",Lower middle income,IBRD,2019,27.339,0.223041278761863,99.6,76.5740050948519,1.81642055572905,8768.17578125,84.1203630467602,19.2490996398559,19.1
MAR,Morocco,"Middle East, North Africa, Afghanistan & Pakistan",Lower middle income,IBRD,2020,26.807,0.225970901407267,100,78.1902667388164,-8.13866950405836,8054.56298828125,84.12036305,18.6856151388057,18.3
MAR,Morocco,"Middle East, North Africa, Afghanistan & Pakistan",Lower middle income,IBRD,2021,26.205,0.226067910776095,100,79.2970919837523,7.0606299574828,8623.265625,88.13031937,19.319165433143,17.6
MAR,Morocco,"Middle East, North Africa, Afghanistan & Pakistan",Lower middle income,IBRD,2022,25.563,0.219601774700224,100,83.2706329144956,0.779078150413596,8690.4482421875,89.9,,17
MCO,Monaco,Europe & Central Asia,High income,Not classified,2000,17.807,,100,162.065216064453,3.76615473587731,,42.1848634460346,,5.2
MCO,Monaco,Europe & Central Asia,High income,Not classified,2001,18.137,,100,,2.21292868129454,,46.6461423640265,,5
MCO,Monaco,Europe & Central Asia,High income,Not classified,2002,16.82,,100,,1.10439722287524,,48.0471171729696,,4.8
MCO,Monaco,Europe & Central Asia,High income,Not classified,2003,15.603,,100,,1.23741613461443,,49.4911689195459,,4.7
MCO,Monaco,Europe & Central Asia,High income,Not classified,2004,15.437,,100,,2.68299142149206,,52.4901966838546,,4.6
MCO,Monaco,Europe & Central Asia,High income,Not classified,2005,14.749,,100,,2.20227083533935,,55.46480179,,4.5
MCO,Monaco,Europe & Central Asia,High income,Not classified,2006,14.052,,100,,6.32268952424462,,61.47600174,,4.4
MCO,Monaco,Europe & Central Asia,High income,Not classified,2007,13.441,,100,,15.2283004153469,,64.37770081,,4.3
MCO,Monaco,Europe & Central Asia,High income,Not classified,2008,13.567,,100,145.866943359375,0.750035773265338,,67.25,,4.2
MCO,Monaco,Europe & Central Asia,High income,Not classified,2009,12.987,,100,,-12.7834725197235,,70.1,,4.1
MCO,Monaco,Europe & Central Asia,High income,Not classified,2010,12.461,,100,,-0.393849531303786,,75,,4
MCO,Monaco,Europe & Central Asia,High income,Not classified,2011,11.36,,100,,4.5537743299959,,80.30000305,,3.9
MCO,Monaco,Europe & Central Asia,High income,Not classified,2012,11.042,,100,,-1.21400229828895,,87,,3.8
MCO,Monaco,Europe & Central Asia,High income,Not classified,2013,10.78,,100,,7.3019059415093,,90.69999695,,3.7
MCO,Monaco,Europe & Central Asia,High income,Not classified,2014,10.921,,100,,5.1665902777315,,92.40000153,,3.6
MCO,Monaco,Europe & Central Asia,High income,Not classified,2015,10.696,,100,,3.11510490897003,,93.36329651,,3.5
MCO,Monaco,Europe & Central Asia,High income,Not classified,2016,10.866,,100,151.901138305664,1.57423975069067,,95.20819855,,3.4
MCO,Monaco,Europe & Central Asia,High income,Not classified,2017,10.513,,100,,-4.23891093966274,,97.0530014,,3.3
MCO,Monaco,Europe & Central Asia,High income,Not classified,2018,10.684,,100,,4.37923997124996,,,,3.2
MCO,Monaco,Europe & Central Asia,High income,Not classified,2019,10.432,,100,,7.24738037567747,,98,,3.1
MCO,Monaco,Europe & Central Asia,High income,Not classified,2020,10.512,,100,,-13.1045741376188,,98.57080078,,3
MCO,Monaco,Europe & Central Asia,High income,Not classified,2021,9.868,,100,,20.7188673661029,,99.07759857,,2.9
MCO,Monaco,Europe & Central Asia,High income,Not classified,2022,9.724,,100,,10.1116479795959,,98.75189972,,2.8
MDA,Moldova,Europe & Central Asia,Upper middle income,IBRD,2000,42.021,0.411682396216604,98.7,,2.31558560482232,5727.07922525352,1.28284641670022,6.72493756689262,31.4
MDA,Moldova,Europe & Central Asia,Upper middle income,IBRD,2001,38.368,0.404112337529355,98.8,,6.33753269392803,6090.03474356112,1.48781295215565,6.29277249207144,28.5
MDA,Moldova,Europe & Central Asia,Upper middle income,IBRD,2002,35.05,0.381532798419011,99,,8.04993224916466,6580.27841436838,3.78724279887342,6.50785430692215,25.8
MDA,Moldova,Europe & Central Asia,Upper middle income,IBRD,2003,33.317,0.385405371406967,98.8,,6.90061128351323,7034.35784911687,7.40754458415897,6.31385027633562,23.4
MDA,Moldova,Europe & Central Asia,Upper middle income,IBRD,2004,33.771,0.359803325697582,99.1,,7.66608705336095,7573.6178454751,10.629390841654,6.47099210435977,21.5
MDA,Moldova,Europe & Central Asia,Upper middle income,IBRD,2005,32.54,0.353336488356943,98.6,,7.76188624467986,8161.47344724765,14.6302704551796,6.29382303839733,20.1
MDA,Moldova,Europe & Central Asia,Upper middle income,IBRD,2006,32.156,0.328286331654921,98.9,,5.09166801572276,8577.02858037286,19.6206477051634,6.18844386080105,19
MDA,Moldova,Europe & Central Asia,Upper middle income,IBRD,2007,30.537,0.315329893332239,99,,3.238946835622,8854.83397616724,20.45,6.38333897731121,18.2
MDA,Moldova,Europe & Central Asia,Upper middle income,IBRD,2008,30.5,0.288938306281135,99.1,,8.00539195483559,9563.69814290939,23.39,6.45964795748921,17.7
MDA,Moldova,Europe & Central Asia,Upper middle income,IBRD,2009,31.323,0.302747680343521,99.2,,-5.88123771461969,9001.23432081622,27.5,5.77605679251371,17.2
MDA,Moldova,Europe & Central Asia,Upper middle income,IBRD,2010,31.018,0.30790784906617,99.3,89.0274736504044,7.20697461136707,9649.9509930271,29.68000031,6.65576451349142,16.8
MDA,Moldova,Europe & Central Asia,Upper middle income,IBRD,2011,30.116,0.29200122005048,99.4,88.667058859956,5.87938512338968,10217.3087761255,32.06999969,6.15730337078652,16.5
MDA,Moldova,Europe & Central Asia,Upper middle income,IBRD,2012,30.084,0.287469758530621,99.5,88.9615898046282,-0.576700868382531,10158.3854676883,34.65000153,4.68350284433718,16.2
MDA,Moldova,Europe & Central Asia,Upper middle income,IBRD,2013,29.682,0.236525694590161,99.6,88.9174917032512,9.0730755766005,11080.0634585341,37.43999863,7.01552106430155,16
MDA,Moldova,Europe & Central Asia,Upper middle income,IBRD,2014,34.504,0.241699500065233,99.8,105.129838400056,5.06366581042911,11641.1208436577,66.9999982002077,6.24010406987549,15.8
MDA,Moldova,Europe & Central Asia,Upper middle income,IBRD,2015,35.702,0.250310316970806,99.9,105.821275331092,0.429158887977096,11691.0797484184,69.0000044661932,4.73706825318129,15.6
MDA,Moldova,Europe & Central Asia,Upper middle income,IBRD,2016,35.425,0.242776838629916,99.9,106.359346502359,5.87017576429136,12377.366678394,70.9999991066624,4.25234922262088,15.5
MDA,Moldova,Europe & Central Asia,Upper middle income,IBRD,2017,32.368,0.22979217512614,100,94.1081275473507,5.99041199822246,13118.8219369605,71.76709747,6.38799355358582,15.4
MDA,Moldova,Europe & Central Asia,Upper middle income,IBRD,2018,30.96,0.235589651740131,100,95.4169685647691,5.92036718190722,13895.5043655692,72.54239655,6.15398886827458,15.4
MDA,Moldova,Europe & Central Asia,Upper middle income,IBRD,2019,28.163,0.233866597947595,100,95.0363793316069,5.22280984962049,14621.2401362286,73.32610321,6.63566163566164,15.5
MDA,Moldova,Europe & Central Asia,Upper middle income,IBRD,2020,26.382,0.247643374130472,100,95.901275750102,-7.26326976771907,13559.2600217483,74.11830139,5.77831715210356,15.6
MDA,Moldova,Europe & Central Asia,Upper middle income,IBRD,2021,24.97,0.237122452300983,100,96.2182041066503,15.6557976122015,15682.0703284653,74.91899872,6.50390625,15.8
MDA,Moldova,Europe & Central Asia,Upper middle income,IBRD,2022,22.384,0.213527397060369,100,97.3920322268435,-2.11552607964038,15350.3120408391,74.91899872,,16
MDG,Madagascar,Sub-Saharan Africa,Low income,IDA,2000,147.654,0.0602883585122906,12.6,,1.19450196549229,1701.44320253582,0.196394691006341,68.5044247787611,104.4
MDG,Madagascar,Sub-Saharan Africa,Low income,IDA,2001,149.931,0.0574303665916058,14.8,,2.76590524360817,1748.50350929178,0.222511586178292,67.1637010676157,99.8
MDG,Madagascar,Sub-Saharan Africa,Low income,IDA,2002,148.006,0.0447084475998252,14,,-14.9882005086862,1486.43429741771,0.339720154596142,68.1406844106464,95.6
MDG,Madagascar,Sub-Saharan Africa,Low income,IDA,2003,146.797,0.0541073598055707,20.3,,6.61414736438235,1584.74925232364,0.423252419277809,67.7935982339956,91.6
MDG,Madagascar,Sub-Saharan Africa,Low income,IDA,2004,145.501,0.0555947566291261,15.3,,2.23191685103676,1620.11953793293,0.525353654946669,64.6943319838057,87.8
MDG,Madagascar,Sub-Saharan Africa,Low income,IDA,2005,143.465,0.056623833835888,16,20.1245708465576,1.7317720668288,1648.17631554009,0.567700028,65.3346733668342,84.1
MDG,Madagascar,Sub-Saharan Africa,Low income,IDA,2006,142.264,0.0515092422113289,16.8,22.5522499084473,2.34726337803239,1686.86335460016,0.607599974,63.4108910891089,80.8
MDG,Madagascar,Sub-Saharan Africa,Low income,IDA,2007,142.953,0.0512562320642029,17.5,24.8774700164795,2.65309950729227,1731.61751794976,0.649999976,68.4350710900474,77.6
MDG,Madagascar,Sub-Saharan Africa,Low income,IDA,2008,143.365,0.0498058532514229,18.3,26.9826602935791,3.62579150838536,1794.40235887329,1.649999976,63.5867992766727,74.8
MDG,Madagascar,Sub-Saharan Africa,Low income,IDA,2009,145.191,0.0492594709124255,17.4,28.0163993835449,-6.7569485520622,1673.15551466723,1.629999995,67.6059782608696,72.4
MDG,Madagascar,Sub-Saharan Africa,Low income,IDA,2010,143.045,0.0542629699851789,12.3,,-2.26580252727942,1635.24511473059,1.700000048,61.0648918469218,70.3
MDG,Madagascar,Sub-Saharan Africa,Low income,IDA,2011,139.559,0.0622669874491052,14.3,33.6389503479004,-1.26548226968092,1614.55137773785,1.899999976,51.3259152907394,68.6
MDG,Madagascar,Sub-Saharan Africa,Low income,IDA,2012,137.347,0.0751027792250917,18.7,34.9519919864486,0.20064094160324,1617.79082882481,2.299999952,44.3040272263188,67.3
MDG,Madagascar,Sub-Saharan Africa,Low income,IDA,2013,136.369,0.0785362464739568,12.9,,-0.444341802421619,1610.6023078966,3,39.4572916666667,66.4
MDG,Madagascar,Sub-Saharan Africa,Low income,IDA,2014,136.755,0.0780943422455488,23,35.8271514538676,0.605710119846222,1620.357889066,3.700000048,41.6120943952802,65.7
MDG,Madagascar,Sub-Saharan Africa,Low income,IDA,2015,135.56,0.0825995409362511,23.8,36.2567596435547,0.445748708056158,1627.5806134224,4.173999786,46.4120982986767,65.3
MDG,Madagascar,Sub-Saharan Africa,Low income,IDA,2016,135.171,0.0755474457946692,22.9,36.2822418212891,1.31063593376801,1648.91226979296,4.713699818,50.875203472599,64.9
MDG,Madagascar,Sub-Saharan Africa,Low income,IDA,2017,135.916,0.0794289375251469,24.1,35.2360569008275,1.26236994297058,1669.72764267278,6.406000137,36.6047120418848,64.9
MDG,Madagascar,Sub-Saharan Africa,Low income,IDA,2018,136.257,0.0709582883665859,36.5,35.3710327591243,0.542519018708518,1678.78623269491,7.747799873,44.6900634249471,64.9
MDG,Madagascar,Sub-Saharan Africa,Low income,IDA,2019,136.38,0.0832277807602083,31,33.6142692093689,1.73013722889858,1707.83153830039,9.379400253,39.5552855407047,65
MDG,Madagascar,Sub-Saharan Africa,Low income,IDA,2020,135.016,0.0698949638455668,32,,-9.49182579621846,1545.72714379204,11.35470009,42.2684063373719,65.1
MDG,Madagascar,Sub-Saharan Africa,Low income,IDA,2021,133.195,0.0876041548934891,35.1,35.2580222250234,2.05115869903585,1577.43246056529,13.74590015,34.110314615691,65
MDG,Madagascar,Sub-Saharan Africa,Low income,IDA,2022,131.566,0.0898848375808364,36.1,,1.58457442932567,1602.42805197529,17.81170082,,64.5
MDV,Maldives,South Asia,Upper middle income,IDA,2000,30.18,0.162035640373449,83.8,55.1308898925781,2.14940822069896,13738.2809408875,2.2038729393788,0,39.5
MDV,Maldives,South Asia,Upper middle income,IDA,2001,26.192,0.149046318853459,87.5,65.1399536132812,-5.53403935759995,12977.9990665612,3.61729064930367,0,35.1
MDV,Maldives,South Asia,Upper middle income,IDA,2002,20.859,0.168354696211746,88.3,67.695426940918,5.48472446317076,13689.8065561949,5.3477651689359,0,31.1
MDV,Maldives,South Asia,Upper middle income,IDA,2003,17.387,0.127172068040482,89.1,73.7963104248047,11.879734886166,15316.1192814998,5.97659284988557,0,27.4
MDV,Maldives,South Asia,Upper middle income,IDA,2004,16.059,0.153612790933679,90,74.3923034667969,4.19516512399211,15958.6557759464,6.58825487530861,0,27.2
MDV,Maldives,South Asia,Upper middle income,IDA,2005,14.458,0.160280814885211,90.9,,-12.6312667876355,13942.8753891662,6.86960506696215,0.0048813824074978,21.6
MDV,Maldives,South Asia,Upper middle income,IDA,2006,13.941,0.158364892644101,91.7,,20.7066430063115,16829.9768208157,11.0363527828647,0.0170721297481861,19.4
MDV,Maldives,South Asia,Upper middle income,IDA,2007,14.579,0.155153891712337,92.6,,3.62432861281428,17439.9504862625,16.3,0.0205645915124322,17.6
MDV,Maldives,South Asia,Upper middle income,IDA,2008,16.297,0.155005798452008,93.6,,5.18657527149283,18344.4866455436,23.2,0.433082100951773,16.1
MDV,Maldives,South Asia,Upper middle income,IDA,2009,17.963,0.174117451079139,99.9,,-11.5265024869526,16230.0089361263,24.8,0.438875564909533,14.9
MDV,Maldives,South Asia,Upper middle income,IDA,2010,17.507,0.174567650012651,99,79.9723518230517,3.08074681818198,16730.0144200167,26.53,0.47094674146409,13.8
MDV,Maldives,South Asia,Upper middle income,IDA,2011,16.781,0.174174462949166,99.1,84.0012033694344,5.0911686527859,17581.7676697752,34,0.456575517590609,12.9
MDV,Maldives,South Asia,Upper middle income,IDA,2012,15.737,0.214395443170323,99.2,79.41343067531,-1.08988000428648,17390.1474995422,38.93009949,0.70539484713809,12.1
MDV,Maldives,South Asia,Upper middle income,IDA,2013,14.021,0.22530524395809,99.4,75.8327847267939,3.43150186988382,17986.8907361645,44.09999847,0.826419497018408,11.3
MDV,Maldives,South Asia,Upper middle income,IDA,2014,12.978,0.282555114201723,100,79.8635047566524,4.32797689766733,18765.3592118344,49.27999878,1.35728085398998,10.6
MDV,Maldives,South Asia,Upper middle income,IDA,2015,11.718,0.197025428453708,99.8,80.7421762848119,0.341527920426657,18829.4481529112,54.4620018,1.5101116576872,9.9
MDV,Maldives,South Asia,Upper middle income,IDA,2016,10.319,0.202206825756641,100,78.7856349500185,2.73896015037067,19345.1792343541,59.47750092,2.17712587601507,9.2
MDV,Maldives,South Asia,Upper middle income,IDA,2017,9.104,0.175125327223675,99.8,79.1508430806623,3.57472677178792,20036.7165354949,64.95500183,2.83466002309048,8.6
MDV,Maldives,South Asia,Upper middle income,IDA,2018,7.831,0.139055275895946,100,76.8313327177593,5.16982903680598,21072.5805249694,70.93689728,3.8740471610743,8
MDV,Maldives,South Asia,Upper middle income,IDA,2019,6.866,0.142153478811416,100,75.7793948678667,3.71535274800274,21855.501224579,77.46970367,4.41901990609087,7.4
MDV,Maldives,South Asia,Upper middle income,IDA,2020,6.362,0.168911971077794,100,77.4476047904192,-34.8311671109222,14242.9750701162,79.09780121,5.58478879892923,6.9
MDV,Maldives,South Asia,Upper middle income,IDA,2021,6.036,0.170915708514649,100,,33.7685588624398,19052.6224904311,81.95760345,5.82133253659994,6.4
MDV,Maldives,South Asia,Upper middle income,IDA,2022,5.648,0.159865896341223,100,79.1463748290014,12.0990628027296,21357.8112511153,83.91189054,,6
MEX,Mexico,Latin America & Caribbean,Upper middle income,IBRD,2000,72.263,0.196513149953171,98,71.6285171508789,3.42140514214798,20470.4937669158,5.08138415338066,19.7951574085329,27.4
MEX,Mexico,Latin America & Caribbean,Upper middle income,IBRD,2001,72.552,0.196429309971032,97.1,73.8780212402344,-1.9162965888934,20078.2183931307,7.0380231165045,17.0973512533413,26.2
MEX,Mexico,Latin America & Caribbean,Upper middle income,IBRD,2002,72.913,0.199967023610154,97.9,76.8405380249023,-1.66063053524651,19744.7933675609,11.9,15.0462375298436,25
MEX,Mexico,Latin America & Caribbean,Upper middle income,IBRD,2003,72.872,0.207366033719037,97.4,81.2989120483398,-0.219450145073267,19701.4633898714,12.9,12.1198939957751,23.9
MEX,Mexico,Latin America & Caribbean,Upper middle income,IBRD,2004,73.023,0.204866484348794,98.6,82.1962890625,2.16106231298699,20127.2242902968,14.1,14.4424516905671,23
MEX,Mexico,Latin America & Caribbean,Upper middle income,IBRD,2005,72.765,0.208488956665414,98.9,83.1119232177734,0.745413240991311,20277.2552852007,17.20999908,15.1954515727685,22.1
MEX,Mexico,Latin America & Caribbean,Upper middle income,IBRD,2006,72.024,0.2063220576133,99.1,85.4489822387695,3.39577676474912,20965.8256087044,19.52000046,15.3321088746747,21.3
MEX,Mexico,Latin America & Caribbean,Upper middle income,IBRD,2007,72.892,0.205143424115224,97.9,87.0050735473633,0.650788705758472,21102.2688338349,20.81,14.0887356703145,20.7
MEX,Mexico,Latin America & Caribbean,Upper middle income,IBRD,2008,74.648,0.20383891763384,98.9,89.310188293457,-0.519889915451088,20992.5602662364,21.71,17.5374395686819,20
MEX,Mexico,Latin America & Caribbean,Upper middle income,IBRD,2009,76.211,0.212592488452456,98.3,89.4026565551758,-7.65517174021555,19385.5437251877,26.34,12.9470743558429,19.5
MEX,Mexico,Latin America & Caribbean,Upper middle income,IBRD,2010,76.733,0.20926699685412,99.2,90.5796508789062,3.47084287436401,20058.3854882301,31.05,16.6020244105147,18.9
MEX,Mexico,Latin America & Caribbean,Upper middle income,IBRD,2011,77.654,0.206368281070093,99,91.5306701660156,1.99026327309548,20457.6001677783,37.1762954125184,14.8882176324282,18.4
MEX,Mexico,Latin America & Caribbean,Upper middle income,IBRD,2012,78.298,0.207355259647403,99.1,93.8122711181641,2.15731830473833,20898.935720908,39.75,13.7854387797947,17.9
MEX,Mexico,Latin America & Caribbean,Upper middle income,IBRD,2013,77.805,0.200642217697319,99.1,96.0909271240234,-0.447810747405228,20805.3480406564,43.46,13.2974152863029,17.5
MEX,Mexico,Latin America & Caribbean,Upper middle income,IBRD,2014,74.356,0.190548845118494,99.2,100.276077270508,1.27091421020926,21069.7661653886,44.3856962723411,17.5321613957114,17
MEX,Mexico,Latin America & Caribbean,Upper middle income,IBRD,2015,69.335,0.189205957376322,99,104.495323181152,1.6097101105377,21408.9283216195,57.4310429923633,15.2646075424702,16.6
MEX,Mexico,Latin America & Caribbean,Upper middle income,IBRD,2016,66.136,0.188200719622052,99.5,106.824447631836,0.790955203187124,21578.263354126,59.5404459967255,15.2957004707103,16.2
MEX,Mexico,Latin America & Caribbean,Upper middle income,IBRD,2017,64.486,0.186312896410871,100,109.083389282227,0.923425371780112,21777.5225127275,53.0317886110982,15.9609952530472,15.8
MEX,Mexico,Latin America & Caribbean,Upper middle income,IBRD,2018,63.447,0.174486619845349,99.5,110.51097869873,1.01136623366224,21997.7730219494,56.6595667981289,15.907939491332,15.4
MEX,Mexico,Latin America & Caribbean,Upper middle income,IBRD,2019,63.359,0.180860216875352,99.6,110.386650085449,-1.33462177697962,21704.185952748,69.6321092705209,16.8771361269016,15
MEX,Mexico,Latin America & Caribbean,Upper middle income,IBRD,2020,62.577,0.175506227682827,99.4,107.480339050293,-9.10287155806593,19728.4817827455,71.49017499,20.7528854217573,14.6
MEX,Mexico,Latin America & Caribbean,Upper middle income,IBRD,2021,62.033,0.170653671362245,100,103.972526550293,5.34306680540892,20782.5877440905,75.62650476,23.3762297959545,14.2
MEX,Mexico,Latin America & Caribbean,Upper middle income,IBRD,2022,61.111,0.164634525592611,100,104.8212890625,2.93163504610845,21391.8573698845,78.63217894,,13.8
MHL,Marshall Islands,East Asia & Pacific,Upper middle income,IDA,2000,108.665,5.2274330072312e-4,68.6,,1.43606867628043,3772.69913192999,1.53427179624871,0.0721604849184587,42.7
MHL,Marshall Islands,East Asia & Pacific,Upper middle income,IDA,2001,106.369,4.88864755787834e-4,70.1,,6.0578376560772504,4001.24312059454,1.7066140776699,0.0679624847084409,42.7
MHL,Marshall Islands,East Asia & Pacific,Upper middle income,IDA,2002,104.179,4.71714216756537e-4,71.5,79.4897689819336,3.02717549564456,4122.36777186234,2.33544457522934,0.0626487908783361,42.5
MHL,Marshall Islands,East Asia & Pacific,Upper middle income,IDA,2003,104.053,4.79197728382597e-4,72.9,76.2464065551758,-1.96961874271634,4041.17284358405,2.5697503671072,0.0614628149969269,42.2
MHL,Marshall Islands,East Asia & Pacific,Upper middle income,IDA,2004,105.772,4.81162582113064e-4,74.3,79.4486923217773,-0.700644285464008,4012.85859698975,3.59977681383754,0.126742712294043,41.8
MHL,Marshall Islands,East Asia & Pacific,Upper middle income,IDA,2005,106.582,4.72696378322218e-4,75.7,73.9568328857422,1.56552229029398,4075.6807928036,3.8787023977433,0.130890052356021,41.3
MHL,Marshall Islands,East Asia & Pacific,Upper middle income,IDA,2006,103.175,4.71866115362636e-4,77.2,79.8606872558594,0.0102519719929859,4076.09863045701,3.79559021427832,0.1318391562294,40.9
MHL,Marshall Islands,East Asia & Pacific,Upper middle income,IDA,2007,101.275,4.55080364223253e-4,72.3,83.4545974731445,3.60283982880377,4222.95393537643,3.950000048,0.1318391562294,40.4
MHL,Marshall Islands,East Asia & Pacific,Upper middle income,IDA,2008,98.396,4.92331902895163e-4,80.2,88.787483215332,-7.5574639701523,3903.80571323423,4.599999905,0.263331138907176,40
MHL,Marshall Islands,East Asia & Pacific,Upper middle income,IDA,2009,94.011,4.7492476431313e-4,81.7,86.5034713745117,3.68716247105003,4047.74537243531,5.599999905,0.460405156537753,39.5
MHL,Marshall Islands,East Asia & Pacific,Upper middle income,IDA,2010,88.063,4.49998506442982e-4,89.4,,5.48848970412462,4269.9054604506,7,0.551977920883165,39
MHL,Marshall Islands,East Asia & Pacific,Upper middle income,IDA,2011,82.985,4.52271226172492e-4,89.9,,-0.239905288671963,4259.66173142969,10,0.559725225798244,38.4
MHL,Marshall Islands,East Asia & Pacific,Upper middle income,IDA,2012,79.094,4.58184948856954e-4,90.4,,-0.35386854623583,4244.58812838612,12.5,0.737256895894242,37.8
MHL,Marshall Islands,East Asia & Pacific,Upper middle income,IDA,2013,76.071,4.41373124337011e-4,90.9,,5.32061452634225,4470.42630092843,14,1.04538500764916,37
MHL,Marshall Islands,East Asia & Pacific,Upper middle income,IDA,2014,74.803,4.47003508063994e-4,91.5,,0.495281427303354,4492.56749211821,16.799999239999998,1.7179384738314,36.1
MHL,Marshall Islands,East Asia & Pacific,Upper middle income,IDA,2015,73.945,4.38730171496669e-4,92.1,87.4442319949012,3.96521735177255,4670.70755785577,19.28240013,1.72945435044912,35.2
MHL,Marshall Islands,East Asia & Pacific,Upper middle income,IDA,2016,73.775,4.28012387169082e-4,92.7,89.3410852713178,4.84812588584671,4897.14934002038,29.78779984,2.14507479537115,34.2
MHL,Marshall Islands,East Asia & Pacific,Upper middle income,IDA,2017,74.461,4.13306320533016e-4,93.8,,6.18444127953049,5200.01066532485,38.70119858,2.40139355480901,33.2
MHL,Marshall Islands,East Asia & Pacific,Upper middle income,IDA,2018,74.292,3.91807158502373e-4,95.3,,8.38496134170197,5636.02954937672,43.88249969,2.4256748351785,32.2
MHL,Marshall Islands,East Asia & Pacific,Upper middle income,IDA,2019,73.127,3.5473033672508e-4,96.8,97.886393659181,13.6597363046024,6405.89632387105,49.75749969,2.4256748351785,31.2
MHL,Marshall Islands,East Asia & Pacific,Upper middle income,IDA,2020,71.556,3.64847136731273e-4,98.3,99.9664654594232,0.18904949035759,6418.00663822416,56.41910172,2.4256748351785,30.3
MHL,Marshall Islands,East Asia & Pacific,Upper middle income,IDA,2021,71.146,3.57135183189701e-4,99.8,101.538987688099,5.4661699940084,6768.82579129624,63.97259903,2.4256748351785,29.4
MHL,Marshall Islands,East Asia & Pacific,Upper middle income,IDA,2022,71.135,3.59654853823493e-4,100,97.5043334960938,2.49567331790566,6937.75357050514,64.26719666,,28.5
MKD,North Macedonia,Europe & Central Asia,Upper middle income,IBRD,2000,31.094,0.372030241305887,99,82.1956787109375,4.07405080631071,11988.2448826829,2.48556631640066,17.1780942592864,16
MKD,North Macedonia,Europe & Central Asia,Upper middle income,IBRD,2001,26.92,0.391612269708639,99,83.0360412597656,-3.47368322147879,11571.8112316434,3.46818460849398,9.83967305878654,15.1
MKD,North Macedonia,Europe & Central Asia,Upper middle income,IBRD,2002,26.168,0.3636179097551,99,82.9886322021484,2.23345659919198,11830.2626132426,17.33,12.4281727138401,14.5
MKD,North Macedonia,Europe & Central Asia,Upper middle income,IBRD,2003,25.73,0.386493467274327,99,82.7274703979492,2.09282245300516,12077.849005462,19.07,20.3918076580588,14.2
MKD,North Macedonia,Europe & Central Asia,Upper middle income,IBRD,2004,22.704,0.359814648872296,99.4,82.2482604980469,5.01357406752894,12683.3809111151,24.44,22.2287385630718,14
MKD,North Macedonia,Europe & Central Asia,Upper middle income,IBRD,2005,21.769,0.360831342397397,99.1,82.7081069946289,5.29102012277241,13354.4611473701,26.450000760000002,21.4891961970614,13.7
MKD,North Macedonia,Europe & Central Asia,Upper middle income,IBRD,2006,21.706,0.342643408129249,99,,5.71920223477417,14118.2297877525,28.62,23.5453896660006,13.1
MKD,North Macedonia,Europe & Central Asia,Upper middle income,IBRD,2007,21.707,0.345621440228423,99.1,82.7487411499023,7.08313931163076,15118.2436719552,36.29999924,15.5437057556171,12.3
MKD,North Macedonia,Europe & Central Asia,Upper middle income,IBRD,2008,21.271,0.320767148981625,99.2,82.3995666503906,6.08402471253315,16038.0413530579,46.04,13.3115195690065,11.5
MKD,North Macedonia,Europe & Central Asia,Upper middle income,IBRD,2009,21.75,0.289517737833227,99.2,82.8811874389648,0.287981674208055,16084.2279730567,51.77,18.6050087873462,10.8
MKD,North Macedonia,Europe & Central Asia,Upper middle income,IBRD,2010,22.028,0.281758631871914,99.5,84.7018814086914,4.02171749784563,16731.0901838425,51.9,33.4913223140496,10.4
MKD,North Macedonia,Europe & Central Asia,Upper middle income,IBRD,2011,20.293,0.307387940165813,99.7,,2.81001401364465,17201.236162644,56.7,21.2204468116585,10.2
MKD,North Macedonia,Europe & Central Asia,Upper middle income,IBRD,2012,21.285,0.289998546382605,99.6,85.5202713012695,-0.0653472343038857,17189.9956305456,57.449947312961,16.6657617374641,10.4
MKD,North Macedonia,Europe & Central Asia,Upper middle income,IBRD,2013,20.062,0.257635096039895,99.7,83.0644989013672,3.30559670350297,17758.2275594412,65.24,26.1407942238267,10.7
MKD,North Macedonia,Europe & Central Asia,Upper middle income,IBRD,2014,20.393,0.23603037876331,99.8,82.9123382568359,3.90792755780767,18452.2062280148,68.0584815397496,24.0353554149609,11.1
MKD,North Macedonia,Europe & Central Asia,Upper middle income,IBRD,2015,19.165,0.21587328239337,99.9,84.5505599975586,4.13429050530651,19215.0740381192,70.3802030766689,35.929153382926,11.1
MKD,North Macedonia,Europe & Central Asia,Upper middle income,IBRD,2016,18.616,0.201642436147518,100,,3.1782257470099,19825.7724685057,72.1568144676058,36.7125599573637,10.6
MKD,North Macedonia,Europe & Central Asia,Upper middle income,IBRD,2017,17.732,0.2088921120175,100,83.6312866210938,1.48936718625188,20121.0510180726,74.5168241807954,23.1439285714286,9.6
MKD,North Macedonia,Europe & Central Asia,Upper middle income,IBRD,2018,17.604,0.191909371483661,99.8,82.5274887084961,3.40375411089484,20805.9221192555,79.1677551850871,35.0552880328161,8.4
MKD,North Macedonia,Europe & Central Asia,Upper middle income,IBRD,2019,17.25,0.212480894885325,100,81.7043609619141,4.61869501137757,21766.8842062487,81.4128827618364,22.8967456125405,7.1
MKD,North Macedonia,Europe & Central Asia,Upper middle income,IBRD,2020,17.157,0.194740751169027,100,81.9225616455078,-3.65436823824773,20971.4421033593,81.40553811,29.0673274733495,6
MKD,North Macedonia,Europe & Central Asia,Upper middle income,IBRD,2021,15.952,0.187653298276334,100,84.2663116455078,5.59213007924724,22144.1924252732,81.873703,30.9676369553426,5.1
MKD,North Macedonia,Europe & Central Asia,Upper middle income,IBRD,2022,14.731,0.196255079412529,100,91.6712875366211,3.06193588427661,22822.2333994259,83.85030365,,4.2
MLI,Mali,Sub-Saharan Africa,Low income,IDA,2000,173.782,0.0314767859798041,9.6,11.1826200485229,-3.58595570324812,2187.71894207161,0.142545755049184,27.159564862192,189.9
MLI,Mali,Sub-Saharan Africa,Low income,IDA,2001,170.362,0.0284542743850166,10.8,,12.37556659827,2458.46155673065,0.185897413256084,35.8933785438448,183.9
MLI,Mali,Sub-Saharan Africa,Low income,IDA,2002,170.206,0.028934765715267,13,,-0.115608873309398,2455.61935702417,0.2270455784917,53.7107835017393,177.7
MLI,Mali,Sub-Saharan Africa,Low income,IDA,2003,171.979,0.027071295985157,14.7,13.8911600112915,6.36163328005934,2611.8368552722,0.310364443230575,60.9448801538792,171.7
MLI,Mali,Sub-Saharan Africa,Low income,IDA,2004,175.979,0.0271887800973307,16.4,15.979700088501,-1.75582979330909,2565.9774456147,0.432819639900985,59.2718328298657,165.8
MLI,Mali,Sub-Saharan Africa,Low income,IDA,2005,177.855,0.0274062397775683,18.2,17.6681499481201,-0.765580835079675,2546.33281405861,0.507099986,58.785547617596,160.1
MLI,Mali,Sub-Saharan Africa,Low income,IDA,2006,172.661,0.0317435440922523,16.6,19.1023693084717,0.343315236766117,2555.07476258805,0.729600012,56.8320513721399,154.6
MLI,Mali,Sub-Saharan Africa,Low income,IDA,2007,169.479,0.0371711396060085,21.7,21.8998508453369,-1.53137745711133,2515.94692366143,0.81,55.713292859917,149.2
MLI,Mali,Sub-Saharan Africa,Low income,IDA,2008,166.711,0.0414206633874313,23.4,24.2745304107666,0.288268761584348,2523.19961270039,1.57,55.129218900675,144
MLI,Mali,Sub-Saharan Africa,Low income,IDA,2009,167.687,0.0504918471672992,24,26.8929100036621,2.07458358714914,2575.54549773648,1.799999952,67.0761989474464,138.9
MLI,Mali,Sub-Saharan Africa,Low income,IDA,2010,169.512,0.0473387228054796,27,29.8736858622313,2.20222024826431,2632.2646821909,2,63.6226986521771,133.8
MLI,Mali,Sub-Saharan Africa,Low income,IDA,2011,168.842,0.0501249672348824,28.8,31.8513100718496,-0.338811372741219,2623.34627008698,2.2,62.8276175095264,128.8
MLI,Mali,Sub-Saharan Africa,Low income,IDA,2012,166.926,0.0531390470671304,25.6,,-3.9193056742574,2520.52931086804,2.799999952,68.0019790202797,123.9
MLI,Mali,Sub-Saharan Africa,Low income,IDA,2013,164.264,0.0620923272758091,32.4,34.540257437417,0.317423676450176,2528.5300676726,3.5,74.04207581806,119.1
MLI,Mali,Sub-Saharan Africa,Low income,IDA,2014,161.419,0.0619104744961561,34.2,35.12660954853,3.18909645735663,2609.16733048395,7,69.365553348505,114.4
MLI,Mali,Sub-Saharan Africa,Low income,IDA,2015,159.124,0.0706928813288724,37.6,34.4988647258526,2.96620762301546,2686.56065073799,10.32999992,65.9308014673778,109.7
MLI,Mali,Sub-Saharan Africa,Low income,IDA,2016,156.879,0.0864858029580073,38.8,34.1917935715776,2.70047363998611,2759.11051293341,14,64.4893964596567,105.1
MLI,Mali,Sub-Saharan Africa,Low income,IDA,2017,154.893,0.0924973280456008,34.8,34.447973185326,2.06891771151898,2816.19423901587,18.89999962,61.2554415555594,100.6
MLI,Mali,Sub-Saharan Africa,Low income,IDA,2018,150.828,0.0988149457972334,50.9,34.2633935963908,1.64097526437071,2862.40728987476,21.39999962,61.2498847505319,96.2
MLI,Mali,Sub-Saharan Africa,Low income,IDA,2019,144.648,0.0995099439468347,47.9,,1.8782927302578,2916.17167791084,24.96030045,61.267475834198,91.9
MLI,Mali,Sub-Saharan Africa,Low income,IDA,2020,143.445,0.112699443964758,50.6,,-4.10679845683099,2796.41038444386,29.11300087,62.2933606249605,87.6
MLI,Mali,Sub-Saharan Africa,Low income,IDA,2021,141.933,0.1166192815937,53.4,,-0.00652431025741862,2796.22793795431,33.95650101,62.2933606249605,83.6
MLI,Mali,Sub-Saharan Africa,Low income,IDA,2022,140.02,0.115412256878382,53,,0.62881217345263,2813.81095962565,35.19919968,,79.7
MLT,Malta,"Middle East, North Africa, Afghanistan & Pakistan",High income,Not classified,2000,16.938,0.176165965732445,100,,18.9114915732227,31068.0784498241,13.1137087111024,0,7.6
MLT,Malta,"Middle East, North Africa, Afghanistan & Pakistan",High income,Not classified,2001,15.698,0.207433206052922,100,88.7702178955078,-1.49983029433655,30602.1099973654,17.8778483243348,0,7.4
MLT,Malta,"Middle East, North Africa, Afghanistan & Pakistan",High income,Not classified,2002,8.813,0.188085048891466,100,90.5345077514648,1.97804075587469,31207.4322052709,28.92,0,7.2
MLT,Malta,"Middle East, North Africa, Afghanistan & Pakistan",High income,Not classified,2003,15.037,0.203963540141746,100,92.9309234619141,3.01352426839672,32147.8757483202,31.64,0,7.1
MLT,Malta,"Middle East, North Africa, Afghanistan & Pakistan",High income,Not classified,2004,20.721,0.202623066962674,100,101.232261657715,-0.264750389042717,32062.7641222076,34.62,0,7
MLT,Malta,"Middle East, North Africa, Afghanistan & Pakistan",High income,Not classified,2005,20.715,0.199063884565511,100,99.2456588745117,2.22751927185199,32776.9683721182,41.24,0.00357142857142857,6.9
MLT,Malta,"Middle East, North Africa, Afghanistan & Pakistan",High income,Not classified,2006,17.217,0.196328235377331,100,95.9733276367188,1.96401854578517,33420.7141096927,40.41,0.00353825740822645,6.9
MLT,Malta,"Middle East, North Africa, Afghanistan & Pakistan",High income,Not classified,2007,16.86,0.191412676529686,100,97.9540481567383,4.67072002776783,34981.7020970372,46.9,0.00348432055749129,6.9
MLT,Malta,"Middle East, North Africa, Afghanistan & Pakistan",High income,Not classified,2008,18.772,0.183952900987866,100,99.778923034668,3.73344898701311,36287.726099619,50.08,0.0064878892733564,6.9
MLT,Malta,"Middle East, North Africa, Afghanistan & Pakistan",High income,Not classified,2009,19.558,0.171932825887993,100,,-2.13584241113088,35512.6774555483,58.86,0.0313653136531365,6.9
MLT,Malta,"Middle East, North Africa, Afghanistan & Pakistan",High income,Not classified,2010,18.377,0.166797800365825,100,99.7307586669922,5.6770056257412,37528.7341525511,63,0.032166508987701,6.9
MLT,Malta,"Middle East, North Africa, Afghanistan & Pakistan",High income,Not classified,2011,17.976,0.164337971977511,100,94.6769409179688,0.565202154513315,37740.8473665429,68.0198237885462,0.458467186782928,6.8
MLT,Malta,"Middle East, North Africa, Afghanistan & Pakistan",High income,Not classified,2012,16.507,0.166582157528698,100,96.5823593139648,3.16977888017695,38937.1487755674,68.1998742928975,1.12336530078466,6.8
MLT,Malta,"Middle East, North Africa, Afghanistan & Pakistan",High income,Not classified,2013,14.189,0.137064514857728,100,98.3424301147461,5.09582254051386,40921.3167795062,68.9138,1.57974233673923,6.7
MLT,Malta,"Middle East, North Africa, Afghanistan & Pakistan",High income,Not classified,2014,13.424,0.12663542528196,100,98.7345886230469,5.47839291832402,43163.1473000396,73.1141157845193,3.36035634743875,6.7
MLT,Malta,"Middle East, North Africa, Afghanistan & Pakistan",High income,Not classified,2015,12.707,0.081529065647812,100,98.229377746582,6.97062709797696,46171.8893420758,75.9600189752747,7.82592024539877,6.6
MLT,Malta,"Middle East, North Africa, Afghanistan & Pakistan",High income,Not classified,2016,13.164,0.0639671490171109,100,96.0018768310547,1.72282160938224,46967.3486291212,78.0751488032182,15.8996499416569,6.5
MLT,Malta,"Middle East, North Africa, Afghanistan & Pakistan",High income,Not classified,2017,12.503,0.064613043833438,100,101.760231018066,9.92374329605097,51628.2677400365,81.0119110762945,10.4215626892792,6.4
MLT,Malta,"Middle East, North Africa, Afghanistan & Pakistan",High income,Not classified,2018,12.282,0.060635331410492,100,102.913093566895,3.4685156198008,53419.0022708322,81.6580442928014,10.1427115188583,6.3
MLT,Malta,"Middle East, North Africa, Afghanistan & Pakistan",High income,Not classified,2019,11.578,0.0621803947835413,100,103.863830566406,-0.0478839092805288,53393.4231642463,85.7785963798031,9.80330257406508,6.1
MLT,Malta,"Middle East, North Africa, Afghanistan & Pakistan",High income,Not classified,2020,11.026,0.0623821370634708,100,102.992401123047,-5.62564948135554,50389.6963309289,86.85876183,11.3308446103593,6
MLT,Malta,"Middle East, North Africa, Afghanistan & Pakistan",High income,Not classified,2021,10.546,0.0552722366597873,100,102.578468322754,12.7690777878809,56823.9958525022,87.46977742,11.8897922312556,5.8
MLT,Malta,"Middle East, North Africa, Afghanistan & Pakistan",High income,Not classified,2022,10.495,0.0594668386005236,100,102.699798583984,0.0887619384696023,56874.4339327368,91.54062209,,5.6
MMR,Myanmar,East Asia & Pacific,Lower middle income,IDA,2000,40.016,0.163039619713168,41.9,41.076789855957,12.482374612359,1359.93038778036,,38.4539549102025,88.9
MMR,Myanmar,East Asia & Pacific,Lower middle income,IDA,2001,39.78,0.127950903080417,43,39.8251609802246,10.1756123569494,1498.31163236525,2.89277380848561e-4,44.5862497411472,86.5
MMR,Myanmar,East Asia & Pacific,Lower middle income,IDA,2002,40.601,0.115124400709737,47,41.0750617980957,10.9072271265814,1661.73588517132,4.2649350636189e-4,43.1628488931665,84.1
MMR,Myanmar,East Asia & Pacific,Lower middle income,IDA,2003,39.918,0.125292824570783,45.1,41.4488716125488,12.7839447542935,1874.17128269389,0.0240641491408465,39.8424743751124,81.6
MMR,Myanmar,East Asia & Pacific,Lower middle income,IDA,2004,38.743,0.107032099193634,46.2,44.0865783691406,12.5957538910265,2110.23728495831,0.024337392002823,44.4357726403615,79.1
MMR,Myanmar,East Asia & Pacific,Lower middle income,IDA,2005,37.729,0.0996615268582171,47.3,45.826358795166,12.6841326603106,2377.90258162976,0.065200001,51.1298912161065,76.3
MMR,Myanmar,East Asia & Pacific,Lower middle income,IDA,2006,36.525,0.0819698919925968,48.4,47.8843383789062,12.2555240244746,2669.32700379999,0.18204833106115,55.1958274063537,73.6
MMR,Myanmar,East Asia & Pacific,Lower middle income,IDA,2007,36.295,0.0764705709070984,49.5,48.29541015625,11.2004378218927,2968.3033151236,0.217128445069958,57.910993176649,70.8
MMR,Myanmar,East Asia & Pacific,Lower middle income,IDA,2008,36.04,0.0530814719903234,50.6,,9.64981113277751,3254.738978881,0.22,62.6669599648042,101.7
MMR,Myanmar,East Asia & Pacific,Lower middle income,IDA,2009,35.636,0.0447329242433659,51.8,51.3885917663574,9.93736426370333,3578.17424704515,0.219999999,76.22006427274,65.1
MMR,Myanmar,East Asia & Pacific,Lower middle income,IDA,2010,35.257,0.0452216983548193,48.8,53.1574516296387,8.82058943535873,3893.79030665874,0.25,72.4160236041761,62.4
MMR,Myanmar,East Asia & Pacific,Lower middle income,IDA,2011,34.896,0.0455065745979272,54.1,,4.74658078594661,4078.61220919965,0.98,72.9290018832392,59.7
MMR,Myanmar,East Asia & Pacific,Lower middle income,IDA,2012,34.714,0.0580449704830255,55.3,,6.43324807639843,4340.99945069174,1.399999976,71.4063816438111,57
MMR,Myanmar,East Asia & Pacific,Lower middle income,IDA,2013,34.728,0.0606232159676537,56.5,,7.50873881521075,4666.95376141392,1.799999952,92.5659468571887,54.6
MMR,Myanmar,East Asia & Pacific,Lower middle income,IDA,2014,34.917,0.0699237177060157,52,58.9736404418945,7.27568618509038,5006.50667149767,7.400000095,73.2191866527633,52.4
MMR,Myanmar,East Asia & Pacific,Lower middle income,IDA,2015,35.166,0.072714366421851,60.5,,6.13960007817474,5313.88615901476,10.899999619999999,67.2229571022376,50.5
MMR,Myanmar,East Asia & Pacific,Lower middle income,IDA,2016,35.197,0.0799611818526495,55.6,72.2770767211914,5.02652118853597,5580.98977273232,16,66.9570200573066,48.7
MMR,Myanmar,East Asia & Pacific,Lower middle income,IDA,2017,34.86,0.110656936152026,69.8,77.0976104736328,5.31957403505668,5877.87465558175,23.621081950267,68.4994928491734,46.8
MMR,Myanmar,East Asia & Pacific,Lower middle income,IDA,2018,34.528,0.103403637782656,66.1,81.8814926147461,5.50179746363222,6201.26341429803,29.37899971,68.0404090909091,45.2
MMR,Myanmar,East Asia & Pacific,Lower middle income,IDA,2019,34.355,0.0995457283592956,68.3,,5.83309474734135,6562.98898478625,36.54050064,56.8652524905531,43.6
MMR,Myanmar,East Asia & Pacific,Lower middle income,IDA,2020,34.244,0.110491322101783,70.4,,-9.69306034482335,5926.83450206681,45.4477005,47.7342616768204,42.1
MMR,Myanmar,East Asia & Pacific,Lower middle income,IDA,2021,34.141,0.115161095713891,72.5,,-12.627100008178,5178.44718217164,,50.8374750664894,40.8
MMR,Myanmar,East Asia & Pacific,Lower middle income,IDA,2022,33.819,0.107887217712996,73.7,,3.32202841461704,5350.47666899931,,,39.5
MNE,Montenegro,Europe & Central Asia,Upper middle income,IBRD,2000,20.722,,99.1,,3.27911575775674,14452.2161423496,,,14.2
MNE,Montenegro,Europe & Central Asia,Upper middle income,IBRD,2001,19.26,,99.1,,0.693869613179103,14552.4956785923,,,13.7
MNE,Montenegro,Europe & Central Asia,Upper middle income,IBRD,2002,18.081,,99,,1.49637251756793,14770.255224547,,,13
MNE,Montenegro,Europe & Central Asia,Upper middle income,IBRD,2003,17.737,,99,92.3401794433594,2.07441348286153,15076.6513903781,,,12.2
MNE,Montenegro,Europe & Central Asia,Upper middle income,IBRD,2004,16.899,,99,90.9389038085938,4.24115518507786,15716.0755725572,25.3500686036232,,11.4
MNE,Montenegro,Europe & Central Asia,Upper middle income,IBRD,2005,16.74,,99.8,92.1368026733398,4.02660240456581,16348.8994494652,27.10000038,65.1536312849162,10.6
MNE,Montenegro,Europe & Central Asia,Upper middle income,IBRD,2006,17.149,,99,93.0442962646484,8.43155589607736,17727.3660449403,28.89999962,59.2818428184282,9.7
MNE,Montenegro,Europe & Central Asia,Upper middle income,IBRD,2007,18.278,,99,93.1621780395508,6.98968425407895,18966.4529580465,30.799999239999998,59.8880597014925,8.9
MNE,Montenegro,Europe & Central Asia,Upper middle income,IBRD,2008,19.989,,99,99.4987716674805,6.70904934455439,20238.9216459135,32.90000153,54.4200848656294,8.1
MNE,Montenegro,Europe & Central Asia,Upper middle income,IBRD,2009,20.885,,99.1,96.1962509155273,-6.19590190743681,18984.9379136097,35.09999847,75.036231884058,7.4
MNE,Montenegro,Europe & Central Asia,Upper middle income,IBRD,2010,16.647,,99.2,99.5941162109375,2.58744435496348,19476.1626179487,37.5,68.3739433117852,6.7
MNE,Montenegro,Europe & Central Asia,Upper middle income,IBRD,2011,14.417,,99,93.3568115234375,3.25692677248162,20110.4869725048,35.6115412460109,45.3256777108434,6.1
MNE,Montenegro,Europe & Central Asia,Upper middle income,IBRD,2012,13.559,,99.3,92.932731628418,-2.65570357284696,19576.412051459,56.8387825490631,51.9370604781997,5.5
MNE,Montenegro,Europe & Central Asia,Upper middle income,IBRD,2013,12.553,,99.7,,3.1920026066844,20201.2916344369,60.31,63.4770595690748,5
MNE,Montenegro,Europe & Central Asia,Upper middle income,IBRD,2014,11.8,,97.7,,2.18041940678877,20641.764517656102,63.8868840056697,55.2048534509928,4.6
MNE,Montenegro,Europe & Central Asia,Upper middle income,IBRD,2015,11.241,,99.5,92.0022735595703,2.37419874424694,21131.8410316247,68.1197860085679,49.6503496503497,4.2
MNE,Montenegro,Europe & Central Asia,Upper middle income,IBRD,2016,10.704,,99.6,90.6202926635742,3.32318817615919,21834.0918741924,69.8816468416779,58.6816300541229,3.9
MNE,Montenegro,Europe & Central Asia,Upper middle income,IBRD,2017,10.317,,100,90.5475234985352,3.11297073146422,22513.7807637171,71.2723325399382,45.1611603545528,3.6
MNE,Montenegro,Europe & Central Asia,Upper middle income,IBRD,2018,10.088,,100,91.4177093505859,4.65668340285264,23562.1762558957,71.5171004874886,59.2125984251969,3.3
MNE,Montenegro,Europe & Central Asia,Upper middle income,IBRD,2019,10.741,,100,92.1967697143555,4.34144828521134,24585.1159529158,73.4766657478691,56.1870084474221,3.1
MNE,Montenegro,Europe & Central Asia,Upper middle income,IBRD,2020,10.407,,99.9,92.7898330688477,-14.970505034482,20904.5999314513,77.60879306,52.2337278106509,2.9
MNE,Montenegro,Europe & Central Asia,Upper middle income,IBRD,2021,10.326,,99.8,93.8239974975586,13.3242405343679,23689.9791090651,82.21969752,61.7770127118644,2.8
MNE,Montenegro,Europe & Central Asia,Upper middle income,IBRD,2022,10.013,,100,93.450813293457,7.99214069071184,25583.3155690619,88.22192026,,2.6
MNG,Mongolia,East Asia & Pacific,Upper middle income,IBRD,2000,27.783,0.650596754079176,67.3,67.8152618408203,-0.187391049653314,5818.24307842901,1.25565200358112,0.134419551934827,62.5
MNG,Mongolia,East Asia & Pacific,Upper middle income,IBRD,2001,26.664,0.629966269444235,71.7,74.9323806762695,1.69858502304278,5917.07088396343,1.65323823906982,0.179648657606894,57.7
MNG,Mongolia,East Asia & Pacific,Upper middle income,IBRD,2002,21.636,0.644592730003037,72.8,79.7449417114258,3.39545599901953,6117.9824222592,2.0395726034818,0.174164524421594,52.9
MNG,Mongolia,East Asia & Pacific,Upper middle income,IBRD,2003,18.909,0.583965841825165,76.3,86.7754516601562,5.65230856172873,6463.78966651762,,0.183875079668579,48.5
MNG,Mongolia,East Asia & Pacific,Upper middle income,IBRD,2004,17.612,0.539970736142307,74.8,92.5285034179688,9.38888056764907,7070.667158451,,0.174689676052074,44.3
MNG,Mongolia,East Asia & Pacific,Upper middle income,IBRD,2005,17.081,0.58504414556664,86.2,96.3413619995117,6.06987814990435,7499.84803935428,9,0.168762796139222,40.5
MNG,Mongolia,East Asia & Pacific,Upper middle income,IBRD,2006,20.361,0.61584603920885,77,96.3707962036133,7.25546356240756,8043.99678108557,9,0.162810383747178,37
MNG,Mongolia,East Asia & Pacific,Upper middle income,IBRD,2007,20.473,0.580255151764025,78.1,,8.77843828826261,8750.13407442299,9,0.168062685760605,33.8
MNG,Mongolia,East Asia & Pacific,Upper middle income,IBRD,2008,21.593,0.532653742700271,79.2,,7.19669912596376,9379.85489687765,9.800000191,0.335416145963509,31
MNG,Mongolia,East Asia & Pacific,Upper middle income,IBRD,2009,22.192,0.569021890976011,80.3,101.966873168945,-3.02646374326369,9095.9769892529,10,0.702153998514484,28.5
MNG,Mongolia,East Asia & Pacific,Upper middle income,IBRD,2010,21.697,0.572494556502517,78.5,94.4007186889648,4.52004039651671,9507.118823625,10.2,1.05100857871551,26.3
MNG,Mongolia,East Asia & Pacific,Upper middle income,IBRD,2011,24.112,0.531660215063656,72.1,,15.2830434931644,10960.0959283864,12.4999911084745,1.38932980599647,24.4
MNG,Mongolia,East Asia & Pacific,Upper middle income,IBRD,2012,30.11,0.514845741457603,83.7,,10.2081460867694,12078.9185320062,16.4,1.29983388704319,22.8
MNG,Mongolia,East Asia & Pacific,Upper middle income,IBRD,2013,29.434,0.500809356087163,81.2,,9.36487841658389,13210.0945665668,17.699984237,2.45139442231076,21.5
MNG,Mongolia,East Asia & Pacific,Upper middle income,IBRD,2014,28.771,0.472706039419218,86,,5.5513088464518,13943.4277148653,19.9424474349209,3.76767113095238,20.4
MNG,Mongolia,East Asia & Pacific,Upper middle income,IBRD,2015,30.26,0.426152229929841,88,,0.223539088154311,13974.5967260365,22.5000041337688,4.04752403410122,19.4
MNG,Mongolia,East Asia & Pacific,Upper middle income,IBRD,2016,32.505,0.445308181307715,90.8,,-0.547071462431205,13898.1456953585,22.2657705007562,4.46956061408152,18.4
MNG,Mongolia,East Asia & Pacific,Upper middle income,IBRD,2017,31.975,0.46473319246222,93.6,,3.6220070103727,14401.5375067562,23.71430016,4.46971959515514,17.4
MNG,Mongolia,East Asia & Pacific,Upper middle income,IBRD,2018,30.995,0.469832160344209,98.1,93.3913463704946,5.75427016552706,15230.2408828847,47.1300018848989,7.33879112471308,16.4
MNG,Mongolia,East Asia & Pacific,Upper middle income,IBRD,2019,29.724,0.491009182626584,98.9,91.1179790787994,3.67988421239794,15790.6961126441,51.079994082603,9.63028985507246,15.6
MNG,Mongolia,East Asia & Pacific,Upper middle income,IBRD,2020,26.135,0.457194576904417,99.5,99.0120395114876,-6.26542378289111,14801.3420829185,62.50002848,9.99682010902483,14.8
MNG,Mongolia,East Asia & Pacific,Upper middle income,IBRD,2021,22.428,0.497245469020961,100,101.767368447062,-0.0614212834574062,14792.2509086422,81.60682285,10.9483384905153,14.3
MNG,Mongolia,East Asia & Pacific,Upper middle income,IBRD,2022,20.539,0.474686463333866,100,96.3042193568297,3.50307766866899,15310.4349469163,81.07720184,,13.9
MNP,Northern Mariana Islands,East Asia & Pacific,High income,Not classified,2000,64.229,,100,,,,,,
MNP,Northern Mariana Islands,East Asia & Pacific,High income,Not classified,2001,61.187,,100,,,,,,
MNP,Northern Mariana Islands,East Asia & Pacific,High income,Not classified,2002,49.923,,99.9,,,,,,
MNP,Northern Mariana Islands,East Asia & Pacific,High income,Not classified,2003,44.553,,99.9,,2.42454664863909,,,,
MNP,Northern Mariana Islands,East Asia & Pacific,High income,Not classified,2004,40.673,,99.8,,-0.829932545374945,,,,
MNP,Northern Mariana Islands,East Asia & Pacific,High income,Not classified,2005,37.997,,99.8,,-10.4852551650988,,,,
MNP,Northern Mariana Islands,East Asia & Pacific,High income,Not classified,2006,40.2,,99.7,,-4.30544836131968,,,,
MNP,Northern Mariana Islands,East Asia & Pacific,High income,Not classified,2007,41.915,,100,,-3.92765941553607,,,,
MNP,Northern Mariana Islands,East Asia & Pacific,High income,Not classified,2008,41.194,,100,,-8.28281999633768,,,,
MNP,Northern Mariana Islands,East Asia & Pacific,High income,Not classified,2009,41.28,,100,,-14.854218227401,,,,
MNP,Northern Mariana Islands,East Asia & Pacific,High income,Not classified,2010,44.9,,100,,3.70912591649699,,,,
MNP,Northern Mariana Islands,East Asia & Pacific,High income,Not classified,2011,44.915,,100,,-6.54977616215164,,,,
MNP,Northern Mariana Islands,East Asia & Pacific,High income,Not classified,2012,42.92,,100,,1.51906574643922,,,,
MNP,Northern Mariana Islands,East Asia & Pacific,High income,Not classified,2013,43.835,,100,,3.60738653208077,,,,
MNP,Northern Mariana Islands,East Asia & Pacific,High income,Not classified,2014,40.23,,100,,5.33556203023453,,,,
MNP,Northern Mariana Islands,East Asia & Pacific,High income,Not classified,2015,36.233,,100,,4.71604040189382,,,,
MNP,Northern Mariana Islands,East Asia & Pacific,High income,Not classified,2016,32.202,,100,,31.097890849885,,,,
MNP,Northern Mariana Islands,East Asia & Pacific,High income,Not classified,2017,30.046,,100,,25.1775968489283,,,,
MNP,Northern Mariana Islands,East Asia & Pacific,High income,Not classified,2018,28.421,,100,,-18.0505598698509,,,,
MNP,Northern Mariana Islands,East Asia & Pacific,High income,Not classified,2019,27.527,,100,,-9.70326849241671,,,,
MNP,Northern Mariana Islands,East Asia & Pacific,High income,Not classified,2020,27.026,,100,,-28.1627780007682,,,,
MNP,Northern Mariana Islands,East Asia & Pacific,High income,Not classified,2021,26.734,,100,,6.19656514048702,,,,
MNP,Northern Mariana Islands,East Asia & Pacific,High income,Not classified,2022,26.332,,100,,18.9235637680801,,,,
MOZ,Mozambique,Sub-Saharan Africa,Low income,IDA,2000,168.755,0.121708552951095,6.1,4.54680013656616,-1.43002745719546,711.976393527396,0.109592530041641,91.1371599340478,164.6
MOZ,Mozambique,Sub-Saharan Africa,Low income,IDA,2001,167.399,0.130200491483529,5.7,5.15360021591187,10.3674476794306,785.790173616246,0.160031946644069,99.6261030338684,155.7
MOZ,Mozambique,Sub-Saharan Africa,Low income,IDA,2002,165.639,0.124399428549271,8.4,6.49581003189087,7.23540386040537,842.645266172761,0.259612611253739,99.6997018204645,147.5
MOZ,Mozambique,Sub-Saharan Africa,Low income,IDA,2003,161.311,0.147452802616714,8.1,,4.81743112185357,883.239121472194,0.419538843913707,99.6603325415677,139.8
MOZ,Mozambique,Sub-Saharan Africa,Low income,IDA,2004,157.664,0.150014755058794,10.7,8.65153980255127,5.76229495896818,934.133964844421,0.679447835392438,99.6040673927842,132.5
MOZ,Mozambique,Sub-Saharan Africa,Low income,IDA,2005,157.164,0.135296790864711,11.8,10.5513401031494,3.88124108732595,970.38995609863,0.854399979,99.8420105026257,125.7
MOZ,Mozambique,Sub-Saharan Africa,Low income,IDA,2006,156.756,0.130545293019225,13,12.6779804229736,7.35938789849386,1041.80471709595,0.842954488044236,99.8660847205305,118.8
MOZ,Mozambique,Sub-Saharan Africa,Low income,IDA,2007,155.861,0.139152003802316,12.4,15.0729103088379,5.11813481404295,1095.12568701598,0.91,99.9206427995285,110.7
MOZ,Mozambique,Sub-Saharan Africa,Low income,IDA,2008,158.621,0.126400270792151,13.6,17.2325000762939,4.27502296305138,1141.94256161019,1.56,99.9194122298366,104.4
MOZ,Mozambique,Sub-Saharan Africa,Low income,IDA,2009,160.505,0.128933975331307,15,20.2017803192139,3.21964861492762,1178.70909947834,2.68,99.9262656553184,98.3
MOZ,Mozambique,Sub-Saharan Africa,Low income,IDA,2010,161.838,0.128056333775007,18.9,22.5305413242969,3.86194568743883,1224.23020471309,4.17,99.8571172248804,95.6
MOZ,Mozambique,Sub-Saharan Africa,Low income,IDA,2011,164.848,0.140855066068132,20.2,24.072161852572,4.19033881987379,1275.52959822581,4.599999905,99.3869708796157,91.1
MOZ,Mozambique,Sub-Saharan Africa,Low income,IDA,2012,167.545,0.144333684846279,21.2,24.0955956725326,4.93805479095479,1338.51594866104,5,99.3527415491083,86.5
MOZ,Mozambique,Sub-Saharan Africa,Low income,IDA,2013,170.249,0.14740185471113,22.4,32.5833282470703,3.53500457192386,1385.83254864214,5.5,98.6881994237084,82.9
MOZ,Mozambique,Sub-Saharan Africa,Low income,IDA,2014,170.375,0.154869568665019,24.8,32.2183418273926,4.62514159794316,1449.92926632722,6,98.7634232264334,79.7
MOZ,Mozambique,Sub-Saharan Africa,Low income,IDA,2015,168.903,0.160828369841243,24,32.985279083252,4.32231286612486,1512.5997455554,6.5,92.6451909056543,75.8
MOZ,Mozambique,Sub-Saharan Africa,Low income,IDA,2016,167.354,0.198180546410722,26.2,,1.67319789859388,1537.90853271216,7,82.5094766768453,73.3
MOZ,Mozambique,Sub-Saharan Africa,Low income,IDA,2017,165.462,0.192629988445369,24.3,35.2994499206543,-0.38371430909207,1532.0073576114,7.7963266079129,80.0875184219476,72
MOZ,Mozambique,Sub-Saharan Africa,Low income,IDA,2018,163.386,0.180392262798751,31.1,,0.445674338631605,1538.83512127022,10.899999619999999,81.5391750773,70.2
MOZ,Mozambique,Sub-Saharan Africa,Low income,IDA,2019,161.32,0.188866577531266,29.7,,-0.646283515954551,1528.88988354373,12.47929955,78.6967813306643,68.6
MOZ,Mozambique,Sub-Saharan Africa,Low income,IDA,2020,159.032,0.176222454769451,30.6,,-4.10527399484737,1466.12476474476,14.28740025,83.2454277906243,67.6
MOZ,Mozambique,Sub-Saharan Africa,Low income,IDA,2021,156.822,0.197895373916822,31.5,,-0.606316436997986,1457.23540930922,16.35759926,82.7092499337397,65.5
MOZ,Mozambique,Sub-Saharan Africa,Low income,IDA,2022,155.276,0.225967661861337,33.2,,1.33807617743051,1476.73432917026,18.96220016,,63.9
MRT,Mauritania,Sub-Saharan Africa,Lower middle income,IDA,2000,89.946,0.0808421785796285,19.1,15.1392002105713,-6.555624764896,5008.60806518774,0.192031462434805,0,98
MRT,Mauritania,Sub-Saharan Africa,Lower middle income,IDA,2001,91.034,0.0901421227945509,22.2,17.7171096801758,-3.21840326025114,4847.41085992453,0.261448551967195,0,93.4
MRT,Mauritania,Sub-Saharan Africa,Lower middle income,IDA,2002,90.649,0.0987281134280728,21.7,17.8554096221924,-0.835751864319576,4806.89853329148,0.363229414608579,0,88.2
MRT,Mauritania,Sub-Saharan Africa,Lower middle income,IDA,2003,91.322,0.096828016737396,23,19.2371807098389,4.50921935163325,5023.65213216804,0.424004895843197,0,82.8
MRT,Mauritania,Sub-Saharan Africa,Lower middle income,IDA,2004,96.543,0.100843052271435,24.3,20.1336193084717,2.30058501496531,5139.22552032468,0.481470438230954,0,77.5
MRT,Mauritania,Sub-Saharan Africa,Lower middle income,IDA,2005,98.479,0.0961100260071123,18.2,20.7180900573731,5.96595707845833,5445.82950903243,0.670000017,0,72.5
MRT,Mauritania,Sub-Saharan Africa,Lower middle income,IDA,2006,100.627,0.0892504746270242,27,20.9435291290283,15.4039449751116,6284.70209004217,0.979700029,0,68.1
MRT,Mauritania,Sub-Saharan Africa,Lower middle income,IDA,2007,102.838,0.101298288197377,33,,-4.48587323087267,6002.77832134488,1.433599949,0,64.3
MRT,Mauritania,Sub-Saharan Africa,Lower middle income,IDA,2008,102.904,0.113631228722507,30,17.1987209320068,-3.15557607122382,5813.35608502791,1.870000005,0,61.3
MRT,Mauritania,Sub-Saharan Africa,Lower middle income,IDA,2009,102.202,0.113223201207108,31.1,17.876070022583,-2.9856873273381,5639.78744910419,2.279999971,0,58.8
MRT,Mauritania,Sub-Saharan Africa,Lower middle income,IDA,2010,101.835,0.110837268487232,34.2,18.2780303955078,-0.603277353696114,5605.76388862715,4,0,56.8
MRT,Mauritania,Sub-Saharan Africa,Lower middle income,IDA,2011,101.953,0.11438151111033,35.3,20.1222400665283,0.84650929364669,5653.21720092427,4.5,0,55.1
MRT,Mauritania,Sub-Saharan Africa,Lower middle income,IDA,2012,101.637,0.122128008845776,36.4,23.9687918780301,1.11502443614368,5716.25195414285,5,0,53.5
MRT,Mauritania,Sub-Saharan Africa,Lower middle income,IDA,2013,100.99,0.107458452123471,37.6,27.9143759343964,0.93552130503231,5769.72870902318,6.199999809,4.81936611914202,52.1
MRT,Mauritania,Sub-Saharan Africa,Lower middle income,IDA,2014,99.962,0.119405946512969,38.8,28.0396485304939,1.18070234091525,5837.85203095508,11.80000019,5.09783183500793,50.6
MRT,Mauritania,Sub-Saharan Africa,Lower middle income,IDA,2015,98.982,0.116452148424601,39.5,28.8231465861958,2.25580164145644,5969.54239289516,17.60000038,13.4185763996129,49.1
MRT,Mauritania,Sub-Saharan Africa,Lower middle income,IDA,2016,97.886,0.10948347861299,41.2,30.5243563459821,-1.7297966805089,5866.28144674129,19.23279953,15.718966846569,47.7
MRT,Mauritania,Sub-Saharan Africa,Lower middle income,IDA,2017,96.818,0.149508876696679,42.9,30.7430804973383,3.14237150374205,6050.62180325299,21.01720047,13.9114686433896,46.2
MRT,Mauritania,Sub-Saharan Africa,Lower middle income,IDA,2018,95.559,0.166170005949676,43.6,34.754930908232,1.70257045496822,6153.63790241704,22.96699905,19.2089904677665,44.7
MRT,Mauritania,Sub-Saharan Africa,Lower middle income,IDA,2019,94.333,0.162951110495642,44.9,37.5735638620028,0.13930852413786,6162.21044455969,25.0977993,19.7933163529678,43.4
MRT,Mauritania,Sub-Saharan Africa,Lower middle income,IDA,2020,92.93,0.168979902946345,45.4,36.1789325617578,-3.22895410826938,5963.23549724988,29.90649986,18.9100619853438,42
MRT,Mauritania,Sub-Saharan Africa,Lower middle income,IDA,2021,91.693,0.15961771533151,47.7,,-2.12417720362249,5836.56580821897,35.63660049,19.3554142491133,40.7
MRT,Mauritania,Sub-Saharan Africa,Lower middle income,IDA,2022,90.246,0.170305073573219,49,,3.71273074182706,6053.26178124768,42.46450043,,39.4
MUS,Mauritius,Sub-Saharan Africa,Upper middle income,IBRD,2000,37.723,0.15392969302044,99,74.4722366333008,7.14471594691585,13373.655799097,7.28153511499385,29.5691788526434,18.8
MUS,Mauritius,Sub-Saharan Africa,Upper middle income,IBRD,2001,34.884,0.157496438555163,99.2,79.2426376342773,2.53426285301911,13712.5793901042,8.78090401892036,28.6896912611198,17.5
MUS,Mauritius,Sub-Saharan Africa,Upper middle income,IBRD,2002,35.18,0.158208952449772,99.4,82.4899520874023,0.91191021688131,13837.6258025605,10.252624671916,27.5861538461538,16.6
MUS,Mauritius,Sub-Saharan Africa,Upper middle income,IBRD,2003,34.917,0.156398555018203,99.1,85.3790588378906,5.16167044757967,14551.8784442579,12.1871062041308,27.223823246878,16
MUS,Mauritius,Sub-Saharan Africa,Upper middle income,IBRD,2004,35.548,0.151177794016473,99,85.8464736938477,3.67780930188415,15087.0687832797,13.6890885885342,27.3565819861432,15.7
MUS,Mauritius,Sub-Saharan Africa,Upper middle income,IBRD,2005,34.048,0.158906137976106,99,87.766487121582,1.17669908705355,15264.5981839157,15.1722002,25.0083626760563,15.6
MUS,Mauritius,Sub-Saharan Africa,Upper middle income,IBRD,2006,32.907,0.168978894959512,99,88.2761993408203,4.3775868209086,15932.8192222795,16.7,22.2468085106383,15.4
MUS,Mauritius,Sub-Saharan Africa,Upper middle income,IBRD,2007,33.568,0.164194362683613,99,88.2235717773438,5.28311581104207,16774.5685137565,20.22,22.4008113590264,15.2
MUS,Mauritius,Sub-Saharan Africa,Upper middle income,IBRD,2008,32.825,0.159045078730665,99,87.8380432128906,5.08235833519142,17627.1121948078,21.81,23.2620258114978,15
MUS,Mauritius,Sub-Saharan Africa,Upper middle income,IBRD,2009,31.577,0.151677112391407,99,88.413818359375,3.08941590518148,18171.6870025783,22.51,23.6298020954598,14.9
MUS,Mauritius,Sub-Saharan Africa,Upper middle income,IBRD,2010,30.745,0.155325261360561,99.4,88.7164688110352,4.14867580867737,18925.5713852829,28.33,21.4957233172183,14.8
MUS,Mauritius,Sub-Saharan Africa,Upper middle income,IBRD,2011,30.324,0.148363436328461,99.6,90.4235763549805,3.9789069685684,19678.6022639733,34.95000076,20.069733479372,14.9
MUS,Mauritius,Sub-Saharan Africa,Upper middle income,IBRD,2012,29.525,0.146749770828215,99.4,94.0829963073677,3.22396185289575,20313.0328941469,35.42,20.2884203002144,15
MUS,Mauritius,Sub-Saharan Africa,Upper middle income,IBRD,2013,26.724,0.146230612300373,99.4,95.0431976318359,3.14746046384803,20952.3775734986,40.116825135,20.6222299168975,14.9
MUS,Mauritius,Sub-Saharan Africa,Upper middle income,IBRD,2014,24.774,0.145664791526245,99.5,97.9171913191615,3.66990365786847,21721.3096444788,44.8032753683379,20.3517194416071,14.7
MUS,Mauritius,Sub-Saharan Africa,Upper middle income,IBRD,2015,23.288,0.140450610839904,99.6,95.9186994275233,3.58042781630353,22499.0254570551,50.1393184766711,22.7630964297631,14.5
MUS,Mauritius,Sub-Saharan Africa,Upper middle income,IBRD,2016,23.523,0.137710923594659,99.7,96.6578558308319,3.81440765602909,23357.230006621,52.19129944,21.9023668639053,14.6
MUS,Mauritius,Sub-Saharan Africa,Upper middle income,IBRD,2017,24.027,0.137106615887942,99.6,95.6264935299157,3.86072669871569,24258.988821567,55.4032403002657,20.1991022763706,15
MUS,Mauritius,Sub-Saharan Africa,Upper middle income,IBRD,2018,23.33,0.130580608480321,99.8,93.8197294421645,4.05992866276578,25243.886462031,58.596169704299,20.9274992015331,15.4
MUS,Mauritius,Sub-Saharan Africa,Upper middle income,IBRD,2019,22.83,0.127961307564816,100,94.0894965817278,2.83079852696363,25958.4900281465,61.7299551453346,21.9524103831891,15.7
MUS,Mauritius,Sub-Saharan Africa,Upper middle income,IBRD,2020,22.846,0.132813911940365,99.5,91.3439926033381,-14.1994012536253,22272.5398696677,67.73290684,24.1485079805691,15.8
MUS,Mauritius,Sub-Saharan Africa,Upper middle income,IBRD,2021,21.346,0.136859696452084,99.6,,3.31197751733502,23010.2013826906,71.59999847,21.682820855615,15.7
MUS,Mauritius,Sub-Saharan Africa,Upper middle income,IBRD,2022,20.064,0.128285326921199,100,,8.66948184722258,25005.0666145723,75.5,,15.5
MWI,Malawi,Sub-Saharan Africa,Low income,IDA,2000,154.744,0.220921595368936,4.8,26.2098903656006,-0.830828162365975,1239.39174838676,0.126780944756387,93.2040184934126,171
MWI,Malawi,Sub-Saharan Africa,Low income,IDA,2001,153.767,0.237605150063899,5.2,27.5069007873535,-7.24640554406461,1149.58039601898,0.164020725330811,93.2243288490792,239
MWI,Malawi,Sub-Saharan Africa,Low income,IDA,2002,152.725,0.230969905856081,5.6,26.6317901611328,-0.760072947056585,1140.84274642418,0.21509472652259,93.2813792432327,143.2
MWI,Malawi,Sub-Saharan Africa,Low income,IDA,2003,154.279,0.220387465706251,6.2,,3.09254835285383,1176.12385998737,0.278815116302304,97.5883961555069,130
MWI,Malawi,Sub-Saharan Africa,Low income,IDA,2004,156.414,0.208347172760175,6.9,24.9910697937012,2.72895046279207,1208.2196975075,0.347505334967577,94.5017356824355,118.7
MWI,Malawi,Sub-Saharan Africa,Low income,IDA,2005,158.396,0.228776288804613,6.6,24.8580207824707,0.539880654549222,1214.7426419188,0.384499997,94.5417995286289,109.7
MWI,Malawi,Sub-Saharan Africa,Low income,IDA,2006,156.845,0.23187418501353,3.7,26.8940505981445,1.85481455109522,1237.27386519947,0.425099999,94.5552863465938,102.7
MWI,Malawi,Sub-Saharan Africa,Low income,IDA,2007,153.372,0.227923291402717,7.4,26.4809303283691,6.55134655734449,1318.33196397214,0.965864736553132,94.5679503764885,96.9
MWI,Malawi,Sub-Saharan Africa,Low income,IDA,2008,149.444,0.222356063698455,7.8,28.9009094238281,4.5585561584534,1378.42886690465,0.7,99.0987334519106,91
MWI,Malawi,Sub-Saharan Africa,Low income,IDA,2009,146.351,0.199229050577674,8.3,30.1589107513428,5.17234875360792,1449.72601522136,1.07,98.90887369021,85.3
MWI,Malawi,Sub-Saharan Africa,Low income,IDA,2010,143.882,0.201084420576279,8.7,31.2023279228704,3.76961752338009,1504.37514113215,2.26,98.940366779974,80.1
MWI,Malawi,Sub-Saharan Africa,Low income,IDA,2011,140.716,0.245223486811632,7.6,32.4309158727431,1.91798932347378,1533.22889572405,3.33,98.7072122599712,74
MWI,Malawi,Sub-Saharan Africa,Low income,IDA,2012,138.194,0.238286282543465,7.4,32.3157881419039,-0.983601161818072,1518.14803849238,4.350599766,98.7086612557333,67.9
MWI,Malawi,Sub-Saharan Africa,Low income,IDA,2013,135.531,0.19980665754134,9,35.4070171986027,2.46076368480048,1555.50607410511,5.050000191,98.8110433994894,62.9
MWI,Malawi,Sub-Saharan Africa,Low income,IDA,2014,132.107,0.187233669322871,11.9,37.2084539407515,2.70386402914775,1597.56484331405,5.829999924,98.8487378990806,60
MWI,Malawi,Sub-Saharan Africa,Low income,IDA,2015,128.196,0.179833342288968,10.8,37.6379016435624,0.00792518281976129,1597.69145324855,6,99.1033497131894,57.4
MWI,Malawi,Sub-Saharan Africa,Low income,IDA,2016,125.062,0.175336369523935,11,35.6916809082031,-0.256367435160101,1593.59549264808,6.300000191,96.8171633319843,55.8
MWI,Malawi,Sub-Saharan Africa,Low income,IDA,2017,123.466,0.185847473759483,12.7,39.0289251751713,1.22138049385239,1613.0593571462,7,84.490707757445,53.8
MWI,Malawi,Sub-Saharan Africa,Low income,IDA,2018,122.398,0.179747200483722,18,38.1734496554461,1.60299745635619,1638.91665761076,8.798299789,80.1516356502837,52
MWI,Malawi,Sub-Saharan Africa,Low income,IDA,2019,120.579,0.174674743841031,11.2,31.9471376555901,2.9515101541935,1687.28944917892,11.05860043,79.2537614214722,51.3
MWI,Malawi,Sub-Saharan Africa,Low income,IDA,2020,118.757,0.160903253517037,11.5,43.9545178667563,-1.82835240679078,1656.43985192533,13.89949989,79.2790825153742,50.4
MWI,Malawi,Sub-Saharan Africa,Low income,IDA,2021,116.517,0.180863325155249,14.2,36.1013396035833,1.88076432929152,1687.59358179651,15.30300045,80.0551584735492,50
MWI,Malawi,Sub-Saharan Africa,Low income,IDA,2022,115.047,0.164082202257199,14,35.8626281732909,-1.63749399398691,1659.95933825168,16.84830093,,50.1
MYS,Malaysia,East Asia & Pacific,Upper middle income,IBRD,2000,12.357,0.307196022452929,98.6,80.8184204101562,6.33603610574379,18532.9096706227,21.3847311644538,10.9232690780449,9.9
MYS,Malaysia,East Asia & Pacific,Upper middle income,IBRD,2001,14.034,0.323485033836387,98.6,80.0183334350586,-1.86947729075297,18186.4411330146,26.6959725007084,9.33847279275224,9.3
MYS,Malaysia,East Asia & Pacific,Upper middle income,IBRD,2002,13.449,0.324996049564441,98.6,80.0127487182617,2.87262555049826,18708.8694877279,32.3382043389359,8.06362375250845,8.8
MYS,Malaysia,East Asia & Pacific,Upper middle income,IBRD,2003,13.192,0.328168425373296,98.7,86.7379989624023,3.31466734765901,19329.0062757538,34.9711523397291,7.21783124545999,8.6
MYS,Malaysia,East Asia & Pacific,Upper middle income,IBRD,2004,12.733,0.332928299031517,98.7,87.0565872192383,4.34321310786574,20168.5062099425,42.2522656295248,7.4770672305673,8.4
MYS,Malaysia,East Asia & Pacific,Upper middle income,IBRD,2005,12.145,0.33755688814677,98.7,81.4064178466797,2.97037127170485,20767.5857243346,48.6291702459839,7.99419399320213,8.3
MYS,Malaysia,East Asia & Pacific,Upper middle income,IBRD,2006,11.541,0.331369599981578,98.8,80.2904510498047,3.25940653936949,21444.4857715028,51.6379889864403,7.83366358677502,8.3
MYS,Malaysia,East Asia & Pacific,Upper middle income,IBRD,2007,11.496,0.340218750009606,98.9,78.2031784057617,4.01330440274728,22305.118263117,55.7,7.01503343041142,8.3
MYS,Malaysia,East Asia & Pacific,Upper middle income,IBRD,2008,12.641,0.342354259616609,99,78.7946472167969,2.65806478779189,22898.0027575442,55.8,8.91908058199814,8.2
MYS,Malaysia,East Asia & Pacific,Upper middle income,IBRD,2009,13.417,0.318317789207419,99.3,78.8667907714844,-3.45602642616269,22106.6417311801,55.9,6.86623621802884,8.2
MYS,Malaysia,East Asia & Pacific,Upper middle income,IBRD,2010,13.684,0.32265134103183,99.5,81.1128234863281,5.43424070379723,23307.9698543785,56.3,6.18425945218214,8.1
MYS,Malaysia,East Asia & Pacific,Upper middle income,IBRD,2011,13.737,0.310369855777039,99.5,81.9482421875,3.46597439015295,24115.8181203958,61,6.72431796910653,8.1
MYS,Malaysia,East Asia & Pacific,Upper middle income,IBRD,2012,13.33,0.296318323260507,99.8,84.8274688720703,3.69276569143121,25006.3587781537,65.8,8.07488052168476,8
MYS,Malaysia,East Asia & Pacific,Upper middle income,IBRD,2013,13.349,0.30538613855137,99.6,85.4070587158203,2.91923259894287,25736.3525554142,57.05751226,9.48138751554052,8
MYS,Malaysia,East Asia & Pacific,Upper middle income,IBRD,2014,12.866,0.305372818385554,99.7,88.8742599487305,4.20447757863825,26818.4317281659,63.6654258813225,9.8581474198142,8.1
MYS,Malaysia,East Asia & Pacific,Upper middle income,IBRD,2015,11.778,0.292276869860061,99.9,87.3510665893555,3.28578556272301,27699.6278860387,71.0640678111957,11.1399690926289,8.2
MYS,Malaysia,East Asia & Pacific,Upper middle income,IBRD,2016,10.46,0.273876607502469,99.9,84.7308502197266,2.62004557566016,28425.3707609412,78.7883099275229,13.6708603818387,8.2
MYS,Malaysia,East Asia & Pacific,Upper middle income,IBRD,2017,9.505,0.248737215053956,100,83.2714004516602,3.96186564548185,29551.5457597197,80.1404790103961,17.0428740767758,8.2
MYS,Malaysia,East Asia & Pacific,Upper middle income,IBRD,2018,8.878,0.253659043304988,100,79.4510116577148,3.07401779071937,30459.9655338061,81.2010486181174,16.708568144634,8.2
MYS,Malaysia,East Asia & Pacific,Upper middle income,IBRD,2019,8.45,0.243778763301127,100,79.9411773681641,2.75950122381441,31300.5086554849,84.1871450078281,16.1802896340609,8.2
MYS,Malaysia,East Asia & Pacific,Upper middle income,IBRD,2020,7.634,0.255742165176863,100,77.4047622680664,-6.7093351308522,29200.452632127,89.55501192,17.5700692538273,8.2
MYS,Malaysia,East Asia & Pacific,Upper middle income,IBRD,2021,6.364,0.252265061551811,100,78.5013407999187,2.13146199778431,29822.8491831618,96.7514278,16.9995110757999,8.2
MYS,Malaysia,East Asia & Pacific,Upper middle income,IBRD,2022,5.975,0.248474712852637,100,82.2986504789168,7.73357563754043,32129.2217820113,97.3986404,,8.2
NAM,Namibia,Sub-Saharan Africa,Lower middle income,IBRD,2000,83.882,0.134022467799511,36.5,66.3425064086914,1.08624861082079,7858.38789521253,1.64473954726899,92.771855010661,78.2
NAM,Namibia,Sub-Saharan Africa,Lower middle income,IBRD,2001,79.963,0.16947462686801,36,70.4965362548828,-0.914261311645021,7786.54169496761,2.41697944170998,,77.6
NAM,Namibia,Sub-Saharan Africa,Lower middle income,IBRD,2002,76.292,0.140670587857361,36.9,68.4618530273438,2.96331356534192,8017.28134128559,2.63369976876116,,76.6
NAM,Namibia,Sub-Saharan Africa,Lower middle income,IBRD,2003,75.469,0.144046927325275,37.8,67.7303466796875,2.74512795300122,8237.36597245597,3.35983988553801,,75.6
NAM,Namibia,Sub-Saharan Africa,Lower middle income,IBRD,2004,74.086,0.135206999496811,38.7,67.1026916503906,10.8464095671906,9130.82442337694,3.8047156152631,,74.4
NAM,Namibia,Sub-Saharan Africa,Lower middle income,IBRD,2005,74.71,0.141331879541876,39.6,65.8467407226562,1.25193634526472,9245.1365329555,4.010000229,95.5192539109507,71
NAM,Namibia,Sub-Saharan Africa,Lower middle income,IBRD,2006,75.43,0.129966557442146,40.5,65.4616622924805,5.71286099626298,9773.29833199798,4.39887064732726,95.2157960199005,66
NAM,Namibia,Sub-Saharan Africa,Lower middle income,IBRD,2007,75.414,0.126677567348106,43.7,66.3780670166016,3.97963640998429,10162.2400708746,4.83561077833704,93.3846641318124,62
NAM,Namibia,Sub-Saharan Africa,Lower middle income,IBRD,2008,76.027,0.140769842649904,42.4,,1.22288329166788,10286.5124067605,5.32900377208954,70.8138500635324,57.5
NAM,Namibia,Sub-Saharan Africa,Lower middle income,IBRD,2009,77.097,0.144677475929246,44.1,,-1.16873879710282,10166.2899453939,6.5,66.1085790884719,53.2
NAM,Namibia,Sub-Saharan Africa,Lower middle income,IBRD,2010,78.508,0.119871350541853,44.4,71.5850049614779,4.40996877603639,10614.6201576671,11.6,97.7798165137615,50.3
NAM,Namibia,Sub-Saharan Africa,Lower middle income,IBRD,2011,78.949,0.120943072883622,42.3,75.9020999319308,3.30348908465837,10965.2729759535,12,,50
NAM,Namibia,Sub-Saharan Africa,Lower middle income,IBRD,2012,80.202,0.120988541926237,46.4,77.4235835218031,2.74809367129893,11266.6089486464,12.94139957,88.7000607164542,52.6
NAM,Namibia,Sub-Saharan Africa,Lower middle income,IBRD,2013,78.625,0.118868275596361,47.4,79.1245312674155,2.90208375663774,11593.5753768689,13.899999619999999,,50.8
NAM,Namibia,Sub-Saharan Africa,Lower middle income,IBRD,2014,76.954,0.115716429329237,48.4,79.8738123230912,3.35635017944713,11982.6963648348,14.84000015,,50
NAM,Namibia,Sub-Saharan Africa,Lower middle income,IBRD,2015,75.199,0.123449664582486,51.6,81.7415343444417,1.53445826192009,12166.5658392058,25.68790054,94.7961290322581,51.8
NAM,Namibia,Sub-Saharan Africa,Lower middle income,IBRD,2016,74.209,0.134917868781774,49.7,82.4628831856333,-2.62833210419717,11846.7880832757,31.0333004,,51.4
NAM,Namibia,Sub-Saharan Africa,Lower middle income,IBRD,2017,73.644,0.131248264278601,52.5,82.9187287944073,-3.69773452685817,11408.7253099967,36.83739853,85.3363844393593,49.8
NAM,Namibia,Sub-Saharan Africa,Lower middle income,IBRD,2018,73.17,0.131812668390965,52.3,82.4447917914626,-1.70342664632669,11214.38604306,42.8207016,94.9669302659957,48.5
NAM,Namibia,Sub-Saharan Africa,Lower middle income,IBRD,2019,71.902,0.134595932627652,53.3,83.3997206880115,-3.57649160039189,10813.3044681944,49.77590179,,46.6
NAM,Namibia,Sub-Saharan Africa,Lower middle income,IBRD,2020,70.074,0.134570103099488,52.3,87.2617411950085,-10.7372931134497,9652.24827219463,57.8608017,85.3302845528455,44.8
NAM,Namibia,Sub-Saharan Africa,Lower middle income,IBRD,2021,68.37,0.1357855095872,55.2,87.1498788500333,0.588992664401843,9709.09930646771,60.25999832,93.3683473389356,43.2
NAM,Namibia,Sub-Saharan Africa,Lower middle income,IBRD,2022,66.897,0.124470257789014,56.2,86.1980083129179,2.51308808227621,9953.09752403491,62.99720001,,41.6
NCL,New Caledonia,East Asia & Pacific,High income,Not classified,2000,26.583,,100,,0.0082048320171566,,13.9395488232698,27.2922313929036,
NCL,New Caledonia,East Asia & Pacific,High income,Not classified,2001,25.545,,100,,,,18.2371097828416,21.6328914798621,
NCL,New Caledonia,East Asia & Pacific,High income,Not classified,2002,23.203,,100,,,,22.389797417113,18.8040881186195,
NCL,New Caledonia,East Asia & Pacific,High income,Not classified,2003,20.158,,100,,,,26.4083344703588,18.6701858372346,
NCL,New Caledonia,East Asia & Pacific,High income,Not classified,2004,18.647,,100,,,,30.2980462088488,20.1091880036237,
NCL,New Caledonia,East Asia & Pacific,High income,Not classified,2005,20.091,,100,,,,32.3590147531561,18.9732616913732,
NCL,New Caledonia,East Asia & Pacific,High income,Not classified,2006,20.571,,100,,,,33.5157146807209,16.936039340691,
NCL,New Caledonia,East Asia & Pacific,High income,Not classified,2007,20.879,,100,,,,35.05,22.205096268618,
NCL,New Caledonia,East Asia & Pacific,High income,Not classified,2008,21.159,,100,,,,34.51,26.3970564777694,
NCL,New Caledonia,East Asia & Pacific,High income,Not classified,2009,21.44,,100,,,,33.99,22.5502338959803,
NCL,New Caledonia,East Asia & Pacific,High income,Not classified,2010,21.78,,100,,,,42,15.0033071730472,
NCL,New Caledonia,East Asia & Pacific,High income,Not classified,2011,21.752,,100,,,,50,18.8407016549385,
NCL,New Caledonia,East Asia & Pacific,High income,Not classified,2012,21.564,,100,,,,58,20.090236214276,
NCL,New Caledonia,East Asia & Pacific,High income,Not classified,2013,20.261,,100,,,,66,20.5069961476277,
NCL,New Caledonia,East Asia & Pacific,High income,Not classified,2014,19.035,,100,,,,70,11.6704585083946,
NCL,New Caledonia,East Asia & Pacific,High income,Not classified,2015,18.023,,100,,,,74.00175279141,14.0896454076623,
NCL,New Caledonia,East Asia & Pacific,High income,Not classified,2016,16.944,,100,,,,,9.23145737152351,
NCL,New Caledonia,East Asia & Pacific,High income,Not classified,2017,15.744,,100,,,,82.0058408035186,13.4521618992745,
NCL,New Caledonia,East Asia & Pacific,High income,Not classified,2018,14.944,,100,,0.401770467057673,,,11.7467848956794,
NCL,New Caledonia,East Asia & Pacific,High income,Not classified,2019,13.927,,100,,-1.42259824757296,,,13.7403595501573,
NCL,New Caledonia,East Asia & Pacific,High income,Not classified,2020,13.159,,100,,-2.59576601107399,,,15.6038986547723,
NCL,New Caledonia,East Asia & Pacific,High income,Not classified,2021,12.373,,100,,-2.4562945690604,,,22.4774047218117,
NCL,New Caledonia,East Asia & Pacific,High income,Not classified,2022,12.148,,100,,2.8118576387978,,,,
NER,Niger,Sub-Saharan Africa,Low income,IDA,2000,206.236,0.0508983637318439,6.5,4.98891019821167,-4.57504226731116,1197.63477205432,0.0362612938065891,0.388349514563107,227.9
NER,Niger,Sub-Saharan Africa,Low income,IDA,2001,206.357,0.0477539964283682,8.4,4.9542498588562,3.56959177749576,1240.385444402,0.10518543139701,0.555555555555556,217.4
NER,Niger,Sub-Saharan Africa,Low income,IDA,2002,203.061,0.0472815470442951,8.8,4.93831014633179,1.27795509678579,1256.23701340852,0.127152468779619,0.523560209424084,205.9
NER,Niger,Sub-Saharan Africa,Low income,IDA,2003,199.992,0.050270695925288,9.3,5.46088981628418,-1.40492633289823,1238.58780880353,0.155698703668983,0.56701030927835006,194.1
NER,Niger,Sub-Saharan Africa,Low income,IDA,2004,196.046,0.0523452204956222,9.7,6.5729398727417,-3.18333778722413,1199.15937505794,0.189933733703092,0.634146341463415,182.4
NER,Niger,Sub-Saharan Africa,Low income,IDA,2005,198.978,0.0467840520152624,7.1,7.39444017410278,3.50589535528762,1241.20064789059,0.221300006,0.698689956331878,171.4
NER,Niger,Sub-Saharan Africa,Low income,IDA,2006,201.456,0.0443194343814301,9.3,8.45728969573975,2.12703436992842,1267.601412271,0.294,0.825688073394495,161.6
NER,Niger,Sub-Saharan Africa,Low income,IDA,2007,204.311,0.0466623577281071,11.2,8.04238986968994,-0.585038841788489,1260.18545165015,0.390399992,0.803571428571428,153.1
NER,Niger,Sub-Saharan Africa,Low income,IDA,2008,202.098,0.0452889626776874,11.8,8.25140953063965,3.81608288917157,1308.2751730424,0.7,0.87719298245614,146
NER,Niger,Sub-Saharan Africa,Low income,IDA,2009,200.133,0.0553385393400698,12.3,8.63199996948242,-1.75785643451498,1285.27757373191,0.76,0.778210116731518,140.3
NER,Niger,Sub-Saharan Africa,Low income,IDA,2010,196.63,0.0648003204777533,13.6,10.5467544710513,4.60766589552573,1344.4988701596,0.829999983,1.16040955631399,136
NER,Niger,Sub-Saharan Africa,Low income,IDA,2011,191.96,0.0647127602446116,14.3,10.916829239485,-1.38136228282855,1325.92646987416,0.9,1.4327485380117,132.7
NER,Niger,Sub-Saharan Africa,Low income,IDA,2012,187.111,0.081626228558857,14.4,12.1001362710247,6.45537638540985,1411.52001409831,1.049999952,1.62907268170426,130.3
NER,Niger,Sub-Saharan Africa,Low income,IDA,2013,183.74,0.0768277915977527,15.2,13.1905159332884,1.43045373805732,1431.71115490341,1.149999976,1.8510158013544,128.3
NER,Niger,Sub-Saharan Africa,Low income,IDA,2014,180.056,0.0778743576879018,15.7,15.0409626668381,2.77949866185601,1471.50554729559,1.24867568902241,2.21218961625282,126.8
NER,Niger,Sub-Saharan Africa,Low income,IDA,2015,178.4,0.07350670412877,16.6,16.6576291122559,0.604320140159473,1480.39815168147,2.476200104,2.14689265536723,125.4
NER,Niger,Sub-Saharan Africa,Low income,IDA,2016,177.529,0.0704108461229682,17,19.4438558469203,0.519341979477275,1488.08648074655,4.322800159,1.89033189033189,124.3
NER,Niger,Sub-Saharan Africa,Low income,IDA,2017,170.649,0.0607633253143369,17.6,20.3042793946679,1.84106184580625,1515.48307317618,10.2243115586561,2.63345195729537,123.1
NER,Niger,Sub-Saharan Africa,Low income,IDA,2018,163.784,0.0583963633643046,17.6,,3.26870208925641,1565.01970005142,10.74180031,8.59888059701493,121.9
NER,Niger,Sub-Saharan Africa,Low income,IDA,2019,157.051,0.064424055773155,18.5,,2.56706453200282,1605.19476569029,11.28549957,6.87910447761194,120.8
NER,Niger,Sub-Saharan Africa,Low income,IDA,2020,152.034,0.06262510981072,18.7,,1.06429267675003,1622.27873602911,11.85680008,6.84843982169391,119.5
NER,Niger,Sub-Saharan Africa,Low income,IDA,2021,148.248,0.0734802916438385,18.6,,-2.12237799775981,1587.84784907329,12.45689964,7.8251273344652,118
NER,Niger,Sub-Saharan Africa,Low income,IDA,2022,146.929,0.0737004065230483,19.5,,8.63112578820736,1724.89699425215,13.087499619999999,,116
NGA,Nigeria,Sub-Saharan Africa,Lower middle income,Blend,2000,133.779,0.162157997117112,43.2,21.7487506866455,2.24461411115027,4889.00321921229,0.0640808079494101,42.7572043723087,177.3
NGA,Nigeria,Sub-Saharan Africa,Lower middle income,Blend,2001,133.638,0.162494129996176,43.9,23.8450603485107,3.07926731848384,5039.54869754112,0.089901370457273,39.2408952959029,170.5
NGA,Nigeria,Sub-Saharan Africa,Lower middle income,Blend,2002,133.608,0.127481556407986,44.6,24.8241996765137,12.2103862832256,5654.89706044216,0.320461975542327,29.3003569140661,163.9
NGA,Nigeria,Sub-Saharan Africa,Lower middle income,Blend,2003,135.632,0.132821655093374,52.2,,4.42833467510151,5905.31482781101,0.558576244860521,37.8402202514375,157.4
NGA,Nigeria,Sub-Saharan Africa,Lower middle income,Blend,2004,130.462,0.117432016540077,46.1,30.0385608673096,6.26527336884554,6275.29894506434,1.28613764134527,32.905988461851,151.4
NGA,Nigeria,Sub-Saharan Africa,Lower middle income,Blend,2005,132.53,0.109290147316052,46.8,30.5882091522217,3.53183710665684,6496.93228175977,3.54915571796492,54.6550946233864,145.8
NGA,Nigeria,Sub-Saharan Africa,Lower middle income,Blend,2006,130.171,0.0927935251521676,47.6,29.7225399017334,3.17092810336581,6702.94533333874,5.54503608300536,44.9380403458213,140.9
NGA,Nigeria,Sub-Saharan Africa,Lower middle income,Blend,2007,127.22,0.0792256594213133,50.1,26.4539299011231,3.67720698169809,6949.42650711567,6.769999981,32.9041020658189,136.5
NGA,Nigeria,Sub-Saharan Africa,Lower middle income,Blend,2008,127.468,0.0805374369985806,50.3,30.5725002288818,3.83258898513756,7215.76946195762,8,33.0147898861976,132.5
NGA,Nigeria,Sub-Saharan Africa,Lower middle income,Blend,2009,127.793,0.0658634661444055,50,34.5709915161133,5.06718321394524,7581.40572089092,9.300000191,35.0682352941176,129.2
NGA,Nigeria,Sub-Saharan Africa,Lower middle income,Blend,2010,125.365,0.071145055060291,48,39.0084915161133,5.02853779304908,7962.63957281031,11.5,26.1201304584164,126.3
NGA,Nigeria,Sub-Saharan Africa,Lower middle income,Blend,2011,127.751,0.074442175870944,55.9,39.6406402587891,2.39734841627433,8153.53178650271,13.80000019,18.2071240105541,123.8
NGA,Nigeria,Sub-Saharan Africa,Lower middle income,Blend,2012,127.604,0.0702085606608005,53,42.4270210266113,1.37822146586619,8265.90551181051,16.10000038,17.1392242073073,121.6
NGA,Nigeria,Sub-Saharan Africa,Lower middle income,Blend,2013,127.747,0.0737691882979075,55.6,50.3317909240723,3.81449207687274,8581.20782264031,19.10000038,18.0403441289603,119.9
NGA,Nigeria,Sub-Saharan Africa,Lower middle income,Blend,2014,123.591,0.0743050535576767,54.2,40.3631896972656,3.53757268114983,8884.77428628672,21,15.0193983351993,118.7
NGA,Nigeria,Sub-Saharan Africa,Lower middle income,Blend,2015,114.881,0.069865123939595,52.5,41.8675918579102,0.0819795778135273,8892.05798673631,22.51420021,14.3507341670924,117.8
NGA,Nigeria,Sub-Saharan Africa,Lower middle income,Blend,2016,106.944,0.0740262319679896,59.3,37.2762603759766,-4.01892534265532,8534.69281482375,24.137500760000002,15.655989150574,117.4
NGA,Nigeria,Sub-Saharan Africa,Lower middle income,Blend,2017,100.798,0.069009917418383,54.4,,-1.61585537269663,8396.78452243227,25.87789917,22.2840172477798,117.2
NGA,Nigeria,Sub-Saharan Africa,Lower middle income,Blend,2018,96.601,0.0708404631919172,56.5,39.4427909851074,-0.406836852107517,8362.62330860296,27.74370003,21.1816543816544,117.2
NGA,Nigeria,Sub-Saharan Africa,Lower middle income,Blend,2019,92.622,0.0719917536108238,55.4,,-0.0100047582209584,8361.78664836,29.74410057,23.3914536960704,117.4
NGA,Nigeria,Sub-Saharan Africa,Lower middle income,Blend,2020,89.081,0.0725059071875464,55.4,43.9140815734863,-8.34242347890014,7664.21099575168,31.88879967,20.193785710674,117.4
NGA,Nigeria,Sub-Saharan Africa,Lower middle income,Blend,2021,88.457,0.0789363299041675,59.5,45.1787605285645,-0.988127022124459,7588.47885587002,35.50979996,22.2303049100539,117.6
NGA,Nigeria,Sub-Saharan Africa,Lower middle income,Blend,2022,87.26,0.0745938452528242,60.5,,2.15831409948197,7752.26206495247,39.14720154,,117.5
NIC,Nicaragua,Latin America & Caribbean,Lower middle income,IDA,2000,114.127,0.153875371883052,73,56.8607711791992,2.67944162568968,4878.2474679883,0.980216486692385,17.6435559336453,37.1
NIC,Nicaragua,Latin America & Caribbean,Lower middle income,IDA,2001,111.467,0.158305935415754,72.2,60.0477981567383,1.64157183542785,4958.32740448527,1.44879942820716,17.8849206349206,35.3
NIC,Nicaragua,Latin America & Caribbean,Lower middle income,IDA,2002,109.175,0.162593987297294,74.1,64.3938293457031,-0.460685992278769,4935.48508468148,1.71472958428668,24.6095419847328,33.8
NIC,Nicaragua,Latin America & Caribbean,Lower middle income,IDA,2003,108.676,0.173735504582452,74.6,,1.31955360750133,5000.61145616409,1.88041253242301,27.0739538239538,32.4
NIC,Nicaragua,Latin America & Caribbean,Lower middle income,IDA,2004,108.584,0.169213550270464,75.2,68.6075820922852,4.0749066715682,5204.38170601052,2.32066460863941,27.7245037645448,31.1
NIC,Nicaragua,Latin America & Caribbean,Lower middle income,IDA,2005,110.059,0.154112354849832,73.8,71.9072418212891,2.93169257880047,5356.95817825808,2.566400051,34.611274991806,29.7
NIC,Nicaragua,Latin America & Caribbean,Lower middle income,IDA,2006,109.741,0.156562965014477,76.3,72.6188430786133,2.67777444612834,5500.40543544526,2.8055730627337,30.0516911295469,28.4
NIC,Nicaragua,Latin America & Caribbean,Lower middle income,IDA,2007,108.877,0.154468770828692,76.9,75.9113464355469,3.57801456385216,5697.2107429964,3.9000000950000002,29.0046758104738,27.1
NIC,Nicaragua,Latin America & Caribbean,Lower middle income,IDA,2008,108.445,0.143482096737437,77.5,74.748046875,1.96391791132177,5809.09928522386,5.300000191,35.5376376078548,25.8
NIC,Nicaragua,Latin America & Caribbean,Lower middle income,IDA,2009,108.147,0.145089152673749,77.9,,-4.66051140515347,5538.36555049931,7.300000191,30.9241239501882,24.5
NIC,Nicaragua,Latin America & Caribbean,Lower middle income,IDA,2010,108.235,0.142803711049633,80.1,74.4894104003906,2.9388092403868,5701.12754906379,10,36.9855151680787,23.2
NIC,Nicaragua,Latin America & Caribbean,Lower middle income,IDA,2011,106.854,0.14037219473828,81.2,,4.82579847166105,5976.25247519395,10.6,33.9858823529412,21.9
NIC,Nicaragua,Latin America & Caribbean,Lower middle income,IDA,2012,105.702,0.130878113731953,81.3,,5.0120845551519,6275.78730248003,13.5,42.7231456214339,20.6
NIC,Nicaragua,Latin America & Caribbean,Lower middle income,IDA,2013,104.23,0.119374732782623,81.9,,3.47943447123747,6494.14920922407,15.5,52.3358943577431,19.4
NIC,Nicaragua,Latin America & Caribbean,Lower middle income,IDA,2014,103.165,0.120558616623679,81.9,,3.35791289379488,6712.21708286288,17.60000038,54.534188034188,18.3
NIC,Nicaragua,Latin America & Caribbean,Lower middle income,IDA,2015,102.074,0.128825185348255,83.2,,3.37914204919937,6939.03243274344,19.70429993,50.1023793931456,17.2
NIC,Nicaragua,Latin America & Caribbean,Lower middle income,IDA,2016,100.938,0.128250513864902,83.9,,3.16650951067395,7158.75755467501,24.57180023,52.7704203877151,16.1
NIC,Nicaragua,Latin America & Caribbean,Lower middle income,IDA,2017,99.952,0.121721332512474,84.6,,3.24691576299918,7391.19638215265,30.39999962,56.0517127071823,15.3
NIC,Nicaragua,Latin America & Caribbean,Lower middle income,IDA,2018,98.74,0.114826024367259,85.2,,-4.62941675714166,7049.02709828403,33.9129982,58.9514396218307,14.6
NIC,Nicaragua,Latin America & Caribbean,Lower middle income,IDA,2019,97.665,0.121529602387871,85.7,,-4.14856907147293,6756.59334024487,39.01079941,57.1488850021863,14.3
NIC,Nicaragua,Latin America & Caribbean,Lower middle income,IDA,2020,96.514,0.110820898480051,86,,-3.4517971097024,6523.36944661195,44.87490082,70.2186758111316,14.2
NIC,Nicaragua,Latin America & Caribbean,Lower middle income,IDA,2021,95.052,0.109766334139733,86.3,,9.13330612485078,7119.16874782601,51.62039948,69.5093757417517,14.2
NIC,Nicaragua,Latin America & Caribbean,Lower middle income,IDA,2022,94.053,0.107405423269558,86.5,,2.22851395042827,7277.82041652584,59.38000107,,14.3
NLD,Netherlands,Europe & Central Asia,High income,Not classified,2000,7.384,0.198245863251689,100,,3.4774247585043,56016.8327946434,43.984351373138,3.31471254365119,6.2
NLD,Netherlands,Europe & Central Asia,High income,Not classified,2001,7.57,0.198785984233534,100,121.740753173828,1.55411293814574,56887.3976406444,49.3730621073123,3.52561844057952,6
NLD,Netherlands,Europe & Central Asia,High income,Not classified,2002,7.34,0.198709296476323,100,119.29337310791,-0.391993507260253,56664.4027354437,61.29,4.14185099134204,5.9
NLD,Netherlands,Europe & Central Asia,High income,Not classified,2003,6.915,0.201192325825743,100,119.250862121582,-0.373308769807309,56452.8695506734,64.35,4.09206965646884,5.7
NLD,Netherlands,Europe & Central Asia,High income,Not classified,2004,6.233,0.1998566395661,100,116.085929870605,1.66241697012426,57391.3516342059,68.52,5.24308890074496,5.5
NLD,Netherlands,Europe & Central Asia,High income,Not classified,2005,5.728,0.191080019223134,100,116.514122009277,1.79587820013489,58422.0304069674,81,7.45283774181603,5.3
NLD,Netherlands,Europe & Central Asia,High income,Not classified,2006,5.257,0.179990127136922,100,117.278106689453,3.37113428384058,60391.5155033324,83.7,8.14500217538676,5.1
NLD,Netherlands,Europe & Central Asia,High income,Not classified,2007,5.11,0.174411575174581,100,118.606109619141,3.65969583887677,62601.6612832425,85.82,7.2103361384491,4.9
NLD,Netherlands,Europe & Central Asia,High income,Not classified,2008,5.173,0.171829361083906,100,120.38207244873,1.71998513111112,63678.4005491428,87.42,8.86154604284439,4.7
NLD,Netherlands,Europe & Central Asia,High income,Not classified,2009,5.282,0.173221427768812,100,121.743392944336,-4.15944424816443,61029.7329801783,89.63,9.53023546278949,4.6
NLD,Netherlands,Europe & Central Asia,High income,Not classified,2010,5.202,0.182086893240579,100,123.655319213867,0.80099304285595,61518.5768954231,90.72,9.38767502305693,4.4
NLD,Netherlands,Europe & Central Asia,High income,Not classified,2011,4.898,0.167332142465145,100,128.919281005859,1.29970857644341,62318.1391154389,91.4199957622284,10.8106753946456,4.3
NLD,Netherlands,Europe & Central Asia,High income,Not classified,2012,4.535,0.166586130633809,100,110.343353271484,-1.34358548841696,61480.8416416324,92.859992359525,12.0898638045605,4.2
NLD,Netherlands,Europe & Central Asia,High income,Not classified,2013,3.962,0.164455415111253,100,,-0.32453861663322,61281.3125686741,93.9564,11.9116796221588,4.2
NLD,Netherlands,Europe & Central Asia,High income,Not classified,2014,3.673,0.154589565518275,100,,1.24758527002837,62045.849197561,91.6666666666667,11.2692873314112,4.1
NLD,Netherlands,Europe & Central Asia,High income,Not classified,2015,3.18,0.158483173474522,100,114.759147644043,1.66902244941207,63081.4083495966,91.7241379310345,12.4230716884578,4.1
NLD,Netherlands,Europe & Central Asia,High income,Not classified,2016,2.961,0.156047247209919,100,113.61457824707,1.8806480971239,64267.7476553623,90.4109589041096,12.8331336077389,4.1
NLD,Netherlands,Europe & Central Asia,High income,Not classified,2017,2.772,0.149497281963591,100,115.796371459961,2.17565329205816,65665.9910229578,93.1972789115646,14.8803844085792,4
NLD,Netherlands,Europe & Central Asia,High income,Not classified,2018,2.603,0.141778221338437,100,114.827590942383,1.6633486959666,66758.2454283317,91.8918918918919,16.5280689637084,4
NLD,Netherlands,Europe & Central Asia,High income,Not classified,2019,2.505,0.134239174048548,100,115.097122192383,1.63221248669214,67847.8818461095,93.2885906040269,18.7762503294676,4
NLD,Netherlands,Europe & Central Asia,High income,Not classified,2020,2.355,0.12566177874937,100,136.940444946289,-4.40056893380125,64862.1890353474,91.33333333,26.5575690715294,4
NLD,Netherlands,Europe & Central Asia,High income,Not classified,2021,2.227,0.121346083246032,100,136.865417480469,5.72194046869852,68573.5648786447,92.05298013,33.1271998035524,4
NLD,Netherlands,Europe & Central Asia,High income,Not classified,2022,2.071,0.10543637420961,100,140.989440917969,4.01097879214146,71324.0360229425,92.51968504,,4
NOR,Norway,Europe & Central Asia,High income,Not classified,2000,11.777,0.121141865915693,100,,2.77419611443699,76775.9420600924,52,99.7197829097369,4.9
NOR,Norway,Europe & Central Asia,High income,Not classified,2001,10.947,0.12003569847471,100,116.061431884766,1.64774606735006,78041.0146260585,64,99.5269013044548,4.7
NOR,Norway,Europe & Central Asia,High income,Not classified,2002,9.821,0.116354659589593,100,114.660079956055,0.911800724863213,78752.5931631095,72.84,99.5886461879806,4.6
NOR,Norway,Europe & Central Asia,High income,Not classified,2003,8.875,0.123012620418662,100,114.726753234863,0.505130189722919,79150.3962863661,78.13,99.4082667586438,4.4
NOR,Norway,Europe & Central Asia,High income,Not classified,2004,8.036,0.119088102442531,100,115.898513793945,3.71545482424247,82091.1935035949,77.69,99.3592576186301,4.2
NOR,Norway,Europe & Central Asia,High income,Not classified,2005,7.805,0.111587544494944,100,112.202201843262,2.27081970379837,83955.3365007578,81.99,99.4791861400343,4.1
NOR,Norway,Europe & Central Asia,High income,Not classified,2006,8.37,0.110250057852986,100,111.259620666504,2.02226606740281,85653.1367825864,82.55,99.3240117780593,3.9
NOR,Norway,Europe & Central Asia,High income,Not classified,2007,8.782,0.108768806032342,100,110.908531188965,2.35569307941913,87670.8617980792,86.93,99.1465391568021,3.7
NOR,Norway,Europe & Central Asia,High income,Not classified,2008,9.198,0.113164004789494,100,110.293609619141,-0.425983914425387,87297.3980291813,90.57,99.4120970351921,3.6
NOR,Norway,Europe & Central Asia,High income,Not classified,2009,9.306,0.110185101714855,100,109.753890991211,-2.84626226842052,84812.6851277638,92.08,96.5969811721673,3.4
NOR,Norway,Europe & Central Asia,High income,Not classified,2010,8.421,0.11600284350161,100,112.210998535156,-0.245447645308644,84604.5143891947,93.39,95.7593160291513,3.3
NOR,Norway,Europe & Central Asia,High income,Not classified,2011,7.129,0.111923948756954,100,112.686630249023,0.0783883119236179,84670.8344398355,93.4899826515194,96.5850132116451,3.1
NOR,Norway,Europe & Central Asia,High income,Not classified,2012,6.176,0.107576489576967,100,111.270492553711,1.48225525787396,85925.8723352057,94.6499780533304,97.9886633753886,3
NOR,Norway,Europe & Central Asia,High income,Not classified,2013,5.595,0.107341793101586,100,112.620422363281,0.0557424221281622,85973.7694976801,95.0534,97.6981696401933,2.9
NOR,Norway,Europe & Central Asia,High income,Not classified,2014,5.084,0.105391899800992,100,111.358840942383,0.950316555459452,86790.7924625691,96.3005098242892,97.673290131718,2.8
NOR,Norway,Europe & Central Asia,High income,Not classified,2015,4.574,0.10539866633802,100,113.49649810791,1.03389677968102,87688.1196708993,96.810325691365,97.7069237474576,2.7
NOR,Norway,Europe & Central Asia,High income,Not classified,2016,3.904,0.102789453707057,100,114.915069580078,0.403158160219562,88041.6414808956,97.2982036675068,97.8179707733391,2.6
NOR,Norway,Europe & Central Asia,High income,Not classified,2017,3.08,0.100195525534048,100,115.061729431152,1.84374931382847,89664.9086415829,96.3576012951191,97.8492507358844,2.5
NOR,Norway,Europe & Central Asia,High income,Not classified,2018,2.602,0.0974898729984485,100,115.596313476562,0.445168753194665,90064.0687974358,96.4916579887094,97.7968415399362,2.5
NOR,Norway,Europe & Central Asia,High income,Not classified,2019,2.227,0.0934126211399309,100,116.849769592285,0.787031849898966,90772.9017041865,98.0000043853142,97.7822483803537,2.4
NOR,Norway,Europe & Central Asia,High income,Not classified,2020,1.776,0.0912788498165779,100,117.254188537598,-1.93959793141106,89012.2723804504,94.60755647,98.4304584554915,2.4
NOR,Norway,Europe & Central Asia,High income,Not classified,2021,1.715,0.0890911017668876,100,117.828887939453,3.58770470380205,92205.7698636049,99.0000036,99.1038297387318,2.4
NOR,Norway,Europe & Central Asia,High income,Not classified,2022,1.411,0.08390151776765,100,117.932258605957,3.14953207512265,95109.8201605729,98.99997764,,2.4
NPL,Nepal,South Asia,Lower middle income,IDA,2000,118.816,0.0595104128107733,29.9,28.1299896240234,4.37721035459148,2340.81563141298,0.204651683653029,99.3212778782399,78.7
NPL,Nepal,South Asia,Lower middle income,IDA,2001,118.047,0.0606989925823017,24.6,30.6444206237793,3.11851050390348,2413.8142127556,0.240015303375743,97.9116229244778,74.3
NPL,Nepal,South Asia,Lower middle income,IDA,2002,115,0.0494997763558589,36.4,34.2659187316895,-1.39074360828988,2380.24424587571,0.312956060108532,98.4416195856874,70.2
NPL,Nepal,South Asia,Lower middle income,IDA,2003,111.926,0.0540646276842985,39.6,35.8331108093262,2.48926345447566,2439.49479601556,0.382810917017044,99.4585537918871,66.5
NPL,Nepal,South Asia,Lower middle income,IDA,2004,106.216,0.0446159728276856,37.2,,3.36324782625996,2521.54105171428,0.449843651215974,99.3957816377171,63.1
NPL,Nepal,South Asia,Lower middle income,IDA,2005,101.456,0.0482555064448284,46.1,40.9631500244141,2.32754534491777,2580.23106308364,0.82655126590551,,60
NPL,Nepal,South Asia,Lower middle income,IDA,2006,95.034,0.0386569295440255,51.2,39.2674293518066,2.36866119233534,2641.34799494749,1.14138916388191,99.8708151382824,57.3
NPL,Nepal,South Asia,Lower middle income,IDA,2007,89.634,0.0384758636293282,52.6,39.5153884887695,2.55045520091535,2708.7143922589,1.41,,54.7
NPL,Nepal,South Asia,Lower middle income,IDA,2008,85.221,0.0400742700607999,56,45.707649230957,5.31231494291112,2852.60983167965,1.73,,52.4
NPL,Nepal,South Asia,Lower middle income,IDA,2009,82.717,0.050495665834302,59.3,46.5078506469727,3.82909610583356,2961.83900365912,1.97,92.3585874799358,50.1
NPL,Nepal,South Asia,Lower middle income,IDA,2010,79.643,0.0567221972616463,68.6,55.0515098571777,4.16886489216166,3085.31407004502,7.93,96.3675187032419,47.9
NPL,Nepal,South Asia,Lower middle income,IDA,2011,80.049,0.0614441412156334,67.3,59.230411529541,2.96035780817019,3176.65040602417,9,99.9859679266896,45.8
NPL,Nepal,South Asia,Lower middle income,IDA,2012,81.5,0.0681683048307871,75.2,64.4251327514648,4.40244630730626,3316.50073452021,11.14929962,,43.7
NPL,Nepal,South Asia,Lower middle income,IDA,2013,82.881,0.0666002244775759,77.4,67.1050796508789,3.31847430980025,3426.5579593796,13.30000019,,41.7
NPL,Nepal,South Asia,Lower middle income,IDA,2014,84.501,0.0733612119482663,84.9,69.3774108886719,5.69591211662627,3621.73168937112,15.43999958,98.8263852242744,39.7
NPL,Nepal,South Asia,Lower middle income,IDA,2015,81.619,0.0702651048158028,82,70.6879119873047,3.4108030002933,3745.26182249477,17.58160019,,37.8
NPL,Nepal,South Asia,Lower middle income,IDA,2016,78.814,0.102849173104706,90.7,73.9553375244141,-0.0405110299060141,3743.7445783578,20.700000760000002,95.0460321265884,36
NPL,Nepal,South Asia,Lower middle income,IDA,2017,75.975,0.115733344789349,86.6,77.7481231689453,8.76020605401564,4071.70431755798,24.3,,34.2
NPL,Nepal,South Asia,Lower middle income,IDA,2018,72.782,0.12159874851161,93.9,,7.36009731523734,4371.38571771897,28.60000038,,32.6
NPL,Nepal,South Asia,Lower middle income,IDA,2019,71.667,0.102821222905434,89.9,84.223991394043,5.40192160337149,4607.52454717112,33.33660126,93.3275721506604,31
NPL,Nepal,South Asia,Lower middle income,IDA,2020,70.275,0.12874891209704,89.9,87.491828918457,-4.23182776858643,4412.5420439395,36.96530151,,29.6
NPL,Nepal,South Asia,Lower middle income,IDA,2021,68.777,0.129723720018749,89.9,85.6409873713909,3.02971971240495,4546.22970006289,40.98910141,83.9765900145018,28.3
NPL,Nepal,South Asia,Lower middle income,IDA,2022,68.33,0.106293257794194,91.3,84.9171356280891,4.77665725235042,4763.38751073946,45.45080185,,27.1
NRU,Naoero,East Asia & Pacific,High income,IBRD,2000,74.298,0,99.1,50.7757415771484,-6.68211183574525,8846.08124781221,,0,41.1
NRU,Naoero,East Asia & Pacific,High income,IBRD,2001,74.934,0,99,45.1008605957031,-6.41137867245162,8278.92548134223,2.98715523250025,0,39.4
NRU,Naoero,East Asia & Pacific,High income,IBRD,2002,74.135,0,99,45.6166381835938,-9.54271126243978,7488.89152702519,,0,37.9
NRU,Naoero,East Asia & Pacific,High income,IBRD,2003,72.981,0,99,49.0196113586426,0.513880673870659,7527.37549326971,,0,36.5
NRU,Naoero,East Asia & Pacific,High income,IBRD,2004,72.12,0,99,39.701488494873,-4.32427685246654,7201.87093721601,,0,35.2
NRU,Naoero,East Asia & Pacific,High income,IBRD,2005,71.364,0,99,45.1038589477539,0.109463628221704,7209.75436644373,,0,34
NRU,Naoero,East Asia & Pacific,High income,IBRD,2006,70.832,0,99,62.7421798706055,8.61282905726155,7830.71818547398,,0.206185567010309,32.7
NRU,Naoero,East Asia & Pacific,High income,IBRD,2007,71.084,0,99.8,54.3778800964355,-21.9690489151566,6110.38387689914,,0.161759948236817,31.4
NRU,Naoero,East Asia & Pacific,High income,IBRD,2008,72.642,0,99.1,66.8789825439453,20.1318813068238,7340.51910638777,,0.123183050012318,29.8
NRU,Naoero,East Asia & Pacific,High income,IBRD,2009,76.04,0,99.1,,-5.62156105786306,6927.86734285808,,0.186915887850467,28.2
NRU,Naoero,East Asia & Pacific,High income,IBRD,2010,80.498,0,99.2,,-0.268843970925019,6909.24218919312,,0.13051422605064,26.4
NRU,Naoero,East Asia & Pacific,High income,IBRD,2011,84.013,0,99,,14.0811226451365,7882.14105570292,54,0.12080212611742,24.6
NRU,Naoero,East Asia & Pacific,High income,IBRD,2012,83.829,0,99.4,81.6326522827148,22.3119628983076,9640.80144364362,,0.1919795221843,22.7
NRU,Naoero,East Asia & Pacific,High income,IBRD,2013,84.344,0,99.4,,1.6485827070359,9799.7380290632,,0.638902035021297,20.9
NRU,Naoero,East Asia & Pacific,High income,IBRD,2014,87.732,0,99.5,84.7058792114258,13.4151871712962,11114.3912279587,,0.749583564686285,19.2
NRU,Naoero,East Asia & Pacific,High income,IBRD,2015,91.55,0,99,,1.4172709809001,11271.9122695363,,0.661703887510339,17.5
NRU,Naoero,East Asia & Pacific,High income,IBRD,2016,96.441,0,99.7,79.6178283691406,2.30174554349074,11531.3630078665,,0.806227411731999,15.9
NRU,Naoero,East Asia & Pacific,High income,IBRD,2017,91.365,0,99.8,,-7.7882065342324,10633.2766406018,62.38510132,3.13121272365805,14.4
NRU,Naoero,East Asia & Pacific,High income,IBRD,2018,85.09,0,99.9,,-2.16926114572559,10402.6131019197,,3.09251559251559,13.1
NRU,Naoero,East Asia & Pacific,High income,IBRD,2019,80.497,0,100,91.0581207275391,7.51652861776262,11184.5284927206,74.73789978,3.85956175298805,12
NRU,Naoero,East Asia & Pacific,High income,IBRD,2020,79.717,0,100,86.9172897338867,1.08625303568498,11306.0207729999,77.46659851,6.69456066945607,10.9
NRU,Naoero,East Asia & Pacific,High income,IBRD,2021,80.579,0,100,,7.14457374271909,12113.787764494,80.29499817,9.82367758186398,10
NRU,Naoero,East Asia & Pacific,High income,IBRD,2022,78.372,0,100,100.421348571777,-0.779594949580556,12019.3492868791,83.22660065,,9.3
NZL,New Zealand,East Asia & Pacific,High income,Not classified,2000,28.517,0.237708533258883,100,115.455337524414,2.26614300686462,35984.6288016116,47.3795565432096,71.9222078350725,7.4
NZL,New Zealand,East Asia & Pacific,High income,Not classified,2001,27.677,0.24316148325521,100,,2.80795315087559,36995.0603198774,53.2410152941279,63.9189019015237,7.2
NZL,New Zealand,East Asia & Pacific,High income,Not classified,2002,25.844,0.232844282819247,100,121.638671875,2.91176998851674,38072.2713835052,59.0807532812931,69.7773194863863,7
NZL,New Zealand,East Asia & Pacific,High income,Not classified,2003,26.026,0.228174968711107,100,123.209617614746,2.67930990113685,39092.3455202712,60.9625398663824,66.2611675437523,6.9
NZL,New Zealand,East Asia & Pacific,High income,Not classified,2004,27.052,0.216764207007689,100,118.753517150879,2.5549616303889,40091.1399487332,61.8476278106481,72.5402169846614,6.7
NZL,New Zealand,East Asia & Pacific,High income,Not classified,2005,27.06,0.213690254631358,100,122.798377990723,2.19289321941467,40970.295838255,62.72019958,64.6347138203816,6.6
NZL,New Zealand,East Asia & Pacific,High income,Not classified,2006,28.144,0.208564448192017,100,120.178230285645,1.5292427792522,41596.8311289998,69,65.0021820520477,6.5
NZL,New Zealand,East Asia & Pacific,High income,Not classified,2007,31.476,0.195598102697866,100,120.425506591797,2.10661992432209,42473.1182614499,69.76000214,65.7599781301257,6.4
NZL,New Zealand,East Asia & Pacific,High income,Not classified,2008,32.357,0.203811676514416,100,120.224601745605,-1.86205389881211,41682.2459069155,72.02999878,64.5131917412188,6.4
NZL,New Zealand,East Asia & Pacific,High income,Not classified,2009,29.868,0.188276242157396,100,126.98787689209,-1.0346067631192,41250.9985717425,79.7,71.9281728627523,6.3
NZL,New Zealand,East Asia & Pacific,High income,Not classified,2010,29.176,0.185700809573584,100,121.578903198242,0.349983779394819,41395.370375582,80.45999908,73.3982265484366,6.2
NZL,New Zealand,East Asia & Pacific,High income,Not classified,2011,26.315,0.177813175827502,100,121.213340759277,1.36863094989059,41961.9202263641,81.23000336,76.3191503663373,6.1
NZL,New Zealand,East Asia & Pacific,High income,Not classified,2012,24.74,0.184841534117333,100,120.056953430176,1.74325488763843,42693.4234516571,81.644470179502,72.206162464986,6
NZL,New Zealand,East Asia & Pacific,High income,Not classified,2013,21.843,0.17915249916899,100,119.244888305664,1.77980097200441,43453.2814172317,82.77999878,74.6955746955747,5.9
NZL,New Zealand,East Asia & Pacific,High income,Not classified,2014,19.249,0.176105267495757,100,119.416603088379,2.10912726740773,44369.7664241859,84,79.512594343912,5.8
NZL,New Zealand,East Asia & Pacific,High income,Not classified,2015,18.773,0.170244229776113,100,118.08772277832,1.63906665013374,45097.016468387,85.19999695,80.4649913849046,5.6
NZL,New Zealand,East Asia & Pacific,High income,Not classified,2016,16.369,0.161105033176498,100,117.256340026855,1.43938460571344,45746.135981069,86.5,84.5662658786767,5.5
NZL,New Zealand,East Asia & Pacific,High income,Not classified,2017,15.069,0.162773977212357,100,116.713752746582,1.18008899640975,46285.9810980642,87.69999695,81.5165770609319,5.4
NZL,New Zealand,East Asia & Pacific,High income,Not classified,2018,13.548,0.154790883405086,100,116.203987121582,1.48792512472586,46974.6818400482,89,83.6532867946481,5.3
NZL,New Zealand,East Asia & Pacific,High income,Not classified,2019,13.083,0.158118274185323,100,123.941261291504,0.888801067116702,47392.1933135172,89.86370087,82.0249856022682,5.2
NZL,New Zealand,East Asia & Pacific,High income,Not classified,2020,11.865,0.147540321513146,100,120.29231262207,-2.24892070128274,46326.3804672976,90.92099762,80.4392741645706,5.1
NZL,New Zealand,East Asia & Pacific,High income,Not classified,2021,10.911,0.141619540417086,100,120.655471801758,4.04890442681972,48202.0913368233,91.99060059,81.4350720674273,5
NZL,New Zealand,East Asia & Pacific,High income,Not classified,2022,10.937,0.126830780948301,100,117.863876342773,3.40419502781879,49842.9845334162,93.07289886,,5
OMN,Oman,"Middle East, North Africa, Afghanistan & Pakistan",High income,Not classified,2000,31.187,0.274006594068275,100,77.7238235473633,4.83264880749192,42086.0431536301,3.52042141651097,0,16.5
OMN,Oman,"Middle East, North Africa, Afghanistan & Pakistan",High income,Not classified,2001,25.075,0.283468932208089,100,79.8200912475586,3.34135289623774,43492.2863754557,5.89384152148671,0,15.5
OMN,Oman,"Middle East, North Africa, Afghanistan & Pakistan",High income,Not classified,2002,20.446,0.305474894221942,100,80.8610305786133,-1.92709599366199,42654.1482671623,6.87339603918545,0,14.6
OMN,Oman,"Middle East, North Africa, Afghanistan & Pakistan",High income,Not classified,2003,16.689,0.330074962664562,100,82.2718811035156,-3.29759460918538,41247.5873733105,7.25574294536556,0,13.9
OMN,Oman,"Middle East, North Africa, Afghanistan & Pakistan",High income,Not classified,2004,13.685,0.319552986909011,100,,0.252575657950231,41351.7687385072,6.75885217024525,0,13.3
OMN,Oman,"Middle East, North Africa, Afghanistan & Pakistan",High income,Not classified,2005,11.104,0.323290109992219,99.9,85.8983535766602,0.482138133458704,41551.1413844552,6.683599949,0,12.9
OMN,Oman,"Middle East, North Africa, Afghanistan & Pakistan",High income,Not classified,2006,9.048,0.393953157260751,99.9,88.3451995849609,2.38091766222423,42540.4398485334,8.299699783,0,12.5
OMN,Oman,"Middle East, North Africa, Afghanistan & Pakistan",High income,Not classified,2007,8.612,0.405760673520933,100,90.8690490722656,2.71865852745317,43696.9691440917,16.68,0,12.2
OMN,Oman,"Middle East, North Africa, Afghanistan & Pakistan",High income,Not classified,2008,9.495,0.365544379467418,100,92.0375289916992,6.61241844727729,46586.3955926767,20,0,12
OMN,Oman,"Middle East, North Africa, Afghanistan & Pakistan",High income,Not classified,2009,12.543,0.363231563731061,100,96.9309463500977,3.68717578981379,48304.1178923167,26.799999239999998,0,11.9
OMN,Oman,"Middle East, North Africa, Afghanistan & Pakistan",High income,Not classified,2010,12.985,0.387499716401748,100,,-0.232906393185388,48191.6145135737,35.8278,0,11.7
OMN,Oman,"Middle East, North Africa, Afghanistan & Pakistan",High income,Not classified,2011,13.027,0.436920174165223,100,115.394191525237,-7.78414520830087,44440.3092616125,48,0,11.6
OMN,Oman,"Middle East, North Africa, Afghanistan & Pakistan",High income,Not classified,2012,13.383,0.453048869721839,100,111.024270475116,-5.57202783891576,41964.0828578552,60,0,11.4
OMN,Oman,"Middle East, North Africa, Afghanistan & Pakistan",High income,Not classified,2013,15.381,0.450944604920138,100,110.312770028392,-2.64416002304453,40854.4853548905,66.45,0.00506840440531992,11.3
OMN,Oman,"Middle East, North Africa, Afghanistan & Pakistan",High income,Not classified,2014,15.36,0.472897350312251,100,,-2.97274165335905,39639.9870514802,70.22000122,0.00456589652923204,11.2
OMN,Oman,"Middle East, North Africa, Afghanistan & Pakistan",High income,Not classified,2015,14.95,0.476089630752535,100,101.587336228658,0.438450329868957,39813.7887054675,73.52999878,0.0127586838410353,11.1
OMN,Oman,"Middle East, North Africa, Afghanistan & Pakistan",High income,Not classified,2016,13.861,0.460666404813312,100,100.638573236813,0.118553614303224,39860.9893909688,76.8453904741456,0.0122692217807899,11
OMN,Oman,"Middle East, North Africa, Afghanistan & Pakistan",High income,Not classified,2017,12.779,0.463438978995903,100,101.150822367266,-2.93490377016138,38691.1077105097,80.18560028,0.0430812650452395,11
OMN,Oman,"Middle East, North Africa, Afghanistan & Pakistan",High income,Not classified,2018,11.001,0.474517893486398,100,103.041481138997,-0.0452382355009746,38673.6045360857,85.5,0.12955551432585,10.9
OMN,Oman,"Middle East, North Africa, Afghanistan & Pakistan",High income,Not classified,2019,8.551,0.485900163522352,100,101.22554053215,-0.985733221362153,38292.3859682752,90.25939941,0.151316297382846,10.8
OMN,Oman,"Middle East, North Africa, Afghanistan & Pakistan",High income,Not classified,2020,7.439,0.483705848053181,100,93.5329595650697,-1.91104857604375,37560.5998714953,95.23229321,0.413562831629352,10.7
OMN,Oman,"Middle East, North Africa, Afghanistan & Pakistan",High income,Not classified,2021,6.743,0.503445024561775,100,93.2710477870208,3.08530454964595,38719.4587682049,95.23880005,1.93992360506721,10.6
OMN,Oman,"Middle East, North Africa, Afghanistan & Pakistan",High income,Not classified,2022,5.875,0.494795661625042,100,91.191469277966,2.73958764672784,39780.2122774985,95.24530029,,10.5
PAK,Pakistan,"Middle East, North Africa, Afghanistan & Pakistan",Lower middle income,Blend,2000,76.597,0.204556177793066,72.8,,1.35619796881565,3531.71291531612,,28.530726995126,107.9
PAK,Pakistan,"Middle East, North Africa, Afghanistan & Pakistan",Lower middle income,Blend,2001,72.66,0.201030729370871,73.9,,0.793239199866164,3559.72784658715,1.31855077925626,26.5770537070275,105.1
PAK,Pakistan,"Middle East, North Africa, Afghanistan & Pakistan",Lower middle income,Blend,2002,69.189,0.194836895733943,74.9,,0.110981031379026,3563.67846926558,2.57742673683831,28.9369650216633,102.5
PAK,Pakistan,"Middle East, North Africa, Afghanistan & Pakistan",Lower middle income,Blend,2003,67.159,0.191648010236708,76,,2.94922564327645,3668.77938852508,5.04115812592502,32.4353457874552,100.1
PAK,Pakistan,"Middle East, North Africa, Afghanistan & Pakistan",Lower middle income,Blend,2004,64.181,0.198818693632334,77,,5.20245589475688,3859.64601808903,6.16432098534156,32.6079832766936,98
PAK,Pakistan,"Middle East, North Africa, Afghanistan & Pakistan",Lower middle income,Blend,2005,60.998,0.188831500049702,78.1,,4.7286345998931,4042.15457513378,6.332300186,31.4503519208792,96
PAK,Pakistan,"Middle East, North Africa, Afghanistan & Pakistan",Lower middle income,Blend,2006,58.675,0.193199888600859,79.1,23.8528308868408,3.55533116774782,4185.86655659206,6.5,33.1096392534593,94.2
PAK,Pakistan,"Middle East, North Africa, Afghanistan & Pakistan",Lower middle income,Blend,2007,58.053,0.206177657336731,80.2,25.1138095855713,1.72148373910261,4257.92556870432,6.800000191,33.12257868933,92.3
PAK,Pakistan,"Middle East, North Africa, Afghanistan & Pakistan",Lower middle income,Blend,2008,57.112,0.194931351261668,81.4,25.1925296783447,-0.577212099008804,4233.34830715497,7,32.8067040691582,90.5
PAK,Pakistan,"Middle East, North Africa, Afghanistan & Pakistan",Lower middle income,Blend,2009,56.456,0.192844823639888,82.5,25.688850402832,0.87615081009595,4270.43882264229,7.5,31.0909109976195,88.5
PAK,Pakistan,"Middle East, North Africa, Afghanistan & Pakistan",Lower middle income,Blend,2010,55.615,0.184747176788782,87.1,25.4582159212789,-0.97547471765489,4228.7817715945,8,33.4423207323275,86.5
PAK,Pakistan,"Middle East, North Africa, Afghanistan & Pakistan",Lower middle income,Blend,2011,52.28,0.179442616024436,87.8,25.3949380688813,0.408754534144464,4246.06710882497,8,33.4492901461773,84.3
PAK,Pakistan,"Middle East, North Africa, Afghanistan & Pakistan",Lower middle income,Blend,2012,51.486,0.17626830548358,88.6,25.7528705596924,1.08227196914481,4292.02110293486,8.100000381,32.1826371911573,82
PAK,Pakistan,"Middle East, North Africa, Afghanistan & Pakistan",Lower middle income,Blend,2013,50.896,0.172858538187539,89.3,26.3995425354199,2.68232501000951,4407.14705841377,9,31.8112629232484,79.6
PAK,Pakistan,"Middle East, North Africa, Afghanistan & Pakistan",Lower middle income,Blend,2014,49.784,0.174701160790953,90.1,28.5600893522118,2.56600413102157,4520.23463399286,10,32.5710173103526,77.2
PAK,Pakistan,"Middle East, North Africa, Afghanistan & Pakistan",Lower middle income,Blend,2015,48.676,0.176627621827252,91,30.3251040463428,2.76648640710329,4645.28631071145,11,33.1300832000575,74.8
PAK,Pakistan,"Middle East, North Africa, Afghanistan & Pakistan",Lower middle income,Blend,2016,47.516,0.182942748257961,91.8,31.73991038953,5.19506859858923,4886.61212115378,12.385446763381,30.7022751755587,72.4
PAK,Pakistan,"Middle East, North Africa, Afghanistan & Pakistan",Lower middle income,Blend,2017,47.145,0.189863510610163,92.7,31.2563221783058,2.96623678403046,5031.56060738433,13.77999973,27.6815135266878,70.1
PAK,Pakistan,"Middle East, North Africa, Afghanistan & Pakistan",Lower middle income,Blend,2018,46.499,0.16965034244983,93.4,33.7539426003326,4.44201942237108,5255.06350681272,15.34000015,28.8653696558591,67.9
PAK,Pakistan,"Middle East, North Africa, Afghanistan & Pakistan",Lower middle income,Blend,2019,45.589,0.1626760688878,93.9,35.5736865644319,0.778096107046181,5295.95295138203,17.070901719916,31.757760026328,65.8
PAK,Pakistan,"Middle East, North Africa, Afghanistan & Pakistan",Lower middle income,Blend,2020,44.572,0.184464077197299,94.5,,-3.03889328268374,5135.01459288839,18.935,32.234241239635,63.7
PAK,Pakistan,"Middle East, North Africa, Afghanistan & Pakistan",Lower middle income,Blend,2021,43.372,0.178268850836772,94.9,36.7848892672203,4.52304565172781,5367.27364714762,,28.276210800358,61.7
PAK,Pakistan,"Middle East, North Africa, Afghanistan & Pakistan",Lower middle income,Blend,2022,42.298,0.174769713049279,95,37.4490104990348,2.96250287218002,5526.27928310213,,,59.7
PAN,Panama,Latin America & Caribbean,High income,IBRD,2000,91.904,0.118310784188871,81.4,66.3138732910156,2.18230222607616,14572.9808700068,6.55479647729549,74.3746674851647,25.7
PAN,Panama,Latin America & Caribbean,High income,IBRD,2001,92.783,0.140123095351511,81.5,68.7314834594727,-0.995989281913566,14427.8355424862,7.26839987788729,52.7718579234973,25
PAN,Panama,Latin America & Caribbean,High income,IBRD,2002,89.532,0.119177421143825,82.1,70.0393371582031,0.549728201098816,14507.1494232714,8.51807781515595,67.4086529378424,24.2
PAN,Panama,Latin America & Caribbean,High income,IBRD,2003,89.493,0.114883706690344,87.8,,3.10474245435412,14957.5590503323,9.98742407723405,54.1099354375897,23.4
PAN,Panama,Latin America & Caribbean,High income,IBRD,2004,91.735,0.106735829427352,83.4,69.9115905761719,6.13442184467048,15875.1188201453,11.1408625409415,69.2858878666898,22.6
PAN,Panama,Latin America & Caribbean,High income,IBRD,2005,88.54,0.127084641894232,84.1,70.0244979858398,6.25411779537141,16867.9674513124,11.48400021,67.4086150677879,21.9
PAN,Panama,Latin America & Caribbean,High income,IBRD,2006,87.631,0.122021150312122,84.8,70.2012710571289,7.83919999384199,18190.281154717,17.34959984,63.1728168308566,21.2
PAN,Panama,Latin America & Caribbean,High income,IBRD,2007,88.322,0.107647230238557,85.5,70.260612487793,11.0968501218357,20208.8293911964,22.29,60.407063197026,20.5
PAN,Panama,Latin America & Caribbean,High income,IBRD,2008,89.987,0.0948106017357409,86.3,71.5468597412109,8.20927227088663,21867.8272186787,33.82,65.0849805447471,19.8
PAN,Panama,Latin America & Caribbean,High income,IBRD,2009,91.299,0.111528537254424,87,73.2163925170898,-0.205009313798783,21822.996136155,39.08,59.1835140997831,19.2
PAN,Panama,Latin America & Caribbean,High income,IBRD,2010,90.924,0.111257234467804,86.8,74.4197850576201,4.19797204867427,22739.1194141341,40.1,59.7159691182446,18.7
PAN,Panama,Latin America & Caribbean,High income,IBRD,2011,92.045,0.108274518078791,88.6,74.7238313177595,9.94036229041117,24999.4702655482,42.7,55.1530299156226,18.3
PAN,Panama,Latin America & Caribbean,High income,IBRD,2012,92.117,0.103210573258837,89.3,,7.70986507627907,26926.8956928065,40.3018952210488,65.1877252121353,17.9
PAN,Panama,Latin America & Caribbean,High income,IBRD,2013,91.979,0.0953506733903786,89.1,79.2133026123047,4.48786634938627,28135.3387835383,44.03,60.7996204509935,17.5
PAN,Panama,Latin America & Caribbean,High income,IBRD,2014,90.163,0.095660472644428,90.8,79.2297592163086,2.83087707850027,28931.8156401199,44.9238152577893,58.3475826424034,17.3
PAN,Panama,Latin America & Caribbean,High income,IBRD,2015,86.634,0.0896880699426139,91.6,79.0192337036133,3.46107387568399,29933.1671530011,51.2054249948687,67.7590092277805,17.1
PAN,Panama,Latin America & Caribbean,High income,IBRD,2016,82.514,0.0860338689226866,92.4,84.1366882324219,2.77979910410548,30765.2490653506,54,68.9242145875436,17
PAN,Panama,Latin America & Caribbean,High income,IBRD,2017,79.106,0.0774230624402603,93.7,79.0785217285156,3.94788150696994,31979.8246437748,59.9506309038683,74.1503350842239,16.7
PAN,Panama,Latin America & Caribbean,High income,IBRD,2018,75.109,0.0728725389999373,93.8,,2.19403437221415,32681.4729886331,61.8055313202468,80.4226546460769,16.3
PAN,Panama,Latin America & Caribbean,High income,IBRD,2019,69.342,0.0937357631711993,93.9,,1.47558922151505,33163.7172814857,63.6284147731451,54.9383585164835,15.9
PAN,Panama,Latin America & Caribbean,High income,IBRD,2020,62.55,0.0841577062079789,95.3,,-18.9420549753141,26881.8277221689,64.82430267,78.44740212221,15.5
PAN,Panama,Latin America & Caribbean,High income,IBRD,2021,58.035,0.0801329419041495,95.3,,15.0694182618459,30932.7627780514,66.04270172,79.278975629905,15.2
PAN,Panama,Latin America & Caribbean,High income,IBRD,2022,57.772,0.0766691654656522,95,,9.6415783290321,33915.1693306309,67.2838974,,15.1
PER,Peru,Latin America & Caribbean,Upper middle income,IBRD,2000,73.504,0.14212021188225,72.5,77.7910308837891,1.10433498225969,7668.06078201131,3.07643061137675,85.9404479578393,38.3
PER,Peru,Latin America & Caribbean,Upper middle income,IBRD,2001,69.627,0.131273176500206,72.1,80.6675033569336,-0.748837166204879,7610.63949294843,7.57876295717419,88.5484612310152,35.3
PER,Peru,Latin America & Caribbean,Upper middle income,IBRD,2002,67.847,0.129855683641569,74.4,81.8630523681641,4.20293608263907,7930.50980631714,8.96694917040028,86.3370173607817,32.7
PER,Peru,Latin America & Caribbean,Upper middle income,IBRD,2003,67.098,0.122228445176953,74.4,75.7539367675781,3.06117676528694,8173.27672987692,11.6,85.2590144504718,30.4
PER,Peru,Latin America & Caribbean,Upper middle income,IBRD,2004,68.194,0.134490332160039,75.7,80.4402313232422,3.93432882456604,8494.84031217202,14.1,77.3517902477458,28.4
PER,Peru,Latin America & Caribbean,Upper middle income,IBRD,2005,67.014,0.126614130014673,77.2,81.2227935791016,5.34332345958555,8948.74710742664,17.10000038,72.5238380450407,26.6
PER,Peru,Latin America & Caribbean,Upper middle income,IBRD,2006,66.389,0.116455678376109,80.2,84.4381866455078,6.68113849738523,9546.62529545456,20.700000760000002,73.9180254300673,25
PER,Peru,Latin America & Caribbean,Upper middle income,IBRD,2007,65.615,0.117142911010481,82,87.3102722167969,7.73406209571857,10284.9672238506,25.200000760000002,66.1279865771812,23.6
PER,Peru,Latin America & Caribbean,Upper middle income,IBRD,2008,65.311,0.121775142825172,84.7,88.6442031860352,8.4109066563893,11150.0262166889,30.57,60.2332405292958,22.3
PER,Peru,Latin America & Caribbean,Upper middle income,IBRD,2009,62.724,0.129660760257394,86.4,91.3245620727539,0.473893281807491,11202.8654418496,31.4,62.1503336628769,21.2
PER,Peru,Latin America & Caribbean,Upper middle income,IBRD,2010,60.782,0.130733111740854,88.1,93.7324676513672,7.6277436246787,12057.3912963716,34.77,57.4201545122676,20.2
PER,Peru,Latin America & Caribbean,Upper middle income,IBRD,2011,60.943,0.131886504457075,89.7,94.8989334106445,5.53595626254707,12724.8832049429,36.01,55.8477110651024,19.3
PER,Peru,Latin America & Caribbean,Upper middle income,IBRD,2012,60.066,0.124111401052128,91.1,92.8410034179688,5.25513020005759,13393.5923851679,38.2,56.8825842555015,18.5
PER,Peru,Latin America & Caribbean,Upper middle income,IBRD,2013,59.087,0.120118445304672,92.1,98.5790786743164,4.90271487934022,14050.2420319137,39.2,52.6737932453753,17.8
PER,Peru,Latin America & Caribbean,Upper middle income,IBRD,2014,57.045,0.124152248156934,92.9,97.2061767578125,1.36938882425959,14242.6444760801,40.2446560091704,50.3278848446747,17.2
PER,Peru,Latin America & Caribbean,Upper middle income,IBRD,2015,55.1,0.123964834257624,93.9,98.0674209594727,2.09361990664132,14540.8313160635,40.8526009090468,50.9902125802631,16.6
PER,Peru,Latin America & Caribbean,Upper middle income,IBRD,2016,53.228,0.124896816393463,94.2,100.164909362793,2.57623039728159,14915.4366324454,45.4617406869459,49.295908892805,16.1
PER,Peru,Latin America & Caribbean,Upper middle income,IBRD,2017,50.691,0.116989650139333,94.8,99.50537109375,1.01943141648242,15067.489279382,50.4504121848143,57.2276564558324,15.7
PER,Peru,Latin America & Caribbean,Upper middle income,IBRD,2018,49.142,0.112787311279337,95.2,98.6696395874023,2.1018453903506,15384.1846082423,55.0543342443197,60.9300505877643,15.3
PER,Peru,Latin America & Caribbean,Upper middle income,IBRD,2019,47.308,0.115946448875168,95.6,98.8904113769531,0.502286291227506,15461.4572585466,59.9505036049006,60.1359073359073,14.9
PER,Peru,Latin America & Caribbean,Upper middle income,IBRD,2020,45.423,0.106370762158109,96.2,100.080932617188,-11.989123385761,13607.7640705828,65.25179796,64.2899331670443,14.5
PER,Peru,Latin America & Caribbean,Upper middle income,IBRD,2021,44.42,0.11765439204647,95.6,102.32568359375,12.3312441776109,15285.7706852395,71.10782643,61.7794528000562,14.1
PER,Peru,Latin America & Caribbean,Upper middle income,IBRD,2022,43.933,0.122319060904259,96.2,103.652191162109,1.83669886064575,15566.5242612563,74.67495213,,13.7
PHL,Philippines,East Asia & Pacific,Upper middle income,IBRD,2000,45.864,0.196748083718366,74.7,,1.9282797124846,4740.43891694569,1.98225319605827,42.9482888054758,36.8
PHL,Philippines,East Asia & Pacific,Upper middle income,IBRD,2001,48.786,0.184312660530417,75.7,74.767219543457,0.800810377832349,4778.4008437474,2.52400566008269,37.3486503719447,36
PHL,Philippines,East Asia & Pacific,Upper middle income,IBRD,2002,44.993,0.180805051262523,76.7,79.5809020996094,1.63440956717702,4856.49948429567,4.33227574643007,35.6985165163926,35.2
PHL,Philippines,East Asia & Pacific,Upper middle income,IBRD,2003,44.98,0.176376775830738,76.6,81.6581802368164,3.02447664962099,5003.38317718716,4.85767226708512,33.4695882130714,34.4
PHL,Philippines,East Asia & Pacific,Upper middle income,IBRD,2004,47.029,0.167526343867446,87.6,83.6550674438477,4.51829535753411,5229.45080700165,5.2436284521711,33.776707530648,33.6
PHL,Philippines,East Asia & Pacific,Upper middle income,IBRD,2005,47.422,0.166378402959594,79.8,83.67626953125,3.00922096669444,5386.81653712891,5.397600174,32.4162070428511,32.8
PHL,Philippines,East Asia & Pacific,Upper middle income,IBRD,2006,51.363,0.142135795199271,80.2,82.1593627929688,3.55972238279863,5578.57225112139,5.74058632534702,36.0817659904198,32
PHL,Philippines,East Asia & Pacific,Upper middle income,IBRD,2007,52.989,0.144694924521158,82,81.8686599731445,4.68750495300476,5840.06810169965,5.97,31.6593303361739,31.3
PHL,Philippines,East Asia & Pacific,Upper middle income,IBRD,2008,56.382,0.140113848041878,83.3,82.4900894165039,2.51657128580275,5987.03757861835,6.22,33.9809115122817,30.7
PHL,Philippines,East Asia & Pacific,Upper middle income,IBRD,2009,59.675,0.139682525694817,84.3,84.3866271972656,-0.362955289837316,5965.30730902221,9,32.6758707552197,30.1
PHL,Philippines,East Asia & Pacific,Upper middle income,IBRD,2010,61.604,0.140600801553705,85.5,,5.15869430276467,6273.03927731515,25,26.3779726318586,29.5
PHL,Philippines,East Asia & Pacific,Upper middle income,IBRD,2011,59.19,0.1347701068005,87.2,,1.83760514144211,6388.31296959977,29,28.7632305535077,29
PHL,Philippines,East Asia & Pacific,Upper middle income,IBRD,2012,57.855,0.133399833463391,87.1,,4.8407653397621,6697.55620962768,30.799999239999998,28.547502811223,28.6
PHL,Philippines,East Asia & Pacific,Upper middle income,IBRD,2013,57.429,0.13611258351147,87.5,,4.76266633818079,7016.53846470436,32.70000076,26.5405556219857,28.3
PHL,Philippines,East Asia & Pacific,Upper middle income,IBRD,2014,55.117,0.136556392101963,89.8,85.4555672434059,4.61514068278228,7340.361585912,34.70000076,25.7363066887554,28
PHL,Philippines,East Asia & Pacific,Upper middle income,IBRD,2015,53.606,0.139730184777203,89.1,85.5248692113886,4.7872505574235,7691.76308685047,36.90000153,25.5279742765273,27.9
PHL,Philippines,East Asia & Pacific,Upper middle income,IBRD,2016,50.165,0.139750365277053,92,86.0883666592253,5.7212148588973,8131.82537948653,39.20000076,24.32459608586,27.8
PHL,Philippines,East Asia & Pacific,Upper middle income,IBRD,2017,46.852,0.14615227723767,93,84.2528228759766,5.56223020665776,8584.13622709699,41.59999847,24.6852562200653,27.8
PHL,Philippines,East Asia & Pacific,Upper middle income,IBRD,2018,42.908,0.143201660361499,94.2,82.4822175600847,5.03429067114457,9016.28659637608,44.09999847,23.4885285008369,27.9
PHL,Philippines,East Asia & Pacific,Upper middle income,IBRD,2019,38.109,0.141235698070208,95.3,87.6308727761127,4.83577546655691,9452.2939715981,43.0266118680279,20.9334703652718,28
PHL,Philippines,East Asia & Pacific,Upper middle income,IBRD,2020,34.477,0.14391594156317,96.4,89.6099009594054,-10.5488615065624,8455.18457134106,53.76490021,21.3865858331778,28
PHL,Philippines,East Asia & Pacific,Upper middle income,IBRD,2021,32.45,0.145346221868078,97.5,87.9361520075232,4.76163916254069,8857.78995115514,66.90779877,22.6350488071458,27.9
PHL,Philippines,East Asia & Pacific,Upper middle income,IBRD,2022,32.161,0.140753625759146,94.8,93.8565182415521,6.76595410569132,9457.10395402883,75.21114422,,27.5
PLW,Palau,East Asia & Pacific,High income,IBRD,2000,26.258,7.18016661323637,97.9,91.9273529052734,-4.01067837528387,15410.1740281683,,0.00991375037176564,26.5
PLW,Palau,East Asia & Pacific,High income,IBRD,2001,27.016,7.45036774683283,98,,6.38070713234859,16393.4521014909,,0.0096749226006192,25.5
PLW,Palau,East Asia & Pacific,High income,IBRD,2002,27.553,4.34702562589047,98,,3.90423058879006,17033.490272996,20.243939470621,0.00974184120798831,24.6
PLW,Palau,East Asia & Pacific,High income,IBRD,2003,27.79,5.28425586285073,98.1,,-2.90440433884417,16538.7688424505,21.6015271777354,0.00960799385088393,23.7
PLW,Palau,East Asia & Pacific,High income,IBRD,2004,27.743,4.52343115017929,98.1,97.8632507324219,2.63199428589556,16974.0682933412,26.9703326341025,0.00928677563150074,22.9
PLW,Palau,East Asia & Pacific,High income,IBRD,2005,27.704,5.01312623244622,98.9,,2.89001148660869,17464.6208167636,,0.0357142857142857,22.1
PLW,Palau,East Asia & Pacific,High income,IBRD,2006,27.492,4.89391159963612,98.3,,1.38420723795385,17706.3673621904,,0.0393894633185623,21.3
PLW,Palau,East Asia & Pacific,High income,IBRD,2007,27.826,3.96130122306336,98.4,,2.20503496285033,18096.7989531775,,0.0377394093782432,20.6
PLW,Palau,East Asia & Pacific,High income,IBRD,2008,27.712,4.23696702548073,98.5,,-4.09772276958059,17355.2423019079,,0.390103685453239,20.1
PLW,Palau,East Asia & Pacific,High income,IBRD,2009,27.997,7.02431664343839,98.6,,-4.69092656016056,16541.1206311875,,0.427446569178853,19.7
PLW,Palau,East Asia & Pacific,High income,IBRD,2010,27.804,7.03327920562163,98.8,,-1.3765201785568,16313.4287679398,,0.420984455958549,19.5
PLW,Palau,East Asia & Pacific,High income,IBRD,2011,28.808,7.55300945172662,98.9,,6.38434092348612,17354.9336767951,,0.848297895780544,19.5
PLW,Palau,East Asia & Pacific,High income,IBRD,2012,29.466,11.2548100922371,97.6,,3.85953893783947,18024.7540996872,,1.15870329384195,19.7
PLW,Palau,East Asia & Pacific,High income,IBRD,2013,29.731,5.7777262505094,99.2,109.33332824707,-0.739958291881621,17891.3784371353,,1.26103404791929,20.1
PLW,Palau,East Asia & Pacific,High income,IBRD,2014,29.099,3.8525780485006,99.8,112.464589235128,3.81977562115456,18574.7889489655,,1.84287099903007,20.6
PLW,Palau,East Asia & Pacific,High income,IBRD,2015,27.059,3.34609561156633,99.5,,8.23397021168624,20104.2315379069,,1.84130829800121,21.3
PLW,Palau,East Asia & Pacific,High income,IBRD,2016,29.432,3.15083050833416,100,,1.51226764620245,20408.2613269723,,3.26275598750434,21.9
PLW,Palau,East Asia & Pacific,High income,IBRD,2017,30.058,3.41069460405893,100,,-3.50276330541348,19693.4082379382,,3.37038365005378,22.5
PLW,Palau,East Asia & Pacific,High income,IBRD,2018,29.973,3.52261817677838,100,,-0.428806096617578,19608.9617027822,,3.58557208605373,22.9
PLW,Palau,East Asia & Pacific,High income,IBRD,2019,30.425,3.6199456491086,100,,0.390852393445343,19685.6037989273,,3.50894731580526,23
PLW,Palau,East Asia & Pacific,High income,IBRD,2020,30.193,3.87590588869027,100,160.326889038086,-5.97571009429768,18509.2491855913,,3.92137197873834,22.9
PLW,Palau,East Asia & Pacific,High income,IBRD,2021,30.02,4.58149983492869,100,105.06512301013,-11.8700599011258,16312.190220013,,4.59829235675342,22.7
PLW,Palau,East Asia & Pacific,High income,IBRD,2022,30.031,4.84212344663657,100,88.5593220338983,-0.328362347418647,16258.6271292912,82.56749725,,22.4
PNG,Papua New Guinea,East Asia & Pacific,Lower middle income,Blend,2000,77.403,0.158198501077191,12.4,,-5.80069881814661,3327.22485837041,0.835249302427624,41.5286405859385,72
PNG,Papua New Guinea,East Asia & Pacific,Lower middle income,Blend,2001,78.271,0.192530594278392,12.7,,-3.45795715085934,3212.17084845522,0.904103545170821,41.3673559172899,70.8
PNG,Papua New Guinea,East Asia & Pacific,Lower middle income,Blend,2002,77.2,0.22120708454945,13.1,,-3.45493602471663,3101.1924006365,1.3216569348661,41.3528170472217,69.6
PNG,Papua New Guinea,East Asia & Pacific,Lower middle income,Blend,2003,75.992,0.241317480465771,13.4,,-1.1723144679098,3064.83667344612,1.37440466802801,42.5918871752168,68.4
PNG,Papua New Guinea,East Asia & Pacific,Lower middle income,Blend,2004,74.68,0.249950862465945,13.8,,-0.591008801262731,3046.72321896172,1.5079127722725,42.4946525372099,67.2
PNG,Papua New Guinea,East Asia & Pacific,Lower middle income,Blend,2005,73.559,0.255074210964255,14.1,,2.96266985795965,3136.98756942536,1.71619047556782,44.0202510283725,65.9
PNG,Papua New Guinea,East Asia & Pacific,Lower middle income,Blend,2006,72.624,0.246040945201099,12.4,,2.1010623787835,3202.89763507367,1.754487260668,43.7186963195442,64.6
PNG,Papua New Guinea,East Asia & Pacific,Lower middle income,Blend,2007,71.892,0.226764218992617,14.9,,4.47661413613285,3346.27900337124,1.790599942,46.7621127316902,63.2
PNG,Papua New Guinea,East Asia & Pacific,Lower middle income,Blend,2008,70.615,0.21960883358997,15.3,,-3.34540325323914,3234.33247673,1.15,48.8882793799157,61.8
PNG,Papua New Guinea,East Asia & Pacific,Lower middle income,Blend,2009,68.996,0.199507455733374,17.2,,3.57848686707685,3350.07263964739,1.61,41.740398966573,60.3
PNG,Papua New Guinea,East Asia & Pacific,Lower middle income,Blend,2010,69.745,0.154853463457612,19.5,,6.85231014831385,3579.63000710983,1.28,41.9109473896947,58.9
PNG,Papua New Guinea,East Asia & Pacific,Lower middle income,Blend,2011,68.795,0.161764445032965,17.3,,-1.79758471709076,3515.28312517363,2,37.1052072514399,57.5
PNG,Papua New Guinea,East Asia & Pacific,Lower middle income,Blend,2012,67.797,0.147362114985658,17.5,32.6879479913319,1.78156409666185,3577.91014722774,3.5,36.9455442369254,56.1
PNG,Papua New Guinea,East Asia & Pacific,Lower middle income,Blend,2013,67.044,0.152452740119731,17.8,,1.05749757557005,3615.74646029074,5.099999905,36.1050303279062,54.7
PNG,Papua New Guinea,East Asia & Pacific,Lower middle income,Blend,2014,64.396,0.162466784767735,18.1,,10.6031750853758,3999.13038811865,6.5,35.0450406612857,53.3
PNG,Papua New Guinea,East Asia & Pacific,Lower middle income,Blend,2015,61.738,0.164440355451153,18.4,,3.8989789371627,4155.05563962107,7.900000095,35.5026551913569,57.3
PNG,Papua New Guinea,East Asia & Pacific,Lower middle income,Blend,2016,59.227,0.172768479552902,13.5,,2.91791021651957,4276.29643263164,9.601499557,34.7584215849795,50.4
PNG,Papua New Guinea,East Asia & Pacific,Lower middle income,Blend,2017,58.478,0.145654226873583,19.2,,1.08692627161339,4322.77662200998,11.20919991,33.4073715148707,48.9
PNG,Papua New Guinea,East Asia & Pacific,Lower middle income,Blend,2018,57.826,0.123942514676234,16.6,40.4233467116333,-2.56991254975047,4211.68504310327,12.35789967,32.2775056590743,47.5
PNG,Papua New Guinea,East Asia & Pacific,Lower middle income,Blend,2019,57.004,0.12183014307212,23.6,41.5678577082811,2.14824964998061,4302.16255230002,13.62419987,41.8806490054084,46.1
PNG,Papua New Guinea,East Asia & Pacific,Lower middle income,Blend,2020,56.433,0.136757016193555,20.5,40.4603408609418,-5.20688760573694,4078.15378358566,15.02040005,39.9162188790519,44.7
PNG,Papua New Guinea,East Asia & Pacific,Lower middle income,Blend,2021,55.664,0.135256804290822,20.9,48.9409565731442,-2.4695196729345,3977.44297360749,16.55960083,39.9588024788339,43.2
PNG,Papua New Guinea,East Asia & Pacific,Lower middle income,Blend,2022,55.029,0.131346458402015,19,,3.73575055211361,4126.03032145403,18.25659943,,41.9
POL,Poland,Europe & Central Asia,High income,IBRD,2000,16.643,0.440683012399294,100,,5.75502267661936,18566.3546288772,7.2854287080601,2.99068767908309,9.3
POL,Poland,Europe & Central Asia,High income,IBRD,2001,16.032,0.430767855708618,100,100.486572265625,1.26167597595419,18800.6018648402,9.9006697073534,3.21255905944402,8.8
POL,Poland,Europe & Central Asia,High income,IBRD,2002,15.723,0.412843617921993,100,102.079460144043,1.94840486282048,19166.9137058143,21.15,3.04872125778832,8.4
POL,Poland,Europe & Central Asia,High income,IBRD,2003,15.254,0.415650313184942,99.9,104.052558898926,3.59326547651193,19855.6317989181,24.87,2.55356754225719,8.1
POL,Poland,Europe & Central Asia,High income,IBRD,2004,14.575,0.39825566990516,99.9,99.0511016845703,5.15230495657681,20878.6545002534,32.53,3.12408617077174,7.8
POL,Poland,Europe & Central Asia,High income,IBRD,2005,14.246,0.385207040119504,99.8,100.700813293457,3.30621477152089,21568.9476594356,38.81,3.45679130346128,7.6
POL,Poland,Europe & Central Asia,High income,IBRD,2006,14.323,0.378328112814562,99.8,99.7898635864258,6.26942932351373,22921.1975887696,44.58,3.26176874281263,7.3
POL,Poland,Europe & Central Asia,High income,IBRD,2007,15.146,0.353889121352489,99.8,99.5984573364258,6.81843988104569,24484.0656663756,48.6,3.80481712980395,7
POL,Poland,Europe & Central Asia,High income,IBRD,2008,16.52,0.333152562124186,99.8,99.4151229858398,4.36953645222033,25553.9058406534,53.13,4.67064164064261,6.7
POL,Poland,Europe & Central Asia,High income,IBRD,2009,16.75,0.311459598150026,100,99.1387176513672,2.54561682473884,26204.410367111,58.97,6.15815317690482,6.3
POL,Poland,Europe & Central Asia,High income,IBRD,2010,16.071,0.319349036501582,100,99.6203994750977,3.46400853867873,27112.1333797381,62.32,7.4035723120445,6
POL,Poland,Europe & Central Asia,High income,IBRD,2011,14.923,0.301151518890266,100,99.9345169067383,5.19888222323388,28521.6612623568,61.94999896898,8.3911451072468,5.7
POL,Poland,Europe & Central Asia,High income,IBRD,2012,14.811,0.290122882953553,100,99.8879928588867,1.51202436704637,28952.9157305301,62.3099972714691,10.7618648196917,5.4
POL,Poland,Europe & Central Asia,High income,IBRD,2013,14.28,0.28397217713532,100,109.392158508301,0.745031977271424,29168.624211075,62.8492,10.7618726455219,5.2
POL,Poland,Europe & Central Asia,High income,IBRD,2014,13.612,0.262401516663053,100,107.965179443359,3.99831832124629,30334.8786569618,66.5987360557248,12.8766746930384,5
POL,Poland,Europe & Central Asia,High income,IBRD,2015,12.735,0.253943243614575,100,107.555976867676,4.50138467634895,31700.3682364154,67.9969871556415,14.1941386167427,4.9
POL,Poland,Europe & Central Asia,High income,IBRD,2016,12.343,0.255284950472098,100,107.49730682373,3.07547528252388,32675.3052259954,73.3007040962669,13.9911543193207,4.8
POL,Poland,Europe & Central Asia,High income,IBRD,2017,11.518,0.253119417076137,100,108.001609802246,5.13933542172569,34354.5987616319,75.9853659493832,14.4485202240929,4.6
POL,Poland,Europe & Central Asia,High income,IBRD,2018,10.579,0.237814246555502,100,109.459831237793,6.24607110540019,36500.4114282584,77.5417345350006,12.9782873340822,4.5
POL,Poland,Europe & Central Asia,High income,IBRD,2019,9.522,0.215283017324938,100,108.760276794434,4.60600727341085,38181.6230334689,80.4359068768673,15.9761141059102,4.5
POL,Poland,Europe & Central Asia,High income,IBRD,2020,8.107,0.209059135669852,100,112.317840576172,-0.861202002378917,37852.8021313639,83.18488715,18.3995140532264,4.4
POL,Poland,Europe & Central Asia,High income,IBRD,2021,6.772,0.213383939280027,100,109.834098815918,8.47171799983406,41059.5847829682,85.37490906,17.4599985525884,4.4
POL,Poland,Europe & Central Asia,High income,IBRD,2022,5.984,0.192686894608007,100,107.567939758301,5.7122759744731,43405.0215797441,86.94113479,,4.3
PRI,Puerto Rico (US),Latin America & Caribbean,High income,Not classified,2000,73.334,0.177189868847378,100,,2.98675150054237,37298.5450447133,10.4746482089399,0.547825887638389,
PRI,Puerto Rico (US),Latin America & Caribbean,High income,Not classified,2001,68.764,0.164544321641386,100,,6.08604917663311,39568.5528383032,15.6300309162012,0.53582638328401,
PRI,Puerto Rico (US),Latin America & Caribbean,High income,Not classified,2002,63.807,0.132099434894577,100,,0.78642430938811,39879.7295566967,17.5476475654777,0.496211318709626,
PRI,Puerto Rico (US),Latin America & Caribbean,High income,Not classified,2003,60.921,0.17129360279628,100,,-0.00918394623066376,39876.0670237773,19.7070256578252,0.499220672665391,
PRI,Puerto Rico (US),Latin America & Caribbean,High income,Not classified,2004,61.768,0.157804986608062,100,,8.72642633155034,43355.8226365269,22.1307382347014,0.49513073108642,
PRI,Puerto Rico (US),Latin America & Caribbean,High income,Not classified,2005,61.055,0.161801599298667,100,,-1.84546035319809,42555.7081189669,23.4000504486583,0.562419827432178,
PRI,Puerto Rico (US),Latin America & Caribbean,High income,Not classified,2006,59.619,0.105835031529838,100,,-0.991030023306365,42133.9682748773,25.4424182102582,0.479026265872004,
PRI,Puerto Rico (US),Latin America & Caribbean,High income,Not classified,2007,58.039,0.113322576317649,100,,-0.582297403436883,41888.6232716478,27.86,0.485056209693656,
PRI,Puerto Rico (US),Latin America & Caribbean,High income,Not classified,2008,55.187,0.0989866700760261,100,,-1.26658342180474,41358.0689136668,38,0.514783327912672,
PRI,Puerto Rico (US),Latin America & Caribbean,High income,Not classified,2009,54.723,0.0916217271974293,100,90.4561462402344,-1.41621092108605,40772.3514249612,41.5,0.519825129956282,
PRI,Puerto Rico (US),Latin America & Caribbean,High income,Not classified,2010,52.784,0.0884523011172223,100,89.8547134399414,0.0130918561743698,40777.6892825687,45.3,0.410708354362671,
PRI,Puerto Rico (US),Latin America & Caribbean,High income,Not classified,2011,51.773,0.0770980945625263,100,85.3739318847656,0.477827773852212,40972.5364074959,48,0.718961233028393,
PRI,Puerto Rico (US),Latin America & Caribbean,High income,Not classified,2012,48.757,0.0748968337156326,100,88.7678070068359,0.915046581773325,41347.4542013586,68.9999826014151,0.643603462883981,
PRI,Puerto Rico (US),Latin America & Caribbean,High income,Not classified,2013,44.206,0.0724814040997992,100,90.6086273193359,0.506273089098627,41556.7852350074,68.999990004,1.60418027311774,
PRI,Puerto Rico (US),Latin America & Caribbean,High income,Not classified,2014,40.5,0.0771999691234866,100,92.2278671264648,0.0887811529566989,41593.6798280708,76.1338597201667,1.9519044164517,
PRI,Puerto Rico (US),Latin America & Caribbean,High income,Not classified,2015,34.699,0.0819867728752372,100,99.7742919921875,0.346031006728381,41737.6068571153,63.4663353848474,2.47120225762514,
PRI,Puerto Rico (US),Latin America & Caribbean,High income,Not classified,2016,30.204,0.0779030971552963,100,87.7187728881836,0.289081770174349,41858.2626698462,68.6438071976518,2.69881587568136,
PRI,Puerto Rico (US),Latin America & Caribbean,High income,Not classified,2017,24.933,0.0822001398222043,100,,-0.903680354883278,41479.9977732034,68.7407731407209,3.3563378333735,
PRI,Puerto Rico (US),Latin America & Caribbean,High income,Not classified,2018,20.072,0.101363601698918,100,90.4226531982422,-0.869549149955759,41119.3088051648,70.8563997424362,2.64839294568485,
PRI,Puerto Rico (US),Latin America & Caribbean,High income,Not classified,2019,18.858,0.0917712244913463,100,,1.30600530158883,41656.3291581369,77.7364393708352,3.7261434978984,
PRI,Puerto Rico (US),Latin America & Caribbean,High income,Not classified,2020,16.155,0.0945625144455483,100,,-3.56477573029991,40171.3744461738,,4.01337249193704,
PRI,Puerto Rico (US),Latin America & Caribbean,High income,Not classified,2021,14.896,0.0957192775295904,100,,0.965492836952421,40559.226188957,84.78666399,4.57841328319192,
PRI,Puerto Rico (US),Latin America & Caribbean,High income,Not classified,2022,13.956,0.102151177803946,100,,4.31859270552792,42310.8139725719,87.29178106,,
PRK,"Korea, Dem. People's Rep.",East Asia & Pacific,Low income,Not classified,2000,1.134,,,,,,0,52.5773195876289,100.2
PRK,"Korea, Dem. People's Rep.",East Asia & Pacific,Low income,Not classified,2001,1.057,,,,,,0,52.4754455445545,99
PRK,"Korea, Dem. People's Rep.",East Asia & Pacific,Low income,Not classified,2002,0.976,,,,,,0,53.7017091423948,97.8
PRK,"Korea, Dem. People's Rep.",East Asia & Pacific,Low income,Not classified,2003,0.906,,,,,,0,55.8164110867702,34.5
PRK,"Korea, Dem. People's Rep.",East Asia & Pacific,Low income,Not classified,2004,0.842,,,,,,0,56.8925450573457,33.8
PRK,"Korea, Dem. People's Rep.",East Asia & Pacific,Low income,Not classified,2005,0.779,,,,,,,57.3219991270188,33.3
PRK,"Korea, Dem. People's Rep.",East Asia & Pacific,Low income,Not classified,2006,0.751,,,,,,,56.2613231098431,32.8
PRK,"Korea, Dem. People's Rep.",East Asia & Pacific,Low income,Not classified,2007,0.706,,,,,,,61.7127788104089,32.4
PRK,"Korea, Dem. People's Rep.",East Asia & Pacific,Low income,Not classified,2008,0.672,,,,,,,60.6395845006681,31
PRK,"Korea, Dem. People's Rep.",East Asia & Pacific,Low income,Not classified,2009,0.649,,26,,,,,53.1964680851064,30
PRK,"Korea, Dem. People's Rep.",East Asia & Pacific,Low income,Not classified,2010,0.64,,29.3,,,,,56.5467510548523,28.7
PRK,"Korea, Dem. People's Rep.",East Asia & Pacific,Low income,Not classified,2011,0.634,,31.4,,,,,62.8691904761905,27.2
PRK,"Korea, Dem. People's Rep.",East Asia & Pacific,Low income,Not classified,2012,0.627,,33.6,,,,,62.8060930232558,25.7
PRK,"Korea, Dem. People's Rep.",East Asia & Pacific,Low income,Not classified,2013,0.62,,35.7,,,,,62.0374208144796,24.1
PRK,"Korea, Dem. People's Rep.",East Asia & Pacific,Low income,Not classified,2014,0.612,,37.8,,,,,63.2596296296296,22.6
PRK,"Korea, Dem. People's Rep.",East Asia & Pacific,Low income,Not classified,2015,0.602,,40,94.8986968994141,,,,52.7881578947368,21.4
PRK,"Korea, Dem. People's Rep.",East Asia & Pacific,Low income,Not classified,2016,0.592,,42.1,,,,,53.7281589958159,20.6
PRK,"Korea, Dem. People's Rep.",East Asia & Pacific,Low income,Not classified,2017,0.581,,44.2,,,,,50.7343922534613,19.1
PRK,"Korea, Dem. People's Rep.",East Asia & Pacific,Low income,Not classified,2018,0.57,,46.3,,,,,51.4732815253966,18.4
PRK,"Korea, Dem. People's Rep.",East Asia & Pacific,Low income,Not classified,2019,0.56,,48.4,,,,,46.2879454004941,17.7
PRK,"Korea, Dem. People's Rep.",East Asia & Pacific,Low income,Not classified,2020,0.552,,50.5,,,,,53.3378283058794,17.4
PRK,"Korea, Dem. People's Rep.",East Asia & Pacific,Low income,Not classified,2021,0.539,,52.6,,,,,63.0792789980882,17.4
PRK,"Korea, Dem. People's Rep.",East Asia & Pacific,Low income,Not classified,2022,0.525,,54.7,,,,,,17.7
PRT,Portugal,Europe & Central Asia,High income,Not classified,2000,22.154,0.178030036591607,100,,3.08905313202446,35069.8275705133,16.4304676923534,30.2988757883192,7.2
PRT,Portugal,Europe & Central Asia,High income,Not classified,2001,21.143,0.172605132251647,100,111.711250305176,1.22726326221765,35500.2266804093,18.0871365595338,34.5782536713324,6.6
PRT,Portugal,Europe & Central Asia,High income,Not classified,2002,21.387,0.182723630871389,100,112.623863220215,0.220543241020806,35578.5200309,19.37,22.1007656104279,6
PRT,Portugal,Europe & Central Asia,High income,Not classified,2003,20.41,0.1710027360435,100,113.136199951172,-1.30174193891358,35115.379514413,29.67,38.491419789977,5.5
PRT,Portugal,Europe & Central Asia,High income,Not classified,2004,19.714,0.17271181486584,100,100.022537231445,1.54561995012715,35658.1298257507,31.78,27.9183239108746,5
PRT,Portugal,Europe & Central Asia,High income,Not classified,2005,18.905,0.180040383537373,100,101.168586730957,0.595038072485551,35870.3092741502,34.99,18.5657877785889,4.7
PRT,Portugal,Europe & Central Asia,High income,Not classified,2006,17.115,0.164394788949094,100,99.9085464477539,1.44193756415369,36387.5367379523,38.01,33.0084419159479,4.4
PRT,Portugal,Europe & Central Asia,High income,Not classified,2007,16.597,0.156284438363417,100,103.064010620117,2.30555184529184,37226.4702626704,42.09,35.0771819182257,4.2
PRT,Portugal,Europe & Central Asia,High income,Not classified,2008,15.864,0.150513431657267,100,104.721168518066,0.174699975144293,37291.5048969664,44.13,32.9329838604429,4
PRT,Portugal,Europe & Central Asia,High income,Not classified,2009,15.149,0.153341669521104,100,107.557548522949,-3.21438882343172,36092.8109314688,48.27,37.8755352839245,3.9
PRT,Portugal,Europe & Central Asia,High income,Not classified,2010,14.45,0.137215168625366,100,109.032386779785,1.69092747575826,36703.1141882825,53.3,53.1556664817896,3.8
PRT,Portugal,Europe & Central Asia,High income,Not classified,2011,13.323,0.134754935904561,100,109.955856323242,-1.56885655182528,36127.2949766157,55.2499968797194,47.0629598566582,3.7
PRT,Portugal,Europe & Central Asia,High income,Not classified,2012,11.886,0.136020276682738,100,110.881690979004,-3.66111452137058,34804.6333340484,60.3399974868057,43.7842922727078,3.7
PRT,Portugal,Europe & Central Asia,High income,Not classified,2013,10.295,0.132846602778247,100,119.206550598145,-0.439198387971658,34651.7719455059,62.0956,59.2373967062102,3.6
PRT,Portugal,Europe & Central Asia,High income,Not classified,2014,8.976,0.13058692280349,100,114.940048217773,1.28604644379557,35097.4098263232,64.5924200648949,61.3689632968448,3.6
PRT,Portugal,Europe & Central Asia,High income,Not classified,2015,8.286,0.139465973472205,100,116.3916015625,2.01139554784055,35803.3575649772,68.6328614804299,48.6663487218619,3.6
PRT,Portugal,Europe & Central Asia,High income,Not classified,2016,7.949,0.133557560360599,100,115.198280334473,2.32643063621838,36636.2978441636,70.423567088723,55.5232972533939,3.6
PRT,Portugal,Europe & Central Asia,High income,Not classified,2017,7.805,0.14109520622719,100,117.064079284668,3.56700126187077,37943.1150505677,73.7912139515729,40.9009944305161,3.6
PRT,Portugal,Europe & Central Asia,High income,Not classified,2018,7.595,0.127026302772228,100,118.86946105957,3.11123658697107,39123.6151282575,74.6609681487507,51.3732980079147,3.5
PRT,Portugal,Europe & Central Asia,High income,Not classified,2019,7.608,0.112310903858411,100,120.158042907715,2.72130207848775,40188.2868799223,75.346377940871207,54.2392105956278,3.5
PRT,Portugal,Europe & Central Asia,High income,Not classified,2020,6.776,0.107108226837518,100,118.972717285156,-8.30107079726919,36852.2287338103,78.26166044,59.6286973887486,3.4
PRT,Portugal,Europe & Central Asia,High income,Not classified,2021,5.811,0.0972677989565006,100,119.506401062012,4.89913107175563,38657.6677223429,82.30902804,64.9061770532965,3.3
PRT,Portugal,Europe & Central Asia,High income,Not classified,2022,6.642,0.0925648760260015,100,121.729446411133,6.24247031136021,41070.8611529744,84.49690644,,3.3
PRY,Paraguay,Latin America & Caribbean,Upper middle income,IBRD,2000,80,0.0714304493690186,89.6,65.8415679931641,-4.18580870385856,9997.3297251405,0.747630711548184,99.9801839527406,33.6
PRY,Paraguay,Latin America & Caribbean,Upper middle income,IBRD,2001,77.086,0.0748847147603742,91,69.342658996582,-2.49369285917085,9748.02702767691,1.09879383569333,99.9813756426948,32.8
PRY,Paraguay,Latin America & Caribbean,Upper middle income,IBRD,2002,74.955,0.0784253482227081,91.7,70.7528381347656,-1.42073243570553,9609.53364585336,1.79496959770244,99.9830332697254,32
PRY,Paraguay,Latin America & Caribbean,Upper middle income,IBRD,2003,75.168,0.0775926022468296,92.6,68.4177780151367,3.04557479031354,9902.19918003817,2.11194208210034,99.9830600142937,31.3
PRY,Paraguay,Latin America & Caribbean,Upper middle income,IBRD,2004,74.329,0.0754489716506578,93.2,69.9641571044922,2.86510353489651,10185.9074387779,3.45243843137079,,30.5
PRY,Paraguay,Latin America & Caribbean,Upper middle income,IBRD,2005,73.857,0.0681391828813238,94.7,70.1815185546875,1.01015474976116,10288.800866577,7.90700786141285,99.9853222843294,29.7
PRY,Paraguay,Latin America & Caribbean,Upper middle income,IBRD,2006,73.041,0.0700607847370003,96.7,70.2643737792969,3.72097911920059,10671.6449984385,7.962100029,,28.9
PRY,Paraguay,Latin America & Caribbean,Upper middle income,IBRD,2007,73.066,0.0631493455516602,96.5,70.6646575927734,4.39311756937708,11140.4629098064,11.21,,28.2
PRY,Paraguay,Latin America & Caribbean,Upper middle income,IBRD,2008,74.327,0.0692521114016664,96.7,72.4440612792969,5.46828018339494,11749.6546354418,14.27,,27.3
PRY,Paraguay,Latin America & Caribbean,Upper middle income,IBRD,2009,75.577,0.0716390873919056,96.9,73.5109176635742,-1.27522707842539,11599.8198579092,18.9,,26.5
PRY,Paraguay,Latin America & Caribbean,Upper middle income,IBRD,2010,75.411,0.0717513404378308,97.4,75.320072641356,9.80314731436218,12736.9672867807,19.8,,25.7
PRY,Paraguay,Latin America & Caribbean,Upper middle income,IBRD,2011,76.175,0.0715194628232278,98.2,78.1639709472656,2.91154988835602,13107.8104435989,24.7635158793993,,24.9
PRY,Paraguay,Latin America & Caribbean,Upper middle income,IBRD,2012,77.328,0.0715180810369286,97.8,85.5904312133789,-2.09516519055065,12833.1801619413,29.34,99.9973769403171,24.2
PRY,Paraguay,Latin America & Caribbean,Upper middle income,IBRD,2013,76.799,0.0688318432640476,99,,6.74651223749345,13698.9722320262,36.9,,23.4
PRY,Paraguay,Latin America & Caribbean,Upper middle income,IBRD,2014,77.096,0.068946065384599,99,,3.78558222389611,14217.5580896983,43.0073750122614,,22.7
PRY,Paraguay,Latin America & Caribbean,Upper middle income,IBRD,2015,76.887,0.0749691755184742,99.3,,1.4645236194643,14425.777586033,49.716304663966,,21.9
PRY,Paraguay,Latin America & Caribbean,Upper middle income,IBRD,2016,76.626,0.0810885046968791,98.4,84.2714777594267,2.76597250767641,14824.7906280812,53.4041274791009,,21.2
PRY,Paraguay,Latin America & Caribbean,Upper middle income,IBRD,2017,75.873,0.0872189751073514,99.3,,3.32962942297075,15318.4012187276,61.0757562215797,,20.5
PRY,Paraguay,Latin America & Caribbean,Upper middle income,IBRD,2018,75.157,0.0872463023542901,99.6,,1.77964425718002,15591.0142663085,64.9935430235756,,19.9
PRY,Paraguay,Latin America & Caribbean,Upper middle income,IBRD,2019,74.016,0.0853830387079731,99.7,,-1.74219112718859,15319.3889991221,68.5176284222264,,19.2
PRY,Paraguay,Latin America & Caribbean,Upper middle income,IBRD,2020,72.899,0.0793516362110256,99.7,88.6356499895332,-2.15166731600608,14989.7667130162,73.95751114,,18.6
PRY,Paraguay,Latin America & Caribbean,Upper middle income,IBRD,2021,71.902,0.0774906689873836,100,91.6603622436523,2.74305750115238,15400.9446332428,77.01838621,,18
PRY,Paraguay,Latin America & Caribbean,Upper middle income,IBRD,2022,71.036,0.0777845046066396,100,87.3263168334961,-1.15611486582868,15222.8920228598,76.25916611,,17.5
PSE,West Bank and Gaza,"Middle East, North Africa, Afghanistan & Pakistan",Lower middle income,Not classified,2000,91.456,,99.7,77.6240234375,-10.8625929085069,4520.88992531975,1.11130620708969,0,30.3
PSE,West Bank and Gaza,"Middle East, North Africa, Afghanistan & Pakistan",Lower middle income,Not classified,2001,86.718,,99.1,80.3880081176758,-11.5990690763047,3996.50878001821,1.83685483917877,0,29.4
PSE,West Bank and Gaza,"Middle East, North Africa, Afghanistan & Pakistan",Lower middle income,Not classified,2002,81.67,,99.2,82.0936126708984,-14.696224583011,3409.17287422698,3.10009223512517,0,28.5
PSE,West Bank and Gaza,"Middle East, North Africa, Afghanistan & Pakistan",Lower middle income,Not classified,2003,74.896,,99.1,84.433952331543,11.1391726672237,3788.92652721128,4.13061635632919,0,27.7
PSE,West Bank and Gaza,"Middle East, North Africa, Afghanistan & Pakistan",Lower middle income,Not classified,2004,67.843,,99.5,87.8212738037109,18.8484471333478,4503.08034061409,4.40090482603223,0,26.8
PSE,West Bank and Gaza,"Middle East, North Africa, Afghanistan & Pakistan",Lower middle income,Not classified,2005,61.218,,99.6,89.1882629394531,8.4829084168252,4885.07252184444,16.00499916,0,26
PSE,West Bank and Gaza,"Middle East, North Africa, Afghanistan & Pakistan",Lower middle income,Not classified,2006,55.554,,99.7,91.1926574707031,-3.49430234961132,4714.37331793342,18.41,0,25.1
PSE,West Bank and Gaza,"Middle East, North Africa, Afghanistan & Pakistan",Lower middle income,Not classified,2007,45.685,,98.8,91.6056976318359,1.16982596233521,4769.52328096801,21.1760006,0,24.3
PSE,West Bank and Gaza,"Middle East, North Africa, Afghanistan & Pakistan",Lower middle income,Not classified,2008,46.84,,99.8,91.2910003662109,4.51371143942183,4984.80579890695,24.3579998,0,23.5
PSE,West Bank and Gaza,"Middle East, North Africa, Afghanistan & Pakistan",Lower middle income,Not classified,2009,48.552,,99.9,91.1607971191406,5.73457681316152,5270.66331643219,32.23,0,22.7
PSE,West Bank and Gaza,"Middle East, North Africa, Afghanistan & Pakistan",Lower middle income,Not classified,2010,50.665,,99.9,90.614418241199,3.06565425625401,5432.24363072522,37.40000153,0,21.9
PSE,West Bank and Gaza,"Middle East, North Africa, Afghanistan & Pakistan",Lower middle income,Not classified,2011,51.036,,99.7,90.4789097664676,6.86783487502541,5805.32115329251,41.08000183,0,21.1
PSE,West Bank and Gaza,"Middle East, North Africa, Afghanistan & Pakistan",Lower middle income,Not classified,2012,50.707,,99.8,89.7635136812524,3.51036746369036,6009.10925822042,43.4,0.216398692951895,20.3
PSE,West Bank and Gaza,"Middle East, North Africa, Afghanistan & Pakistan",Lower middle income,Not classified,2013,48.976,,99.9,89.3845067710673,2.21485047926886,6142.20204342591,46.59999847,0.373064726730088,19.6
PSE,West Bank and Gaza,"Middle East, North Africa, Afghanistan & Pakistan",Lower middle income,Not classified,2014,48.213,,99.9,89.2406335817968,-2.47102630481804,5990.42661523778,53.6651997924171,0.883418239641921,21.9
PSE,West Bank and Gaza,"Middle East, North Africa, Afghanistan & Pakistan",Lower middle income,Not classified,2015,47.778,,99.9,89.9287548247777,1.37258508832343,6072.65031768549,56.70000076,1.79744277330846,18.2
PSE,West Bank and Gaza,"Middle East, North Africa, Afghanistan & Pakistan",Lower middle income,Not classified,2016,45.95,,100,90.2320188949519,6.44666146094556,6464.13352537371,59.90000153,7.91330739009813,17.5
PSE,West Bank and Gaza,"Middle East, North Africa, Afghanistan & Pakistan",Lower middle income,Not classified,2017,43.498,,99.9,91.1514747935572,-0.577622802403482,6426.79521615335,63.29999924,8.3498023715415,16.9
PSE,West Bank and Gaza,"Middle East, North Africa, Afghanistan & Pakistan",Lower middle income,Not classified,2018,41.694,,100,91.43948440818,-1.30481419195327,6342.9374800852,64.3999937114499,14.3281595398255,16.3
PSE,West Bank and Gaza,"Middle East, North Africa, Afghanistan & Pakistan",Lower middle income,Not classified,2019,40.399,,100,92.1069779946866,-1.15161366535136,6269.89134527985,70.6225837001758,15.1699595042336,15.7
PSE,West Bank and Gaza,"Middle East, North Africa, Afghanistan & Pakistan",Lower middle income,Not classified,2020,38.946,,100,92.3509100224999,-13.4963869730477,5423.68254653126,76.18160248,21.2691007759318,15.2
PSE,West Bank and Gaza,"Middle East, North Africa, Afghanistan & Pakistan",Lower middle income,Not classified,2021,37.919,,100,92.9705244906805,4.41469534491321,5663.12160743584,,24.4633507853403,14.6
PSE,West Bank and Gaza,"Middle East, North Africa, Afghanistan & Pakistan",Lower middle income,Not classified,2022,36.837,,100,92.7547421358175,1.58856471383393,5753.08395899307,88.64690554,,14.1
PYF,French Polynesia,East Asia & Pacific,High income,Not classified,2000,48.357,,100,,1.63790019281309,,6.3570635452072,27.6700115641437,
PYF,French Polynesia,East Asia & Pacific,High income,Not classified,2001,47.09,,100,,-1.87670498388422,,6.25158894552365,27.3759966132788,
PYF,French Polynesia,East Asia & Pacific,High income,Not classified,2002,46.361,,100,,-0.650790590620005,,8.20021648571522,20.4052955915216,
PYF,French Polynesia,East Asia & Pacific,High income,Not classified,2003,43.646,,100,,0.559535344536414,,14.1242937853107,20.2404290134958,
PYF,French Polynesia,East Asia & Pacific,High income,Not classified,2004,41.924,,100,,-0.615266204742809,,17.8845374263753,24.3207719309097,
PYF,French Polynesia,East Asia & Pacific,High income,Not classified,2005,41.782,,100,,-1.17936718824801,,21.5421854743002,22.5715150597851,
PYF,French Polynesia,East Asia & Pacific,High income,Not classified,2006,42.23,,100,,-0.534705152644719,,25.1079642462589,24.3257424703537,
PYF,French Polynesia,East Asia & Pacific,High income,Not classified,2007,41.078,,100,,0.477742673226714,,28.59,25.4999640054712,
PYF,French Polynesia,East Asia & Pacific,High income,Not classified,2008,41.685,,100,,-0.716512347599547,,33.87,23.2826633528885,
PYF,French Polynesia,East Asia & Pacific,High income,Not classified,2009,41.72,,100,,-4.62302243249042,,44.6,22.2359637411285,
PYF,French Polynesia,East Asia & Pacific,High income,Not classified,2010,42.517,,100,,-2.86221244709949,,49,30.5191956641714,
PYF,French Polynesia,East Asia & Pacific,High income,Not classified,2011,41.891,,100,,-3.37156943541497,,49,27.4683788885421,
PYF,French Polynesia,East Asia & Pacific,High income,Not classified,2012,41.161,,100,,-1.41984532236675,,52.8766305867993,25.7115006867625,
PYF,French Polynesia,East Asia & Pacific,High income,Not classified,2013,39.802,,100,,-0.201995117223149,,56.8,25.6898608950445,
PYF,French Polynesia,East Asia & Pacific,High income,Not classified,2014,39.846,,100,,-0.0102536380222915,,60.68,29.1205250775478,
PYF,French Polynesia,East Asia & Pacific,High income,Not classified,2015,36.974,,100,,1.26147120448255,,64.560209747212,29.7448392352651,
PYF,French Polynesia,East Asia & Pacific,High income,Not classified,2016,33.933,,100,,1.82142796079958,,68.440419493378,31.5387075205675,
PYF,French Polynesia,East Asia & Pacific,High income,Not classified,2017,31.707,,100,,3.95416021395157,,72.7038953132942,30.9108400017491,
PYF,French Polynesia,East Asia & Pacific,High income,Not classified,2018,29.974,,100,,1.90583847677253,,,29.3183859100258,
PYF,French Polynesia,East Asia & Pacific,High income,Not classified,2019,28.526,,100,,2.97688844901971,,,28.8864547000663,
PYF,French Polynesia,East Asia & Pacific,High income,Not classified,2020,27.243,,100,,-10.6298635700059,,,30.407744294427,
PYF,French Polynesia,East Asia & Pacific,High income,Not classified,2021,25.173,,100,,3.1505198503273,,,23.7317475837087,
PYF,French Polynesia,East Asia & Pacific,High income,Not classified,2022,24.725,,100,,2.7222043522178,,,,
QAT,Qatar,"Middle East, North Africa, Afghanistan & Pakistan",High income,Not classified,2000,19.796,0.502191147703046,100,,2.58659738636253,98028.5232918526,4.86367917875156,0,12.5
QAT,Qatar,"Middle East, North Africa, Afghanistan & Pakistan",High income,Not classified,2001,19.852,0.493661228189258,100,98.1914596557617,-1.14959287506234,96901.5943725606,6.17026856093911,0,12
QAT,Qatar,"Middle East, North Africa, Afghanistan & Pakistan",High income,Not classified,2002,20.423,0.514131745178542,100,98.5448684692383,2.16704342047447,99001.4939977461,10.2261289281118,0,11.6
QAT,Qatar,"Middle East, North Africa, Afghanistan & Pakistan",High income,Not classified,2003,18.822,0.524024747969435,100,100.580139160156,-0.942784508400919,98068.1232492499,19.242336421002,0,11.2
QAT,Qatar,"Middle East, North Africa, Afghanistan & Pakistan",High income,Not classified,2004,17.301,0.472859536223059,100,101.124069213867,14.8017584046788,112583.929924606,20.701647851169,0,10.8
QAT,Qatar,"Middle East, North Africa, Afghanistan & Pakistan",High income,Not classified,2005,15.381,0.465442889941632,100,102.335876464844,0.710880387312528,113384.267001706,24.73349953,0,10.4
QAT,Qatar,"Middle East, North Africa, Afghanistan & Pakistan",High income,Not classified,2006,13.717,0.414860316877892,100,101.799743652344,7.0505125332281,121378.43895737,28.97410011,0,10.1
QAT,Qatar,"Middle East, North Africa, Afghanistan & Pakistan",High income,Not classified,2007,14.359,0.403017477822184,100,100.888458251953,-5.0304889456326,115272.510003238,37,0,9.8
QAT,Qatar,"Middle East, North Africa, Afghanistan & Pakistan",High income,Not classified,2008,15.029,0.377356725167851,100,102.374160766602,-0.341181323763109,114879.221727674,44.29999924,0,9.6
QAT,Qatar,"Middle East, North Africa, Afghanistan & Pakistan",High income,Not classified,2009,14.836,0.34858521067941,100,99.5016098022461,-0.704713507121269,114069.652335284,53.09999847,0,9.3
QAT,Qatar,"Middle East, North Africa, Afghanistan & Pakistan",High income,Not classified,2010,14.89,0.337073591586618,100,99.4061618062088,16.1591002652056,132502.281828313,69,0,9.1
QAT,Qatar,"Middle East, North Africa, Afghanistan & Pakistan",High income,Not classified,2011,14.148,0.343553596461522,100,96.5915891409608,12.4698490235204,149025.116325024,69,0.0345916042954767,8.9
QAT,Qatar,"Middle East, North Africa, Afghanistan & Pakistan",High income,Not classified,2012,13.657,0.364428909572781,100,102.69592476489,-1.30696776517799,147077.406092637,69.3,0.0305573921292437,8.7
QAT,Qatar,"Middle East, North Africa, Afghanistan & Pakistan",High income,Not classified,2013,12.069,0.386055756242421,100,100.272006631781,-6.1401747672176,138046.596315458,85.3,0.231423791392639,8.4
QAT,Qatar,"Middle East, North Africa, Afghanistan & Pakistan",High income,Not classified,2014,11.101,0.402117662201602,100,97.8229904174805,-7.26755279184226,128013.987050891,91.48999786,0.279980357696682,8.1
QAT,Qatar,"Middle East, North Africa, Afghanistan & Pakistan",High income,Not classified,2015,10.624,0.395374805489291,100,102.855682373047,-3.86137428276561,123070.887876565,92.8848264535481,0.30323622255958,7.8
QAT,Qatar,"Middle East, North Africa, Afghanistan & Pakistan",High income,Not classified,2016,9.372,0.383520757096143,100,101.471275105091,-2.4510094889969,120054.408736518,95.1246621661148,0.309972345002009,7.5
QAT,Qatar,"Middle East, North Africa, Afghanistan & Pakistan",High income,Not classified,2017,8.664,0.389526148208433,100,102.250071204785,-4.15600320402655,115064.943662853,97.3888491654164,0.301422487597137,7.1
QAT,Qatar,"Middle East, North Africa, Afghanistan & Pakistan",High income,Not classified,2018,7.789,0.387441658596771,100,101.167953667954,-0.134704952518092,114909.945485127,99.6528491261175,0.298213391217232,6.8
QAT,Qatar,"Middle East, North Africa, Afghanistan & Pakistan",High income,Not classified,2019,7,0.394059812982687,100,106.114051818848,-1.52203684233693,113160.973779334,99.6528042086389,0.252506416426051,6.6
QAT,Qatar,"Middle East, North Africa, Afghanistan & Pakistan",High income,Not classified,2020,6.137,0.400517429488952,100,104.936542983826,-8.92450817587073,103061.913422502,99.65284913,0.289800641520159,6.3
QAT,Qatar,"Middle East, North Africa, Afghanistan & Pakistan",High income,Not classified,2021,4.894,0.40471568977297,100,94.4009874257502,13.3615381417796,116832.570294098,99.65280151,0.276427644700916,6.2
QAT,Qatar,"Middle East, North Africa, Afghanistan & Pakistan",High income,Not classified,2022,5.63,0.393898425108971,100,103.828099708644,-1.79097889792256,114740.12361423,98.03800201,,6.1
ROU,Romania,Europe & Central Asia,High income,IBRD,2000,39.155,0.292489428328269,94.4,,2.59397523199067,14853.6063681531,3.61371729139783,28.4553471714099,21.4
ROU,Romania,Europe & Central Asia,High income,IBRD,2001,35.401,0.297668292879806,94.6,83.997932434082,6.69667366637488,15848.3039143162,4.53866902895312,27.7039319793562,20.6
ROU,Romania,Europe & Central Asia,High income,IBRD,2002,32.921,0.278885937392757,94.9,85.8472137451172,7.65586943426131,17061.6293695412,6.58,29.3196682377873,20.2
ROU,Romania,Europe & Central Asia,High income,IBRD,2003,34.367,0.284229568213522,95.1,85.0776214599609,3.08196384315724,17587.462617764,8.9,24.0515052593399,19.9
ROU,Romania,Europe & Central Asia,High income,IBRD,2004,35.638,0.251977872665816,95.3,83.237922668457,11.0591132161949,19532.4800205184,15,29.2342342342342,19.3
ROU,Romania,Europe & Central Asia,High income,IBRD,2005,37.648,0.238256916591995,95.6,81.6252365112305,5.3165061122384,20570.925514681,21.5,34.0213084678437,18.2
ROU,Romania,Europe & Central Asia,High income,IBRD,2006,39.661,0.23395382051522,95.9,85.9666519165039,8.67067585292331,22354.5637860053,24.66,29.2835382873184,16.7
ROU,Romania,Europe & Central Asia,High income,IBRD,2007,41.451,0.210783441267857,96.1,83.9815826416016,8.82964823723904,24328.3931332788,28.3,25.9489241645453,15.2
ROU,Romania,Europe & Central Asia,High income,IBRD,2008,46.735,0.189740470493888,96.5,94.1028213500977,11.1442089014979,27039.6000864291,32.42,26.5175503417698,13.9
ROU,Romania,Europe & Central Asia,High income,IBRD,2009,47.323,0.163316281720677,96.8,103.092918395996,-4.72628859385392,25761.6305517205,36.6,27.2789671458613,13
ROU,Romania,Europe & Central Asia,High income,IBRD,2010,41.3,0.165298741790331,97.1,101.837959289551,-3.33335291355054,24902.9044891466,39.93,33.8811230095607,12.4
ROU,Romania,Europe & Central Asia,High income,IBRD,2011,37.223,0.170475453562919,97.4,99.8830795288086,5.01083371448033,26150.7476231736,40.0099967810008,26.571981934198,11.8
ROU,Romania,Europe & Central Asia,High income,IBRD,2012,37.161,0.163221050074042,97.8,96.6138229370117,2.35828066727251,26767.4556487181,45.8799942529424,25.7382843593869,11.2
ROU,Romania,Europe & Central Asia,High income,IBRD,2013,34.895,0.14771787527882,98.1,94.7376480102539,0.651822267051088,26941.9318849595,49.7645,34.8111499796223,10.6
ROU,Romania,Europe & Central Asia,High income,IBRD,2014,36.278,0.14091306168231,98.4,92.9854202270508,4.50672544401942,28156.1307843293,54.0783206550943,42.0261587185578,9.9
ROU,Romania,Europe & Central Asia,High income,IBRD,2015,36.49,0.138872534176776,98.8,91.041862487793,3.64306941096366,29181.8781722441,55.7631556336233,40.0862646313503,9.2
ROU,Romania,Europe & Central Asia,High income,IBRD,2016,37.585,0.132325501145768,99.1,88.5227890014648,3.45169541464914,30189.147723024,59.5039512852713,42.2055051226518,8.5
ROU,Romania,Europe & Central Asia,High income,IBRD,2017,38.16,0.127106603601235,100,88.4959869384766,8.82266657090874,32852.6355672255,63.7472821822484,38.3239703869603,7.9
ROU,Romania,Europe & Central Asia,High income,IBRD,2018,36.909,0.122375317201418,99.8,86.5674591064453,6.01553045118388,34828.8958637884,70.6812779273268,41.0439762007522,7.3
ROU,Romania,Europe & Central Asia,High income,IBRD,2019,35.21,0.115090271309969,100,86.5128479003906,4.50941296110349,36399.4746080793,73.6574757545465,42.0319345208145,6.8
ROU,Romania,Europe & Central Asia,High income,IBRD,2020,34.155,0.111366501505438,100,86.8440933227539,-3.06561724934225,35283.6060358241,78.45526895,44.5645939857689,6.5
ROU,Romania,Europe & Central Asia,High income,IBRD,2021,33.234,0.112503025033578,100,86.4143218994141,6.37801653902932,37534.0002643549,83.5904265,44.8574239112157,6.4
ROU,Romania,Europe & Central Asia,High income,IBRD,2022,33.514,0.10119971449423,100,83.2872314453125,4.59004052061825,39256.8260854977,85.50309124,,6.6
RUS,Russian Federation,Europe & Central Asia,High income,IBRD,2000,26.563,0.570405390987926,97.8,,10.4637091559227,20104.75,1.97723010897647,18.9408099652983,19.4
RUS,Russian Federation,Europe & Central Asia,High income,IBRD,2001,26.294,0.543734829189098,97.9,,5.54671833932643,21219.904296875,2.94436778664985,19.8380426440955,18.4
RUS,Russian Federation,Europe & Central Asia,High income,IBRD,2002,27.621,0.516557001885428,97.9,,5.18275023824988,22319.677734375,4.12827181796644,18.5349837594036,17.3
RUS,Russian Federation,Europe & Central Asia,High income,IBRD,2003,28.151,0.499218222294841,97.9,94.4848098754883,7.78796752390349,24057.927734375,8.29886061553908,17.3491224355714,16.1
RUS,Russian Federation,Europe & Central Asia,High income,IBRD,2004,28.836,0.466122588661435,98,87.7309417724609,7.63249118230908,25894.146484375,12.8593889008473,19.2200533339057,15
RUS,Russian Federation,Europe & Central Asia,High income,IBRD,2005,28.351,0.438194043058136,98,86.1054534912109,6.80660765259209,27656.658203125,15.22669983,18.4826269612606,13.9
RUS,Russian Federation,Europe & Central Asia,High income,IBRD,2006,29.16,0.413575707191116,98.1,85.6202087402344,8.55494147469737,30022.671875,18.02330017,17.7856142937194,12.8
RUS,Russian Federation,Europe & Central Asia,High income,IBRD,2007,30.79,0.381787268357199,98.2,85.5552978515625,8.68576548155966,32630.369140625,24.66,17.8079733447056,12
RUS,Russian Federation,Europe & Central Asia,High income,IBRD,2008,32.193,0.35991897783121,98.3,85.5771331787109,5.24621001829865,34342.2265625,32,16.2117737862837,11.3
RUS,Russian Federation,Europe & Central Asia,High income,IBRD,2009,32.025,0.367743745532555,98.4,88.4459609985352,-7.8277499767233,31654.00390625,42.55,17.9528216294683,10.7
RUS,Russian Federation,Europe & Central Asia,High income,IBRD,2010,30.379,0.369861102811634,99.3,,4.45309639834757,33063.5859375,49,16.4167991291196,10.4
RUS,Russian Federation,Europe & Central Asia,High income,IBRD,2011,29.466,0.372012538777832,99.2,93.4703613490167,4.17697624368184,34444.64453125,58,16.083166392514,10.2
RUS,Russian Federation,Europe & Central Asia,High income,IBRD,2012,29.721,0.355121698978797,100,94.4915054288516,3.76271915500016,35740.69921875,66,15.7505281423771,9.9
RUS,Russian Federation,Europe & Central Asia,High income,IBRD,2013,28.205,0.338341249057105,100,95.1585451333232,1.45314767875932,36260.06640625,67.97,17.4044757207117,9.5
RUS,Russian Federation,Europe & Central Asia,High income,IBRD,2014,27.168,0.333193916894668,100,94.7123193518247,-1.12194041744186,35853.24609375,70.5175682574413,16.8125392898186,8.9
RUS,Russian Federation,Europe & Central Asia,High income,IBRD,2015,24.73,0.341242107905973,95.5,95.5388063257807,-2.2762114110788,35037.15234375,70.0992412263947,16.0860086328994,8.2
RUS,Russian Federation,Europe & Central Asia,High income,IBRD,2016,21.857,0.336226018793088,99.4,95.5642562629198,-0.0904969496110795,35005.4453125,73.091434617897,17.267672068878,7.5
RUS,Russian Federation,Europe & Central Asia,High income,IBRD,2017,18.242,0.335638811277512,100,96.9046880348653,1.61477717789909,35570.703125,76.0081385339105,17.2774388460807,6.9
RUS,Russian Federation,Europe & Central Asia,High income,IBRD,2018,16.031,0.339047589098506,100,98.3779350439121,2.71569004774612,36536.6953125,80.8647218726954,17.5128908530499,6.4
RUS,Russian Federation,Europe & Central Asia,High income,IBRD,2019,14.271,0.336623380611299,99.8,99.6904540870663,2.14202624717367,37319.3203125,82.6421618670668,17.7904389866357,6
RUS,Russian Federation,Europe & Central Asia,High income,IBRD,2020,13.801,0.332063976070436,99.9,91.1345354950116,-2.52680431743222,36376.3359375,84.99466978,20.0765885357637,5.7
RUS,Russian Federation,Europe & Central Asia,High income,IBRD,2021,13.565,0.340782025895885,100,91.4263276032683,6.21857740869952,38638.4296875,88.21384578,19.1544751840582,5.5
RUS,Russian Federation,Europe & Central Asia,High income,IBRD,2022,13.163,0.338077612441019,100,91.9435067815037,-1.09666490468587,38214.69140625,90.41799163,,5.4
RWA,Rwanda,Sub-Saharan Africa,Low income,IDA,2000,47.24,0.0785019401860208,6.2,9.83563995361328,7.49987106605703,1055.35042339776,0.0628314595107164,63.4790419161677,184.2
RWA,Rwanda,Sub-Saharan Africa,Low income,IDA,2001,45.656,0.0739680042539234,4.7,10.7198896408081,7.52679928636239,1134.78453153468,0.240672409832383,60.32,166.5
RWA,Rwanda,Sub-Saharan Africa,Low income,IDA,2002,42.566,0.0768930336517893,6,11.7095804214478,11.6682445158491,1267.19396540218,0.292784718792575,58.1988304093567,149.1
RWA,Rwanda,Sub-Saharan Africa,Low income,IDA,2003,41.423,0.0651249083230263,7.4,12.5666799545288,-0.01968684645189,1266.94449487196,0.356918467272361,66.1166666666667,132.7
RWA,Rwanda,Sub-Saharan Africa,Low income,IDA,2004,41.01,0.0587458681373071,8.7,14.3445196151733,4.6451189054665,1325.79557312503,0.43085424337006,58.6917808219178,117.5
RWA,Rwanda,Sub-Saharan Africa,Low income,IDA,2005,40.283,0.0580264594274097,4.8,15.3492403030396,6.50669742178307,1412.06107949967,0.555999994,52.6806282722513,104.5
RWA,Rwanda,Sub-Saharan Africa,Low income,IDA,2006,39.131,0.0533179479274115,11.4,17.1692695617676,6.3526672933591,1501.7646218593,,48.2781954887218,93.4
RWA,Rwanda,Sub-Saharan Africa,Low income,IDA,2007,39.236,0.0450926034494061,12.8,19.1066493988037,4.8079099260856,1573.96811218011,2.115400076,49.5357142857143,84.1
RWA,Rwanda,Sub-Saharan Africa,Low income,IDA,2008,40.587,0.0405650391075169,6,20.7493991851807,8.27757420172229,1704.25449057727,4.5,55.6736842105263,76
RWA,Rwanda,Sub-Saharan Africa,Low income,IDA,2009,41.077,0.0392328302325206,15.6,25.5202293395996,3.54291916890999,1764.63484961094,7.7,52.4487179487179,69.1
RWA,Rwanda,Sub-Saharan Africa,Low income,IDA,2010,42.084,0.03837290958805,9.7,32.039680480957,4.65979796374585,1846.86326840066,8,67.7073170731707,63.3
RWA,Rwanda,Sub-Saharan Africa,Low income,IDA,2011,41.601,0.0370316550208996,10.8,36.7639312744141,5.34277697360722,1945.53705383878,7,65.1408045977011,58.1
RWA,Rwanda,Sub-Saharan Africa,Low income,IDA,2012,40.658,0.0379072530961375,17.5,31.5941295623779,6.07172678404915,2063.66474823031,8.023900032,69.8905852417303,54.2
RWA,Rwanda,Sub-Saharan Africa,Low income,IDA,2013,40.826,0.040296294065362,15.2,31.6404940535794,2.23301483077023,2109.74668811567,9,67.5365853658537,51.4
RWA,Rwanda,Sub-Saharan Africa,Low income,IDA,2014,39.77,0.038785659532724,19.8,43.2179310615644,3.1448435210128,2176.09492014666,10.600000380000001,72.4536817102138,49.2
RWA,Rwanda,Sub-Saharan Africa,Low income,IDA,2015,38.552,0.0411223948530095,22.8,40.5258619158058,6.29578461833474,2313.09716940962,12.45600033,66.022770398482,47.3
RWA,Rwanda,Sub-Saharan Africa,Low income,IDA,2016,36.55,0.0425547006597842,29.4,39.8630035289782,3.18409626680049,2386.74841002826,14.63710022,52.9984917043741,45.8
RWA,Rwanda,Sub-Saharan Africa,Low income,IDA,2017,34.251,0.0440303526724528,34.1,41.5758285639592,2.27661189208408,2441.08540816509,17.2,50.5372907153729,44.7
RWA,Rwanda,Sub-Saharan Africa,Low income,IDA,2018,32.495,0.0453273562488344,38,43.2482338226061,5.59635869514096,2577.69730366075,19.16659927,47.2217948717949,43.7
RWA,Rwanda,Sub-Saharan Africa,Low income,IDA,2019,32.019,0.0430676889172891,46.6,46.5223774240521,6.82168128112207,2753.53959810856,21.3579998,51.1283547257876,42.7
RWA,Rwanda,Sub-Saharan Africa,Low income,IDA,2020,31.514,0.0425524029896116,45.2,,-4.93301559411864,2617.70706034364,23.8,63.3265536723164,41.6
RWA,Rwanda,Sub-Saharan Africa,Low income,IDA,2021,31.158,0.0460254973517515,48.7,47.0146410981496,6.06201151914851,2776.39276387923,24.4416008,59.8933601609658,40.6
RWA,Rwanda,Sub-Saharan Africa,Low income,IDA,2022,31.057,0.0540536647971449,50.6,47.5004278023246,7.44545148233944,2983.10774007304,28.01679993,,39.7
SAU,Saudi Arabia,"Middle East, North Africa, Afghanistan & Pakistan",High income,Not classified,2000,29.306,0.292972384672883,100,,0.150492543589365,55962.2661342789,2.21069180908888,4.8339421987305e-4,21.9
SAU,Saudi Arabia,"Middle East, North Africa, Afghanistan & Pakistan",High income,Not classified,2001,27.295,0.30357987642473,100,,-4.74097088807815,53309.111388544,4.6810531658103,4.56337480269015e-4,20.6
SAU,Saudi Arabia,"Middle East, North Africa, Afghanistan & Pakistan",High income,Not classified,2002,25.321,0.325560524588608,100,,-5.50962678622284,50371.9783079834,6.38470501955932,4.30377603431732e-4,19.4
SAU,Saudi Arabia,"Middle East, North Africa, Afghanistan & Pakistan",High income,Not classified,2003,23.536,0.314196227284714,100,,3.69783168216851,52234.649280791,8.00158289090878,3.98692810457516e-4,18.4
SAU,Saudi Arabia,"Middle East, North Africa, Afghanistan & Pakistan",High income,Not classified,2004,22.219,0.306767057280217,100,,3.75594009248144,54196.5514152953,10.2345329969583,3.8154808444097e-4,17.3
SAU,Saudi Arabia,"Middle East, North Africa, Afghanistan & Pakistan",High income,Not classified,2005,21.997,0.306699364090757,100,98.349739074707,1.35662290420511,54931.7942450845,12.7050359882849,3.46346891962481e-4,16.3
SAU,Saudi Arabia,"Middle East, North Africa, Afghanistan & Pakistan",High income,Not classified,2006,21.337,0.314311914149207,100,,-1.01590810452811,54373.737695386,19.4595543513634,3.36210412601828e-4,15.4
SAU,Saudi Arabia,"Middle East, North Africa, Afghanistan & Pakistan",High income,Not classified,2007,21.381,0.325227055570578,100,,-1.94086075361376,53318.4191601834,30,3.20151153331409e-4,14.5
SAU,Saudi Arabia,"Middle East, North Africa, Afghanistan & Pakistan",High income,Not classified,2008,20.375,0.331870576150223,100,,2.04298819113291,54407.7081673247,36,2.98726738491675e-4,13.7
SAU,Saudi Arabia,"Middle East, North Africa, Afghanistan & Pakistan",High income,Not classified,2009,19.329,0.354217390143254,100,106.745018005371,-4.86501611210622,51760.7643987566,38,2.80999806524723e-4,12.9
SAU,Saudi Arabia,"Middle East, North Africa, Afghanistan & Pakistan",High income,Not classified,2010,17.943,0.369771810269638,100,,6.08720360847519,54911.547517012,41,0.00170366266646117,12.1
SAU,Saudi Arabia,"Middle East, North Africa, Afghanistan & Pakistan",High income,Not classified,2011,17.689,0.346046067565373,100,,6.79984191573597,58645.4459416531,47.5,0.00215529306387505,11.4
SAU,Saudi Arabia,"Middle East, North Africa, Afghanistan & Pakistan",High income,Not classified,2012,17.237,0.346552974000416,100,,1.40889754697817,59471.7001909394,54,0.00886173073333932,10.8
SAU,Saudi Arabia,"Middle East, North Africa, Afghanistan & Pakistan",High income,Not classified,2013,16.147,0.341538846816617,100,93.2386305984536,-2.47720466086211,57998.4644619155,60.5,0.0140168875778304,10.1
SAU,Saudi Arabia,"Middle East, North Africa, Afghanistan & Pakistan",High income,Not classified,2014,15.908,0.351564186051,100,98.8259666809098,1.5065962283723,58872.2671400126,64.713657369019,0.0136095183571282,9.6
SAU,Saudi Arabia,"Middle East, North Africa, Afghanistan & Pakistan",High income,Not classified,2015,15.177,0.350557910479537,100,103.193475670071,-0.634810334471936,58498.5399040699,69.6162358014004,0.0127345044562439,9
SAU,Saudi Arabia,"Middle East, North Africa, Afghanistan & Pakistan",High income,Not classified,2016,14.963,0.343591615511304,99.9,106.195082803448,-2.03439520588341,57308.4484127497,74.8792746891625,0.0124340760896077,8.5
SAU,Saudi Arabia,"Middle East, North Africa, Afghanistan & Pakistan",High income,Not classified,2017,14.657,0.336134148166692,100,107.213197631228,1.10646877226159,57942.5484983044,94.1755996113911,0.0184114400771668,8
SAU,Saudi Arabia,"Middle East, North Africa, Afghanistan & Pakistan",High income,Not classified,2018,14.249,0.313058204499733,99.9,106.805095615016,5.89707730206987,61359.4653740388,93.3100018480347,0.0562251679456406,7.6
SAU,Saudi Arabia,"Middle East, North Africa, Afghanistan & Pakistan",High income,Not classified,2019,12.803,0.307847481152565,100,104.201619656228,2.09953683085793,62647.7299487842,95.7247355953812,0.068837561920283,7.2
SAU,Saudi Arabia,"Middle East, North Africa, Afghanistan & Pakistan",High income,Not classified,2020,11.266,0.318531077877706,100,103.703644184464,-8.3434729070232,57420.7335736424,97.8623325,0.06764821408208,6.9
SAU,Saudi Arabia,"Middle East, North Africa, Afghanistan & Pakistan",High income,Not classified,2021,10.467,0.305883512689155,100,102.31567264971,9.17745692710805,62690.4966645929,100,0.0652981651937175,6.7
SAU,Saudi Arabia,"Middle East, North Africa, Afghanistan & Pakistan",High income,Not classified,2022,10.29,0.28703898423214,100,120.79801594321,7.15912905732745,67178.5902274906,100,,6.4
SDN,Sudan,Sub-Saharan Africa,Low income,IDA,2000,106.286,0.049570774518914,23,,3.37132975440942,3575.85205078125,0.0257850324762484,49.9275982872713,102
SDN,Sudan,Sub-Saharan Africa,Low income,IDA,2001,106.954,0.0507993992120682,29.4,29.0130805969238,3.51515858633522,3701.548828125,0.140185224494161,47.3968309859155,98.6
SDN,Sudan,Sub-Saharan Africa,Low income,IDA,2002,106.395,0.058532833230137,29.7,31.4626502990723,3.04640852451755,3814.31323242188,0.439477639075583,45.4904623343033,95.2
SDN,Sudan,Sub-Saharan Africa,Low income,IDA,2003,104.913,0.056555392378488,29.9,31.7940292358398,3.47662601258492,3946.92260742188,0.538471703150458,38.551580202743,91.9
SDN,Sudan,Sub-Saharan Africa,Low income,IDA,2004,103.189,0.0604661449419275,30.2,34.8905601501465,2.38501078452138,4041.05712890625,0.791561615446385,35.9590423997693,101.1
SDN,Sudan,Sub-Saharan Africa,Low income,IDA,2005,99.948,0.0673693842273422,30.5,34.6907081604004,2.75337218040758,4152.32275390625,,36.7195504443283,98.8
SDN,Sudan,Sub-Saharan Africa,Low income,IDA,2006,95.978,0.0772720521065806,30.8,33.4989814758301,3.55587752590014,4299.97412109375,,33.4072107940721,83
SDN,Sudan,Sub-Saharan Africa,Low income,IDA,2007,96.1,0.0792444700523595,31.1,32.034049987793,2.69329211251048,4415.78515625,8.66,31.8799044015136,80.4
SDN,Sudan,Sub-Saharan Africa,Low income,IDA,2008,91.805,0.0814819939181116,20,33.5710983276367,0.693530743818769,4446.40966796875,,29.2905920813658,77.9
SDN,Sudan,Sub-Saharan Africa,Low income,IDA,2009,89.82,0.0868064389810435,29,36.356689453125,-5.81042185394722,4188.0546875,,52.0628562625173,75.5
SDN,Sudan,Sub-Saharan Africa,Low income,IDA,2010,88.897,0.0887493296332811,36,36.596378326416,0.758886048751407,4219.8369140625,,84.5182024269903,73.4
SDN,Sudan,Sub-Saharan Africa,Low income,IDA,2011,86.511,0.088043979502904,38.3,33.5257797241211,5.87200118550977,4467.6259765625,,77.9641632170313,71.3
SDN,Sudan,Sub-Saharan Africa,Low income,IDA,2012,83.643,0.114479939563157,40.7,36.8792190551758,-7.20056369222739,4145.931640625,,71.5162144976685,69.3
SDN,Sudan,Sub-Saharan Africa,Low income,IDA,2013,81.609,0.112917646340976,43.1,39.7228088378906,-0.372546263586997,4130.48583984375,,82.2131481841134,67.3
SDN,Sudan,Sub-Saharan Africa,Low income,IDA,2014,80.055,0.113352309081288,44.9,40.006519317627,1.86452924090501,4207.50048828125,,79.3898156277436,65.4
SDN,Sudan,Sub-Saharan Africa,Low income,IDA,2015,79.665,0.129503097197265,48,42.1506309509277,-1.14810293147822,4159.1943359375,12,65.4723987443534,63.5
SDN,Sudan,Sub-Saharan Africa,Low income,IDA,2016,77.501,0.138969057081735,50.5,40.467399597168,0.369473161527822,4174.56103515625,14.0999999446534,56.6825858250277,61.6
SDN,Sudan,Sub-Saharan Africa,Low income,IDA,2017,75.89,0.136413075473629,53,43.3027687072754,-2.71987452387332,4061.01831054688,18.60000038,61.0266032643619,59.7
SDN,Sudan,Sub-Saharan Africa,Low income,IDA,2018,73.951,0.140078551736512,55.3,42.4490699768066,-6.01716755998106,3816.65991210938,,60.2061931678545,57.8
SDN,Sudan,Sub-Saharan Africa,Low income,IDA,2019,72.653,0.1421301532954,57.6,44.8803787231445,-5.00795943799888,3625.52319335938,,64.1989818091513,56.1
SDN,Sudan,Sub-Saharan Africa,Low income,IDA,2020,71.151,0.136158395024813,59.7,,-6.18595807947966,3401.24975585938,,65.1892192438254,54.3
SDN,Sudan,Sub-Saharan Africa,Low income,IDA,2021,69.14,0.151139546510922,61.8,,-4.47700779563793,3248.9755859375,,57.9598635588403,52.7
SDN,Sudan,Sub-Saharan Africa,Low income,IDA,2022,67.339,0.138637484393099,63.2,,-3.59800846557803,3132.0771484375,,,51
SEN,Senegal,Sub-Saharan Africa,Lower middle income,IDA,2000,94.241,0.129370489501219,37.7,11.979640007019,1.41335705319622,3093.28791603382,0.403967485868965,0.923316708229426,128.9
SEN,Senegal,Sub-Saharan Africa,Lower middle income,IDA,2001,91.09,0.140321755587518,38.9,12.332010269165,1.81176865944212,3149.33113704283,0.983794058848003,0.784883720930233,121.7
SEN,Senegal,Sub-Saharan Africa,Lower middle income,IDA,2002,89.628,0.145420225591396,36.8,13.5592498779297,-2.35286664944574,3075.23157503874,1.00645453672323,0.723581213307241,113.2
SEN,Senegal,Sub-Saharan Africa,Lower middle income,IDA,2003,91.881,0.133691308416596,41.9,,3.08280432027999,3170.03494689265,2.10143642986685,0.70391061452514,104.2
SEN,Senegal,Sub-Saharan Africa,Lower middle income,IDA,2004,88.895,0.145566113790349,36.8,16.6612892150879,2.21660237161285,3240.30201670643,4.38602398008563,0.678445229681979,95.5
SEN,Senegal,Sub-Saharan Africa,Lower middle income,IDA,2005,87.546,0.154959167588012,47.1,18.9345207214356,1.8985497213755,3301.82076161633,4.78668408310535,0.613207547169811,87.6
SEN,Senegal,Sub-Saharan Africa,Lower middle income,IDA,2006,88.749,0.14788932198182,49.9,20.7912902832031,-0.0239030984175912,3301.03152415011,5.61173865217952,0.649446494464945,80.8
SEN,Senegal,Sub-Saharan Africa,Lower middle income,IDA,2007,86.877,0.159329701079924,48.1,,0.466183194352098,3316.42037835596,6.889999866,0.610316265060241,75
SEN,Senegal,Sub-Saharan Africa,Lower middle income,IDA,2008,85.882,0.159193375249419,49.7,27.028829574585,1.30518111750766,3359.70567091144,7.1199998859999996,0.598849748382459,70.1
SEN,Senegal,Sub-Saharan Africa,Lower middle income,IDA,2009,83.997,0.158504498081037,53.5,,0.34991148435582897,3371.46166689451,7.5,0.60146955913226,66.1
SEN,Senegal,Sub-Saharan Africa,Lower middle income,IDA,2010,81.071,0.162260733053049,56.5,34.5189208984375,0.952269607225944,3403.56707166762,8,1.3888166449935,62.8
SEN,Senegal,Sub-Saharan Africa,Lower middle income,IDA,2011,80.94,0.171618539461365,56.5,40.7124286126975,-1.19544188286081,3362.87940538165,9.800000191,1.47826086956522,60
SEN,Senegal,Sub-Saharan Africa,Lower middle income,IDA,2012,81.588,0.162477974910314,56.5,44.9835760823554,1.2557464643975,3405.10864461668,10.80000019,1.43101449275362,57.6
SEN,Senegal,Sub-Saharan Africa,Lower middle income,IDA,2013,78.346,0.168922793128232,57,48.301600402966,-0.578035528287558,3385.425906874,13.100000380000001,1.42796967144061,55.5
SEN,Senegal,Sub-Saharan Africa,Lower middle income,IDA,2014,75.011,0.170013460444716,61,50.5133794878854,2.91207940579723,3484.01219750661,17.700000760000002,1.46185461083997,53.7
SEN,Senegal,Sub-Saharan Africa,Lower middle income,IDA,2015,73.585,0.175771250849902,60.5,,3.15103873013858,3593.79477121279,21.700000760000002,1.63358226933269,52.2
SEN,Senegal,Sub-Saharan Africa,Lower middle income,IDA,2016,71.989,0.184605633286299,64.5,,3.23503572418973,3710.05531591559,25.66480064,1.63293695310747,50.8
SEN,Senegal,Sub-Saharan Africa,Lower middle income,IDA,2017,69.121,0.170301744576979,61.7,,4.3502357297959,3871.45146786374,29.64310074,3.69584939895668,49.4
SEN,Senegal,Sub-Saharan Africa,Lower middle income,IDA,2018,66.954,0.168715676508304,66,,3.27615846996321,3998.28635303867,35.29999924,6.27113203509523,47.9
SEN,Senegal,Sub-Saharan Africa,Lower middle income,IDA,2019,64.558,0.165681172172942,70.4,47.6122826558931,1.80892290272958,4070.6122705955,43.37969971,6.30777518405459,46.2
SEN,Senegal,Sub-Saharan Africa,Lower middle income,IDA,2020,63.118,0.160316276854162,64.3,48.7408134468399,-1.29147593311235,4018.04129279044,53.30879974,9.23380427291523,44.2
SEN,Senegal,Sub-Saharan Africa,Lower middle income,IDA,2021,62.176,0.182597841371553,68,50.1069716907194,3.8734325972454,4173.67741399617,55.04040146,13.2915360501567,42.2
SEN,Senegal,Sub-Saharan Africa,Lower middle income,IDA,2022,61.034,0.194847884404325,67.9,51.0293572947889,1.3191343503411,4228.73382643662,56.82830048,,40.1
SGP,Singapore,East Asia & Pacific,High income,Not classified,2000,7.808,0.164011029829645,100,,7.16598820156491,68904.1280154511,36,4.35427127743565,3.9
SGP,Singapore,East Asia & Pacific,High income,Not classified,2001,7.234,0.16719696421395,100,,-3.70366595204537,66352.1492865891,41.6704251756041,4.16688325425368,3.6
SGP,Singapore,East Asia & Pacific,High income,Not classified,2002,7.076,0.158468790081262,100,,2.97922962062731,68328.932172058,47,3.97755596584353,3.4
SGP,Singapore,East Asia & Pacific,High income,Not classified,2003,6.108,0.142273909834486,100,,6.10127554555405,72497.86860121,53.8379432881911,3.90235480584173,3.2
SGP,Singapore,East Asia & Pacific,High income,Not classified,2004,5.872,0.135753814502686,100,,8.5722052915981,78712.5347297388,62,3.7455651843199,3.1
SGP,Singapore,East Asia & Pacific,High income,Not classified,2005,5.938,0.118512330791858,100,,4.87209326850753,82547.482835778,61,3.60814382539973,3
SGP,Singapore,East Asia & Pacific,High income,Not classified,2006,5.645,0.109339944518269,100,,5.64834329383781,87210.0480467646,59,3.49571522742254,2.9
SGP,Singapore,East Asia & Pacific,High income,Not classified,2007,5.417,0.103611056900471,100,,4.57298627096552,91198.1515708456,69.9,3.35200447329395,2.9
SGP,Singapore,East Asia & Pacific,High income,Not classified,2008,5.18,0.100676824973651,100,,-3.41549269446281,88083.2853664583,69,3.30571935375617,2.8
SGP,Singapore,East Asia & Pacific,High income,Not classified,2009,4.561,0.102528417731847,100,,-2.84677194924208,85575.755106675,69,2.77227841140043,2.8
SGP,Singapore,East Asia & Pacific,High income,Not classified,2010,4.054,0.100014557924864,100,,12.5085215498552,96280.0168756448,71,3.27738972965981,2.8
SGP,Singapore,East Asia & Pacific,High income,Not classified,2011,3.956,0.0988830761659925,100,,4.02338164865897,100153.729405945,71,3.36993654381085,2.8
SGP,Singapore,East Asia & Pacific,High income,Not classified,2012,3.792,0.0924974599927232,100,,1.90446223662212,102061.11936105,72,3.37321573139035,2.8
SGP,Singapore,East Asia & Pacific,High income,Not classified,2013,3.203,0.0926000191049959,100,,3.13397914899265,105259.693561054,80.90209961,3.85061808175773,2.8
SGP,Singapore,East Asia & Pacific,High income,Not classified,2014,2.995,0.0911882344344829,100,,2.59472315486744,107990.891202625,79.0292358633435,4.03466780066015,2.7
SGP,Singapore,East Asia & Pacific,High income,Not classified,2015,2.568,0.0907083498481678,100,,1.76232468638902,109894.041337341,79.0129570025584,4.17967076556922,2.7
SGP,Singapore,East Asia & Pacific,High income,Not classified,2016,2.405,0.083810106919735,100,107.364959262144,2.57148302071828,112719.947951111,84.4522678893074,4.59045610232792,2.6
SGP,Singapore,East Asia & Pacific,High income,Not classified,2017,2.328,0.08627248618054,100,106.88839463636,4.23440582627357,117492.967994526,84.4522678893074,4.27901206291037,2.6
SGP,Singapore,East Asia & Pacific,High income,Not classified,2018,2.359,0.0796747248797411,100,105.214493204689,2.70307303138391,120668.888726158,88.1656360313447,4.11612199206036,2.5
SGP,Singapore,East Asia & Pacific,High income,Not classified,2019,2.303,0.0811968956395523,100,104.181057515607,0.00783404280791444,120678.341978557,88.9492526850762,4.17542088160238,2.5
SGP,Singapore,East Asia & Pacific,High income,Not classified,2020,2.276,0.0812077682847907,100,102.619251241336,-3.30973090655749,116684.213596572,92.00434653,4.08125772500843,2.4
SGP,Singapore,East Asia & Pacific,High income,Not classified,2021,2.16,0.0762502327398216,100,102.820483763331,14.8314606167434,133990.186782104,96.92468156,4.02215992761209,2.4
SGP,Singapore,East Asia & Pacific,High income,Not classified,2022,2.17,0.0741376233489647,100,102.73547410258,0.625280575115795,134828.001392614,95.95386476,,2.5
SLB,Solomon Islands,East Asia & Pacific,Lower middle income,IDA,2000,77.555,0.232104159354007,4.7,16.835599899292,-16.2171419354817,2277.11363831224,0.481296806114395,1.37307434695244,30.5
SLB,Solomon Islands,East Asia & Pacific,Lower middle income,IDA,2001,75.063,0.276756751866208,7.6,20.6115093231201,-9.73056069019374,2055.53771375159,0.468551963584141,1.42065142065142,30.2
SLB,Solomon Islands,East Asia & Pacific,Lower middle income,IDA,2002,72.642,0.298436237622361,10.5,26.704740524292,-4.61498055636233,1960.67504793326,0.501919843401009,1.60678822892219,29.8
SLB,Solomon Islands,East Asia & Pacific,Lower middle income,IDA,2003,70.475,0.290830857685997,13.4,,4.58496965418709,2050.57140389822,0.555609881855115,1.60678822892219,29.6
SLB,Solomon Islands,East Asia & Pacific,Lower middle income,IDA,2004,68.475,0.278336769856206,16.3,,5.76484741556582,2168.78371648018,0.64967267325146,1.56780345886536,29.3
SLB,Solomon Islands,East Asia & Pacific,Lower middle income,IDA,2005,66.438,0.270478714519615,19.2,27.2854099273682,5.47693948660554,2287.56668822715,0.844299972,1.40845070422535,29.1
SLB,Solomon Islands,East Asia & Pacific,Lower middle income,IDA,2006,65.277,0.26051494982186,14.4,31.7271194458008,2.33369145793722,2340.95143662493,1.646299958,2.10481706455714,28.8
SLB,Solomon Islands,East Asia & Pacific,Lower middle income,IDA,2007,64.372,0.271404739670026,12.9,32.7333793640137,1.86556171568819,2384.62333040945,2,3.29978341189961,28.4
SLB,Solomon Islands,East Asia & Pacific,Lower middle income,IDA,2008,63.257,0.259207421194646,28.1,,4.42328745185992,2490.10207495758,3,3.85800566991249,28
SLB,Solomon Islands,East Asia & Pacific,Lower middle income,IDA,2009,62.163,0.251604640713148,21.2,,1.00843919853824,2515.21324036507,4,4.1807636539391,27.6
SLB,Solomon Islands,East Asia & Pacific,Lower middle income,IDA,2010,61.759,0.25074218749911,35.4,47.2111701965332,6.65612594404901,2682.62900140516,5,3.17644331092047,27.2
SLB,Solomon Islands,East Asia & Pacific,Lower middle income,IDA,2011,61.541,0.242709970863661,39.1,47.1220817565918,3.54895845172413,2777.83439007893,6,4.88247984557738,26.7
SLB,Solomon Islands,East Asia & Pacific,Lower middle income,IDA,2012,61.143,0.236297134935405,42.9,47.6625213623047,-1.22485253459861,2743.8100151451,6.997399807,4.85898742779477,26.2
SLB,Solomon Islands,East Asia & Pacific,Lower middle income,IDA,2013,60.8,0.237336764411194,44.7,,1.46287648550671,2783.94856666363,8,5.27914038775987,25.8
SLB,Solomon Islands,East Asia & Pacific,Lower middle income,IDA,2014,60.574,0.223449063255583,50.5,,-2.41306586755394,2716.77005403122,9,6.37076294578779,25.4
SLB,Solomon Islands,East Asia & Pacific,Lower middle income,IDA,2015,59.461,0.19576507692585,55.1,,-1.90313667351086,2665.06620679799,10.00049973,6.89128775487951,25
SLB,Solomon Islands,East Asia & Pacific,Lower middle income,IDA,2016,58.323,0.179903292976113,58.2,,1.8954619438627,2715.58152252659,11.00090027,7.54913174586669,24.6
SLB,Solomon Islands,East Asia & Pacific,Lower middle income,IDA,2017,56.705,0.157437942617123,62.9,,-0.426120235207534,2704.00988015555,15.14840031,7.81625300240192,24.1
SLB,Solomon Islands,East Asia & Pacific,Lower middle income,IDA,2018,54.75,0.170711016377263,65.8,,-0.648914414273463,2686.46317027984,20.8593998,6.42597861277347,23.6
SLB,Solomon Islands,East Asia & Pacific,Lower middle income,IDA,2019,52.616,0.16473227740117,69.4,,-0.912183037350545,2661.95770893588,22.48880005,6.6469013006886,23.1
SLB,Solomon Islands,East Asia & Pacific,Lower middle income,IDA,2020,52.236,0.164303156649182,72.9,,-5.50324350800385,2515.46369413305,24.1984005,5.92082616179002,22.5
SLB,Solomon Islands,East Asia & Pacific,Lower middle income,IDA,2021,51.836,0.178004864314107,76.3,,-2.59513572745166,2450.18399709553,26.03790092,6.5551580779271,21.9
SLB,Solomon Islands,East Asia & Pacific,Lower middle income,IDA,2022,51.179,0.164267889284945,76,,-4.88870843999941,2330.40164523401,28.017299650000002,,21.3
SLE,Sierra Leone,Sub-Saharan Africa,Low income,IDA,2000,160.004,0.0492389854672091,7.7,,4.10749847441832,1981.5060863596,0.118254245682183,34.7826086956522,222.8
SLE,Sierra Leone,Sub-Saharan Africa,Low income,IDA,2001,157.394,0.0669248582135812,8.5,21.2856006622314,-11.7160994484665,1749.35086270429,0.160264445493032,33.3333333333333,217.3
SLE,Sierra Leone,Sub-Saharan Africa,Low income,IDA,2002,157.141,0.0558217745743341,9.2,,19.430674044243,2089.26152672652,0.176198956814076,16.6666666666667,211.6
SLE,Sierra Leone,Sub-Saharan Africa,Low income,IDA,2003,155.972,0.0542489084987025,9.9,,5.12237538056517,2196.28134480717,0.190173281668183,16.6666666666667,205.7
SLE,Sierra Leone,Sub-Saharan Africa,Low income,IDA,2004,146.756,0.0505846782646289,16.8,,2.93937041660126,2260.83818892177,0.203007680592588,17.5257731958763,199.6
SLE,Sierra Leone,Sub-Saharan Africa,Low income,IDA,2005,146.872,0.044912966991448,11.3,,1.58434555022808,2296.65767816581,0.215399995,24.0602455385394,193.2
SLE,Sierra Leone,Sub-Saharan Africa,Low income,IDA,2006,146.957,0.0540042379733204,12.2,,2.0071311854182,2342.75461064658,0.227699995,20.2733485193622,186.5
SLE,Sierra Leone,Sub-Saharan Africa,Low income,IDA,2007,141.807,0.048804610149671,13,,1.49613150255581,2377.80530040404,0.239800006,18.8755020080321,179.6
SLE,Sierra Leone,Sub-Saharan Africa,Low income,IDA,2008,138.695,0.0456304183977316,12.1,,1.12905319443597,2404.65198710572,0.25,6.09034686743748,172.4
SLE,Sierra Leone,Sub-Saharan Africa,Low income,IDA,2009,135.701,0.0453523954042215,14.6,,-1.1672975048301,2376.58254446039,0.25999999,35.0549373644062,165.2
SLE,Sierra Leone,Sub-Saharan Africa,Low income,IDA,2010,130.394,0.0464053231238362,11.5,,3.5002192188053,2459.76814343236,0.579999983,87.3996366406845,157.9
SLE,Sierra Leone,Sub-Saharan Africa,Low income,IDA,2011,129.865,0.0524828577680288,14.2,34.7692489624023,5.31595837430623,2590.52839404167,0.899999976,87.0971409083158,150.8
SLE,Sierra Leone,Sub-Saharan Africa,Low income,IDA,2012,128.81,0.0532555534271892,17.2,41.3290214538574,7.81299564274897,2792.92626459232,2.5,73.8805970149254,144.1
SLE,Sierra Leone,Sub-Saharan Africa,Low income,IDA,2013,125.276,0.0535139271145336,13.5,36.7521209716797,11.8800866018127,3124.72832355066,4,61.9905268697737,137.9
SLE,Sierra Leone,Sub-Saharan Africa,Low income,IDA,2014,122.262,0.062409425028221,18.8,,-9.99126868436694,2812.5283210882,6.057300091,82.5514848361949,135.9
SLE,Sierra Leone,Sub-Saharan Africa,Low income,IDA,2015,116.299,0.0552763449316152,19.7,37.5164985656738,-6.55487587621558,2628.17058065746,6.344399929,74.7277915446422,136.8
SLE,Sierra Leone,Sub-Saharan Africa,Low income,IDA,2016,111.154,0.0537770511554726,20.3,40.7735595703125,3.96056326178993,2732.26093913215,7.680099964,74.2497736385978,121.8
SLE,Sierra Leone,Sub-Saharan Africa,Low income,IDA,2017,107.017,0.0514116231860481,23.4,41.1011695861816,0.774679247758442,2753.42719762222,9.297100067,75.2360315740598,117
SLE,Sierra Leone,Sub-Saharan Africa,Low income,IDA,2018,104.136,0.0579154268965297,26.1,42.5191192626953,0.50674429876733,2767.38003296688,14.42230034,75.2758290323577,112.4
SLE,Sierra Leone,Sub-Saharan Africa,Low income,IDA,2019,102.178,0.054736047977974,22.7,60.979808807373,3.08171137743476,2852.66269829967,15.71370029,75.2773571494793,108.3
SLE,Sierra Leone,Sub-Saharan Africa,Low income,IDA,2020,100.177,0.0565051539102084,26.3,62.9357109069824,-3.50677788869559,2752.62615355663,17.12080002,75.2773571494793,104.4
SLE,Sierra Leone,Sub-Saharan Africa,Low income,IDA,2021,98.06,0.0638379037300093,27.5,74.4143295288086,3.51527957069044,2849.38865839009,18.65390015,75.2819403676811,100.6
SLE,Sierra Leone,Sub-Saharan Africa,Low income,IDA,2022,95.743,0.0603864415646941,29.4,,2.99519003006155,2934.7332634039,21.50880051,,97.1
SLV,El Salvador,Latin America & Caribbean,Upper middle income,IBRD,2000,103.66,0.129306580339557,84.5,53.2483711242676,0.626535379070958,7545.44796218991,1.17739726914477,59.9668344684631,32.2
SLV,El Salvador,Latin America & Caribbean,Upper middle income,IBRD,2001,99.147,0.133428898761771,87.1,55.8607711791992,0.462204790046101,7580.32338410159,1.5,55.583734481885,30.3
SLV,El Salvador,Latin America & Caribbean,Upper middle income,IBRD,2002,92.223,0.131745684346701,87.5,59.3954086303711,1.25783126943534,7675.67106195114,1.9,52.7236494597839,28.6
SLV,El Salvador,Latin America & Caribbean,Upper middle income,IBRD,2003,87.169,0.140977009133099,87,63.2922401428223,1.36275661190544,7780.27177685599,2.5,58.6907775768535,26.9
SLV,El Salvador,Latin America & Caribbean,Upper middle income,IBRD,2004,84.379,0.145039413131816,87.4,67.1742630004883,0.787383831431995,7841.53237886842,3.2,56.0413149711239,25.4
SLV,El Salvador,Latin America & Caribbean,Upper middle income,IBRD,2005,82.503,0.145457590164553,87.5,67.4095611572266,2.66532259162382,8050.5345128919,4.199999809,59.566659755339,24
SLV,El Salvador,Latin America & Caribbean,Upper middle income,IBRD,2006,80.687,0.146478430028548,89.2,67.9830932617188,4.39364908718933,8404.24674903143,5.5,59.1434129089301,22.7
SLV,El Salvador,Latin America & Caribbean,Upper middle income,IBRD,2007,79.6,0.151402401128894,91.1,68.2611923217773,1.72041607620905,8548.83476118605,6.11,57.8833448038541,21.5
SLV,El Salvador,Latin America & Caribbean,Upper middle income,IBRD,2008,76.57,0.135098676629719,91,67.0742568969727,1.82447186659891,8704.80584632591,10.08,64.1826407506702,20.4
SLV,El Salvador,Latin America & Caribbean,Upper middle income,IBRD,2009,74.71,0.134271892304061,91.1,67.4736785888672,-2.41599153160278,8494.49847423621,12.11,58.0031077348066,19.4
SLV,El Salvador,Latin America & Caribbean,Upper middle income,IBRD,2010,72.868,0.1281289148483,91.6,68.8328162271063,1.81801613607789,8648.92982717672,15.9,66.6798128342246,18.4
SLV,El Salvador,Latin America & Caribbean,Upper middle income,IBRD,2011,71.791,0.128910801993486,92.6,70.2541252159409,3.43396823026714,8945.93132970006,18.89999962,64.5640309058031,17.6
SLV,El Salvador,Latin America & Caribbean,Upper middle income,IBRD,2012,71.399,0.124915039281713,93.7,71.454258159429,2.42155666583095,9162.56212613508,20.3213877242007,61.2283148949816,16.7
SLV,El Salvador,Latin America & Caribbean,Upper middle income,IBRD,2013,70.592,0.115850545356828,95,73.3605507980312,1.82154176742195,9329.46202222861,23.1093,61.3246173469388,16
SLV,El Salvador,Latin America & Caribbean,Upper middle income,IBRD,2014,69.863,0.116985765440832,95.1,72.7385537934052,1.31071422282479,9451.744607867,24.7617121459061,60.2105179536066,15.3
SLV,El Salvador,Latin America & Caribbean,Upper middle income,IBRD,2015,69.315,0.121794789404774,95.4,72.0438162131663,2.05686593954016,9646.15432339854,26.8026049600572,58.6570391153656,14.6
SLV,El Salvador,Latin America & Caribbean,Upper middle income,IBRD,2016,65.059,0.119815489363374,96,69.2825794984198,2.25589267443243,9863.76121214453,28.99710083,58.8661624465636,13.9
SLV,El Salvador,Latin America & Caribbean,Upper middle income,IBRD,2017,61.093,0.10604924674683,96.8,66.9212075557367,2.0380895055328,10064.7934942601,33.8207289048526,74.8524797114518,13.3
SLV,El Salvador,Latin America & Caribbean,Upper middle income,IBRD,2018,57.857,0.110891099305808,97,67.797487363072,2.30913946286621,10297.203612692,43.79999924,78.3957021118933,12.7
SLV,El Salvador,Latin America & Caribbean,Upper middle income,IBRD,2019,57.724,0.123564694333796,97.4,66.123873218959,2.39613321946494,10543.9383291317,50.4911940673888,72.5915678524374,12.2
SLV,El Salvador,Latin America & Caribbean,Upper middle income,IBRD,2020,56.865,0.110103960809871,99.7,66.5137094782116,-8.07562588564387,9692.44931605799,54.60136976,86.1446202531646,11.7
SLV,El Salvador,Latin America & Caribbean,Upper middle income,IBRD,2021,56.143,0.111381875294155,97.9,67.7409182456172,11.5271594106656,10809.713399518,57.26380157,95.5593380614657,11.2
SLV,El Salvador,Latin America & Caribbean,Upper middle income,IBRD,2022,54.881,0.121598003858161,100,68.410512155513,2.55236385314032,11085.6166169553,60.05609894,,10.8
SMR,San Marino,Europe & Central Asia,High income,Not classified,2000,4.187,,100,49.2416610717773,0.883025780040143,77149.4185798293,48.7994953055999,,5.2
SMR,San Marino,Europe & Central Asia,High income,Not classified,2001,4.573,,100,,4.24028336900209,80420.7725451516,50.3416690898517,,4.8
SMR,San Marino,Europe & Central Asia,High income,Not classified,2002,4.038,,100,,-0.959002843255874,79649.5350498753,50.8348399446985,,4.5
SMR,San Marino,Europe & Central Asia,High income,Not classified,2003,3.442,,100,,2.55977184007274,81688.3814188309,50.003453038674,,4.1
SMR,San Marino,Europe & Central Asia,High income,Not classified,2004,3.292,,100,,-1.17956792743588,80724.8114711728,50.5663430420712,,3.8
SMR,San Marino,Europe & Central Asia,High income,Not classified,2005,2.861,,100,,1.12402388406122,81632.1776324722,,,3.6
SMR,San Marino,Europe & Central Asia,High income,Not classified,2006,2.709,,100,,2.63299672869908,83781.550199101,50.2086593635889,,3.3
SMR,San Marino,Europe & Central Asia,High income,Not classified,2007,2.34,,100,,3.5848833240598,86785.0210208274,50.3648221088655,,3.1
SMR,San Marino,Europe & Central Asia,High income,Not classified,2008,2.745,,100,63.7246208190918,-1.91822422078984,85120.2897275883,54.52,,2.9
SMR,San Marino,Europe & Central Asia,High income,Not classified,2009,2.105,,100,64.4038314819336,-14.1287766020679,73093.8341489444,54.21,,2.7
SMR,San Marino,Europe & Central Asia,High income,Not classified,2010,2.082,,100,66.8350219726562,-6.05328650752219,68669.2549485757,,,2.6
SMR,San Marino,Europe & Central Asia,High income,Not classified,2011,1.946,,100,67.8209533691406,-6.48781473647414,64214.120906595,49.6,,2.4
SMR,San Marino,Europe & Central Asia,High income,Not classified,2012,1.6,,100,64.1434326171875,-9.40251314800584,58176.3797454761,,,2.3
SMR,San Marino,Europe & Central Asia,High income,Not classified,2013,1.826,,100,,0.501232920728725,58467.9789128485,,,2.1
SMR,San Marino,Europe & Central Asia,High income,Not classified,2014,1.398,,100,,0.471381910733299,58743.5863890151,,,2
SMR,San Marino,Europe & Central Asia,High income,Not classified,2015,1.287,,100,,1.53901673570162,59647.6600146934,,,1.9
SMR,San Marino,Europe & Central Asia,High income,Not classified,2016,1.16,,100,,1.71366802964523,60669.8228947966,55,,1.8
SMR,San Marino,Europe & Central Asia,High income,Not classified,2017,1.062,,100,,-1.8876966462592,59524.5606827202,60.18230057,,1.7
SMR,San Marino,Europe & Central Asia,High income,Not classified,2018,1.088,,100,57.6923076923077,-0.555260334539653,59194.04440794,,,1.6
SMR,San Marino,Europe & Central Asia,High income,Not classified,2019,1.12,,100,59.4113090627421,1.65051434688202,60171.0506033928,67.85070038,,1.5
SMR,San Marino,Europe & Central Asia,High income,Not classified,2020,1.151,,100,59.9095704596835,-6.93519075870958,55998.0734625278,77.94999695,,1.5
SMR,San Marino,Europe & Central Asia,High income,Not classified,2021,1.177,,100,59.5874713521772,15.6202852637699,64745.1322795901,81.66999817,,1.4
SMR,San Marino,Europe & Central Asia,High income,Not classified,2022,1.158,,100,59.4007490636704,9.48711595874579,70887.5780565982,97.32790375,,1.4
SOM,"Somalia, Fed. Rep.",Sub-Saharan Africa,Low income,IDA,2000,129.071,0.100655312919455,2.1,,2.9094517086796,702.850071117661,0.02,0,173.2
SOM,"Somalia, Fed. Rep.",Sub-Saharan Africa,Low income,IDA,2001,130.563,0.0995941779974482,4.7,,2.92091623470753,723.37973295059,0.0790391786670095,0,173.2
SOM,"Somalia, Fed. Rep.",Sub-Saharan Africa,Low income,IDA,2002,132.316,0.103103699849221,7.4,,3.66803447114906,749.913550912524,0.115614213354469,0,173.2
SOM,"Somalia, Fed. Rep.",Sub-Saharan Africa,Low income,IDA,2003,133.105,0.0976105882703491,9.8,,3.72989683765117,777.884552733128,0.376198002539086,0,173.2
SOM,"Somalia, Fed. Rep.",Sub-Saharan Africa,Low income,IDA,2004,134.104,0.0898833563515295,12.4,,3.23637071319179,803.059780580226,1.05345474358422,0,173.2
SOM,"Somalia, Fed. Rep.",Sub-Saharan Africa,Low income,IDA,2005,135.929,0.0853075040681859,15,,3.4552179090862,830.807245939502,1.077299953,0,173.2
SOM,"Somalia, Fed. Rep.",Sub-Saharan Africa,Low income,IDA,2006,138.244,0.0827659933128706,15.2,,3.27228849958769,857.993655902122,1.100200057,0,172.6
SOM,"Somalia, Fed. Rep.",Sub-Saharan Africa,Low income,IDA,2007,138.52,0.0785881815914559,20.2,3.84326004981995,3.42376614691855,887.369352235607,1.122200012,0,170.5
SOM,"Somalia, Fed. Rep.",Sub-Saharan Africa,Low income,IDA,2008,135.461,0.0711852679439376,22.9,,3.57942621496645,919.132083453107,1.142699957,0,166.7
SOM,"Somalia, Fed. Rep.",Sub-Saharan Africa,Low income,IDA,2009,132.036,0.0678117638779248,25.5,,4.0351373439331,956.220325392593,1.160599947,0,162.4
SOM,"Somalia, Fed. Rep.",Sub-Saharan Africa,Low income,IDA,2010,131.148,0.0646141311095091,52.3,,4.07910489702353,995.225555512017,,0,186.7
SOM,"Somalia, Fed. Rep.",Sub-Saharan Africa,Low income,IDA,2011,133.263,0.0605446687825021,52,,5.94202931701129,1054.36214979093,1.25,0,363.1
SOM,"Somalia, Fed. Rep.",Sub-Saharan Africa,Low income,IDA,2012,135.094,0.0560260470632974,51.8,,5.73256533813861,1114.8041489283,1.376700044,1.11967427657409,185.4
SOM,"Somalia, Fed. Rep.",Sub-Saharan Africa,Low income,IDA,2013,134.919,0.0507778820279904,51.5,,7.43785495852676,1197.72166459722,1.5,1.08803165182987,143.2
SOM,"Somalia, Fed. Rep.",Sub-Saharan Africa,Low income,IDA,2014,133.685,0.0460290738911662,51.4,,5.13914593417061,1259.27432882605,1.629999995,1.13273636337957,138.6
SOM,"Somalia, Fed. Rep.",Sub-Saharan Africa,Low income,IDA,2015,132.239,0.044326419921387,51.2,,6.72219258601123,1343.92517439594,1.75999999,1.45841545132046,134.3
SOM,"Somalia, Fed. Rep.",Sub-Saharan Africa,Low income,IDA,2016,130.624,0.0421834221627342,51.1,,2.99347020740043,1384.15517410124,1.879999995,3.3683048039757,130.2
SOM,"Somalia, Fed. Rep.",Sub-Saharan Africa,Low income,IDA,2017,128.549,0.0367174312850386,52.1,,10.3677043802854,1527.66029071648,,4.62695514741948,156.4
SOM,"Somalia, Fed. Rep.",Sub-Saharan Africa,Low income,IDA,2018,126.568,0.0368168283704481,50.7,,-1.48470237915478,1504.97908203481,,4.69707283866576,136.4
SOM,"Somalia, Fed. Rep.",Sub-Saharan Africa,Low income,IDA,2019,124.669,0.0354081788226343,49.2,,-0.909258009902032,1491.29493918405,2.731400013,4.69707283866576,118.4
SOM,"Somalia, Fed. Rep.",Sub-Saharan Africa,Low income,IDA,2020,122.735,0.0339671547475806,49.9,,-6.38636194168187,1396.05544674978,15.02369976,8.22221022512552,114.7
SOM,"Somalia, Fed. Rep.",Sub-Saharan Africa,Low income,IDA,2021,120.995,0.0339829952080993,49.3,,-0.267727633939771,1392.31782053371,23.87479973,11.2132448947616,111
SOM,"Somalia, Fed. Rep.",Sub-Saharan Africa,Low income,IDA,2022,119.277,0.0337193121854412,48.9,,-0.342614533940647,1387.54753732191,27.6,,143.1
SRB,Serbia,Europe & Central Asia,Upper middle income,IBRD,2000,24.034,,99.9,92.3186569213867,6.39450401120698,11105.9488237331,,31.8294177417865,12.7
SRB,Serbia,Europe & Central Asia,Upper middle income,IBRD,2001,23.445,,99.8,90.9246368408203,6.96228282256826,11879.1763909711,,31.896492703141,12.1
SRB,Serbia,Europe & Central Asia,Upper middle income,IBRD,2002,22.618,,100,90.5492401123047,6.58937282180869,12661.9396115325,,30.9476241260813,11.4
SRB,Serbia,Europe & Central Asia,Upper middle income,IBRD,2003,22.148,,99.7,90.9021224975586,4.83141187581582,13273.6900656327,,26.3276643663558,10.6
SRB,Serbia,Europe & Central Asia,Upper middle income,IBRD,2004,21.838,,99.6,89.8924789428711,6.93608982587538,14194.3651317933,23.5,29.5096322241681,9.7
SRB,Serbia,Europe & Central Asia,Upper middle income,IBRD,2005,21.436,,99.7,90.3657913208008,6.22214171795731,15077.5586462578,26.299999239999998,32.9900202884246,9
SRB,Serbia,Europe & Central Asia,Upper middle income,IBRD,2006,21.288,,99.6,91.3711624145508,4.31001289636497,15727.4033683685,27.2,30.0596474877333,8.5
SRB,Serbia,Europe & Central Asia,Upper middle income,IBRD,2007,21.356,,99.6,91.5406799316406,8.27017213045292,17028.0866985832,33.15,27.4639124487004,8.1
SRB,Serbia,Europe & Central Asia,Upper middle income,IBRD,2008,21.005,,99.6,92.2437896728516,5.60952327700927,17983.2811855695,35.6,27.0539116010274,7.9
SRB,Serbia,Europe & Central Asia,Upper middle income,IBRD,2009,20.818,,99.6,93.3237915039062,-2.75343779759604,17488.1227241581,38.1,29.0889306403632,7.8
SRB,Serbia,Europe & Central Asia,Upper middle income,IBRD,2010,20.431,,99.7,93.4530868530273,2.02027708357562,17841.4312599018,40.9,33.0021520615175,7.6
SRB,Serbia,Europe & Central Asia,Upper middle income,IBRD,2011,19.467,,99.7,95.416130065918,0.813571323609423,17986.5840283539,42.2,23.9591191709845,7.4
SRB,Serbia,Europe & Central Asia,Upper middle income,IBRD,2012,19.5,,99.8,96.4776000976562,0.040200455150412,17993.8147169993,48.09999847,26.9799179325525,7.1
SRB,Serbia,Europe & Central Asia,Upper middle income,IBRD,2013,18.419,,99.9,96.5699691772461,0.941379127713546,18163.2047330246,53.450364175,27.302755974622,6.8
SRB,Serbia,Europe & Central Asia,Upper middle income,IBRD,2014,18.192,,99.7,95.795036315918,-1.32558635982964,17922.4357685757,62.0750804639377,34.2239870816207,6.6
SRB,Serbia,Europe & Central Asia,Upper middle income,IBRD,2015,16.947,,99.9,97.9315490722656,1.81545266180656,18247.8091057968,65.3170254003801,28.2772468536216,6.3
SRB,Serbia,Europe & Central Asia,Upper middle income,IBRD,2016,15.758,,99.9,97.4025421142578,3.5158880281917,18889.3816415548,67.0568413716938,29.4910782369986,6.1
SRB,Serbia,Europe & Central Asia,Upper middle income,IBRD,2017,14.958,,100,95.9280700683594,2.90962447502095,19438.9917129776,70.3308355269141,26.7277365366446,5.9
SRB,Serbia,Europe & Central Asia,Upper middle income,IBRD,2018,14.099,,100,95.5111312866211,5.22266888313776,20454.225884367,73.360709154564,31.1912358049432,5.8
SRB,Serbia,Europe & Central Asia,Upper middle income,IBRD,2019,13.755,,99.8,94.8361511230469,5.31381889246718,21541.1264037184,77.4167736219802,29.9532978723404,5.6
SRB,Serbia,Europe & Central Asia,Upper middle income,IBRD,2020,13.468,,100,93.3936004638672,-0.288042264925664,21479.0788553347,78.36804864,28.8540678680578,5.5
SRB,Serbia,Europe & Central Asia,Upper middle income,IBRD,2021,13.739,,100,93.580436706543,8.97258082321535,23406.3065657117,81.16588116,34.9821890937623,5.4
SRB,Serbia,Europe & Central Asia,Upper middle income,IBRD,2022,13.833,,100,95.2010726928711,5.32139169050186,24651.8478183529,83.53825397,,5.4
SSD,South Sudan,Sub-Saharan Africa,Low income,IDA,2000,148.309,,,,,,,,180.1
SSD,South Sudan,Sub-Saharan Africa,Low income,IDA,2001,146.597,,,,,,,,171.1
SSD,South Sudan,Sub-Saharan Africa,Low income,IDA,2002,145.586,,,,,,,,162.2
SSD,South Sudan,Sub-Saharan Africa,Low income,IDA,2003,139.13,,,,,,,,153.7
SSD,South Sudan,Sub-Saharan Africa,Low income,IDA,2004,131.694,,,,,,,,145.8
SSD,South Sudan,Sub-Saharan Africa,Low income,IDA,2005,123.642,,,,,,,,138.4
SSD,South Sudan,Sub-Saharan Africa,Low income,IDA,2006,116.261,,,,,,,,131.5
SSD,South Sudan,Sub-Saharan Africa,Low income,IDA,2007,114.97,,0.8,,,,,,124.9
SSD,South Sudan,Sub-Saharan Africa,Low income,IDA,2008,116.802,,1.3,,,,,,118.7
SSD,South Sudan,Sub-Saharan Africa,Low income,IDA,2009,116.43,,3,,0.201710077462366,,,,112.7
SSD,South Sudan,Sub-Saharan Africa,Low income,IDA,2010,115.108,,1.5,,0.0553052206663267,,,,107.2
SSD,South Sudan,Sub-Saharan Africa,Low income,IDA,2011,114.056,,2.8,7.3020601272583,-9.66551859182802,,,,102.3
SSD,South Sudan,Sub-Saharan Africa,Low income,IDA,2012,113.041,,3.3,,-48.4287258315307,,1.5,0.0539325842696629,98.9
SSD,South Sudan,Sub-Saharan Africa,Low income,IDA,2013,111.825,,3.8,,8.97551236063792,,2.200000048,0.0508474576271186,97.2
SSD,South Sudan,Sub-Saharan Africa,Low income,IDA,2014,110.093,,4.3,,2.7406396602203,,2.5999999049999998,0.05,182.6
SSD,South Sudan,Sub-Saharan Africa,Low income,IDA,2015,106.804,,4.8,8.0513801574707,-9.76929494253935,,3,0.041522491349481,240.8
SSD,South Sudan,Sub-Saharan Africa,Low income,IDA,2016,104.704,,5.3,,,,3.5,0.127490039840637,272.9
SSD,South Sudan,Sub-Saharan Africa,Low income,IDA,2017,102.781,,4.2,,,,4.1,0.123616236162362,292
SSD,South Sudan,Sub-Saharan Africa,Low income,IDA,2018,101.209,,6.3,,,,4.800000191,0.20479704797048,133.7
SSD,South Sudan,Sub-Saharan Africa,Low income,IDA,2019,101.054,,6.8,,,,6.671000004,0.227272727272727,96.7
SSD,South Sudan,Sub-Saharan Africa,Low income,IDA,2020,100.555,,7.3,,,,,0.226039783001808,96.7
SSD,South Sudan,Sub-Saharan Africa,Low income,IDA,2021,99.485,,7.7,,,,,0.335664335664336,96.7
SSD,South Sudan,Sub-Saharan Africa,Low income,IDA,2022,98.551,,8.4,,,,,,96.7
STP,Sao Tome and Principe,Sub-Saharan Africa,Lower middle income,IDA,2000,133.348,0.0985788829404626,52.9,,-0.65084592250922,3852.89042721453,4.6385168164075,20.6276660572821,82.2
STP,Sao Tome and Principe,Sub-Saharan Africa,Lower middle income,IDA,2001,135.564,0.0975712202238846,51.5,,1.4048895414449,3907.0192818698,6.31091788794615,15.8614113159568,76.7
STP,Sao Tome and Principe,Sub-Saharan Africa,Lower middle income,IDA,2002,136.144,0.108948213556544,52.5,,0.9147926463327,3942.76040695115,7.580665168911,16.4677804295943,71.1
STP,Sao Tome and Principe,Sub-Saharan Africa,Lower middle income,IDA,2003,133.592,0.114041431139909,53.6,39.3140983581543,5.55138791437551,4161.63833167542,10.1618443069961,77.3225620311598,65.7
STP,Sao Tome and Principe,Sub-Saharan Africa,Lower middle income,IDA,2004,129.688,0.124629389849578,54.7,40.7657203674316,0.983351604603726,4202.56186898775,13.3228526892178,83.445130131473,60.5
STP,Sao Tome and Principe,Sub-Saharan Africa,Lower middle income,IDA,2005,125.954,0.126379053294557,55.8,44.7436714172363,4.01981821374629,4371.49721644128,13.75949955,89.7466827503016,55.7
STP,Sao Tome and Principe,Sub-Saharan Africa,Lower middle income,IDA,2006,123.147,0.123756461916656,56.9,,6.23775372046612,4644.18044669991,14.18200016,91.1977585804343,51.1
STP,Sao Tome and Principe,Sub-Saharan Africa,Lower middle income,IDA,2007,123.775,0.122669393841007,58,48.4593505859375,1.16067244882319,4698.08416961839,14.5904831987414,84.4444444444444,46.9
STP,Sao Tome and Principe,Sub-Saharan Africa,Lower middle income,IDA,2008,125.332,0.123623726743156,59.1,45.365550994873,3.72699030635786,4873.1813112046,15.47999954,84.8747781502662,43.1
STP,Sao Tome and Principe,Sub-Saharan Africa,Lower middle income,IDA,2009,126.434,0.130987350439283,56.9,52.2087516784668,0.944228915067228,4919.19529822865,16.40999985,85.1594439901881,39.5
STP,Sao Tome and Principe,Sub-Saharan Africa,Lower middle income,IDA,2010,125.905,0.139257236411041,61.4,50.9835586547852,-0.755150615358019,4882.04796466341,18.75,91.6273378779934,36.2
STP,Sao Tome and Principe,Sub-Saharan Africa,Lower middle income,IDA,2011,121.66,0.140614449641947,62.6,52.2642288208008,-0.114189921572034,4876.47315792145,20.16119957,91.0754127621597,33.2
STP,Sao Tome and Principe,Sub-Saharan Africa,Lower middle income,IDA,2012,117.495,0.142496121493835,57.9,59.7818183898926,0.883420959148197,4919.55294386577,21.57239914,91.6861826697892,30.4
STP,Sao Tome and Principe,Sub-Saharan Africa,Lower middle income,IDA,2013,109.97,0.136168539396524,65,66.1306762695312,3.10107564312558,5072.11200195866,23,91.6749116607774,27.9
STP,Sao Tome and Principe,Sub-Saharan Africa,Lower middle income,IDA,2014,105.161,0.128048837308892,68.6,77.0031433105469,2.97674276212585,5223.09572886388,24.40999985,9.41176470588235,25.5
STP,Sao Tome and Principe,Sub-Saharan Africa,Lower middle income,IDA,2015,101.935,0.13482733592124,67.3,85.4740676879883,-0.246825905363622,5210.2037755431,25.81999969,6.53562653562654,23.3
STP,Sao Tome and Principe,Sub-Saharan Africa,Lower middle income,IDA,2016,97.439,0.133384350187944,69.4,87.7800827026367,3.42223386315462,5388.5091334891,28,5.60941176470588,21.3
STP,Sao Tome and Principe,Sub-Saharan Africa,Lower middle income,IDA,2017,93.609,0.130477782795138,74.3,95.1290435791016,2.46252459071385,5521.20249597413,32.61640167,4.92848683611187,19.6
STP,Sao Tome and Principe,Sub-Saharan Africa,Lower middle income,IDA,2018,91.095,0.127855455685597,71,,2.78057714923384,5674.72379094011,37.99380112,5.56456517332252,18.2
STP,Sao Tome and Principe,Sub-Saharan Africa,Lower middle income,IDA,2019,89.959,0.13075505126678,75.1,,0.482132360625684,5702.08347071236,44.25790024,5.70139080777379,17.1
STP,Sao Tome and Principe,Sub-Saharan Africa,Lower middle income,IDA,2020,88.99,0.123406591963232,76.8,,0.716646434339125,5742.94724858826,51.55469894,5.84284136915716,16.1
STP,Sao Tome and Principe,Sub-Saharan Africa,Lower middle income,IDA,2021,87.903,0.124407178050018,78.5,,-0.17852659147141,5732.69456061536,54.94950104,6.05617320070216,15.3
STP,Sao Tome and Principe,Sub-Saharan Africa,Lower middle income,IDA,2022,86.779,0.11078148690057,78,,-1.75407310474412,5632.13890715047,58.56779861,,14.7
SUR,Suriname,Latin America & Caribbean,Upper middle income,Blend,2000,81.953,0.191457126421365,95.4,,0.016412852428175,16220.1790603262,2.50641105226881,,31
SUR,Suriname,Latin America & Caribbean,Upper middle income,Blend,2001,84.954,0.188754972716333,95.3,75.541130065918,2.07621012945627,16556.9440609927,3.06444838873752,99.4502024291498,30
SUR,Suriname,Latin America & Caribbean,Upper middle income,Blend,2002,83.099,0.135023632053509,95.2,83.0842208862305,0.731583130433549,16678.0718706582,4.1615687449541,63.5170623145401,29
SUR,Suriname,Latin America & Caribbean,Upper middle income,Blend,2003,78.201,0.14026640193037,95.1,,4.22968365512362,17383.5015505612,4.71987539528956,58.104589917231,28.1
SUR,Suriname,Latin America & Caribbean,Upper middle income,Blend,2004,76.617,0.14593481607704,95,,6.9146916825718,18585.5170864176,6.0760478144456,52.5380241648898,27.2
SUR,Suriname,Latin America & Caribbean,Upper middle income,Blend,2005,74.757,0.169195662779203,94.9,78.6488189697266,3.41538457225288,19220.2839696605,6.40308628759062,42.1745718050066,26.5
SUR,Suriname,Latin America & Caribbean,Upper middle income,Blend,2006,73.87,0.145024201942615,91,81.0094223022461,4.64814560762545,20113.6707547695,9.49960041,49.1466753585398,25.7
SUR,Suriname,Latin America & Caribbean,Upper middle income,Blend,2007,73.801,0.127466690293207,94.7,81.8407363891602,3.92006219934488,20902.1391589279,14.11,57.2868167202572,25.1
SUR,Suriname,Latin America & Caribbean,Upper middle income,Blend,2008,72.16,0.126314288079513,94.7,80.975456237793,2.93593297564139,21515.8119551093,21.05999947,58.0504933255949,24.4
SUR,Suriname,Latin America & Caribbean,Upper middle income,Blend,2009,70.177,0.121938686375477,94.6,76.6016998291016,1.81540250702821,21906.4105447498,31.36,67.5919540229885,23.8
SUR,Suriname,Latin America & Caribbean,Upper middle income,Blend,2010,67.92,0.139717712033182,91.2,78.9992418498863,3.95347703289852,22772.4754543689,31.59,61.7998839907193,23.2
SUR,Suriname,Latin America & Caribbean,Upper middle income,Blend,2011,64.697,0.147605198988601,94.6,77.7834641191857,4.64182224452708,23829.5332856393,32,70.1635058944131,22.7
SUR,Suriname,Latin America & Caribbean,Upper middle income,Blend,2012,62.233,0.179610231630334,94.6,77.8469800143941,1.52880858968571,24193.8412373922,34.68119812,56.4325557809331,22.2
SUR,Suriname,Latin America & Caribbean,Upper middle income,Blend,2013,61.121,0.163315136807809,94.6,77.4462459869965,1.77805890287095,24624.0219854601,37.40000153,42.0406015037594,21.6
SUR,Suriname,Latin America & Caribbean,Upper middle income,Blend,2014,59.974,0.186597326623723,94.6,76.9391174316406,-0.851471419293389,24414.3554759734,40.08000183,28.0940128649184,21.1
SUR,Suriname,Latin America & Caribbean,Upper middle income,Blend,2015,59.856,0.200922491853642,95,78.6041488647461,-4.45160318607753,23327.5252497447,42.76380157,23.7974434611603,20.6
SUR,Suriname,Latin America & Caribbean,Upper middle income,Blend,2016,58.237,0.229484793624384,95.8,84.818447575667,-5.90338246401519,21950.4122148625,45.40000153,40.2912670368501,20.1
SUR,Suriname,Latin America & Caribbean,Upper middle income,Blend,2017,56.039,0.187002745461416,96.6,,0.547149370341614,22070.5137570835,48.94520187,50.057917109458,19.5
SUR,Suriname,Latin America & Caribbean,Upper middle income,Blend,2018,53.57,0.156428722876739,97.4,,3.93294702617604,22938.5353715545,55.10210037,54.0111464968153,18.9
SUR,Suriname,Latin America & Caribbean,Upper middle income,Blend,2019,53.196,0.191288182567569,97.9,82.830275343503,0.12296002295291,22966.7405999124,62.03350067,48.2326043737575,18.4
SUR,Suriname,Latin America & Caribbean,Upper middle income,Blend,2020,52.064,0.222789368978909,98.4,,-16.8738740468232,19091.3617184226,,34.1118226600985,17.9
SUR,Suriname,Latin America & Caribbean,Upper middle income,Blend,2021,49.56,0.238407341668668,98.8,70.7176818847656,-3.31629942420831,18458.234999681,,41.9336561743341,17.4
SUR,Suriname,Latin America & Caribbean,Upper middle income,Blend,2022,48.814,0.245108915303894,99,78.089997077636,1.54051769500568,18742.5873760369,,,16.8
SVK,Slovak Republic,Europe & Central Asia,High income,Not classified,2000,23.832,0.42188285451872,100,,0.925761788954276,18335.6834506937,9.42680320061637,15.96700686822,9.6
SVK,Slovak Republic,Europe & Central Asia,High income,Not classified,2001,21.385,0.412783796715848,100,88.1246337890625,3.1136989179886,18906.6014279038,12.5283218484637,16.4482306684142,9.3
SVK,Slovak Republic,Europe & Central Asia,High income,Not classified,2002,20.996,0.39506812270709,100,89.0171585083008,4.45521871825531,19748.9318737056,40.14,17.377494063589,9.1
SVK,Slovak Republic,Europe & Central Asia,High income,Not classified,2003,20.791,0.380760741172027,100,91.3358383178711,4.92573949451423,20721.7128107535,43.04,12.1014818140997,8.8
SVK,Slovak Republic,Europe & Central Asia,High income,Not classified,2004,20.773,0.35655011406164,100,94.4136505126953,5.41095986972041,21842.9563752621,52.89,13.8482677397193,8.6
SVK,Slovak Republic,Europe & Central Asia,High income,Not classified,2005,20.673,0.338073343871444,99.9,95.744010925293,6.47448748514556,23257.1758521642,55.19,15.1931330472103,8.3
SVK,Slovak Republic,Europe & Central Asia,High income,Not classified,2006,20.489,0.310458796815716,99.9,95.871223449707,8.92067971952331,25331.8740217421,56.08,15.8189572856324,8
SVK,Slovak Republic,Europe & Central Asia,High income,Not classified,2007,20.774,0.274041693163997,100,95.7360076904297,10.78629912015,28064.2457264668,61.8,18.1708012546336,7.7
SVK,Slovak Republic,Europe & Central Asia,High income,Not classified,2008,21.826,0.259004670788136,100,95.2825317382812,5.27306126349816,29544.090596762,66.05,16.4537324770389,7.4
SVK,Slovak Republic,Europe & Central Asia,High income,Not classified,2009,22.6,0.247889109456841,100,95.0532531738281,-5.6311751026805,27880.4111227638,70,19.6771554196138,7.1
SVK,Slovak Republic,Europe & Central Asia,High income,Not classified,2010,23.32,0.24886485841437,100,95.2302780151367,6.69110844613654,29745.9196662166,75.71,22.7365209275612,6.9
SVK,Slovak Republic,Europe & Central Asia,High income,Not classified,2011,23.141,0.230385105758656,100,95.2902526855469,2.43026958601608,30468.8257049455,74.4399971746757,18.7297250139587,6.7
SVK,Slovak Republic,Europe & Central Asia,High income,Not classified,2012,22.537,0.216123897548008,100,95.3833312988281,1.39646371759601,30894.3118010926,76.7099901181121,20.2693273792911,6.6
SVK,Slovak Republic,Europe & Central Asia,High income,Not classified,2013,22.947,0.216242510089009,100,94.3745574951172,0.595167879643,31078.1848215695,77.8826,23.1374861265261,6.4
SVK,Slovak Republic,Europe & Central Asia,High income,Not classified,2014,23.986,0.196709099590204,100,93.4395599365234,2.608326498525,31888.805351531,79.9843017656729,23.6560709463158,6.3
SVK,Slovak Republic,Europe & Central Asia,High income,Not classified,2015,24.272,0.189975115302603,100,92.5494537353516,5.07697290945579,33507.7913603774,77.6346820339875,23.4583503698472,6.2
SVK,Slovak Republic,Europe & Central Asia,High income,Not classified,2016,26.163,0.191303358028638,100,92.0748672485352,1.81646959957402,34116.4502039273,80.475857275668,25.406443984629,6.1
SVK,Slovak Republic,Europe & Central Asia,High income,Not classified,2017,27.017,0.19794146667142,100,91.9410705566406,2.71521709643727,35042.7858925618,81.6256675172655,24.6268656716418,6
SVK,Slovak Republic,Europe & Central Asia,High income,Not classified,2018,27.014,0.187763979749009,100,92.4617462158203,3.91808506492153,36415.7920529507,80.4489224826099,22.5983463720292,5.9
SVK,Slovak Republic,Europe & Central Asia,High income,Not classified,2019,26.699,0.171581081592523,100,92.1884994506836,2.13758470717096,37194.2104548698,82.8536605021784,24.1225293662517,5.9
SVK,Slovak Republic,Europe & Central Asia,High income,Not classified,2020,25.975,0.165187167169526,100,91.6913375854492,-2.66902849173539,36201.4863805533,89.92090413,24.7555308967335,5.9
SVK,Slovak Republic,Europe & Central Asia,High income,Not classified,2021,25.872,0.175523195169367,100,91.8019866943359,5.88046673143569,38330.302743447,88.92560523,23.5607675906183,6
SVK,Slovak Republic,Europe & Central Asia,High income,Not classified,2022,24.543,0.158092842853282,100,92.8732299804688,0.831412246801008,38648.9855746919,89.06766196,,6.1
SVN,Slovenia,Europe & Central Asia,High income,Not classified,2000,7.848,0.252452419021599,100,,3.1919411832727,30061.2061910089,15.1102595640388,28.6605989430417,5.4
SVN,Slovenia,Europe & Central Asia,High income,Not classified,2001,6.906,0.275959590592657,100,109.847099304199,2.66685838002488,30862.8959874504,30.1759104700854,26.7367620627679,5.2
SVN,Slovenia,Europe & Central Asia,High income,Not classified,2002,6.224,0.272081889903068,100,109.827102661133,3.15467990613811,31836.5215656188,27.8388854180687,23.3906014522537,4.9
SVN,Slovenia,Europe & Central Asia,High income,Not classified,2003,5.81,0.261335255026232,100,110.677322387695,3.13282664775699,32833.9045969454,31.8547930120441,22.2814037626628,4.7
SVN,Slovenia,Europe & Central Asia,High income,Not classified,2004,5.637,0.253979867761684,100,98.9839782714844,4.47906492828298,34304.5565023331,40.81,27.6021871521184,4.4
SVN,Slovenia,Europe & Central Asia,High income,Not classified,2005,5.806,0.247885561766483,100,98.4201812744141,3.6743988121375,35565.0427189638,46.81,23.648938281405,4.2
SVN,Slovenia,Europe & Central Asia,High income,Not classified,2006,5.205,0.238147247019991,100,97.2961807250977,5.57134966652504,37546.4956078863,54.01,24.499239166391,4
SVN,Slovenia,Europe & Central Asia,High income,Not classified,2007,5.341,0.222165565114509,100,99.123893737793,6.54177241190229,40002.7018991991,56.74,22.4650003323805,3.8
SVN,Slovenia,Europe & Central Asia,High income,Not classified,2008,5.564,0.226423928383891,100,99.6752166748047,3.20889412209657,41286.3462491223,58,26.2674553326422,3.6
SVN,Slovenia,Europe & Central Asia,High income,Not classified,2009,5.555,0.219009263356364,100,98.8639907836914,-8.42208868943828,37809.1735513927,64,29.9125769676279,3.4
SVN,Slovenia,Europe & Central Asia,High income,Not classified,2010,5.27,0.220078369581006,100,98.0620422363281,0.672167911403392,38063.314683572,70,30.0110705596107,3.2
SVN,Slovenia,Europe & Central Asia,High income,Not classified,2011,5.116,0.204865922997497,100,97.9105606079102,0.446560894988352,38233.2905622851,67.3399948092396,25.0618344853353,3.1
SVN,Slovenia,Europe & Central Asia,High income,Not classified,2012,4.821,0.203638841465071,100,97.7083282470703,-3.11922481726151,37040.7082746106,68.3499745287825,28.7010230666582,2.9
SVN,Slovenia,Europe & Central Asia,High income,Not classified,2013,4.766,0.205250908469236,100,110.404258728027,-0.958293257973466,36685.7496645094,72.6756,33.5633732844812,2.8
SVN,Slovenia,Europe & Central Asia,High income,Not classified,2014,4.906,0.181898208775128,100,110.249092102051,2.66181374029557,37662.2559898098,71.5862515855601,39.485232551471,2.7
SVN,Slovenia,Europe & Central Asia,High income,Not classified,2015,4.584,0.179770644647595,100,109.984649658203,2.31634491842804,38534.6437425951,73.0986599745829,30.7114569536424,2.6
SVN,Slovenia,Europe & Central Asia,High income,Not classified,2016,4.281,0.183310645793752,100,116.400497436523,2.95902414777296,39674.8931561968,75.4985042610791,32.3426060606061,2.5
SVN,Slovenia,Europe & Central Asia,High income,Not classified,2017,4.125,0.178070662300674,100,115.774978637695,5.10589384792048,41700.651085028,78.8854263554775,28.9135734411368,2.5
SVN,Slovenia,Europe & Central Asia,High income,Not classified,2018,4.039,0.171775134685242,100,114.688491821289,4.00130649890984,43369.221946981,79.7499765956562,33.2073992404753,2.4
SVN,Slovenia,Europe & Central Asia,High income,Not classified,2019,4.318,0.159256199108205,100,112.492553710938,2.78704541391961,44577.9418583069,83.1083578026717,32.5658115410895,2.4
SVN,Slovenia,Europe & Central Asia,High income,Not classified,2020,4.056,0.151642453823492,100,111.227478027344,-4.72524968037921,42471.5228031277,86.60130109,34.1665503199535,2.4
SVN,Slovenia,Europe & Central Asia,High income,Not classified,2021,3.83,0.14317012855856,100,108.541328430176,8.12577517618843,45922.6632600134,89.00399524,36.1126858150668,2.3
SVN,Slovenia,Europe & Central Asia,High income,Not classified,2022,3.525,0.134712123850292,100,108.789093017578,2.47421045586167,47058.8865960028,88.91248552,,2.3
SWE,Sweden,Europe & Central Asia,High income,Not classified,2000,6.989,0.136531280382398,100,,4.46324425617721,47868.5077292571,45.6876522122282,57.2573210524142,4.1
SWE,Sweden,Europe & Central Asia,High income,Not classified,2001,6.525,0.134870897775759,100,165.631896972656,1.08904749433709,48389.8185132591,51.7656649372808,51.5679167414319,4
SWE,Sweden,Europe & Central Asia,High income,Not classified,2002,6.413,0.134888811812852,100,158.776672363281,1.94541903904167,49331.2032555738,70.57,48.5089924012676,4
SWE,Sweden,Europe & Central Asia,High income,Not classified,2003,5.922,0.13300006426298,100,148.485015869141,1.50263999618741,50072.4736462925,79.13,43.4067647688593,3.9
SWE,Sweden,Europe & Central Asia,High income,Not classified,2004,5.726,0.124255134430952,100,103.179138183594,3.77065163055421,51960.5321902953,83.89,44.9731181378429,3.7
SWE,Sweden,Europe & Central Asia,High income,Not classified,2005,5.664,0.113526230632213,100,101.34204864502,2.38284512787561,53198.67120001,84.83,51.3158456149209,3.6
SWE,Sweden,Europe & Central Asia,High income,Not classified,2006,5.751,0.109578259161372,100,101.008438110352,4.08894162666398,55373.9338115393,87.76,49.6463574496569,3.5
SWE,Sweden,Europe & Central Asia,High income,Not classified,2007,5.765,0.101809947857677,100,100.787086486816,2.46223270145694,56737.3689179302,82.01,52.0588361692698,3.3
SWE,Sweden,Europe & Central Asia,High income,Not classified,2008,5.905,0.10055958363416,100,101.293617248535,-1.6919565204184,55777.3973050094,90,54.3532305149362,3.2
SWE,Sweden,Europe & Central Asia,High income,Not classified,2009,6.014,0.0952969708318266,100,101.153099060059,-5.06780005582803,52950.7103332467,91,58.4595604636706,3.1
SWE,Sweden,Europe & Central Asia,High income,Not classified,2010,6.197,0.101566687148027,100,101.71981048584,4.85304553694191,55520.4324178534,90,55.3279007458869,3.1
SWE,Sweden,Europe & Central Asia,High income,Not classified,2011,6.143,0.0902205841234167,100,101.528671264648,2.38777753247983,56846.1368290625,92.7699860554046,55.9888966457232,3
SWE,Sweden,Europe & Central Asia,High income,Not classified,2012,5.824,0.0854861396858905,100,102.479888916016,-1.14837721022437,56193.3287488246,93.1799880065108,59.0985284670481,3
SWE,Sweden,Europe & Central Asia,High income,Not classified,2013,5.667,0.0812709938105786,100,141.469116210938,0.284298669472349,56353.0856347897,94.7836,54.0739916169385,2.9
SWE,Sweden,Europe & Central Asia,High income,Not classified,2014,5.288,0.0772981132715459,100,142.575439453125,1.28579244857269,57077.6693544196,92.5236065037579,55.8687061947248,2.9
SWE,Sweden,Europe & Central Asia,High income,Not classified,2015,4.706,0.074259331387602,100,146.889114379883,3.29020421290397,58955.6412361461,90.6101966398616,63.3042896269246,2.9
SWE,Sweden,Europe & Central Asia,High income,Not classified,2016,4.513,0.0720133503491768,100,145.599060058594,0.855975824436371,59460.2872722689,89.6509476102355,57.205089417345,2.8
SWE,Sweden,Europe & Central Asia,High income,Not classified,2017,4.254,0.069594921738532,100,148.528549194336,0.519214362381689,59769.0136237,93.0062669652127,57.8892541856925,2.8
SWE,Sweden,Europe & Central Asia,High income,Not classified,2018,3.993,0.0648080608435551,100,147.598724365234,0.594886136077946,60124.5711994179,89.2469631588137,55.8097307221542,2.7
SWE,Sweden,Europe & Central Asia,High income,Not classified,2019,3.291,0.0629166335888038,100,142.982864379883,1.57332206499805,61070.5243445838,94.4934434072202,58.7482708873836,2.6
SWE,Sweden,Europe & Central Asia,High income,Not classified,2020,2.75,0.0617916379197333,100,143.369766235352,-2.63997048116038,59458.2805291969,94.53943122,68.4807090146674,2.6
SWE,Sweden,Europe & Central Asia,High income,Not classified,2021,2.38,0.0624891774904205,100,146.834045410156,4.5957806799404,62190.8526983825,94.6703163,67.3919370423404,2.5
SWE,Sweden,Europe & Central Asia,High income,Not classified,2022,2.016,0.057558426828953,100,148.988021850586,0.568648782156174,62544.5002248644,95.00970335,,2.5
SWZ,Eswatini,Sub-Saharan Africa,Lower middle income,Blend,2000,109.963,0.172607064801339,20.4,42.7815818786621,0.721283694963475,6106.07478740465,0.926191777269401,,112.5
SWZ,Eswatini,Sub-Saharan Africa,Lower middle income,Blend,2001,108.057,0.172436417856801,26.9,42.9482002258301,0.48113089277777,6135.45299954297,1.28159005046719,,115.7
SWZ,Eswatini,Sub-Saharan Africa,Lower middle income,Blend,2002,105.585,0.161268201582819,25.9,43.8290100097656,3.26561899934499,6335.81351839193,1.81620380712642,,117
SWZ,Eswatini,Sub-Saharan Africa,Lower middle income,Blend,2003,103.818,0.143179331663257,28.7,43.1537284851074,3.82725927049805,6578.30152863605,2.43707385055863,,117.9
SWZ,Eswatini,Sub-Saharan Africa,Lower middle income,Blend,2004,102.218,0.136778300071111,31.4,45.834659576416,2.99348109442741,6775.2217412302,3.22868507316111,,118
SWZ,Eswatini,Sub-Saharan Africa,Lower middle income,Blend,2005,99.668,0.128578393903622,34.2,48.8366012573242,5.4163606626928,7142.1921864324,3.697000027,,117
SWZ,Eswatini,Sub-Saharan Africa,Lower middle income,Blend,2006,95.172,0.121444685997862,35.2,52.9540214538574,6.19597048349081,7584.72030617794,3.69653878906882,,106.4
SWZ,Eswatini,Sub-Saharan Africa,Lower middle income,Blend,2007,92.568,0.120322378020256,39.8,53.4239311218262,3.71813879735403,7866.73073455273,4.1,,100.3
SWZ,Eswatini,Sub-Saharan Africa,Lower middle income,Blend,2008,90.375,0.116384794877884,42.6,,0.758242258979109,7926.37961138221,6.85,,97.9
SWZ,Eswatini,Sub-Saharan Africa,Lower middle income,Blend,2009,87.423,0.118852063369433,38.6,57.9981803894043,0.784947122409747,7988.59750005303,8.94,49.665832290363,92.4
SWZ,Eswatini,Sub-Saharan Africa,Lower middle income,Blend,2010,83.886,0.0933422473599523,45.6,62.7447319030762,3.21763655344279,8245.64153332215,11.04,49.2360616844603,82.1
SWZ,Eswatini,Sub-Saharan Africa,Lower middle income,Blend,2011,82.242,0.0877780989263107,51.2,64.7975387573242,1.27643647351354,8350.89190932865,18.13,80.3117338003503,67.6
SWZ,Eswatini,Sub-Saharan Africa,Lower middle income,Blend,2012,80.782,0.0834641637082314,54.3,66.9680328369141,3.53199247160502,8645.84478287802,20.78179932,92.060120240481,62.7
SWZ,Eswatini,Sub-Saharan Africa,Lower middle income,Blend,2013,80.833,0.0951791944426075,57.5,69.7378005981445,3.53016648859264,8951.05749805891,24.700000760000002,74.481546572935,59.7
SWZ,Eswatini,Sub-Saharan Africa,Lower middle income,Blend,2014,79.133,0.0952173225899167,65,73.5833206176758,1.49073514248317,9084.49405780635,25,94.7814432989691,60
SWZ,Eswatini,Sub-Saharan Africa,Lower middle income,Blend,2015,77.016,0.0934312649941459,64.1,76.7041397094727,1.12454682394791,9186.65344720515,25.64299965,,57.5
SWZ,Eswatini,Sub-Saharan Africa,Lower middle income,Blend,2016,75.392,0.0968612015628355,63.4,82.1736533366008,2.34965752297238,9402.50834103681,28.56999969,95.7037037037037,54.4
SWZ,Eswatini,Sub-Saharan Africa,Lower middle income,Blend,2017,74.547,0.0948984480315222,73.5,,2.74440888521023,9660.55161538086,35.33160019,71.3216783216783,53.6
SWZ,Eswatini,Sub-Saharan Africa,Lower middle income,Blend,2018,74.104,0.094863224124642,74,,-0.853481330729949,9578.10061089805,39.38100052,77.3995901639344,50.4
SWZ,Eswatini,Sub-Saharan Africa,Lower middle income,Blend,2019,73.228,0.095340482126,77,,5.4445627805287,10099.5863118406,43.93389893,85.3888888888889,51.5
SWZ,Eswatini,Sub-Saharan Africa,Lower middle income,Blend,2020,72.075,0.0830646110924876,80,,-3.9978006899122,9695.82498058755,49.01300049,79.2602996254682,50.5
SWZ,Eswatini,Sub-Saharan Africa,Lower middle income,Blend,2021,70.741,0.0820613979738824,82.9,,3.03852368946784,9990.43491951205,53.99530029,83.072202166065,47.9
SWZ,Eswatini,Sub-Saharan Africa,Lower middle income,Blend,2022,69.773,0.088960124417168,82.3,,-0.628894036514311,9927.60567008139,57.34370041,,47.3
SXM,Sint Maarten (Dutch part),Latin America & Caribbean,High income,Not classified,2000,42.088,,100,,,,,,
SXM,Sint Maarten (Dutch part),Latin America & Caribbean,High income,Not classified,2001,38.418,,99.9,,,,,,
SXM,Sint Maarten (Dutch part),Latin America & Caribbean,High income,Not classified,2002,35.925,,99.9,,,,,,
SXM,Sint Maarten (Dutch part),Latin America & Caribbean,High income,Not classified,2003,35.279,,99.8,,,,,,
SXM,Sint Maarten (Dutch part),Latin America & Caribbean,High income,Not classified,2004,34.746,,99.8,,,,,,
SXM,Sint Maarten (Dutch part),Latin America & Caribbean,High income,Not classified,2005,35.676,,99.7,,,,,,
SXM,Sint Maarten (Dutch part),Latin America & Caribbean,High income,Not classified,2006,36.996,,99.7,,,,,,
SXM,Sint Maarten (Dutch part),Latin America & Caribbean,High income,Not classified,2007,32.054,,99.7,,,,,,
SXM,Sint Maarten (Dutch part),Latin America & Caribbean,High income,Not classified,2008,35.417,,99.7,,,,,,
SXM,Sint Maarten (Dutch part),Latin America & Caribbean,High income,Not classified,2009,33.36,,99.7,,,50980.9400838983,,,
SXM,Sint Maarten (Dutch part),Latin America & Caribbean,High income,Not classified,2010,34.754,,100,,2.2746924085417,52140.59965779,,,
SXM,Sint Maarten (Dutch part),Latin America & Caribbean,High income,Not classified,2011,36.44,,100,,3.15617110858607,53786.2462000327,,,
SXM,Sint Maarten (Dutch part),Latin America & Caribbean,High income,Not classified,2012,34.667,,100,121.167315175097,-0.798052973690176,53357.003462797,,0,
SXM,Sint Maarten (Dutch part),Latin America & Caribbean,High income,Not classified,2013,32.476,,100,,-1.04128853057725,52801.4031054792,,0,
SXM,Sint Maarten (Dutch part),Latin America & Caribbean,High income,Not classified,2014,30.236,,100,106.940063091483,-0.685454189827837,52439.4736756048,,0,
SXM,Sint Maarten (Dutch part),Latin America & Caribbean,High income,Not classified,2015,27.801,,100,,-2.02875877780978,51375.6032503737,,0,
SXM,Sint Maarten (Dutch part),Latin America & Caribbean,High income,Not classified,2016,25.219,,100,,-1.0859663357852,50817.6814942681,,0,
SXM,Sint Maarten (Dutch part),Latin America & Caribbean,High income,Not classified,2017,23.199,,100,,-9.30645194996998,46088.3583839152,,0,
SXM,Sint Maarten (Dutch part),Latin America & Caribbean,High income,Not classified,2018,20.882,,100,,-8.53633432632274,42154.1020267504,,0,
SXM,Sint Maarten (Dutch part),Latin America & Caribbean,High income,Not classified,2019,19.463,,100,,9.11581322620327,45996.7912346922,,0,
SXM,Sint Maarten (Dutch part),Latin America & Caribbean,High income,Not classified,2020,18.592,,100,,-14.6336937315718,39265.7616790568,,0,
SXM,Sint Maarten (Dutch part),Latin America & Caribbean,High income,Not classified,2021,17.177,,100,,3.16129245692684,40507.0672411717,,0,
SXM,Sint Maarten (Dutch part),Latin America & Caribbean,High income,Not classified,2022,17.063,,100,,12.3647203881995,45515.6528430026,,,
SYC,Seychelles,Sub-Saharan Africa,High income,IBRD,2000,57.01,0.450708590510527,94.1,89.2084808349609,3.32671456371403,20633.6746950761,7.39562918315276,0,13.8
SYC,Seychelles,Sub-Saharan Africa,High income,IBRD,2001,55.342,0.512343837796664,94.4,80.8181381225586,-2.35661333545873,20147.4187656167,11.0151029300174,0,13.8
SYC,Seychelles,Sub-Saharan Africa,High income,IBRD,2002,56.351,0.45813251734361,96.1,76.393440246582,-1.83480695440478,19777.7525249721,14.3041708309972,0,13.7
SYC,Seychelles,Sub-Saharan Africa,High income,IBRD,2003,57.138,0.491025692366796,94.9,79.4021224975586,-4.81617833042706,18825.2206936189,14.5925043169492,0,13.8
SYC,Seychelles,Sub-Saharan Africa,High income,IBRD,2004,55.9,0.701146028393214,95.2,80.9912414550781,-2.49000825290008,18356.4711447212,24.2721392249906,0,13.8
SYC,Seychelles,Sub-Saharan Africa,High income,IBRD,2005,59.648,0.584320593274753,95.5,87.5332717895508,8.5018972132326,19917.1194534221,25.4132681462836,0,13.8
SYC,Seychelles,Sub-Saharan Africa,High income,IBRD,2006,56.759,0.581272555253035,99,80.9504013061523,7.15334515370103,21341.8597526003,34.95197117065,0,13.8
SYC,Seychelles,Sub-Saharan Africa,High income,IBRD,2007,61.464,0.441300517558231,96.1,90.0347366333008,8.32165420663699,23117.8555224771,38.38,0,13.9
SYC,Seychelles,Sub-Saharan Africa,High income,IBRD,2008,64.365,0.481750160311698,96.5,88.1114273071289,-4.87712623002744,21990.3685269705,40.44,0,13.9
SYC,Seychelles,Sub-Saharan Africa,High income,IBRD,2009,67.661,0.547087492421404,96.8,87.4722290039062,-2.86142425794473,21361.1307875284,,0,14
SYC,Seychelles,Sub-Saharan Africa,High income,IBRD,2010,61.848,0.470547189886127,97,77.6830291748047,1.62737013590673,21708.7554506566,41,0,14.1
SYC,Seychelles,Sub-Saharan Africa,High income,IBRD,2011,66.949,0.36628660814792,98.1,76.9048643994834,12.4265876590009,24406.4129764105,43.16400146,0,14.2
SYC,Seychelles,Sub-Saharan Africa,High income,IBRD,2012,66.795,0.402907183931724,98.3,84.1715316772461,2.10412826503328,24919.955210328,47.07600021,0,14.3
SYC,Seychelles,Sub-Saharan Africa,High income,IBRD,2013,59.16,0.360083336597422,98,89.2255892255892,-0.599133304568028,24770.6514591794,50.40000153,2.02231712357074,14.4
SYC,Seychelles,Sub-Saharan Africa,High income,IBRD,2014,56.88,0.399415474921431,100,90.5354919053549,2.45761243916046,25379.4180707013,51.25469971,2.25049187397246,14.5
SYC,Seychelles,Sub-Saharan Africa,High income,IBRD,2015,57.655,0.390762068635011,100,94.5454545454545,6.51232550996488,27032.2083880002,54.25960159,2.23434108116694,14.6
SYC,Seychelles,Sub-Saharan Africa,High income,IBRD,2016,59.829,0.388616164695336,100,101.458499071864,10.6277900412689,29905.1347389952,56.51470184,2.25974913368149,14.7
SYC,Seychelles,Sub-Saharan Africa,High income,IBRD,2017,59.744,0.38068522906491,100,113.519952352591,5.65298679577909,31595.6680570505,62.55310059,2.28811360366098,14.7
SYC,Seychelles,Sub-Saharan Africa,High income,IBRD,2018,59.267,0.316350746163944,100,106.99716713881,3.94280692985572,32841.4242467381,69.23660278,2.73889511011571,14.8
SYC,Seychelles,Sub-Saharan Africa,High income,IBRD,2019,58.615,0.266862694365663,100,100.954458685574,4.58155113586345,34346.0708923483,76.63420105,2.30110159118727,14.8
SYC,Seychelles,Sub-Saharan Africa,High income,IBRD,2020,57.331,0.283436453331195,100,102.862543883338,-12.4901374474458,30056.1994300968,79.25170135,2.96433325061475,14.8
SYC,Seychelles,Sub-Saharan Africa,High income,IBRD,2021,56.384,0.264875496693498,100,104.61993016384601,-0.254097866449726,29979.8272686091,81.99530029,4.51403741810568,14.7
SYC,Seychelles,Sub-Saharan Africa,High income,IBRD,2022,55.385,0.257633983968554,100,78.1369548584545,-9.01986146351219,27275.6883819803,84.83380127,,14.5
SYR,Syrian Arab Republic,"Middle East, North Africa, Afghanistan & Pakistan",Low income,IDA,2000,60.703,0.345983477925465,93.4,41.8427505493164,-1.80421522520456,7973.98131632478,0.181698580104333,12.9455526034025,23.1
SYR,Syrian Arab Republic,"Middle East, North Africa, Afghanistan & Pakistan",Low income,IDA,2001,58.233,0.334148314110642,93.1,42.4856414794922,1.27668700084639,8075.78409924022,0.353759130007247,12.8911350703804,22.2
SYR,Syrian Arab Republic,"Middle East, North Africa, Afghanistan & Pakistan",Low income,IDA,2002,56.396,0.308554732700415,86.6,43.8788604736328,5.28381353041894,8502.49347216329,2.09310101861765,8.86902509549138,21.4
SYR,Syrian Arab Republic,"Middle East, North Africa, Afghanistan & Pakistan",Low income,IDA,2003,54.837,0.307773330964588,92.6,58.0821113586426,-1.77628168914023,8351.46523749691,3.39797261356623,9.45207056513053,20.8
SYR,Syrian Arab Republic,"Middle East, North Africa, Afghanistan & Pakistan",Low income,IDA,2004,53.747,0.300735666556958,92.3,60.973819732666,4.29318307609483,8710.00892967907,4.32159377785571,13.1232035414783,20.2
SYR,Syrian Arab Republic,"Middle East, North Africa, Afghanistan & Pakistan",Low income,IDA,2005,52.812,0.346670688684518,92,64.111328125,3.52136747526863,9016.72035122178,5.648099899,12.4789752397309,19.8
SYR,Syrian Arab Republic,"Middle East, North Africa, Afghanistan & Pakistan",Low income,IDA,2006,52.837,0.345501006604391,99.5,65.7816696166992,0.643827556100021,9074.77248149943,7.832600117,10.6738459887885,19.4
SYR,Syrian Arab Republic,"Middle East, North Africa, Afghanistan & Pakistan",Low income,IDA,2007,53.54,0.345289295182882,91.5,67.0424194335938,-0.635666608517582,9017.08718303559,11.5,9.08992805755396,19.1
SYR,Syrian Arab Republic,"Middle East, North Africa, Afghanistan & Pakistan",Low income,IDA,2008,52.767,0.338914390925048,91.3,67.7757873535156,0.843314302451219,9093.12956891463,14,7.07781000901933,18.9
SYR,Syrian Arab Republic,"Middle East, North Africa, Afghanistan & Pakistan",Low income,IDA,2009,51.31,0.299502098296973,91.1,69.3705520629883,4.27180111202605,9481.56997895749,17.3,4.38840399002494,18.8
SYR,Syrian Arab Republic,"Middle East, North Africa, Afghanistan & Pakistan",Low income,IDA,2010,50.07,0.28601051717533,92.7,70.5109329223633,2.82658329617919,9749.57445219825,20.7,5.65903949324543,18.8
SYR,Syrian Arab Republic,"Middle East, North Africa, Afghanistan & Pakistan",Low income,IDA,2011,48.592,0.260014623469625,91.5,71.8534393310547,1.07142470619088,9854.03380162757,22.5,7.54224071295412,21.6
SYR,Syrian Arab Republic,"Middle East, North Africa, Afghanistan & Pakistan",Low income,IDA,2012,47.453,0.278495385168016,90.7,72.8255767822266,-25.9559180044911,7296.32886794228,24.30010033,9.40987142980412,34.2
SYR,Syrian Arab Republic,"Middle East, North Africa, Afghanistan & Pakistan",Low income,IDA,2013,46.12,0.254886529956977,90.4,47.3244400024414,-22.5829559975445,5648.60213025874,26.200000760000002,10.1956456002419,36.9
SYR,Syrian Arab Republic,"Middle East, North Africa, Afghanistan & Pakistan",Low income,IDA,2014,44.246,0.282295047949552,90.2,,-4.14663713207196,5414.37509688242,28.09000015,9.80319544216002,35.5
SYR,Syrian Arab Republic,"Middle East, North Africa, Afghanistan & Pakistan",Low income,IDA,2015,42.692,0.267497474040415,90,,0.00856895832579596,5414.83905242808,29.97979927,2.25183657039348,37.1
SYR,Syrian Arab Republic,"Middle East, North Africa, Afghanistan & Pakistan",Low income,IDA,2016,41.619,0.26286318932584,89.8,,-5.28031989569315,5128.91822862296,31.8696003,5.05790026246719,32.2
SYR,Syrian Arab Republic,"Middle East, North Africa, Afghanistan & Pakistan",Low income,IDA,2017,41.428,0.318021258478597,89.6,,-0.882573823971697,5083.65173888422,32.70000076,3.64942395780317,32.9
SYR,Syrian Arab Republic,"Middle East, North Africa, Afghanistan & Pakistan",Low income,IDA,2018,41.227,0.343158954522154,86,,-0.435862757259983,5061.49399424562,33.77000046,2.98314098212265,32.5
SYR,Syrian Arab Republic,"Middle East, North Africa, Afghanistan & Pakistan",Low income,IDA,2019,41.151,0.332165194373497,89.2,,-2.63687243879127,4928.02885412028,,2.96344608484395,24.6
SYR,Syrian Arab Republic,"Middle East, North Africa, Afghanistan & Pakistan",Low income,IDA,2020,41.213,0.313539493148917,89,40.9866714477539,-2.38265909697594,4810.61072632598,,3.12801175697103,21.9
SYR,Syrian Arab Republic,"Middle East, North Africa, Afghanistan & Pakistan",Low income,IDA,2021,40.73,0.310812171067473,88.8,41.2969818115234,-0.937128678948227,4765.52911357702,,3.39200288473096,20.5
SYR,Syrian Arab Republic,"Middle East, North Africa, Afghanistan & Pakistan",Low income,IDA,2022,39.72,0.302978196654552,89,42.0501708984375,-3.90490484495091,4579.43973633341,,,20.7
TCA,Turks and Caicos Islands,Latin America & Caribbean,High income,Not classified,2000,18.693,,95.6,83.0188674926758,,,,0,11.7
TCA,Turks and Caicos Islands,Latin America & Caribbean,High income,Not classified,2001,19.084,,94.9,,,,,0,11.1
TCA,Turks and Caicos Islands,Latin America & Caribbean,High income,Not classified,2002,16.407,,95.2,,,,,0,10.5
TCA,Turks and Caicos Islands,Latin America & Caribbean,High income,Not classified,2003,17.311,,95.4,80.0256118774414,,,,0,9.9
TCA,Turks and Caicos Islands,Latin America & Caribbean,High income,Not classified,2004,19.396,,95.7,85.5878601074219,,,,0,9.4
TCA,Turks and Caicos Islands,Latin America & Caribbean,High income,Not classified,2005,21.929,,96,93.9393920898438,,,,0,8.9
TCA,Turks and Caicos Islands,Latin America & Caribbean,High income,Not classified,2006,24.743,,96.2,,,,,0,8.5
TCA,Turks and Caicos Islands,Latin America & Caribbean,High income,Not classified,2007,26.446,0.0913430109880161,96.6,,,21878.8206013071,,0,8.1
TCA,Turks and Caicos Islands,Latin America & Caribbean,High income,Not classified,2008,26.904,0.0944882086698148,96.9,,3.70447487476251,22689.3160133769,,0,7.8
TCA,Turks and Caicos Islands,Latin America & Caribbean,High income,Not classified,2009,26.581,0.130433381770834,100,107.745780944824,-22.8174275175901,17512.1977777876,,0,7.5
TCA,Turks and Caicos Islands,Latin America & Caribbean,High income,Not classified,2010,24.861,0.144984976060564,100,,-2.92353368570767,17000.2227766463,,0,7.3
TCA,Turks and Caicos Islands,Latin America & Caribbean,High income,Not classified,2011,23.535,0.1056851693386,100,,0.865882697036824,17147.424764127,,0,7
TCA,Turks and Caicos Islands,Latin America & Caribbean,High income,Not classified,2012,23.778,0.112659583435176,93.1,,-6.54753243910046,16024.6915652254,,0,6.8
TCA,Turks and Caicos Islands,Latin America & Caribbean,High income,Not classified,2013,23.216,0.128954534635309,100,,-3.51219274120511,15461.873511271,,0,6.6
TCA,Turks and Caicos Islands,Latin America & Caribbean,High income,Not classified,2014,23.26,0.13435474784884,100,70.3932189941406,4.37835200669825,16138.8487604249,,0,6.4
TCA,Turks and Caicos Islands,Latin America & Caribbean,High income,Not classified,2015,22.96,0.127050502739308,100,78.5111281657713,6.58611583730091,17201.7720345933,,0.0217344055640078,6.2
TCA,Turks and Caicos Islands,Latin America & Caribbean,High income,Not classified,2016,22.332,0.130454842505887,100,69.2889561270802,2.46456149346457,17625.7202843515,,0.02040399918384,6
TCA,Turks and Caicos Islands,Latin America & Caribbean,High income,Not classified,2017,21.433,0.0748911741897635,100,80.772142316427,67.5979946960904,29540.3537473151,,0.102284350494374,5.8
TCA,Turks and Caicos Islands,Latin America & Caribbean,High income,Not classified,2018,20.332,0.150715739482372,100,86.8580093383789,2.52456646348665,30286.1196112151,,0.267763591912763,5.6
TCA,Turks and Caicos Islands,Latin America & Caribbean,High income,Not classified,2019,19.129,0.16732714327994,100,83.3458929917106,1.07340727929571,30611.2130237381,,0.562205989214824,5.5
TCA,Turks and Caicos Islands,Latin America & Caribbean,High income,Not classified,2020,17.872,0.245735702478538,99.4,81.2965722801788,-35.6362101547339,19702.5368196855,,0.573166452216634,5.3
TCA,Turks and Caicos Islands,Latin America & Caribbean,High income,Not classified,2021,17.257,0.189656121788195,100,87.9500427246094,27.1739181653097,25056.4880515569,,1.48336829487564,5.1
TCA,Turks and Caicos Islands,Latin America & Caribbean,High income,Not classified,2022,16.581,0.170490572638382,99.9,95.5202331542969,12.5841107323701,28209.6242536079,,,5
TCD,Chad,Sub-Saharan Africa,Low income,IDA,2000,193.527,0.0187441939349698,3.1,4.86319017410278,-4.24950215601882,1506.7157720422,0.03570707628555,10,182.4
TCD,Chad,Sub-Saharan Africa,Low income,IDA,2001,195.801,0.0169826519063066,3.4,5.92101001739502,7.95445706927111,1626.56683128523,0.0459341343557353,8.04597701149425,179
TCD,Chad,Sub-Saharan Africa,Low income,IDA,2002,186.515,0.0169600842272663,3.8,6.716139793396,4.77730878889039,1704.2729514734,0.166069664674347,8.16091954022989,175.6
TCD,Chad,Sub-Saharan Africa,Low income,IDA,2003,187.155,0.0222905354596123,4.1,7.23851013183594,10.2279881027344,1878.58578618822,0.320308555366775,8.31818181818182,172.3
TCD,Chad,Sub-Saharan Africa,Low income,IDA,2004,189.976,0.0191244251792922,3.5,7.58640003204346,27.8073148127989,2400.97004978207,0.360920107034467,7.34065934065934,168.8
TCD,Chad,Sub-Saharan Africa,Low income,IDA,2005,185.056,0.01720823535082,4.8,7.99178981781006,12.6968038844502,2705.81650832729,0.399257700084004,7.78,165.4
TCD,Chad,Sub-Saharan Africa,Low income,IDA,2006,181.109,0.0178994029842169,5.1,8.39060974121094,-4.05733919631511,2596.03235455456,0.581045764229641,7.48076923076923,161.8
TCD,Chad,Sub-Saharan Africa,Low income,IDA,2007,180.134,0.0196121565598906,5.5,11.3585796356201,0.671852924810707,2613.47387385767,0.847224520710968,7.87878787878788,158.1
TCD,Chad,Sub-Saharan Africa,Low income,IDA,2008,180.439,0.0162356847702015,5.9,12.1731004714966,-0.463468027746472,2601.36125803883,1.19,8.35051546391752,154.3
TCD,Chad,Sub-Saharan Africa,Low income,IDA,2009,181.077,0.0169058702228545,6.3,13.3485803604126,-4.86874608907731,2474.70758352529,1.5,9.17525773195876,150.5
TCD,Chad,Sub-Saharan Africa,Low income,IDA,2010,184.306,0.0156792383780437,6.4,13.3503582919367,9.80713114990233,2717.40540181819,1.700000048,8.83,146.7
TCD,Chad,Sub-Saharan Africa,Low income,IDA,2011,181.825,0.0195524612856595,9,13.9537990672367,0.870883386044198,2741.0708339941,1.899999976,4.18226600985222,142.9
TCD,Chad,Sub-Saharan Africa,Low income,IDA,2012,178.964,0.0317094657494769,7.8,13.9380247654593,5.29734255099544,2886.27474563619,2.0999999049999998,3.68510638297872,139.3
TCD,Chad,Sub-Saharan Africa,Low income,IDA,2013,172.65,0.0335426208405008,8.1,15.5360282192823,-0.767831669389352,2864.11301407361,2.5,3.28624535315985,135.8
TCD,Chad,Sub-Saharan Africa,Low income,IDA,2014,167.339,0.0350834749474943,8.4,14.2828502655029,-1.51652756694816,2820.67795066663,2.9000000950000002,3.14685314685315,132.3
TCD,Chad,Sub-Saharan Africa,Low income,IDA,2015,162.09,0.039023732525684,7.7,13.880263310419,0.0674074944662948,2822.57929900014,3.5,3.23448275862069,128.7
TCD,Chad,Sub-Saharan Africa,Low income,IDA,2016,155.838,0.0426517269321754,9.2,14.2798381653045,-7.08506190157246,2622.59780844501,5.800000191,6.26190476190476,125
TCD,Chad,Sub-Saharan Africa,Low income,IDA,2017,149.618,0.0566791004869773,10.9,14.0123630025093,-4.81719582036631,2496.26213643158,6.351900101,6.23154362416107,121.4
TCD,Chad,Sub-Saharan Africa,Low income,IDA,2018,145.22,0.0585365959068835,10.1,13.9039225599097,2.24768972082788,2552.37036387707,6.956299782,5.85669781931464,117.6
TCD,Chad,Sub-Saharan Africa,Low income,IDA,2019,143.291,0.0544098692819123,8.4,14.1967132658225,2.04363651447466,2604.53153661789,7.618199825,5.5786350148368,114
TCD,Chad,Sub-Saharan Africa,Low income,IDA,2020,140.715,0.0557522804539179,10.9,,-3.51319644390499,2513.02922729305,8.343099594,5.66076696165192,110.6
TCD,Chad,Sub-Saharan Africa,Low income,IDA,2021,137.946,0.0629095221648411,11.3,17.2672329408201,-3.10209208613276,2435.07274651099,9.653699875,4.61004784688995,107.3
TCD,Chad,Sub-Saharan Africa,Low income,IDA,2022,136.697,0.0633765797125022,11.7,,0.59175907712094,2449.48251052296,11.17029953,,103.9
TGO,Togo,Sub-Saharan Africa,Lower middle income,IDA,2000,96.3,0.112634944385678,17,19.6559391021729,-3.23018836054855,2321.9504188468,0.8,51.4285714285714,119.2
TGO,Togo,Sub-Saharan Africa,Lower middle income,IDA,2001,96.414,0.100580145828818,19.6,21.8023300170898,-1.65229608385683,2283.5849230071,0.9,75.2213114754098,115.7
TGO,Togo,Sub-Saharan Africa,Lower middle income,IDA,2002,94.266,0.10311695390197,21.3,25.0553398132324,1.28656075137106,2312.96463035074,1,60.281045751634,112.2
TGO,Togo,Sub-Saharan Africa,Lower middle income,IDA,2003,92.15,0.115835590952032,23,27.0041999816894,4.090903606192,2407.5857838237,1.2,,108.8
TGO,Togo,Sub-Saharan Africa,Lower middle income,IDA,2004,88.103,0.112146266513994,24.8,28.7924709320068,-3.36373306965925,2326.60102463281,1.5,,105.5
TGO,Togo,Sub-Saharan Africa,Lower middle income,IDA,2005,84.908,0.111932986498481,26.5,30.9342098236084,-6.98809238817357,2164.01599552728,1.799999952,,102.4
TGO,Togo,Sub-Saharan Africa,Lower middle income,IDA,2006,86.185,0.101600117942901,27.9,32.7757911682129,-0.234381611784201,2158.94393995769,2,77.4774774774775,99.3
TGO,Togo,Sub-Saharan Africa,Lower middle income,IDA,2007,85.833,0.102488478846354,30,29.8247108459473,-4.24863179214107,2067.21836135015,2.200000048,91.8367346938776,96.5
TGO,Togo,Sub-Saharan Africa,Lower middle income,IDA,2008,84.436,0.128538318223887,31.8,,0.746106675039186,2082.64201553182,2.4000000950000002,,93.7
TGO,Togo,Sub-Saharan Africa,Lower middle income,IDA,2009,83.191,0.207922056627259,33.7,,2.10306444374237,2126.4413192509,2.5999999049999998,,90.9
TGO,Togo,Sub-Saharan Africa,Lower middle income,IDA,2010,86.915,0.182966611417806,30.8,,2.59389115844033,2181.59889262038,3,,88.3
TGO,Togo,Sub-Saharan Africa,Lower middle income,IDA,2011,84.492,0.158662436364335,39.7,,2.97777711687345,2246.56204522679,3.5,,85.6
TGO,Togo,Sub-Saharan Africa,Lower middle income,IDA,2012,84.691,0.144688298974183,39.1,,3.8561464321063,2333.19276737886,4,92.2625698324022,82.9
TGO,Togo,Sub-Saharan Africa,Lower middle income,IDA,2013,85.505,0.117563366263316,41,,3.56529836692911,2416.37805101152,4.5,47.1464968152866,80.2
TGO,Togo,Sub-Saharan Africa,Lower middle income,IDA,2014,84.943,0.0999593847530711,45.7,,3.51991609433983,2501.43253092917,5.699999809,57.9903381642512,77.7
TGO,Togo,Sub-Saharan Africa,Lower middle income,IDA,2015,84.562,0.0844671429283988,44.7,,3.47161387733128,2588.27260980499,7.1199998859999996,18.8466666666667,75.2
TGO,Togo,Sub-Saharan Africa,Lower middle income,IDA,2016,84.125,0.111557737374783,46.8,,2.34242089940982,2648.90084835076,11.31000042,45.5669642857143,72.8
TGO,Togo,Sub-Saharan Africa,Lower middle income,IDA,2017,83.278,0.0834420669042802,48,51.5055745468098,2.2541566874758,2708.61122396846,12.3602249692905,29.226173541963,70.4
TGO,Togo,Sub-Saharan Africa,Lower middle income,IDA,2018,82.42,0.0931351087672014,50,,2.9148797520469,2787.56398409759,15.5,18.433389544688,68.1
TGO,Togo,Sub-Saharan Africa,Lower middle income,IDA,2019,81.607,0.0965158388093575,52.5,,2.69276787668153,2862.62661160331,20.72730064,22.8283333333333,66
TGO,Togo,Sub-Saharan Africa,Lower middle income,IDA,2020,80.816,0.108679150521585,54.1,,-0.0464136395853814,2861.29796240513,29.02370071,14.7250409165303,63.9
TGO,Togo,Sub-Saharan Africa,Lower middle income,IDA,2021,79.696,0.108159495359484,55.7,56.962123807999,3.17336186086668,2952.09730066985,30.33839989,25.3008,62
TGO,Togo,Sub-Saharan Africa,Lower middle income,IDA,2022,78.269,0.104581578552926,57.2,,4.54969714998951,3086.40878742334,35.60749817,,60
THA,Thailand,East Asia & Pacific,Upper middle income,IBRD,2000,39.273,0.238729271780576,82.1,,3.28023479514871,11623.7874580461,3.68904127944164,7.13108348875251,21.7
THA,Thailand,East Asia & Pacific,Upper middle income,IBRD,2001,40.092,0.242241186689655,90.4,63.7907905578613,2.39873161764822,11902.6109229705,5.55632612097332,6.94952157781683,20.7
THA,Thailand,East Asia & Pacific,Upper middle income,IBRD,2002,42.769,0.242565671382455,91,66.2131118774414,5.13275009732257,12513.5421967032,7.53125033488567,7.79250181171053,19.7
THA,Thailand,East Asia & Pacific,Upper middle income,IBRD,2003,45.681,0.235413646835705,91.6,,6.19493623168337,13288.7481561137,9.29902723805965,7.52554644691964,18.9
THA,Thailand,East Asia & Pacific,Upper middle income,IBRD,2004,48.982,0.241361056579213,92.2,70.2931900024414,5.34116205951062,13998.521730812,10.6773033237281,6.39453737065229,18
THA,Thailand,East Asia & Pacific,Upper middle income,IBRD,2005,48.3,0.240126449186808,92.8,74.191291809082,3.29537578511341,14459.825626203,15.0260043588909,6.17551835518204,17.2
THA,Thailand,East Asia & Pacific,Upper middle income,IBRD,2006,51.23,0.232378968711855,99.1,74.3672103881836,4.10011779691514,15052.6955101059,17.1607147169285,7.62993902351127,16.5
THA,Thailand,East Asia & Pacific,Upper middle income,IBRD,2007,52.083,0.225145733324054,94.1,79.398323059082,4.5949892120282,15744.3652449147,20.03,7.6331567331992,15.9
THA,Thailand,East Asia & Pacific,Upper middle income,IBRD,2008,52.29,0.222355788727733,94.8,78.9311370849609,0.947280170156503,15893.5084947968,18.2,7.41289770876317,15.2
THA,Thailand,East Asia & Pacific,Upper middle income,IBRD,2009,52.655,0.217388616625658,99,80.728889465332,-1.42135866699509,15667.6047343164,20.1,7.29017796952946,14.7
THA,Thailand,East Asia & Pacific,Upper middle income,IBRD,2010,52.649,0.214695430461208,99.7,86.182746887207,6.79479928649167,16732.187029014,22.4,6.10681541683912,14.1
THA,Thailand,East Asia & Pacific,Upper middle income,IBRD,2011,54.228,0.213240836754008,99.3,89.8197708129883,0.215045559628464,16768.1688542486,23.669925618731,12.9156731757451,13.6
THA,Thailand,East Asia & Pacific,Upper middle income,IBRD,2012,54.005,0.213391187855756,99.1,88.4013214111328,6.58038336266074,17871.5786477565,26.46,12.8615436696005,13.1
THA,Thailand,East Asia & Pacific,Upper middle income,IBRD,2013,52.618,0.216559167433521,99.4,87.5384979248047,2.08615316028128,18244.4071505088,28.94,12.1677661124825,12.7
THA,Thailand,East Asia & Pacific,Upper middle income,IBRD,2014,50.791,0.211778793913867,99.5,126.830101013184,0.45053655380589003,18326.604873747,34.8860535783465,12.5800867327152,12.3
THA,Thailand,East Asia & Pacific,Upper middle income,IBRD,2015,48.671,0.212083133612878,99.6,121.944808959961,2.65971785318402,18814.0408554566,39.3161267365004,13.1383644566273,11.9
THA,Thailand,East Asia & Pacific,Upper middle income,IBRD,2016,44.497,0.202341530813399,99.9,122.222442626953,2.96944155296718,19372.7128024107,47.5049656215909,20.9233645462311,11.5
THA,Thailand,East Asia & Pacific,Upper middle income,IBRD,2017,39.181,0.196546896374692,99.9,86.0704322494438,3.73797800283087,20096.8605455164,52.8919293439676,20.2627968718758,11.1
THA,Thailand,East Asia & Pacific,Upper middle income,IBRD,2018,34.703,0.18561289902392,99.8,87.3145736498592,3.90762624173355,20882.1707419576,56.8174809301456,23.9614675434309,10.8
THA,Thailand,East Asia & Pacific,Upper middle income,IBRD,2019,31.21,0.188219131219144,99.9,85.5828342157346,1.90583495758329,21280.1504518601,66.6524194587528,25.2454437243751,10.4
THA,Thailand,East Asia & Pacific,Upper middle income,IBRD,2020,29.613,0.192849349210012,100,86.5028787913307,-6.24932633137992,19950.2844063147,77.84374066,18.8002557141409,10.1
THA,Thailand,East Asia & Pacific,Upper middle income,IBRD,2021,27.475,0.185028248986544,100,88.4176900305973,1.43703031357769,20236.9760408784,85.26956666,19.9307401392503,9.8
THA,Thailand,East Asia & Pacific,Upper middle income,IBRD,2022,26.254,0.190836058523889,99.9,94.929673800743,2.62640014696653,20768.4800093577,87.97724503,,9.5
TJK,Tajikistan,Europe & Central Asia,Lower middle income,IDA,2000,44.212,0.324540562106529,98.5,63.1059913635254,7.00808967496647,1365.23327447129,0.048599594582182,98.6874429704499,78.4
TJK,Tajikistan,Europe & Central Asia,Lower middle income,IDA,2001,42.835,0.291623935623025,98.6,63.6778411865234,7.48337681079825,1467.39882474638,0.0512591325352927,98.734529272702,71.8
TJK,Tajikistan,Europe & Central Asia,Lower middle income,IDA,2002,39.36,0.264494371196646,99,65.0725173950195,8.69157571922234,1594.93890470219,0.0554628269910006,99.3334204679127,65.6
TJK,Tajikistan,Europe & Central Asia,Lower middle income,IDA,2003,36.589,0.243549767888399,100,67.4764785766602,8.88444644359714,1736.64039749855,0.0645837771508553,99.3397540735356,59.8
TJK,Tajikistan,Europe & Central Asia,Lower middle income,IDA,2004,35.995,0.262815068946346,98.5,68.9734802246094,8.15635551136702,1878.28696227255,0.0774799071356825,99.0782851252198,54.6
TJK,Tajikistan,Europe & Central Asia,Lower middle income,IDA,2005,34.091,0.234481885217156,99.3,69.2418670654297,4.63258511919481,1965.30020458256,0.298690023682825,99.2832065535401,50.3
TJK,Tajikistan,Europe & Central Asia,Lower middle income,IDA,2006,33.161,0.239647656225486,98.6,69.8144989013672,4.98592039180348,2063.288508243,3.77240620666448,98.6123413049897,46.6
TJK,Tajikistan,Europe & Central Asia,Lower middle income,IDA,2007,33.374,0.258020090435527,98.6,70.9309921264648,5.74856457778455,2181.89798056536,7.19761951797855,97.8278266834343,43.6
TJK,Tajikistan,Europe & Central Asia,Lower middle income,IDA,2008,35.75,0.223808081972355,98.6,73.0743865966797,5.78378645390583,2308.09430040334,8.78,97.8509939926921,41.2
TJK,Tajikistan,Europe & Central Asia,Lower middle income,IDA,2009,38.879,0.173312218049127,99,74.3436737060547,1.79394759926346,2349.50030269416,10.07,98.6535955823044,39.3
TJK,Tajikistan,Europe & Central Asia,Lower middle income,IDA,2010,41.548,0.163854945338995,98.8,74.2631072998047,4.24657467143167,2449.27358745359,11.55000019,99.7870398539702,37.6
TJK,Tajikistan,Europe & Central Asia,Lower middle income,IDA,2011,44.865,0.153131469163186,98.9,75.5782928466797,5.0303552095006,2572.48074895498,13.02999973,99.7659810321468,36.2
TJK,Tajikistan,Europe & Central Asia,Lower middle income,IDA,2012,45.94,0.161843601432358,99.1,78.0864105224609,4.96076448659319,2700.09546037358,14.51000023,99.5640391186521,35
TJK,Tajikistan,Europe & Central Asia,Lower middle income,IDA,2013,47.618,0.154642442137248,99,79.1657104492188,4.75131202806213,2828.38542075147,16,99.7429155711364,34
TJK,Tajikistan,Europe & Central Asia,Lower middle income,IDA,2014,48.899,0.192288252206731,99.1,,4.0554323883913,2943.08867917317,17.48999977,,33
TJK,Tajikistan,Europe & Central Asia,Lower middle income,IDA,2015,49.401,0.193676152901803,98,,3.34193519398252,3041.44479553257,18.97999954,98.4733714019345,32.2
TJK,Tajikistan,Europe & Central Asia,Lower middle income,IDA,2016,45.834,0.203371394427923,99.3,,4.2256886170877,3169.9667820524,20.46999931,97.5097493036212,31.5
TJK,Tajikistan,Europe & Central Asia,Lower middle income,IDA,2017,39.046,0.230372164126067,99.3,,4.50305161526772,3312.71202243506,21.95999908,95.5729270177763,31
TJK,Tajikistan,Europe & Central Asia,Lower middle income,IDA,2018,42.908,0.253326558917917,99.3,,5.04059320866072,3479.69235966041,32.59999847,94.0800324181947,30.7
TJK,Tajikistan,Europe & Central Asia,Lower middle income,IDA,2019,46.924,0.259909447737332,99.4,,4.89098971791482,3649.88375518646,22.68630028,92.3222789521401,30.4
TJK,Tajikistan,Europe & Central Asia,Lower middle income,IDA,2020,45.669,0.258527543490474,99.5,84.0353803669802,2.05116680370303,3724.7489591466,27.54409981,96.2586069651741,30.1
TJK,Tajikistan,Europe & Central Asia,Lower middle income,IDA,2021,43.993,0.237288169196753,99.6,84.6863463051504,7.01157366120653,3985.91247611219,36.70560074,93.3827887446305,29.8
TJK,Tajikistan,Europe & Central Asia,Lower middle income,IDA,2022,42.246,0.222829755601524,100,85.1438254472206,5.71622455034235,4213.75618362687,48.91429901,,29.4
TKM,Turkmenistan,Europe & Central Asia,Upper middle income,IBRD,2000,24.395,1.69511409473548,99.6,,3.38607027341378,5064.28782418685,0.13328218259348,0.03199593702387,68.7
TKM,Turkmenistan,Europe & Central Asia,Upper middle income,IBRD,2001,22.877,1.66368141053568,99.6,,2.27429100739747,5179.46446676106,0.175209517731422,0.029688972667295,65.4
TKM,Turkmenistan,Europe & Central Asia,Upper middle income,IBRD,2002,21.753,1.78019190149688,99.6,,-1.71993679067228,5090.38095183744,0.302132016152841,0.0294392523364486,61.9
TKM,Turkmenistan,Europe & Central Asia,Upper middle income,IBRD,2003,21.509,1.92055979812111,99.6,,1.26454248184965,5154.7509814614,0.425182631884743,0.0291666666666667,58.6
TKM,Turkmenistan,Europe & Central Asia,Upper middle income,IBRD,2004,20.841,1.94956903218218,99.5,,3.00488642265209,5309.64539382487,0.754053982724623,0.0264261744966443,55.4
TKM,Turkmenistan,Europe & Central Asia,Upper middle income,IBRD,2005,21.338,1.77767472983616,99.5,,10.9273056968375,5889.84657742616,0.997300029,0.0245709828393136,52.6
TKM,Turkmenistan,Europe & Central Asia,Upper middle income,IBRD,2006,21.678,1.66429413245766,99.8,,8.92835363724222,6415.71290854977,1.3195731180963,0.0230769230769231,50.1
TKM,Turkmenistan,Europe & Central Asia,Upper middle income,IBRD,2007,22.06,1.65748367394724,99.6,,9.0062665732903,6993.52911567076,1.40636068812023,0.0211693548387097,48.1
TKM,Turkmenistan,Europe & Central Asia,Upper middle income,IBRD,2008,22.55,1.47242194728244,99.6,,12.5329864956381,7870.0271753063,1.75,0.0209441489361702,46.4
TKM,Turkmenistan,Europe & Central Asia,Upper middle income,IBRD,2009,23.344,1.22402059089033,99.7,,4.02604908682306,8186.87833253045,1.950000048,0.019712140175219,45
TKM,Turkmenistan,Europe & Central Asia,Upper middle income,IBRD,2010,24.177,1.26500226267207,100,,6.98701643093588,8758.89686680508,3,0.0189075630252101,44
TKM,Turkmenistan,Europe & Central Asia,Upper middle income,IBRD,2011,25.095,1.18295199736869,99.8,,12.3150963498324,9837.56345513458,5,0.0182926829268293,43.4
TKM,Turkmenistan,Europe & Central Asia,Upper middle income,IBRD,2012,26.386,1.09998609805432,99.9,,8.65854927877794,10689.3537347285,7.195799828,0.0177464788732394,42.9
TKM,Turkmenistan,Europe & Central Asia,Upper middle income,IBRD,2013,27.53,0.954311579784374,99.9,,7.73686051793135,11516.3741234527,9.600000381,0.0166931637519873,42.8
TKM,Turkmenistan,Europe & Central Asia,Upper middle income,IBRD,2014,28.296,0.837543141657965,100,,7.88052305867335,12423.9246417745,12.19999981,0.0154411764705882,42.9
TKM,Turkmenistan,Europe & Central Asia,Upper middle income,IBRD,2015,28.691,0.845196050794407,100,,4.04654007021054,12926.6637306966,14.99680042,0.0139788763646046,43.2
TKM,Turkmenistan,Europe & Central Asia,Upper middle income,IBRD,2016,28.337,0.78835840602429,100,,3.81940190706788,13420.3849717471,17.99029922,0.0132984337400262,43.5
TKM,Turkmenistan,Europe & Central Asia,Upper middle income,IBRD,2017,26.888,0.794301384524114,100,,4.04622979985758,13963.4045877295,,0.0131821225309675,43.8
TKM,Turkmenistan,Europe & Central Asia,Upper middle income,IBRD,2018,25.82,0.769244930175185,100,,3.83691417565801,14499.1684377606,,0.0124196664432441,43.8
TKM,Turkmenistan,Europe & Central Asia,Upper middle income,IBRD,2019,25.683,0.713876519799863,99.9,85.1072153533862,4.0121953580019,15080.9034007693,,0.014,43.5
TKM,Turkmenistan,Europe & Central Asia,Upper middle income,IBRD,2020,24.73,0.707197262992716,100,87.9286483161618,3.64707009830416,15630.9145192529,,0.0122273115441348,42.9
TKM,Turkmenistan,Europe & Central Asia,Upper middle income,IBRD,2021,24.023,0.82757423555362,100,90.9738998413086,4.02379198709588,16259.8700051884,,0.0110915492957746,42.1
TKM,Turkmenistan,Europe & Central Asia,Upper middle income,IBRD,2022,22.303,0.826585533259869,100,93.1647186279297,4.2050434493477296,16943.6046037141,,,41.1
TLS,Timor-Leste,East Asia & Pacific,Lower middle income,Blend,2000,60.988,0.124004543944447,17.8,,77.089568536025,3783.78329545739,,,111.5
TLS,Timor-Leste,East Asia & Pacific,Lower middle income,Blend,2001,60.514,0.080972298229644,25.6,,6.72745754298086,4038.33571017769,,,106.4
TLS,Timor-Leste,East Asia & Pacific,Lower middle income,Blend,2002,60.075,0.0814287984686328,24.1,,-13.801409240961,3480.9884722922,0,0,101.5
TLS,Timor-Leste,East Asia & Pacific,Lower middle income,Blend,2003,56.191,0.0881559789572827,27.7,,-6.20634059530958,3264.94647161828,,0,96.8
TLS,Timor-Leste,East Asia & Pacific,Lower middle income,Blend,2004,53.413,0.171616875216508,30.4,57.4367485046387,-0.91795179907021,3234.97583674338,,0.0103799045048786,92.3
TLS,Timor-Leste,East Asia & Pacific,Lower middle income,Blend,2005,52.824,0.112947825877953,33.5,59.5954513549805,0.89548190695325,3263.94446005573,0.0990317678179026,0.0102532554085922,88
TLS,Timor-Leste,East Asia & Pacific,Lower middle income,Blend,2006,52.012,0.114865003327892,36.7,,-6.89325891273231,3038.9523176563,0.5,0.0199322304165836,84
TLS,Timor-Leste,East Asia & Pacific,Lower middle income,Blend,2007,50.465,0.0957374622679509,36.6,,7.16093774359759,3256.56980118129,1,0.0234375,80.4
TLS,Timor-Leste,East Asia & Pacific,Lower middle income,Blend,2008,49.076,0.0852859127266817,43.1,57.0424880981445,8.42335310945737,3530.88217479074,1.5,1.02781525020877,76.9
TLS,Timor-Leste,East Asia & Pacific,Lower middle income,Blend,2009,49.104,0.0839791843435276,46.3,66.6238479614258,7.40540545946205,3792.35831612987,2,0.89598963674637,73.9
TLS,Timor-Leste,East Asia & Pacific,Lower middle income,Blend,2010,45.984,0.0761737030741837,38,68.6269372897248,6.72117634373186,4047.24940614314,3,0.895040849248061,71
TLS,Timor-Leste,East Asia & Pacific,Lower middle income,Blend,2011,44.727,0.079715448531308,52.7,71.4300991899046,3.52215453909612,4189.79978481015,4,1.14727716347402,68.4
TLS,Timor-Leste,East Asia & Pacific,Lower middle income,Blend,2012,43.249,0.128914827756649,56,71.6261633919338,2.58043451319878,4297.91482449132,7,1.55154579933341,65.9
TLS,Timor-Leste,East Asia & Pacific,Lower middle income,Blend,2013,41.122,0.150823448057122,59.2,69.9035409795258,0.985677294077263,4340.27839503511,11,0.835479615553741,63.9
TLS,Timor-Leste,East Asia & Pacific,Lower middle income,Blend,2014,38.949,0.141625874203415,62.4,72.1954898017811,2.42106298884939,4445.35926887033,17.5,0.698539176626826,61.9
TLS,Timor-Leste,East Asia & Pacific,Lower middle income,Blend,2015,36.793,0.129116508793946,67.3,75.7349709712488,0.504814158346647,4467.80007184896,18.60000038,0.625454545454545,60.2
TLS,Timor-Leste,East Asia & Pacific,Lower middle income,Blend,2016,34.913,0.11915949892626,76.5,80.4793824903514,1.06590239668736,4515.422459894,21.200000760000002,0.530761446479833,58.7
TLS,Timor-Leste,East Asia & Pacific,Lower middle income,Blend,2017,33.187,0.11579488871236,79.5,84.7672794199171,-4.99167838514208,4290.02709296562,24.200000760000002,0.415435008388591,57.3
TLS,Timor-Leste,East Asia & Pacific,Lower middle income,Blend,2018,31.719,0.124719601597321,85.2,87.2436736474694,-2.35863547850684,4188.84099191337,27.60000038,0.393954316451381,56
TLS,Timor-Leste,East Asia & Pacific,Lower middle income,Blend,2019,30.482,0.109701627337773,90.6,89.6775720031834,21.8272465527765,5103.14964292207,28.00460052,0.34458765448461,54.8
TLS,Timor-Leste,East Asia & Pacific,Lower middle income,Blend,2020,29.407,0.0776886634792632,96,89.3942621030436,29.2315955694561,6594.8817078452,32.01269913,0.373276315074202,53.4
TLS,Timor-Leste,East Asia & Pacific,Lower middle income,Blend,2021,28.284,0.0771262582709438,100,,3.49004138285764,6825.0458085995,35.04199982,0.371447028423773,52
TLS,Timor-Leste,East Asia & Pacific,Lower middle income,Blend,2022,27.87,0.0948432483816539,99.7,,-21.6343453654996,5348.49182701353,,,50.7
TON,Tonga,East Asia & Pacific,Upper middle income,IDA,2000,23.888,0.167322867489626,85.6,102.80802154541,3.1164781634571,5809.00929738723,2.4343980443669,0.194363459669582,16.9
TON,Tonga,East Asia & Pacific,Upper middle income,IDA,2001,22.809,0.156437499752595,86.3,99.6704864501953,0.8921026437352,5860.83162290404,2.82537183911525,0.201714573877963,16.5
TON,Tonga,East Asia & Pacific,Upper middle income,IDA,2002,21.964,0.16546285842263,87,104.751586914062,3.84009133315611,6085.89291010605,2.90729731626382,0.258215962441315,16
TON,Tonga,East Asia & Pacific,Upper middle income,IDA,2003,21.506,0.19842099996718,87.6,,-0.5132750153019,6054.65554234045,2.98581736750435,0.23840485478977,15.6
TON,Tonga,East Asia & Pacific,Upper middle income,IDA,2004,22.417,0.180309087579224,88.3,,-2.53428308034319,5901.21343135785,3.95237389457043,0.229071220324865,15.2
TON,Tonga,East Asia & Pacific,Upper middle income,IDA,2005,23.055,0.196763258375123,89,,-1.22171662108754,5829.1173260211,4.907800198,0.216152485753586,14.8
TON,Tonga,East Asia & Pacific,Upper middle income,IDA,2006,22.773,0.220865629339569,92.3,99.0016174316406,-2.70155026186355,5671.64079163565,5.853899956,0.281478701444924,14.4
TON,Tonga,East Asia & Pacific,Upper middle income,IDA,2007,22.868,0.194290969347425,90.5,86.3509674072266,-2.89657717629593,5507.35733894364,7.179900169,0.274172911716322,14
TON,Tonga,East Asia & Pacific,Upper middle income,IDA,2008,22.893,0.200694092813776,91.2,107.204528808594,4.57476736236848,5759.30612501464,8.11076994380395,0.27462467960454,13.7
TON,Tonga,East Asia & Pacific,Upper middle income,IDA,2009,23.1,0.223686601606328,92,119.411682128906,-5.29112664808726,5454.57394388907,10,0.308820690986296,13.4
TON,Tonga,East Asia & Pacific,Upper middle income,IDA,2010,23.131,0.214055282279852,92.8,110.511276245117,0.639458308941471,5489.45367019062,16,0.308641975308642,13.1
TON,Tonga,East Asia & Pacific,Upper middle income,IDA,2011,23.403,0.190751680129894,92.2,106.433456420898,6.53506653770044,5848.19312009382,25,0.302228938420854,12.8
TON,Tonga,East Asia & Pacific,Upper middle income,IDA,2012,24.277,0.186178012135348,92.8,97.7831802368164,1.02306619626815,5908.02400699798,30,2.22515557231756,12.6
TON,Tonga,East Asia & Pacific,Upper middle income,IDA,2013,25.355,0.187330208341834,95.1,98.4293899536133,0.752077131516813,5952.45690447913,32.75400162,5.32620715075562,12.3
TON,Tonga,East Asia & Pacific,Upper middle income,IDA,2014,26.091,0.202749138804236,95.9,102.685864599197,2.43921991317512,6097.65041861635,35.95439911,6.78119349005425,12.1
TON,Tonga,East Asia & Pacific,Upper middle income,IDA,2015,25.571,0.204927863350035,100,108.722566122679,1.6036112602154,6195.43302733786,38.65129852,7.89246941237291,11.9
TON,Tonga,East Asia & Pacific,Upper middle income,IDA,2016,24.933,0.204373475641581,97,,7.17551408749179,6639.98719699561,39.95000076,8.43941537010844,11.6
TON,Tonga,East Asia & Pacific,Upper middle income,IDA,2017,25.43,0.214211839750003,98.2,,3.36688551758677,6863.54796430087,46.20080185,9.32611311672684,11.4
TON,Tonga,East Asia & Pacific,Upper middle income,IDA,2018,25.411,0.202769783397581,99,,0.32690003061127,6885.98490469718,48.80789948,10.8752544344286,11.1
TON,Tonga,East Asia & Pacific,Upper middle income,IDA,2019,25.256,0.228320115929174,98.4,101.290988897495,-0.381463313423794,6859.71739851786,51.56299973,12.7067254685777,10.9
TON,Tonga,East Asia & Pacific,Upper middle income,IDA,2020,24.889,0.252726534269817,99.9,96.1400359066427,1.77247777065416,6981.30436453629,54.47370148,14.2141600108298,10.6
TON,Tonga,East Asia & Pacific,Upper middle income,IDA,2021,24.728,0.282469438447511,100,106.296201886311,-0.733953666451555,6930.06482518663,57.549,14.2006227155814,10.4
TON,Tonga,East Asia & Pacific,Upper middle income,IDA,2022,24.958,0.225579127670083,100,101.076767164935,-1.71113087341446,6811.48234641523,61.60739899,,10.1
TTO,Trinidad and Tobago,Latin America & Caribbean,High income,IBRD,2000,40.07,0.739622678528695,91.3,,6.49101487437005,19637.5545410721,7.72141147401745,0.376076204433046,28.8
TTO,Trinidad and Tobago,Latin America & Caribbean,High income,IBRD,2001,39.684,0.804926505827705,96.3,,3.71328614066861,20366.753132212,15.384627218944,0.532246633593196,28.5
TTO,Trinidad and Tobago,Latin America & Caribbean,High income,IBRD,2002,38.68,0.806329159401016,96.5,,7.41453370120124,21876.8529070403,21.9986754804449,0.484939759036145,28.1
TTO,Trinidad and Tobago,Latin America & Caribbean,High income,IBRD,2003,38.447,0.813914497310966,96.7,,13.868403750776,24910.823196152,25.9717641091609,0.21593910206618,27.7
TTO,Trinidad and Tobago,Latin America & Caribbean,High income,IBRD,2004,37.927,0.80279884196072,96.8,87.3486480712891,7.41478653453842,26757.9075601429,27.0242700782714,0.397822706065319,27.3
TTO,Trinidad and Tobago,Latin America & Caribbean,High income,IBRD,2005,36.89,0.915918264509048,95,,10.3839653520046,29536.4394101096,28.97669983,0.35052422782658,26.9
TTO,Trinidad and Tobago,Latin America & Caribbean,High income,IBRD,2006,38.217,0.890711987947193,100,,12.9071459292893,33348.7507470886,30.00370026,0.405661692929856,26.5
TTO,Trinidad and Tobago,Latin America & Caribbean,High income,IBRD,2007,38.944,0.869452709460311,100,,4.33268105297186,34793.6457521105,32.3,0.290385617509119,26.1
TTO,Trinidad and Tobago,Latin America & Caribbean,High income,IBRD,2008,39.537,0.824484508637405,100,,2.96516094023625,35825.3333456362,34.8,0.0456603285474065,25.7
TTO,Trinidad and Tobago,Latin America & Caribbean,High income,IBRD,2009,40.265,0.835189242851644,99,,-4.50258208171535,34212.2683057008,44.3,0.0502358791278847,25.3
TTO,Trinidad and Tobago,Latin America & Caribbean,High income,IBRD,2010,40.084,0.885806867136197,100,,2.72667409792857,35145.1253639062,48.5,0.0519740718915734,24.8
TTO,Trinidad and Tobago,Latin America & Caribbean,High income,IBRD,2011,40.013,0.893478835787165,97.5,,-1.06803812728484,34769.7620251376,55.2,0.0502735978112175,24.4
TTO,Trinidad and Tobago,Latin America & Caribbean,High income,IBRD,2012,39.933,0.772744662015743,100,,6.13730928249969,36903.6898574094,57.5,0.068221638195357,23.9
TTO,Trinidad and Tobago,Latin America & Caribbean,High income,IBRD,2013,39.676,0.732940189052556,100,,2.95466061754502,37994.0686480473,59.90000153,0.0655444502893214,23.5
TTO,Trinidad and Tobago,Latin America & Caribbean,High income,IBRD,2014,39.416,0.704521830356285,100,,3.3020638436403,39248.6570516023,62.40000153,0.0661218424962853,23.1
TTO,Trinidad and Tobago,Latin America & Caribbean,High income,IBRD,2015,39.044,0.698987159295512,100,,-0.725356979544244,38963.9641783011,65.09999847,0.0654127481713689,22.7
TTO,Trinidad and Tobago,Latin America & Caribbean,High income,IBRD,2016,38.876,0.693439853311489,100,,-7.82511237114002,35914.9901970983,67.80000305,0.0664614077927593,22.3
TTO,Trinidad and Tobago,Latin America & Caribbean,High income,IBRD,2017,38.585,0.70359043896295,100,,-5.06473832096466,34095.9899256152,70.59999847,0.0671457685294433,22
TTO,Trinidad and Tobago,Latin America & Caribbean,High income,IBRD,2018,38.44,0.71200184966029,100,,-1.13201603020309,33710.0178540008,72.76029968,0.0678590785907859,21.6
TTO,Trinidad and Tobago,Latin America & Caribbean,High income,IBRD,2019,37.987,0.721727797070256,100,,0.114767755861862,33748.7060849924,74.98670197,0.0681323465389639,21.2
TTO,Trinidad and Tobago,Latin America & Caribbean,High income,IBRD,2020,37.684,0.709783892292177,100,,-8.97165770967038,30720.8876936042,77.28130341,0.0678590785907859,20.8
TTO,Trinidad and Tobago,Latin America & Caribbean,High income,IBRD,2021,37.22,0.688100409842525,100,,-0.777215541824603,30482.1201798631,84.36576986,0.067595292085088,20.4
TTO,Trinidad and Tobago,Latin America & Caribbean,High income,IBRD,2022,36.768,0.677817502935629,100,,0.990715463329252,30784.1112580356,81.69760132,,19.9
TUN,Tunisia,"Middle East, North Africa, Afghanistan & Pakistan",Lower middle income,IBRD,2000,7.034,0.236902667799143,94.8,74.7923202514648,3.54145974209786,9134.41506327005,2.75074029298135,0.835315213288033,29.2
TUN,Tunisia,"Middle East, North Africa, Afghanistan & Pakistan",Lower middle income,IBRD,2001,6.527,0.237757141354647,97.3,77.1083908081055,2.6947331733366,9380.56317617024,4.29796603474685,0.700052668539326,27.2
TUN,Tunisia,"Middle East, North Africa, Afghanistan & Pakistan",Lower middle income,IBRD,2002,5.909,0.232148584221767,97.8,78.3930435180664,0.287760873614303,9407.55676671593,5.25288729548421,0.810320074318048,25.5
TUN,Tunisia,"Middle East, North Africa, Afghanistan & Pakistan",Lower middle income,IBRD,2003,5.776,0.219562850759614,98.4,79.2942810058594,3.66160593216975,9752.02442335824,6.49084579532797,1.78441098317095,24
TUN,Tunisia,"Middle East, North Africa, Afghanistan & Pakistan",Lower middle income,IBRD,2004,5.829,0.218657564636428,99,,5.24794746880204,10263.8055422408,8.52881775162591,1.66859296482412,22.7
TUN,Tunisia,"Middle East, North Africa, Afghanistan & Pakistan",Lower middle income,IBRD,2005,5.867,0.217141816183574,99.2,87.7173919677734,2.58534081098441,10529.1598956845,9.655099869,0.466550825369244,21.6
TUN,Tunisia,"Middle East, North Africa, Afghanistan & Pakistan",Lower middle income,IBRD,2006,5.902,0.213279762816394,99.4,90.072380065918,4.31907482857264,10983.9221903991,12.98639965,1.0073501263303,20.7
TUN,Tunisia,"Middle East, North Africa, Afghanistan & Pakistan",Lower middle income,IBRD,2007,5.88,0.206010364481878,99.4,,5.73567938504127,11613.9247511428,17.1,0.681927360069874,20
TUN,Tunisia,"Middle East, North Africa, Afghanistan & Pakistan",Lower middle income,IBRD,2008,5.659,0.201155363547675,99.4,94.3590087890625,3.23983058347032,11990.1962371716,27.53,0.554689131796978,19.4
TUN,Tunisia,"Middle East, North Africa, Afghanistan & Pakistan",Lower middle income,IBRD,2009,5.786,0.194734292768041,99.5,91.7849884033203,1.99812423215356,12229.7752536693,34.07,1.1730264883294,19
TUN,Tunisia,"Middle East, North Africa, Afghanistan & Pakistan",Lower middle income,IBRD,2010,5.936,0.206754126981587,99.5,90.7552108764648,1.86835635362381,12458.2710366551,36.8,1.17248961641828,18.7
TUN,Tunisia,"Middle East, North Africa, Afghanistan & Pakistan",Lower middle income,IBRD,2011,6.804,0.199907232864242,99.5,90.9749908447266,-3.1268978636142,12068.7136257667,39.1,1.01879243452958,18.5
TUN,Tunisia,"Middle East, North Africa, Afghanistan & Pakistan",Lower middle income,IBRD,2012,7.45,0.206261556965272,99.5,,3.04657312459409,12436.3958115735,41.4416008,1.74933554817276,18.4
TUN,Tunisia,"Middle East, North Africa, Afghanistan & Pakistan",Lower middle income,IBRD,2013,8.153,0.201208725061511,99.7,,1.2189966874892,12587.9950645596,43.79999924,2.36721257957451,18.3
TUN,Tunisia,"Middle East, North Africa, Afghanistan & Pakistan",Lower middle income,IBRD,2014,8.568,0.20891054250217,99.8,,1.87486431059185,12824.0028914441,46.15999985,3.09219710386499,18.3
TUN,Tunisia,"Middle East, North Africa, Afghanistan & Pakistan",Lower middle income,IBRD,2015,8.778,0.210446152201633,99.9,,-0.165402101671091,12802.7917211433,46.4999943435776,2.88556176919166,18.2
TUN,Tunisia,"Middle East, North Africa, Afghanistan & Pakistan",Lower middle income,IBRD,2016,8.181,0.202299606247832,100,95.4877166748047,0.00849827158573646,12803.8797371543,49.5999948415756,2.96752197191636,18.1
TUN,Tunisia,"Middle East, North Africa, Afghanistan & Pakistan",Lower middle income,IBRD,2017,7.408,0.200721653919049,100,,1.18340493178839,12955.4014814241,55.5001550633671,2.68365656368775,17.9
TUN,Tunisia,"Middle East, North Africa, Afghanistan & Pakistan",Lower middle income,IBRD,2018,6.63,0.194923209059914,99.8,,1.60391587948506,13163.1952230357,64.1908102327387,2.79517208413002,17.5
TUN,Tunisia,"Middle East, North Africa, Afghanistan & Pakistan",Lower middle income,IBRD,2019,6.111,0.192310267416886,100,,0.613127731689971,13243.9024233246,66.6999983024144,3.22562914508949,16.9
TUN,Tunisia,"Middle East, North Africa, Afghanistan & Pakistan",Lower middle income,IBRD,2020,5.264,0.200608400009219,99.9,,-9.72752601384167,11955.5983698479,68.55639648,3.10670660364113,16
TUN,Tunisia,"Middle East, North Africa, Afghanistan & Pakistan",Lower middle income,IBRD,2021,4.321,0.206872240540024,99.9,,4.08785924151975,12444.326402688701,68.31552226,2.82000913659205,15
TUN,Tunisia,"Middle East, North Africa, Afghanistan & Pakistan",Lower middle income,IBRD,2022,4.475,0.197053579533244,100,,2.15276458662672,12712.22345453,,,13.9
TUR,Turkiye,Europe & Central Asia,Upper middle income,IBRD,2000,53.431,0.23359041038168,99.9,63.1940116882324,5.62145840894716,14856.914625257,3.761685035075,24.9388818622821,37.2
TUR,Turkiye,Europe & Central Asia,Upper middle income,IBRD,2001,50.746,0.224960485555659,99.9,72.3898696899414,-6.62846843803128,13872.1287284566,5.18948146078506,19.8382155225097,34.5
TUR,Turkiye,Europe & Central Asia,Upper middle income,IBRD,2002,46.069,0.222244895194505,99.8,76.3927612304688,5.15974085311868,14587.894621656,11.38,26.2495285935085,32
TUR,Turkiye,Europe & Central Asia,Upper middle income,IBRD,2003,43.112,0.221966251026839,99.8,78.0895462036133,4.57792705344551,15255.7177960689,12.33,25.2953741970821,29.6
TUR,Turkiye,Europe & Central Asia,Upper middle income,IBRD,2004,42.571,0.207363576048861,99.7,77.7478103637695,8.70602046453412,16583.8837094062,14.58,30.732478201436,27.4
TUR,Turkiye,Europe & Central Asia,Upper middle income,IBRD,2005,42.956,0.198270742468567,99.7,78.0205230712891,7.95177362643042,17902.5966004487,15.46,24.5440551754798,25.3
TUR,Turkiye,Europe & Central Asia,Upper middle income,IBRD,2006,41.86,0.206186241378953,99.7,81.7884063720703,5.97350417809075,18972.0089563632,18.24,25.2556735999637,23.5
TUR,Turkiye,Europe & Central Asia,Upper middle income,IBRD,2007,39.705,0.215017112206279,99.7,84.3841094970703,4.93924794926627,19909.083519675,28.63,19.0341045531902,21.8
TUR,Turkiye,Europe & Central Asia,Upper middle income,IBRD,2008,38.361,0.212501417581178,99.7,84.4206237792969,-0.349081731358567,19839.5845462269,34.37,17.3506335110726,20.3
TUR,Turkiye,Europe & Central Asia,Upper middle income,IBRD,2009,37.189,0.224772746256268,99.7,77.3252868652344,-6.18658127732729,18612.1925231905,36.4,19.5821920620906,18.9
TUR,Turkiye,Europe & Central Asia,Upper middle income,IBRD,2010,33.341,0.214500850461514,100,81.3065490722656,6.90544093016851,19897.4464836887,39.82,26.3818037195561,17.6
TUR,Turkiye,Europe & Central Asia,Upper middle income,IBRD,2011,31.764,0.206030998718872,100,84.8130187988281,9.36292358017863,21760.4291923634,43.065710430925,25.3319717689729,16.6
TUR,Turkiye,Europe & Central Asia,Upper middle income,IBRD,2012,30.124,0.203308290032175,100,83.5451507568359,3.48010432023058,22517.7148287875,45.13,27.2382252730735,15.6
TUR,Turkiye,Europe & Central Asia,Upper middle income,IBRD,2013,28.299,0.181801448739041,100,101.523071289062,7.10372830173409,24117.3121099839,46.25,28.8353931227462,14.7
TUR,Turkiye,Europe & Central Asia,Upper middle income,IBRD,2014,27.56,0.185000899150486,100,105.464340209961,3.19911298885714,24888.8521742576,51.0373665521645,20.8888686037236,14
TUR,Turkiye,Europe & Central Asia,Upper middle income,IBRD,2015,25.639,0.180981300709595,100,106.707969665527,4.4033792666971,25984.8027306177,53.7449791423583,31.9582364019054,13.3
TUR,Turkiye,Europe & Central Asia,Upper middle income,IBRD,2016,24.226,0.186311772598525,100,108.04418182373,1.9428315705164,26489.6436816046,58.3477340145685,32.8881446605055,12.7
TUR,Turkiye,Europe & Central Asia,Upper middle income,IBRD,2017,22.332,0.191318463442158,100,110.961929321289,6.43664614092381,28194.688309381,64.6846176835371,29.3458592491178,12.2
TUR,Turkiye,Europe & Central Asia,Upper middle income,IBRD,2018,19.835,0.183251010627478,100,111.409126281738,2.07704135618785,28780.3036458151,71.0427608433809,32.0769912172204,11.7
TUR,Turkiye,Europe & Central Asia,Upper middle income,IBRD,2019,17.535,0.174633011387172,100,110.276336669922,-0.136378469205951,28741.0535082701,73.9767022871511,43.522591535948,11.3
TUR,Turkiye,Europe & Central Asia,Upper middle income,IBRD,2020,15.334,0.175104704532638,100,111.511711120605,0.819957444576985,28976.7179161611,77.6695605,41.8476963055464,10.9
TUR,Turkiye,Europe & Central Asia,Upper middle income,IBRD,2021,13.63,0.170531474526089,100,113.14852142334,10.797736075363,32105.5474400506,81.40843745,35.4189464124067,10.6
TUR,Turkiye,Europe & Central Asia,Upper middle income,IBRD,2022,12.203,0.15600940259109,100,114.45539855957,4.40815937187469,33520.8111384208,83.43716576,,10.2
TUV,Tuvalu,East Asia & Pacific,Upper middle income,IDA,2000,37.659,0,94.6,,-1.42326451721122,3893.29676614411,5.24163958486214,0.226757369614512,42.8
TUV,Tuvalu,East Asia & Pacific,Upper middle income,IDA,2001,36.879,0,94.8,79.1353378295898,0.254445930596376,3903.20310133161,5.7,0.213675213675214,41.8
TUV,Tuvalu,East Asia & Pacific,Upper middle income,IDA,2002,35.526,0,94.6,,7.90086559181067,4211.58993214321,6.3,0.201612903225806,40.8
TUV,Tuvalu,East Asia & Pacific,Upper middle income,IDA,2003,34.287,0,95.1,,-5.06112563653929,3998.4360743816,6.9,0.197628458498024,40
TUV,Tuvalu,East Asia & Pacific,Upper middle income,IDA,2004,33.213,0,95.3,,-3.09754623680732,3874.58266822844,7.6,0.195694716242661,39.1
TUV,Tuvalu,East Asia & Pacific,Upper middle income,IDA,2005,32.758,0,95.5,,-4.94739499399469,3682.89175926232,8.300000191,0.192678227360308,38.1
TUV,Tuvalu,East Asia & Pacific,Upper middle income,IDA,2006,32.822,0,95.7,,0.132490287100808,3687.77123312778,9.100000381,0.189753320683112,36.9
TUV,Tuvalu,East Asia & Pacific,Upper middle income,IDA,2007,32.644,0,96.7,,5.58254169285016,3893.64259975408,10,0.186915887850467,35.6
TUV,Tuvalu,East Asia & Pacific,Upper middle income,IDA,2008,33.094,0,96.2,,5.14382444282117,4093.92473951632,11.19999981,1.28913443830571,34.2
TUV,Tuvalu,East Asia & Pacific,Upper middle income,IDA,2009,33.659,0,96.5,,-6.88301475325463,3812.13929570827,12.80000019,1.81488203266788,32.8
TUV,Tuvalu,East Asia & Pacific,Upper middle income,IDA,2010,33.734,0,96.7,,-3.87417505668408,3664.45034598789,14.600000380000001,1.52671755725191,31.4
TUV,Tuvalu,East Asia & Pacific,Upper middle income,IDA,2011,33.981,0,97,,5.86441985622457,3879.3490996995,16.5,1.51285930408472,30.2
TUV,Tuvalu,East Asia & Pacific,Upper middle income,IDA,2012,34.17,0,97.7,,-4.22103363025631,3715.60046956613,18.700000760000002,1.63132137030995,29
TUV,Tuvalu,East Asia & Pacific,Upper middle income,IDA,2013,33.071,0,97.6,,3.17281381465209,3833.48955456181,21.200000760000002,3.2520325203252,28
TUV,Tuvalu,East Asia & Pacific,Upper middle income,IDA,2014,32.585,0,97.9,86.5306091308594,1.82457678390588,3903.4345149878,24.10000038,2.91411042944785,26.9
TUV,Tuvalu,East Asia & Pacific,Upper middle income,IDA,2015,32.658,0,98.1,96.6386566162109,9.58848297832067,4277.7146690273,27.299999239999998,11.4613180515759,26
TUV,Tuvalu,East Asia & Pacific,Upper middle income,IDA,2016,32.48,0,97.3,85.5491333007812,5.09284757758506,4495.57215692486,31,23.6276849642005,25.2
TUV,Tuvalu,East Asia & Pacific,Upper middle income,IDA,2017,32.409,0,98.7,,3.84759945752347,4668.54376684727,35.20000076,23.2667450058754,24.3
TUV,Tuvalu,East Asia & Pacific,Upper middle income,IDA,2018,32.056,0,99,86.4122085571289,2.49947603859147,4785.23289965077,,19.2525481313703,23.5
TUV,Tuvalu,East Asia & Pacific,Upper middle income,IDA,2019,31.566,0,99.7,85.4070663452148,15.2691969832959,5515.89953720794,,19.2307692307692,22.7
TUV,Tuvalu,East Asia & Pacific,Upper middle income,IDA,2020,28.779,0,99.4,79.6899224806202,-1.33317014747919,5442.36321121293,,15.8385093167702,21.9
TUV,Tuvalu,East Asia & Pacific,Upper middle income,IDA,2021,28.474,0,99.7,96.5023847376789,2.01098685501276,5551.80841999248,,15.8385093167702,21.2
TUV,Tuvalu,East Asia & Pacific,Upper middle income,IDA,2022,28.094,0,100,100,-9.13699709767813,5044.53984578911,,,20.5
TZA,Tanzania,Sub-Saharan Africa,Lower middle income,IDA,2000,132.511,0.0508098305826495,8.7,,1.59942658531416,1839.93664550781,0.11719444010825,75.073511785857,128
TZA,Tanzania,Sub-Saharan Africa,Lower middle income,IDA,2001,132.32,0.0505955107405448,9.7,,3.25057961835962,1899.74536132813,0.171300350668948,68.6095744680851,120.3
TZA,Tanzania,Sub-Saharan Africa,Lower middle income,IDA,2002,132.824,0.0537467649025745,10.7,,4.36368727532306,1982.64428710938,0.222484413923909,66.983600837404,112.4
TZA,Tanzania,Sub-Saharan Africa,Lower middle income,IDA,2003,131.876,0.0532937377755827,11.1,,3.89344253690891,2059.83740234375,0.676962856510303,67.365988909427,105
TZA,Tanzania,Sub-Saharan Africa,Lower middle income,IDA,2004,132.137,0.0682261875371026,11.4,,4.63163110389122,2155.24145507813,0.87757497099259,61.6690307328605,98.3
TZA,Tanzania,Sub-Saharan Africa,Lower middle income,IDA,2005,132.386,0.0719862140125621,13.8,,4.54018649750061,2253.09326171875,1.100000024,51.5302106430155,92.2
TZA,Tanzania,Sub-Saharan Africa,Lower middle income,IDA,2006,128.873,0.0722847551294894,14.9,,3.59554927104524,2334.1044921875,1.299999952,43.326198630137,86.7
TZA,Tanzania,Sub-Saharan Africa,Lower middle income,IDA,2007,124.168,0.0640010970216695,15.9,,3.83493311688827,2423.61596679688,1.6,61.3487494100991,81.3
TZA,Tanzania,Sub-Saharan Africa,Lower middle income,IDA,2008,120.677,0.0609164798242713,11.5,,2.87353898673082,2493.25927734375,1.899999976,61.7157326130993,76.6
TZA,Tanzania,Sub-Saharan Africa,Lower middle income,IDA,2009,118.201,0.0560040258984795,11.2,,2.70936589724377,2560.81103515625,2.4000000950000002,57.0558566069196,72
TZA,Tanzania,Sub-Saharan Africa,Lower middle income,IDA,2010,117.292,0.0635525108237597,14.8,28.6016407012939,3.67041498018565,2654.80346679688,2.9000000950000002,52.7892064685972,68.2
TZA,Tanzania,Sub-Saharan Africa,Lower middle income,IDA,2011,115.6,0.0715246452159579,14.2,,4.70485004341454,2779.70776367188,3.200000048,41.3217054263566,64.6
TZA,Tanzania,Sub-Saharan Africa,Lower middle income,IDA,2012,115.816,0.0816591437532738,15.3,,1.53892032694513,2822.4853515625,3.950000048,33.8265630519251,61.7
TZA,Tanzania,Sub-Saharan Africa,Lower middle income,IDA,2013,121.148,0.083624757712859,16.4,31.0077818769829,3.62722794168234,2924.86328125,4.400000095,31.3683330546731,59
TZA,Tanzania,Sub-Saharan Africa,Lower middle income,IDA,2014,124.92,0.0760751293290102,23.5,29.0062999725342,3.51147946313948,3027.56909179688,7,44.4205652243334,56.3
TZA,Tanzania,Sub-Saharan Africa,Lower middle income,IDA,2015,122.757,0.084050892939183,26.2,25.9106006622314,2.77038211960942,3111.44458007813,10,35.5252370755583,54.3
TZA,Tanzania,Sub-Saharan Africa,Lower middle income,IDA,2016,122.395,0.084209386386115,32.8,25.6934364827346,3.30400665890222,3214.24682617188,13.5042328468919,38.1655405405405,52
TZA,Tanzania,Sub-Saharan Africa,Lower middle income,IDA,2017,122.023,0.0792408157596218,32.1,26.6423516825531,3.23688527604725,3318.28833007813,14.46339989,36.7172189181535,49.8
TZA,Tanzania,Sub-Saharan Africa,Lower middle income,IDA,2018,120.641,0.0789358747579856,34.9,29.1602013185307,2.24213027557943,3392.68872070313,15.49069977,33.9765027322404,47.6
TZA,Tanzania,Sub-Saharan Africa,Lower middle income,IDA,2019,118.798,0.0850220067842152,37.7,31.1972029418227,2.71005881950599,3484.63256835938,16.59090042,33.5119266055046,45.6
TZA,Tanzania,Sub-Saharan Africa,Lower middle income,IDA,2020,117.034,0.0817598128720049,39.9,32.1652787700855,-0.998987836780785,3449.82153320313,19.48139954,41.170333655706,43.8
TZA,Tanzania,Sub-Saharan Africa,Lower middle income,IDA,2021,115.452,0.0890163669791971,42.7,29.2047595977783,1.25401761079502,3493.0830078125,22.87540054,37.1995633187773,41.7
TZA,Tanzania,Sub-Saharan Africa,Lower middle income,IDA,2022,114.29,0.0939857425353978,45.8,,1.54299792361155,3546.98095703125,26.86059952,,40.1
UGA,Uganda,Sub-Saharan Africa,Low income,IDA,2000,169.238,0.0396179785901134,7.4,,-0.0506112736721605,1487.00498853512,0.163714063074854,,143.9
UGA,Uganda,Sub-Saharan Africa,Low income,IDA,2001,164.968,0.0382995444213018,8.6,,2.01473762716464,1516.96423755695,0.237945087191408,,137.2
UGA,Uganda,Sub-Saharan Africa,Low income,IDA,2002,159.574,0.0401382700914558,7.8,,5.38039055287112,1598.5828380849,0.384093504951945,,129.9
UGA,Uganda,Sub-Saharan Africa,Low income,IDA,2003,153.725,0.0398310487525946,10.5,,3.163140555198,1649.1482601448,0.464849840113968,,122.1
UGA,Uganda,Sub-Saharan Africa,Low income,IDA,2004,151.566,0.0390439815208748,11.6,16.8686599731445,3.65117760961586,1709.36159216857,0.719970679914031,,114.2
UGA,Uganda,Sub-Saharan Africa,Low income,IDA,2005,147.624,0.045013536259447,8.9,,3.25713954596638,1765.03788457066,1.742200017,97.7169907881269,106.5
UGA,Uganda,Sub-Saharan Africa,Low income,IDA,2006,146.457,0.047158690348721,9,,7.58857752601207,1898.97915280479,2.52940011,76.8008821676118,99.2
UGA,Uganda,Sub-Saharan Africa,Low income,IDA,2007,144.05,0.0524519117013982,14.8,21.5002498626709,5.27037575377261,1999.0624896434,3.67196535074744,66.5901309164149,92.5
UGA,Uganda,Sub-Saharan Africa,Low income,IDA,2008,139.763,0.0540086528838752,15.9,,5.5545038560267,2110.10049271503,3.880000114,62.3083870967742,86.4
UGA,Uganda,Sub-Saharan Africa,Low income,IDA,2009,135.999,0.0556589365037336,10,,3.70592159085399,2188.29916246327,4.099999905,54.9322033898305,81.2
UGA,Uganda,Sub-Saharan Africa,Low income,IDA,2010,132.525,0.052263552535155,12.1,,2.57308463341826,2244.60595194584,4.300000191,52.3316289262235,76
UGA,Uganda,Sub-Saharan Africa,Low income,IDA,2011,132.519,0.0535980452172717,14.6,,6.23090993981926,2384.4653273154,4.599999905,62.2548579970105,70.9
UGA,Uganda,Sub-Saharan Africa,Low income,IDA,2012,132.2,0.0524188563727007,20.5,,0.865151267915266,2405.09455932767,4.800000191,90.6594501718213,66.5
UGA,Uganda,Sub-Saharan Africa,Low income,IDA,2013,130.443,0.0515669605382475,13.9,,0.656669463732158,2420.88808087266,5.099999905,,62.8
UGA,Uganda,Sub-Saharan Africa,Low income,IDA,2014,128.09,0.0539663332378645,20.4,,2.04948459267207,2470.50380909598,5.400000095,,60.2
UGA,Uganda,Sub-Saharan Africa,Low income,IDA,2015,126.116,0.0591605000427836,18.5,,2.00429943099081,2520.0201028843,5.699999809,95.293657446214,57.9
UGA,Uganda,Sub-Saharan Africa,Low income,IDA,2016,121.568,0.0605619257863927,26.7,,1.35743312909598,2554.22769062073,5.9,93.4608512874409,55.6
UGA,Uganda,Sub-Saharan Africa,Low income,IDA,2017,118.53,0.061189675990769,32.4,,-0.406390812740796,2543.84754394956,7.417900085,97.2312943029667,54
UGA,Uganda,Sub-Saharan Africa,Low income,IDA,2018,117.279,0.0631129396309977,41.9,,2.75300382511665,2613.87976413963,9.326299667,92.3811074918567,52.7
UGA,Uganda,Sub-Saharan Africa,Low income,IDA,2019,114.989,0.0610893856346653,41.3,,2.88958690241905,2689.41009144919,11.72579956,96.5562609457093,51.6
UGA,Uganda,Sub-Saharan Africa,Low income,IDA,2020,112.94,0.0598017802359212,42.1,,-0.423922683361482,2678.00907202293,7.4,96.6934640522876,50.9
UGA,Uganda,Sub-Saharan Africa,Low income,IDA,2021,110.964,0.0657960967190893,45.2,,0.258075577364949,2684.92035939744,10,90.0085291887794,50.2
UGA,Uganda,Sub-Saharan Africa,Low income,IDA,2022,108.697,0.061696652240254,47.1,,1.48927085105888,2724.90609568409,9.636899948,,50
UKR,Ukraine,Europe & Central Asia,Upper middle income,IBRD,2000,31.593,0.702923392294049,99.1,98.193229675293,6.79706549402465,10364.0625,0.716183762031043,6.68202630581236,18.2
UKR,Ukraine,Europe & Central Asia,Upper middle income,IBRD,2001,29.048,0.644532445739973,99.2,98.8703765869141,9.79657550011422,11379.3857421875,1.23875954748114,7.06299285433481,17.4
UKR,Ukraine,Europe & Central Asia,Upper middle income,IBRD,2002,28.679,0.612518828406598,99.3,100.236778259277,6.26926483071821,12092.7890625,1.87388511643427,5.64713872932184,16.6
UKR,Ukraine,Europe & Central Asia,Upper middle income,IBRD,2003,28.834,0.60959424674997,99.3,101.120651245117,10.337484498259,13342.8798828125,3.14812758815439,5.22344200487913,15.8
UKR,Ukraine,Europe & Central Asia,Upper middle income,IBRD,2004,29.595,0.511746195948269,99.4,98.2237396240234,12.5773931558428,15021.06640625,3.4894778812677,6.54406719183158,15.1
UKR,Ukraine,Europe & Central Asia,Upper middle income,IBRD,2005,29.578,0.480714892103462,99.9,91.2730178833008,3.92453428899148,15610.5732421875,3.749799967,6.74096369353148,14.5
UKR,Ukraine,Europe & Central Asia,Upper middle income,IBRD,2006,31.007,0.445986219987578,99.5,96.4371032714844,8.26961304502665,16901.5078125,4.50612456357379,6.75774765876689,14
UKR,Ukraine,Europe & Central Asia,Upper middle income,IBRD,2007,31.913,0.425220998859,99.8,97.5493469238281,8.71227296398449,18374.013671875,6.55,5.39324640383998,13.4
UKR,Ukraine,Europe & Central Asia,Upper middle income,IBRD,2008,33.716,0.39839417349729,99.8,96.8652420043945,2.77550904646171,18883.986328125,11,6.13814088251482,12.9
UKR,Ukraine,Europe & Central Asia,Upper middle income,IBRD,2009,33.17,0.389485251312257,99.9,96.3311386108398,-14.7807201233911,16092.7958984375,17.9,6.97947805251729,12.3
UKR,Ukraine,Europe & Central Asia,Upper middle income,IBRD,2010,30.642,0.404488033883745,100,96.942228683639,4.46782513515676,16811.794921875,23.3,7.09190374308895,11.7
UKR,Ukraine,Europe & Central Asia,Upper middle income,IBRD,2011,29.841,0.404724069674697,100,94.7154860488778,5.78262206521443,17783.95703125,28.7082628400713,5.74486529741264,11.2
UKR,Ukraine,Europe & Central Asia,Upper middle income,IBRD,2012,29.97,0.393939190903496,99.9,98.4852773037302,0.364275557578679,17848.740234375,35.27,5.90774243506069,10.7
UKR,Ukraine,Europe & Central Asia,Upper middle income,IBRD,2013,28.739,0.382074379196159,100,98.0469615030478,0.226082936004985,17889.091796875,40.954128997,8.12174279878792,10.2
UKR,Ukraine,Europe & Central Asia,Upper middle income,IBRD,2014,27.66,0.36297907697016,100,97.3614608821971,-5.08846879597155,16978.8125,46.2359754571651,6.4164688378606,9.8
UKR,Ukraine,Europe & Central Asia,Upper middle income,IBRD,2015,26.161,0.337733741123452,100,89.8863449960325,-9.27686663817931,15403.7099609375,48.8846436813218,5.73886560525898,9.5
UKR,Ukraine,Europe & Central Asia,Upper middle income,IBRD,2016,25.018,0.331347080864106,100,88.2942638037531,2.94151228987063,15856.8125,53.0009695981884,7.03753957210478,9.1
UKR,Ukraine,Europe & Central Asia,Upper middle income,IBRD,2017,21.711,0.292846581456617,100,86.8121857927259,2.86027869650954,16310.3603515625,58.8894794459775,8.80817124363124,8.9
UKR,Ukraine,Europe & Central Asia,Upper middle income,IBRD,2018,18.583,0.300486206674238,100,85.9279826554464,4.09937975447431,16978.984375,62.5531553933869,9.59658518578767,8.7
UKR,Ukraine,Europe & Central Asia,Upper middle income,IBRD,2019,16.636,0.277307859461458,100,84.7468835528529,3.87284698333255,17636.5546875,70.1248442995263,9.20016089165115,8.5
UKR,Ukraine,Europe & Central Asia,Upper middle income,IBRD,2020,15.489,0.275631007832834,100,84.7870132572542,-3.08458576352871,17092.5390625,75.03790912,12.7832582021064,8.4
UKR,Ukraine,Europe & Central Asia,Upper middle income,IBRD,2021,14.417,0.260072266392262,100,85.0508078338962,4.41050883289091,17846.408203125,79.21829353,12.0136593335613,8.2
UKR,Ukraine,Europe & Central Asia,Upper middle income,IBRD,2022,10.271,0.22441866846676,100,,-22.7456813021158,13787.12109375,80.47429657,,8.5
URY,Uruguay,Latin America & Caribbean,High income,IBRD,2000,67.08,0.0909514513621446,97.6,102.627563476562,-2.29597374962009,18752.0507121938,10.5390577480141,93.2780706378492,17
URY,Uruguay,Latin America & Caribbean,High income,IBRD,2001,66.866,0.0851960065462887,97.7,106.713279724121,-4.08038978630051,17986.8939502115,11.1214376832783,99.6869189189189,16.6
URY,Uruguay,Latin America & Caribbean,High income,IBRD,2002,65.52,0.0848068538350422,97.8,111.768592834473,-7.86190240623733,16572.7819019325,11.4194701966853,99.5578344612181,16.2
URY,Uruguay,Latin America & Caribbean,High income,IBRD,2003,61.616,0.0838883988382387,97.9,117.109466552734,0.734039111911073,16694.4326030244,15.9371367159756,99.7414617088239,15.7
URY,Uruguay,Latin America & Caribbean,High income,IBRD,2004,59.756,0.100054426822744,98,115.683738708496,4.94141016509036,17519.3729926744,17.0630983403661,81.4918644067797,15.2
URY,Uruguay,Latin America & Caribbean,High income,IBRD,2005,60.259,0.0900797634095972,98,109.80770111084,7.37434772026329,18811.3124755641,20.0881895579305,87.3106859299753,14.4
URY,Uruguay,Latin America & Caribbean,High income,IBRD,2006,59.998,0.100842388784003,98.5,109.769859313965,3.98038082694534,19560.0743506382,29.39999962,64.3624281609195,13.6
URY,Uruguay,Latin America & Caribbean,High income,IBRD,2007,59.798,0.0892403041722662,98.7,92.125846862793,6.35892754413862,20803.885306175,34,86.9613990189806,12.7
URY,Uruguay,Latin America & Caribbean,High income,IBRD,2008,59.706,0.107748086006918,98.8,93.4709930419922,6.94817225721984,22249.3750934425,39.3,61.3557582668187,11.9
URY,Uruguay,Latin America & Caribbean,High income,IBRD,2009,59.576,0.102267778498668,99.1,94.7426071166992,3.99426146565813,23138.0733091496,41.8,69.6010153455636,11.3
URY,Uruguay,Latin America & Caribbean,High income,IBRD,2010,59.538,0.0782152958652789,99.3,106.562271118164,7.5276461782301904,24879.8256003219,46.4,89.097215755657,10.8
URY,Uruguay,Latin America & Caribbean,High income,IBRD,2011,59.107,0.0896866693671398,99.2,,4.90150561357953,26099.3116487704,51.4046610563616,74.6180394431555,10.4
URY,Uruguay,Latin America & Caribbean,High income,IBRD,2012,60.353,0.0987931400182955,99.6,,3.27196082931438,26953.2709026389,54.453768680746,64.6120966220042,10
URY,Uruguay,Latin America & Caribbean,High income,IBRD,2013,60.544,0.0814177980858669,99.6,,4.32675421961548,28119.4726887432,57.69,84.0385934819897,9.7
URY,Uruguay,Latin America & Caribbean,High income,IBRD,2014,58.229,0.069333712845034,99.7,,2.9005302021196,28935.086486757,61.4624951684405,94.5365609605911,9.3
URY,Uruguay,Latin America & Caribbean,High income,IBRD,2015,55.906,0.0707364858393116,99.7,,0.0225745559950212,28941.6184540581,64.5707870971624,93.0345254570617,8.9
URY,Uruguay,Latin America & Caribbean,High income,IBRD,2016,50.844,0.068896214032175,99.7,,1.35078037686081,29332.5561568815,66.40000153,96.4575709551938,8.4
URY,Uruguay,Latin America & Caribbean,High income,IBRD,2017,44.28,0.063534152933271,99.8,122.787338256836,1.46549079282399,29762.4220666605,70.3223543994698,98.2875844300536,8
URY,Uruguay,Latin America & Caribbean,High income,IBRD,2018,37.762,0.068020074407825,99.8,124.153419494629,-0.0151011268806798,29757.9276055415,80.7268428795854,97.3638353166461,7.7
URY,Uruguay,Latin America & Caribbean,High income,IBRD,2019,33.065,0.070190829874489,99.9,126.343617174679,0.848967983378387,30010.5628834294,83.3515337667548,98.0227300956403,7.5
URY,Uruguay,Latin America & Caribbean,High income,IBRD,2020,29.59,0.0731965929612036,100,123.152969360352,-7.40535234891223,27788.1749600196,85.47100067,93.7486387049301,7.3
URY,Uruguay,Latin America & Caribbean,High income,IBRD,2021,27.356,0.0855427228219471,100,127.390487491348,5.91510210973331,29431.8738833361,87.64440155,84.3537980618944,7.3
URY,Uruguay,Latin America & Caribbean,High income,IBRD,2022,26.487,0.0773886951543808,100,128.742960061751,4.78459885025788,30840.0709827676,89.87304314,,7.3
USA,United States,North America,High income,Not classified,2000,47.501,0.381717101284345,100,,2.92586254681619,55045.6745311559,43.0791626375201,8.81261648193646,8.4
USA,United States,North America,High income,Not classified,2001,44.958,0.374843249988613,100,,-0.0387319343606976,55024.3542766281,49.0808315896951,7.42248933913917,8.3
USA,United States,North America,High income,Not classified,2002,42.602,0.359112969249919,100,,0.761236860380762,55443.2199435683,58.7854038836952,9.20382511502992,8.2
USA,United States,North America,High income,Not classified,2003,40.987,0.353384795312746,100,,1.91588247566436,56505.4468784112,61.6971171244207,9.4946204631135,8.1
USA,United States,North America,High income,Not classified,2004,40.173,0.345405518924158,100,,2.89111091294794,58139.0820195229,64.7582564759896,9.21619811557572,8.1
USA,United States,North America,High income,Not classified,2005,39.473,0.334242448262404,100,95.9484786987305,2.53411070635448,59612.3907215559,67.9681015,9.12092303221335,8
USA,United States,North America,High income,Not classified,2006,40.349,0.319766478683896,100,,1.79819874479622,60684.3399832539,68.93119812,9.78948021905534,7.9
USA,United States,North America,High income,Not classified,2007,40.808,0.317961916401338,100,,1.03834382734772,61314.4520816367,75,8.91391202574991,7.7
USA,United States,North America,High income,Not classified,2008,40.059,0.307680718156527,100,,-0.8288881218228,60806.2238713713,74,9.5301997751508,7.6
USA,United States,North America,High income,Not classified,2009,38.137,0.292716831648351,100,,-3.42683194491448,58722.496767251,71,10.7806308892929,7.5
USA,United States,North America,High income,Not classified,2010,34.856,0.298460831211043,100,,1.82992370300914,59797.0736545937,71.69,10.6143983117236,7.3
USA,United States,North America,High income,Not classified,2011,31.723,0.282481061369854,100,,0.762796399892366,60253.2035796719,69.7294607619268,12.686393699636,7.2
USA,United States,North America,High income,Not classified,2012,29.387,0.264716983775593,100,,1.4757059723453,61142.3637034265,74.7,12.4129621083936,7
USA,United States,North America,High income,Not classified,2013,26.528,0.266207258112706,100,96.3090591430664,1.34816252387824,61966.6621370894,71.4,13.0285802128985,6.9
USA,United States,North America,High income,Not classified,2014,24.192,0.2606014426321,100,97.5130462646484,1.71094544248081,63026.8779187814,73,13.3792940741702,6.8
USA,United States,North America,High income,Not classified,2015,22.031,0.247796606274947,100,98.1735763549805,2.12741137868935,64367.7188912582,74.5542024462761,13.6328082889697,6.8
USA,United States,North America,High income,Not classified,2016,20.08,0.238436189414546,100,98.4747085571289,1.02266589237917,65025.9855980616,85.5444212887222,15.2594449655463,6.7
USA,United States,North America,High income,Not classified,2017,18.491,0.22950101833378,100,98.695556640625,1.75014095196009,66164.0320014289,87.2748891687657,17.2854220343839,6.6
USA,United States,North America,High income,Not classified,2018,17.164,0.230031063632002,100,98.7960586547852,2.3644424974579,67728.4424921024,88.498903165152,17.1628863424875,6.5
USA,United States,North America,High income,Not classified,2019,16.202,0.217645383112233,100,99.189453125,2.05676589969444,69121.4580016741,89.4302848575712,17.938273721697,6.5
USA,United States,North America,High income,Not classified,2020,14.719,0.199854619184205,100,99.4142990112305,-2.48059997386319,67406.8311325507,90.34470367,19.9166987281584,6.5
USA,United States,North America,High income,Not classified,2021,13.724,0.20038985241497,100,101.344367980957,5.98515132703822,71441.231980595,91.2684021,20.2733089261925,6.5
USA,United States,North America,High income,Not classified,2022,13.628,0.197979829357522,100,98.6511611938477,1.94217130872103,72828.7430907189,92.72850037,,6.5
UZB,Uzbekistan,Europe & Central Asia,Lower middle income,Blend,2000,21.589,1.54656374125479,99.6,83.9072113037109,2.53200282225686,3430.88370808896,0.484347307694947,12.5453459092655,60.7
UZB,Uzbekistan,Europe & Central Asia,Lower middle income,Blend,2001,17.798,1.49728687518989,99.6,,2.90496458528362,3530.5496647712,0.597567993875805,12.4251965220292,58
UZB,Uzbekistan,Europe & Central Asia,Lower middle income,Blend,2002,14.904,1.48617453128223,99.7,,2.70575973852725,3626.07785614929,1.08193974248733,12.5230277142337,55
UZB,Uzbekistan,Europe & Central Asia,Lower middle income,Blend,2003,12.314,1.34342941185836,99.5,93.6033630371094,2.97071220194489,3733.79819347394,1.91259517784997,15.6333347010792,51.9
UZB,Uzbekistan,Europe & Central Asia,Lower middle income,Blend,2004,10.448,1.28108064846183,99.5,94.2597122192383,6.13592286636617,3962.90117061128,2.59372542084924,18.1291374071913,48.6
UZB,Uzbekistan,Europe & Central Asia,Lower middle income,Blend,2005,9.744,1.13785619425141,99.4,86.4646072387695,5.62058695275771,4185.63947675734,3.34350988825952,18.1055281653205,45.2
UZB,Uzbekistan,Europe & Central Asia,Lower middle income,Blend,2006,9.426,1.13397142024835,99.5,87.5898895263672,6.07475146177363,4439.90667205623,6.38832196706805,18.5526502339335,41.9
UZB,Uzbekistan,Europe & Central Asia,Lower middle income,Blend,2007,10.074,1.01251531618352,99.5,89.1888122558594,7.948870305745,4792.8290951141,7.49060468138629,13.0582930362572,38.6
UZB,Uzbekistan,Europe & Central Asia,Lower middle income,Blend,2008,11.733,0.970329738474405,99.5,87.9145126342773,7.36856523907178,5145.99183378479,9.0801145234501,22.6213708232108,35.5
UZB,Uzbekistan,Europe & Central Asia,Lower middle income,Blend,2009,18.443,0.814448147071195,99.5,89.0407485961914,6.33169102436078,5471.82013683888,11.9,18.6216394227891,32.6
UZB,Uzbekistan,Europe & Central Asia,Lower middle income,Blend,2010,22.103,0.825573296586132,99.6,89.7888793945312,5.90590026943734,5794.98037704358,15.899999619999999,15.5844155844156,29.8
UZB,Uzbekistan,Europe & Central Asia,Lower middle income,Blend,2011,24.804,0.779689471234201,99.7,89.2128524780273,6.48597744904724,6170.84149747534,18.6,15.3397469888645,27.3
UZB,Uzbekistan,Europe & Central Asia,Lower middle income,Blend,2012,26.234,0.645126422931838,99.7,91.5890082905573,5.74728187814682,6525.4971525889,23.60000038,15.2671755725191,25
UZB,Uzbekistan,Europe & Central Asia,Lower middle income,Blend,2013,25.609,0.589188481464349,99.8,91.6004685595298,6.2437627382201,6932.93371228586,26.799999239999998,14.8171177761522,23
UZB,Uzbekistan,Europe & Central Asia,Lower middle income,Blend,2014,26.314,0.509793938868129,99.8,91.3187707069968,5.93557285916549,7344.44304405623,35.5,14.5294370819361,21.3
UZB,Uzbekistan,Europe & Central Asia,Lower middle income,Blend,2015,25.309,0.448862828819453,99.9,91.938963197135,6.09703163459466,7792.23605983713,42.79999924,14.1123458510416,19.7
UZB,Uzbekistan,Europe & Central Asia,Lower middle income,Blend,2016,22.953,0.445889314619904,99.9,92.4681516255333,4.88544792792544,8172.9216949615,46.79130173,13.8028850247799,18.4
UZB,Uzbekistan,Europe & Central Asia,Lower middle income,Blend,2017,21.057,0.441777766632055,100,93.5591792866064,2.94115209964183,8413.29975299494,48.6999988524556,13.328329496876,17.3
UZB,Uzbekistan,Europe & Central Asia,Lower middle income,Blend,2018,21.987,0.398530769573077,100,94.8141255682856,3.91344009833303,8742.5491991216,55.2000006732722,9.38713113711524,16.4
UZB,Uzbekistan,Europe & Central Asia,Lower middle income,Blend,2019,22.159,0.380862473211754,100,96.2599029541016,4.87800830454302,9169.01147508351,70.3999986481458,10.1802269758071,15.7
UZB,Uzbekistan,Europe & Central Asia,Lower middle income,Blend,2020,21.316,0.40352605262481,100,90.407816338473,-0.259354857453758,9145.23119844239,71.09999824,7.54255639097744,15.1
UZB,Uzbekistan,Europe & Central Asia,Lower middle income,Blend,2021,31.127,0.404267856534511,99.9,96.6067427080091,6.1274486675632,9705.60054565692,76.59043014,7.07677648080938,14.6
UZB,Uzbekistan,Europe & Central Asia,Lower middle income,Blend,2022,34.418,0.365611407243503,100,96.8054259764286,3.97489304786605,10091.3877869999,83.90000012,,14.1
VCT,St. Vincent and the Grenadines,Latin America & Caribbean,Upper middle income,Blend,2000,74.729,0.0369051424832279,80,91.9645767211914,1.47880127546429,9999.05879203685,3.24503741064558,25.9179265658747,22.6
VCT,St. Vincent and the Grenadines,Latin America & Caribbean,Upper middle income,Blend,2001,74.035,0.0419843790788467,82.4,,1.78767492091447,10177.8094583896,5.09480977832946,18.3112919633774,22.6
VCT,St. Vincent and the Grenadines,Latin America & Caribbean,Upper middle income,Blend,2002,74.328,0.0456897418438223,82.4,91.8197937011719,5.48525117619123,10736.0878714164,5.54959487957379,21.6110019646365,22.6
VCT,St. Vincent and the Grenadines,Latin America & Caribbean,Upper middle income,Blend,2003,72.357,0.0462902182629373,83.7,91.2639083862305,6.88559351311582,11475.3312414531,6.46227416659743,18.6046511627907,22.6
VCT,St. Vincent and the Grenadines,Latin America & Caribbean,Upper middle income,Blend,2004,69.594,0.0475678675254091,84.9,100.018661499023,4.39705000606179,11979.907294501,7.37116584201749,22.3880597014925,22.7
VCT,St. Vincent and the Grenadines,Latin America & Caribbean,Upper middle income,Blend,2005,68.195,0.0478564917093038,86.2,102.079788208008,2.83945191097459,12320.0710011077,9.19827808234299,19.6671709531014,22.8
VCT,St. Vincent and the Grenadines,Latin America & Caribbean,Upper middle income,Blend,2006,65.821,0.0493143603970225,87.5,,7.41339795731157,13233.4068930431,12,17.2685978107082,22.8
VCT,St. Vincent and the Grenadines,Latin America & Caribbean,Upper middle income,Blend,2007,65.352,0.0510582476332174,88.8,113.044311523438,3.77042261406409,13732.3622591495,16,16.0938275104528,22.7
VCT,St. Vincent and the Grenadines,Latin America & Caribbean,Upper middle income,Blend,2008,66.564,0.0529984263058187,90.1,117.714179992676,0.859512861875416,13850.3936790063,21,17.0079758568657,22.4
VCT,St. Vincent and the Grenadines,Latin America & Caribbean,Upper middle income,Blend,2009,68.471,0.081828425347201,91.4,116.112533569336,-0.914124585036191,13723.7838252622,31,18.3601715772449,22
VCT,St. Vincent and the Grenadines,Latin America & Caribbean,Upper middle income,Blend,2010,66.966,0.0669524534649333,92.7,115.479309082031,-3.99351095016873,13175.7230154228,33.70000076,17.5,21.4
VCT,St. Vincent and the Grenadines,Latin America & Caribbean,Upper middle income,Blend,2011,64.109,0.0479164784735736,94.1,108.105308532715,-0.0518118530617357,13168.8964291743,36.70000076,21.3245946878234,20.7
VCT,St. Vincent and the Grenadines,Latin America & Caribbean,Upper middle income,Blend,2012,64.686,0.0601301060144031,95.4,107.489356994629,1.73945379802912,13397.9632982701,40,17.296918767507,19.9
VCT,St. Vincent and the Grenadines,Latin America & Caribbean,Upper middle income,Blend,2013,64.05,0.0552684049403902,96.8,110.041656494141,3.0319570809024,13804.1837951887,43.5,16.2852918397522,19.1
VCT,St. Vincent and the Grenadines,Latin America & Caribbean,Upper middle income,Blend,2014,64.473,0.0610669686585965,98.1,113.528747558594,1.71007773700347,14040.2460690452,47.4,8.61156208089221,18.2
VCT,St. Vincent and the Grenadines,Latin America & Caribbean,Upper middle income,Blend,2015,61.413,0.0612809944454816,99.4,116.049102783203,3.33765430602968,14508.8609465459,49.40000153,12.0538766580063,17.4
VCT,St. Vincent and the Grenadines,Latin America & Caribbean,Upper middle income,Blend,2016,58.779,0.0626134819561529,99.7,,4.74804540016839,15197.7482513352,51.5,10.9433222200431,16.6
VCT,St. Vincent and the Grenadines,Latin America & Caribbean,Upper middle income,Blend,2017,56.256,0.0664722354658163,100,,2.20738641850942,15533.2212821544,53.70000076,14.0924840085288,15.8
VCT,St. Vincent and the Grenadines,Latin America & Caribbean,Upper middle income,Blend,2018,54.48,0.0650758841011823,100,,3.90031671690731,16139.0661084965,56,16.6210898419262,15
VCT,St. Vincent and the Grenadines,Latin America & Caribbean,Upper middle income,Blend,2019,53.182,0.0683393932962691,100,129.843918191604,1.40193657114291,16365.3255785124,59.57630157,15.2077345178991,14.3
VCT,St. Vincent and the Grenadines,Latin America & Caribbean,Upper middle income,Blend,2020,50.299,0.0758600106696903,100,129.2984869326,-3.67618803165428,15763.7054382539,63.38100052,16.8501326259947,13.6
VCT,St. Vincent and the Grenadines,Latin America & Caribbean,Upper middle income,Blend,2021,44.54,0.0704632514068904,100,130.800877674164,2.77342166309265,16200.8994597845,68.83339691,15.0174216027875,12.9
VCT,St. Vincent and the Grenadines,Latin America & Caribbean,Upper middle income,Blend,2022,43.553,0.0739836642743289,100,130.509846236849,3.91412869594379,16835.023514541,74.75479889,,12.3
VEN,"Venezuela, RB",Latin America & Caribbean,Lower middle income,IBRD,2000,96.707,,98.9,64.4638214111328,1.59305580865011,,3.3595974645036,73.7484021531353,21.5
VEN,"Venezuela, RB",Latin America & Caribbean,Lower middle income,IBRD,2001,95.776,,99.9,68.3014984130859,1.53836888018091,,4.63600094778677,67.0679878826884,20.9
VEN,"Venezuela, RB",Latin America & Caribbean,Lower middle income,IBRD,2002,94.552,,99.8,72.3493194580078,-10.3618288031885,,4.91044632720325,64.8151373949397,20.3
VEN,"Venezuela, RB",Latin America & Caribbean,Lower middle income,IBRD,2003,91.048,,95.7,73.3737564086914,-9.38020816853484,,7.49996346522407,65.8357260941443,19.8
VEN,"Venezuela, RB",Latin America & Caribbean,Lower middle income,IBRD,2004,89.785,,99.1,75.9502868652344,16.1962299342019,,8.40446959241215,70.9411919537554,19.2
VEN,"Venezuela, RB",Latin America & Caribbean,Lower middle income,IBRD,2005,92.949,,98.8,78.2394714355469,8.35910334412473,,12.5529979098299,73.2860680938283,18.5
VEN,"Venezuela, RB",Latin America & Caribbean,Lower middle income,IBRD,2006,95.148,,99.3,80.8675308227539,8.12092547262088,,15.2247114771787,73.9008893155349,17.9
VEN,"Venezuela, RB",Latin America & Caribbean,Lower middle income,IBRD,2007,96.087,,98.9,83.1648788452148,7.1350657905012,,20.83,72.7246397114189,17.4
VEN,"Venezuela, RB",Latin America & Caribbean,Lower middle income,IBRD,2008,96.056,,98.9,84.4423980712891,3.69937007292253,,25.88,72.7965497875051,17.2
VEN,"Venezuela, RB",Latin America & Caribbean,Lower middle income,IBRD,2009,95.825,,99,85.081657409668,-4.38771914603977,,32.7,71.6609231333517,17.1
VEN,"Venezuela, RB",Latin America & Caribbean,Lower middle income,IBRD,2010,95.876,,99.1,85.0954513549805,-2.86746142164827,,37.37,67.242625937084,17.2
VEN,"Venezuela, RB",Latin America & Caribbean,Lower middle income,IBRD,2011,96.087,,98.8,85.9672698974609,2.79431165197599,,40.22,70.7004672541846,17.4
VEN,"Venezuela, RB",Latin America & Caribbean,Lower middle income,IBRD,2012,96.031,,99.3,88.2607498168945,4.36175625931372,,49.0500830729861,67.0600784236679,17.6
VEN,"Venezuela, RB",Latin America & Caribbean,Lower middle income,IBRD,2013,94.666,,99.4,96.2343673706055,0.0892416425159297,,54.90000153,65.9644055327852,17.9
VEN,"Venezuela, RB",Latin America & Caribbean,Lower middle income,IBRD,2014,91.955,,100,94.9835891723633,-4.94495109758775,,57,77.5369122989602,18.3
VEN,"Venezuela, RB",Latin America & Caribbean,Lower middle income,IBRD,2015,88.531,,100,92.9153289794922,-7.16884576852922,,58,65.5396647849415,19.1
VEN,"Venezuela, RB",Latin America & Caribbean,Lower middle income,IBRD,2016,84.191,,99.4,89.12158203125,-17.6288988102954,,60,62.32403609516,24.2
VEN,"Venezuela, RB",Latin America & Caribbean,Lower middle income,IBRD,2017,79.917,,99.2,87.9344787597656,-15.1462172534753,,,51.4746640846626,24.2
VEN,"Venezuela, RB",Latin America & Caribbean,Lower middle income,IBRD,2018,75.503,,99.9,,-17.6001192318482,,,63.2932794208759,24.2
VEN,"Venezuela, RB",Latin America & Caribbean,Lower middle income,IBRD,2019,74.487,,99.8,,-25.4442397305152,,49.05009842,65.9218035546249,24.2
VEN,"Venezuela, RB",Latin America & Caribbean,Lower middle income,IBRD,2020,73.75,,99.9,,-28.6057438496512,,72.44110107,84.4512152356289,24.2
VEN,"Venezuela, RB",Latin America & Caribbean,Lower middle income,IBRD,2021,73.384,,100,,1.3599718379524,,74.11219788,81.7220757524342,24.2
VEN,"Venezuela, RB",Latin America & Caribbean,Lower middle income,IBRD,2022,73.026,,100,100.249549865723,8.16956905683747,,75.82180023,,24.2
VGB,British Virgin Islands,Latin America & Caribbean,High income,Not classified,2000,47.745,,97.1,98.7146530151367,,,,0,16.8
VGB,British Virgin Islands,Latin America & Caribbean,High income,Not classified,2001,36.935,,97.2,98.8943481445312,,,,0,16.6
VGB,British Virgin Islands,Latin America & Caribbean,High income,Not classified,2002,27.928,,97.3,92.8406524658203,,,18.8857412653447,0,16.4
VGB,British Virgin Islands,Latin America & Caribbean,High income,Not classified,2003,29.803,,97.4,98.5393295288086,,,,0,16.1
VGB,British Virgin Islands,Latin America & Caribbean,High income,Not classified,2004,36.247,,97.5,98.6696166992188,,,,0,16
VGB,British Virgin Islands,Latin America & Caribbean,High income,Not classified,2005,30.255,,97.6,112.334800720215,,,,0,15.9
VGB,British Virgin Islands,Latin America & Caribbean,High income,Not classified,2006,25.256,,97.8,114.175819396973,,,,0,15.8
VGB,British Virgin Islands,Latin America & Caribbean,High income,Not classified,2007,27.54,,97.9,113.267539978027,,,,0,15.7
VGB,British Virgin Islands,Latin America & Caribbean,High income,Not classified,2008,25.348,,98.1,,,,,0,15.7
VGB,British Virgin Islands,Latin America & Caribbean,High income,Not classified,2009,22.991,,98.3,106.144073486328,,,36,0,15.6
VGB,British Virgin Islands,Latin America & Caribbean,High income,Not classified,2010,20.67,,98.3,106.113990783691,,,37,0.648495288276421,15.6
VGB,British Virgin Islands,Latin America & Caribbean,High income,Not classified,2011,22.916,,98.7,97.9529170931423,,,37.4,0.665004156275977,15.6
VGB,British Virgin Islands,Latin America & Caribbean,High income,Not classified,2012,18.025,,98.9,97.4103585657371,,,37.6,0.645193810171884,15.6
VGB,British Virgin Islands,Latin America & Caribbean,High income,Not classified,2013,16.928,,99.1,98.6381322957199,,,,0.646529952520457,15.6
VGB,British Virgin Islands,Latin America & Caribbean,High income,Not classified,2014,20.909,,99.2,99.0403071017274,,,,0.644901249496171,15.6
VGB,British Virgin Islands,Latin America & Caribbean,High income,Not classified,2015,19.456,,100,99.1428571428571,,,,0.891131123579612,15.5
VGB,British Virgin Islands,Latin America & Caribbean,High income,Not classified,2016,14.535,,100,98.3240223463687,,,77.7014296797074,1.19460149553164,15.2
VGB,British Virgin Islands,Latin America & Caribbean,High income,Not classified,2017,10.928,,100,91.5360501567398,,,77.7042682926829,1.57719660472585,14.9
VGB,British Virgin Islands,Latin America & Caribbean,High income,Not classified,2018,12.119,,100,67.0731707317073,,,,1.70542635658915,14.6
VGB,British Virgin Islands,Latin America & Caribbean,High income,Not classified,2019,13.492,,100,71.2076583210604,,,,1.93062025006129,14.2
VGB,British Virgin Islands,Latin America & Caribbean,High income,Not classified,2020,13.731,,100,71.6428571428571,,,,2.26009406878016,13.8
VGB,British Virgin Islands,Latin America & Caribbean,High income,Not classified,2021,14.387,,100,71.9810040705563,,,,2.2534386889084,13.5
VGB,British Virgin Islands,Latin America & Caribbean,High income,Not classified,2022,14.539,,100,70.318733215332,,,,,13.1
VIR,Virgin Islands (U.S.),Latin America & Caribbean,High income,Not classified,2000,56.968,,100,,,,13.8150805419196,0,
VIR,Virgin Islands (U.S.),Latin America & Caribbean,High income,Not classified,2001,58.065,,100,,,,18.3757660397468,0,
VIR,Virgin Islands (U.S.),Latin America & Caribbean,High income,Not classified,2002,55.531,3.39445897758683e-5,100,,,54299.2298699394,27.4944323774436,0,
VIR,Virgin Islands (U.S.),Latin America & Caribbean,High income,Not classified,2003,52.977,3.40795724476434e-5,100,,-0.392409019211641,54086.1547945673,27.4290729887632,0,
VIR,Virgin Islands (U.S.),Latin America & Caribbean,High income,Not classified,2004,54.677,3.29953793626829e-5,100,,3.32303112200472,55883.4545510864,27.3770087880198,0,
VIR,Virgin Islands (U.S.),Latin America & Caribbean,High income,Not classified,2005,53.041,3.18841192784101e-5,100,,3.49771355206596,57838.0977142823,27.3443196733265,0,
VIR,Virgin Islands (U.S.),Latin America & Caribbean,High income,Not classified,2006,54.54,3.08044262494968e-5,100,,3.58522291185554,59911.7224453162,27.3326105376325,0,
VIR,Virgin Islands (U.S.),Latin America & Caribbean,High income,Not classified,2007,54.424,2.96166237095017e-5,100,,4.04131611143129,62332.9445371347,27.3393358364014,0,
VIR,Virgin Islands (U.S.),Latin America & Caribbean,High income,Not classified,2008,55.893,2.92600533970962e-5,100,,1.16259833481369,63057.6263123638,27.3617774210613,0,
VIR,Virgin Islands (U.S.),Latin America & Caribbean,High income,Not classified,2009,54.399,3.13259325038169e-5,100,,-6.60082033820244,58895.3056899496,27.3965096846662,0,
VIR,Virgin Islands (U.S.),Latin America & Caribbean,High income,Not classified,2010,52.234,3.11402174708052e-5,100,,0.640017045957947,59272.2456856343,31.22,0,
VIR,Virgin Islands (U.S.),Latin America & Caribbean,High income,Not classified,2011,51.039,3.39233744072584e-5,100,,-8.14745069217943,54443.0686942498,35.6,0.0868263096301703,
VIR,Virgin Islands (U.S.),Latin America & Caribbean,High income,Not classified,2012,45.496,3.98220095756518e-5,100,,-14.7321849465745,46422.4151236223,40.5479,0.114276909644201,
VIR,Virgin Islands (U.S.),Latin America & Caribbean,High income,Not classified,2013,42.842,4.24927445602401e-5,100,,-6.15764738406951,43563.8864931407,45.3,0.208928964152188,
VIR,Virgin Islands (U.S.),Latin America & Caribbean,High income,Not classified,2014,40.472,4.32604136968226e-5,100,,-1.62976237975002,42853.8986599185,50.07,1.06360197016204,
VIR,Virgin Islands (U.S.),Latin America & Caribbean,High income,Not classified,2015,37.975,4.34450899559339e-5,100,,-0.26792231561096,42739.0835022993,54.839137296,1.95512172582089,
VIR,Virgin Islands (U.S.),Latin America & Caribbean,High income,Not classified,2016,33.967,4.27605559755358e-5,100,,1.78607056891147,43502.4336941564,59.60831579895,1.97789412449098,
VIR,Virgin Islands (U.S.),Latin America & Caribbean,High income,Not classified,2017,33.162,4.30773008346138e-5,100,,-0.517853882355141,43277.1546523522,64.3774942980087,1.43454757311226,
VIR,Virgin Islands (U.S.),Latin America & Caribbean,High income,Not classified,2018,32.584,4.22830945611115e-5,100,,2.14490182532539,44205.4071324394,,2.41666120898553,
VIR,Virgin Islands (U.S.),Latin America & Caribbean,High income,Not classified,2019,32.171,4.10881143464144e-5,100,,3.22863068505148,45632.6364715693,,2.38156705821608,
VIR,Virgin Islands (U.S.),Latin America & Caribbean,High income,Not classified,2020,31.759,4.17625537714389e-5,100,,-1.26412494613658,45055.7829303523,,2.27230740809163,
VIR,Virgin Islands (U.S.),Latin America & Caribbean,High income,Not classified,2021,31.787,4.02850561986245e-5,100,,4.07886990081306,46893.5496988741,,2.50440255203672,
VIR,Virgin Islands (U.S.),Latin America & Caribbean,High income,Not classified,2022,31.701,4.08203051278115e-5,100,,-0.883383819313323,46479.2996685326,,,
VNM,Viet Nam,East Asia & Pacific,Upper middle income,IBRD,2000,29.936,0.168481326142465,88.2,,5.58792950410756,4349.22348751462,0.25424827575493397,52.9610707428184,30.3
VNM,Viet Nam,East Asia & Pacific,Upper middle income,IBRD,2001,29.276,0.174248024660748,88.9,,5.08240100546193,4570.26846577385,1.26565123612317,53.2845334553058,29
VNM,Viet Nam,East Asia & Pacific,Upper middle income,IBRD,2002,28.956,0.192896890531944,89.1,,5.23717692306222,4809.62151118535,1.85499923592581,49.3342552240474,27.9
VNM,Viet Nam,East Asia & Pacific,Upper middle income,IBRD,2003,28.261,0.191717985323512,90.3,,5.83556100746738,5090.28990869885,3.78028081370641,43.6720342089188,26.9
VNM,Viet Nam,East Asia & Pacific,Upper middle income,IBRD,2004,28.162,0.211072440523376,91,,6.49878740751187,5421.09702829121,7.64240852842363,39.0070765435305,26.1
VNM,Viet Nam,East Asia & Pacific,Upper middle income,IBRD,2005,26.741,0.214667930375363,96.1,,6.55339711441117,5776.36304451268,12.7399292907031,33.8738631280751,25.4
VNM,Viet Nam,East Asia & Pacific,Upper middle income,IBRD,2006,27.258,0.205875324414202,96,,5.57239749946528,6098.24495436514,17.2545617186662,31.7774618550907,24.8
VNM,Viet Nam,East Asia & Pacific,Upper middle income,IBRD,2007,28.804,0.212952767508161,93.1,,5.25231213341748,6418.54381402878,20.7554447679753,31.2375089541547,24.3
VNM,Viet Nam,East Asia & Pacific,Upper middle income,IBRD,2008,30.811,0.221777570480876,93.8,,3.74838603993047,6659.13561432065,23.92,34.2240040329173,23.8
VNM,Viet Nam,East Asia & Pacific,Upper middle income,IBRD,2009,33.107,0.235565471874506,96.1,,3.83237459567542,6914.33863589545,26.55,36.6443402464683,23.4
VNM,Viet Nam,East Asia & Pacific,Upper middle income,IBRD,2010,35.23,0.246433076970644,97.4,,5.21227683604808,7274.73310698016,30.65,38.6856474505548,23.1
VNM,Viet Nam,East Asia & Pacific,Upper middle income,IBRD,2011,36.934,0.231555523634124,99,,5.1944977799937,7652.61895672271,35.07,41.0713256207241,22.8
VNM,Viet Nam,East Asia & Pacific,Upper middle income,IBRD,2012,39.079,0.218715509022237,97.9,,4.27630507146044,7979.86828926858,36.79999924,48.1067504592149,22.5
VNM,Viet Nam,East Asia & Pacific,Upper middle income,IBRD,2013,40.739,0.21640721694061,98.5,,4.31498880369921,8324.19871250047,38.5,48.6293021944302,22.3
VNM,Viet Nam,East Asia & Pacific,Upper middle income,IBRD,2014,42.212,0.223017361473515,99.2,,5.13784099364456,8751.88280634375,41,44.4826656645009,22
VNM,Viet Nam,East Asia & Pacific,Upper middle income,IBRD,2015,41.676,0.233936264651831,99.3,83.8337492903167,5.66896478541561,9248.02396069622,45,35.3964190424428,21.6
VNM,Viet Nam,East Asia & Pacific,Upper middle income,IBRD,2016,39.181,0.244365838076431,99.2,86.3064277183873,5.35427097241221,9743.1882231455,53,36.0290921584165,21.3
VNM,Viet Nam,East Asia & Pacific,Upper middle income,IBRD,2017,37.703,0.234070289851786,100,87.6304773371075,5.61787865063133,10290.5487142244,58.1400000036297,45.1716093478926,20.9
VNM,Viet Nam,East Asia & Pacific,Upper middle income,IBRD,2018,35.417,0.268016430687733,100,88.6447461101443,6.28095828201967,10936.8937859558,69.8479286837965,39.5259564601314,20.5
VNM,Viet Nam,East Asia & Pacific,Upper middle income,IBRD,2019,35.258,0.297814066231299,99.4,89.7093994425268,6.32464886581907,11628.6139147451,68.6615802057338,30.8673770187175,20
VNM,Viet Nam,East Asia & Pacific,Upper middle income,IBRD,2020,35.03,0.299672122875664,99.8,89.4501554566878,1.91581434772165,11851.3965685649,70.300000120000007,35.7344713706839,19.5
VNM,Viet Nam,East Asia & Pacific,Upper middle income,IBRD,2021,34.666,0.282008034444311,100,90.3080638471257,1.66651604176819,12048.9019935536,74.20999985,41.1697321016349,18.9
VNM,Viet Nam,East Asia & Pacific,Upper middle income,IBRD,2022,34.626,0.265876920855414,100,90.5445572317873,7.7256990331194,12979.7638983711,78.58999918,,18.4
VUT,Vanuatu,East Asia & Pacific,Lower middle income,IDA,2000,77.999,0.118490912826784,22.2,36.3795394897461,3.51780181082894,3805.62227309353,2.10833689115184,1.83217295712715,26.6
VUT,Vanuatu,East Asia & Pacific,Lower middle income,IDA,2001,79.394,0.14266332046115,24,32.9031410217285,-5.79960877399317,3584.91106983816,2.83057223877678,1.83217295712715,26.1
VUT,Vanuatu,East Asia & Pacific,Lower middle income,IDA,2002,77.777,0.148021606227572,25.7,36.6023406982422,-7.53710517514462,3314.71255206905,3.51003871071264,1.83217295712715,25.7
VUT,Vanuatu,East Asia & Pacific,Lower middle income,IDA,2003,76.35,0.165713865323953,27.5,34.7020416259766,1.75159744658461,3372.77297249271,3.90329584542948,1.83217295712715,25.3
VUT,Vanuatu,East Asia & Pacific,Lower middle income,IDA,2004,75.389,0.124135710297485,29.2,37.1137084960938,1.47757366141985,3422.60817759375,4.74660261917533,1.83217295712715,25
VUT,Vanuatu,East Asia & Pacific,Lower middle income,IDA,2005,74.37,0.120309470787391,31,,2.78261536346285,3517.84619857461,5.082300186,1.83217295712715,24.5
VUT,Vanuatu,East Asia & Pacific,Lower middle income,IDA,2006,73.711,0.0998569080327213,26.4,,5.86726101068511,3724.24741699945,5.850599766,1.83217295712715,24.1
VUT,Vanuatu,East Asia & Pacific,Lower middle income,IDA,2007,73.344,0.158350795607874,33.6,,0.387169374214352,3738.66656241804,6.800000191,1.83217295712715,23.5
VUT,Vanuatu,East Asia & Pacific,Lower middle income,IDA,2008,73.573,0.147319251567729,36.5,,2.98535481581028,3850.27902468628,7.26911992337492,3.70791998698975,22.7
VUT,Vanuatu,East Asia & Pacific,Lower middle income,IDA,2009,73.328,0.160307116810287,33.3,,0.453966271093734,3867.75799280135,7.5,13.3060710915382,21.9
VUT,Vanuatu,East Asia & Pacific,Lower middle income,IDA,2010,74.184,0.169943604471998,44.1,54.8430037539749,-1.08593808514878,3825.75653571613,8,17.7859237536657,21.1
VUT,Vanuatu,East Asia & Pacific,Lower middle income,IDA,2011,74.944,0.191150389601708,42,,0.925978795990702,3861.18223002309,9.199999809,16.3002603413364,20.3
VUT,Vanuatu,East Asia & Pacific,Lower middle income,IDA,2012,75.751,0.15554033485719,43.9,,-1.18521413465282,3815.41895246816,10.59799957,22.8819695872556,19.7
VUT,Vanuatu,East Asia & Pacific,Lower middle income,IDA,2013,75.737,0.158282044392945,31.7,,-1.74696050530036,3748.76509025679,11.30000019,33.8132573057733,19.2
VUT,Vanuatu,East Asia & Pacific,Lower middle income,IDA,2014,75.317,0.178219962478927,49.1,,0.823853206578846,3779.64941165998,18.799999239999998,25.5240793201133,18.8
VUT,Vanuatu,East Asia & Pacific,Lower middle income,IDA,2015,74.415,0.156377006810467,52.3,56.5349197387695,1.22135408114572,3825.81231400229,22.35140038,29.813571961223,18.6
VUT,Vanuatu,East Asia & Pacific,Lower middle income,IDA,2016,73.468,0.157265490642423,57.8,,1.3401397722921,3877.08354643548,,21.0372340425532,18.4
VUT,Vanuatu,East Asia & Pacific,Lower middle income,IDA,2017,72.479,0.151347572207186,62.8,,1.8208195580786,3947.67824193203,,20.7310966449675,18.3
VUT,Vanuatu,East Asia & Pacific,Lower middle income,IDA,2018,71.437,0.202996874768026,61.6,,0.0888190242215785,3951.18453122592,,23.444976076555,18.2
VUT,Vanuatu,East Asia & Pacific,Lower middle income,IDA,2019,70.218,0.188137248789126,64.5,,0.897747718651672,3986.65620021472,,27.3295588582213,18.1
VUT,Vanuatu,East Asia & Pacific,Lower middle income,IDA,2020,69.095,0.229178312530967,67.3,62.0561790466309,-7.89338931570623,3671.97390565303,,28.4322298563398,18.1
VUT,Vanuatu,East Asia & Pacific,Lower middle income,IDA,2021,68.166,0.268201450301193,70,64.2566909790039,-3.42850167019159,3546.08021896872,,25.154847680445,18
VUT,Vanuatu,East Asia & Pacific,Lower middle income,IDA,2022,67.185,0.236535083498087,70,82.8080237164725,3.17078255168309,3658.51871182046,,,17.8
WSM,Samoa,East Asia & Pacific,Upper middle income,IDA,2000,44.067,0.220674333462601,88,81.926628112793,4.27745070826087,4639.18880250252,0.566392532680849,54.0319836679143,21
WSM,Samoa,East Asia & Pacific,Upper middle income,IDA,2001,42.325,0.2219496434589,88.7,82.3564071655273,6.52181954391313,4941.74832450316,1.68990283058724,52.4159452385746,20.3
WSM,Samoa,East Asia & Pacific,Upper middle income,IDA,2002,41.696,0.217082247443059,89.3,81.641471862793,4.90454737398483,5184.11871218152,2.24483267578443,50.4301280825846,19.8
WSM,Samoa,East Asia & Pacific,Upper middle income,IDA,2003,41.276,0.212986098741295,89.9,85.8196029663086,4.66849415235475,5426.13899111084,2.79963044878076,47.9418659165495,19.4
WSM,Samoa,East Asia & Pacific,Upper middle income,IDA,2004,40.644,0.203040398436088,90.5,86.1043395996094,2.633950603366,5569.06081180669,3.07552941044897,50.2933088909258,19.1
WSM,Samoa,East Asia & Pacific,Upper middle income,IDA,2005,39.922,0.196908775952037,91.1,85.8627319335938,6.22343288364944,5915.6475736791,3.35259211246829,50.0308778120865,19
WSM,Samoa,East Asia & Pacific,Upper middle income,IDA,2006,39.122,0.193594762102421,96.4,86.554328918457,1.73439136988327,6018.2480546697,4.46917387320954,44.9293396142565,19
WSM,Samoa,East Asia & Pacific,Upper middle income,IDA,2007,39.525,0.209748436322561,92.5,85.619270324707,-0.0698092296218391,6014.046762066,4.75,43.3361204013378,19
WSM,Samoa,East Asia & Pacific,Upper middle income,IDA,2008,40.914,0.207734816277143,98.1,,2.81854653180625,6183.55546849942,5.031599998,40.9740555302686,19
WSM,Samoa,East Asia & Pacific,Upper middle income,IDA,2009,43.256,0.212287429427179,97.9,87.5538177490234,-1.27185467227797,6104.90962936041,6,41.0023201856148,25.3
WSM,Samoa,East Asia & Pacific,Upper middle income,IDA,2010,45.193,0.212044392503824,96.4,88.332774874133,5.29451664588825,6428.13508590333,7,36.2448541256488,19.1
WSM,Samoa,East Asia & Pacific,Upper middle income,IDA,2011,47.249,0.207755088796336,96.7,87.1387577185788,2.94772599922624,6617.61889509588,11,28.3065400073073,19
WSM,Samoa,East Asia & Pacific,Upper middle income,IDA,2012,51.063,0.216131840214059,96.8,85.6477162580853,-4.60663349940492,6312.76944621145,12.92249966,30.75213371266,18.8
WSM,Samoa,East Asia & Pacific,Upper middle income,IDA,2013,51.111,0.224516874440949,97,,-0.786395614806608,6263.12610411359,15.30000019,27.014975601548,18.7
WSM,Samoa,East Asia & Pacific,Upper middle income,IDA,2014,51.28,0.229205084465812,97.9,91.6336007221516,-0.23024857506843,6248.70534550413,21.200000760000002,25.9207459207459,18.5
WSM,Samoa,East Asia & Pacific,Upper middle income,IDA,2015,50.433,0.253293133076407,98.2,91.2186009453888,2.95226941311462,6433.1839621351,,29.7526089177552,18.3
WSM,Samoa,East Asia & Pacific,Upper middle income,IDA,2016,48.404,0.252686072163296,98.9,91.1509944232257,7.07276114056432,6888.18769751001,,31.3918918918919,18.1
WSM,Samoa,East Asia & Pacific,Upper middle income,IDA,2017,47.852,0.222659690249584,96.8,,0.460419453590006,6919.90225366914,,36.0590684361176,17.8
WSM,Samoa,East Asia & Pacific,Upper middle income,IDA,2018,47.923,0.243986016809031,99.8,,-1.6472076564482,6805.91709392797,,42.6146960089519,17.5
WSM,Samoa,East Asia & Pacific,Upper middle income,IDA,2019,47.107,0.253103462416606,99.2,,3.35744960284687,7034.42233036815,,40.58523426963,20
WSM,Samoa,East Asia & Pacific,Upper middle income,IDA,2020,45.462,0.219050477107634,100,,-4.09792925699939,6746.15667963109,,47.5635995443615,16.7
WSM,Samoa,East Asia & Pacific,Upper middle income,IDA,2021,44.02,0.253002329443801,98.3,,-5.85857738061891,6350.92787033711,,49.1406825435797,16.2
WSM,Samoa,East Asia & Pacific,Upper middle income,IDA,2022,43.866,0.239399396851282,98.3,,1.5629786460799,6450.19151677842,,,15.8
XKX,Kosovo,Europe & Central Asia,Upper middle income,IDA,2000,12.621,,,,,,,1.75853905985796,48.4
XKX,Kosovo,Europe & Central Asia,Upper middle income,IDA,2001,10.827,,,,,,,1.3903743315508,44.2
XKX,Kosovo,Europe & Central Asia,Upper middle income,IDA,2002,9.306,,,,,,,1.39973082099596,40.3
XKX,Kosovo,Europe & Central Asia,Upper middle income,IDA,2003,8.607,,,,,,,1.43250688705234,36.7
XKX,Kosovo,Europe & Central Asia,Upper middle income,IDA,2004,9.846,,,,,,,2.76825085742283,33.5
XKX,Kosovo,Europe & Central Asia,Upper middle income,IDA,2005,10.611,,,,,,,2.51233737101839,30.6
XKX,Kosovo,Europe & Central Asia,Upper middle income,IDA,2006,10.718,,,,,,,2.27785295444294,28
XKX,Kosovo,Europe & Central Asia,Upper middle income,IDA,2007,11.113,,,,,,,1.94415718717684,25.7
XKX,Kosovo,Europe & Central Asia,Upper middle income,IDA,2008,13.245,,,,,7098.40301909042,,1.47229755908563,23.6
XKX,Kosovo,Europe & Central Asia,Upper middle income,IDA,2009,13.799,,,,5.39636701673933,7481.45889832785,,2.41157556270096,21.7
XKX,Kosovo,Europe & Central Asia,Upper middle income,IDA,2010,12.282,,,,5.28831482675317,7877.10199850556,,3.03792569659443,20.1
XKX,Kosovo,Europe & Central Asia,Upper middle income,IDA,2011,13.074,,,,6.12959202990389,8359.93621479336,,1.80850935456678,18.7
XKX,Kosovo,Europe & Central Asia,Upper middle income,IDA,2012,12.482,,,,0.857974394903721,8431.66232694657,,1.60839231444928,17.4
XKX,Kosovo,Europe & Central Asia,Upper middle income,IDA,2013,10.894,,,,4.70387084053738,8828.27683251638,,2.19606761374956,16.3
XKX,Kosovo,Europe & Central Asia,Upper middle income,IDA,2014,10.956,,,,3.65273027273803,9150.74997293883,,2.7843947339861,15.2
XKX,Kosovo,Europe & Central Asia,Upper middle income,IDA,2015,9.822,,,,7.36815111994392,9824.99105955319,,2.29242655998745,14.3
XKX,Kosovo,Europe & Central Asia,Upper middle income,IDA,2016,8.408,,,,6.20761650241487,10434.8888259268,,4.10448197863081,13.4
XKX,Kosovo,Europe & Central Asia,Upper middle income,IDA,2017,8.334,,,,4.03838879864328,10856.2902074239,83.8935968102791,3.0451054770333,12.6
XKX,Kosovo,Europe & Central Asia,Upper middle income,IDA,2018,8.054,,,,3.05752931278261,11188.2244627966,89.4430319734879,5.14657154449554,11.9
XKX,Kosovo,Europe & Central Asia,Upper middle income,IDA,2019,8.01,,,,5.23669676312298,11774.1178510908,,4.94623418872595,11.2
XKX,Kosovo,Europe & Central Asia,Upper middle income,IDA,2020,8.163,,,,-5.40690184268419,11137.5028560404,,5.41761159603413,10.5
XKX,Kosovo,Europe & Central Asia,Upper middle income,IDA,2021,8.162,,,,10.9981400491097,12362.4210181213,,6.37447655640132,10
XKX,Kosovo,Europe & Central Asia,Upper middle income,IDA,2022,8,,,,5.33909761737917,13022.4627441502,,,9.5
YEM,"Yemen, Rep.","Middle East, North Africa, Afghanistan & Pakistan",Low income,IDA,2000,112.566,,49.2,,2.96401092010485,,0.0825003865143108,0,92.9
YEM,"Yemen, Rep.","Middle East, North Africa, Afghanistan & Pakistan",Low income,IDA,2001,109.103,,50.4,23.0503101348877,0.714060018641518,,0.0908024587169292,0,88.2
YEM,"Yemen, Rep.","Middle East, North Africa, Afghanistan & Pakistan",Low income,IDA,2002,105.551,,51.5,,0.89755669377989,,0.518796032123435,0,83.5
YEM,"Yemen, Rep.","Middle East, North Africa, Afghanistan & Pakistan",Low income,IDA,2003,106.198,,52.6,25.1074199676514,0.743278418900516,,0.604734100431821,0,79
YEM,"Yemen, Rep.","Middle East, North Africa, Afghanistan & Pakistan",Low income,IDA,2004,100.425,,49.6,26.5026092529297,0.966767059770078,,0.881222988679516,0,74.7
YEM,"Yemen, Rep.","Middle East, North Africa, Afghanistan & Pakistan",Low income,IDA,2005,98.224,,54.8,26.5409603118896,2.37203185301995,,1.048599958,0,70.6
YEM,"Yemen, Rep.","Middle East, North Africa, Afghanistan & Pakistan",Low income,IDA,2006,100.079,,55.8,,-0.129375630986743,,1.24782404904485,0,66.9
YEM,"Yemen, Rep.","Middle East, North Africa, Afghanistan & Pakistan",Low income,IDA,2007,93.562,,57.2,,0.045109908702031,,5.01,0,63.4
YEM,"Yemen, Rep.","Middle East, North Africa, Afghanistan & Pakistan",Low income,IDA,2008,87.424,,58.4,27.4409694671631,0.370978630255152,,6.89,0.0279474648747709,60.2
YEM,"Yemen, Rep.","Middle East, North Africa, Afghanistan & Pakistan",Low income,IDA,2009,82.752,,59.6,,0.598210143519466,,9.96,0.0285841232227488,57.5
YEM,"Yemen, Rep.","Middle East, North Africa, Afghanistan & Pakistan",Low income,IDA,2010,77.075,,60.8,29.9233703613281,4.3735077841587,,12.35,0.0251385845043187,55
YEM,"Yemen, Rep.","Middle East, North Africa, Afghanistan & Pakistan",Low income,IDA,2011,72.117,,62,31.534610748291,-15.3366875285688,,14.90499973,0.0401224621334193,53.1
YEM,"Yemen, Rep.","Middle East, North Africa, Afghanistan & Pakistan",Low income,IDA,2012,72.011,,52.4,32.4077186584473,-0.670663085005188,,17.44650078,0.0374505370265687,51.6
YEM,"Yemen, Rep.","Middle East, North Africa, Afghanistan & Pakistan",Low income,IDA,2013,72.506,,75.6,34.822811126709,1.67911232409898,,20,0.0539619092405361,49.6
YEM,"Yemen, Rep.","Middle East, North Africa, Afghanistan & Pakistan",Low income,IDA,2014,72.711,,66.1,,-3.20471705643189,,22.549999239999998,0.126567398119122,48.7
YEM,"Yemen, Rep.","Middle East, North Africa, Afghanistan & Pakistan",Low income,IDA,2015,72.652,,67.4,,-30.1507550992904,,24.08539963,2.01735809755251,49.3
YEM,"Yemen, Rep.","Middle East, North Africa, Afghanistan & Pakistan",Low income,IDA,2016,72.829,,68.9,36.8241691589355,-12.0553743505045,,24.57920074,3.23035230352304,47.9
YEM,"Yemen, Rep.","Middle East, North Africa, Afghanistan & Pakistan",Low income,IDA,2017,73.291,,79.2,,-7.88861205244282,,,4.88401412002017,47.5
YEM,"Yemen, Rep.","Middle East, North Africa, Afghanistan & Pakistan",Low income,IDA,2018,73.698,,62,,-2.186490192267,,,8.89511388684791,47.3
YEM,"Yemen, Rep.","Middle East, North Africa, Afghanistan & Pakistan",Low income,IDA,2019,74.019,,72.8,,,,17.49099922,7.68650793650794,46.1
YEM,"Yemen, Rep.","Middle East, North Africa, Afghanistan & Pakistan",Low income,IDA,2020,74.303,,73.9,,,,,10.1597548518897,43.4
YEM,"Yemen, Rep.","Middle East, North Africa, Afghanistan & Pakistan",Low income,IDA,2021,74.54,,74.9,,,,,10.4517755831057,42.6
YEM,"Yemen, Rep.","Middle East, North Africa, Afghanistan & Pakistan",Low income,IDA,2022,74.879,,76,,,,,,41.1
ZAF,South Africa,Sub-Saharan Africa,Upper middle income,IBRD,2000,67.416,0.658449062384537,72.4,78.8097229003906,3.25127058182207,11183.825503143,5.34855973203537,2.00085441686049,71.4
ZAF,South Africa,Sub-Saharan Africa,Upper middle income,IBRD,2001,62.892,0.659776361569344,70.2,78.0145492553711,1.82108406092082,11387.492366782,6.34661931839768,2.10604950023798,74.5
ZAF,South Africa,Sub-Saharan Africa,Upper middle income,IBRD,2002,60.08,0.660078379122495,76.7,77.7871627807617,2.72292924025332,11697.5657261687,6.71032243705404,1.87427405644339,77
ZAF,South Africa,Sub-Saharan Africa,Upper middle income,IBRD,2003,59.768,0.680602903937654,78.8,78.6594009399414,1.92822490144245,11923.1211013633,7.00769172611251,1.74180396108082,79.2
ZAF,South Africa,Sub-Saharan Africa,Upper middle income,IBRD,2004,57.215,0.704163818474556,80.6,81.676643371582,3.50654128784933,12341.2102655828,8.4251186825406,1.94551624046933,80.7
ZAF,South Africa,Sub-Saharan Africa,Upper middle income,IBRD,2005,47.844,0.685376662760379,80.8,83.6589126586914,4.21638584977106,12861.5633089114,7.48854252992921,1.87487853275737,79.8
ZAF,South Africa,Sub-Saharan Africa,Upper middle income,IBRD,2006,48.903,0.655480423244424,80.7,86.9986190795898,4.53031944639788,13444.2332126058,7.60713967477381,2.15545827784301,76.9
ZAF,South Africa,Sub-Saharan Africa,Upper middle income,IBRD,2007,46.465,0.649447148552529,82,88.3999176025391,4.25469604690063,14016.2444716386,8.06537517355504,1.73369414640256,71.2
ZAF,South Africa,Sub-Saharan Africa,Upper middle income,IBRD,2008,55.677,0.667639337048676,81.9,86.5697708129883,2.00798658438173,14297.6887802632,8.43,1.64048302108862,63.7
ZAF,South Africa,Sub-Saharan Africa,Upper middle income,IBRD,2009,57.121,0.635017549094058,82.6,88.9015884399414,-2.70664075062311,13910.7017093394,10,1.75400810235738,56.9
ZAF,South Africa,Sub-Saharan Africa,Upper middle income,IBRD,2010,53.571,0.626274402246378,82.8,89.7639740301445,1.82804672464107,14164.9958363115,24,1.9412714126679,50.3
ZAF,South Africa,Sub-Saharan Africa,Upper middle income,IBRD,2011,57.216,0.580395917174509,83.6,92.0261077880859,1.90092049729387,14434.2611456048,33.97,1.99910108250996,45.6
ZAF,South Africa,Sub-Saharan Africa,Upper middle income,IBRD,2012,59.668,0.58890517453301106,85.2,95.4333724975586,0.897179683754416,14563.7624041032,41,1.80764503584459,43.1
ZAF,South Africa,Sub-Saharan Africa,Upper middle income,IBRD,2013,64.62,0.591830940073936,85.2,,0.805658809846705,14681.096638957,46.5,1.73565741019162,41.4
ZAF,South Africa,Sub-Saharan Africa,Upper middle income,IBRD,2014,70.224,0.597720511122227,85.9,106.209579467773,-0.257188966137676,14643.3384782936,49,2.14258565670803,39.7
ZAF,South Africa,Sub-Saharan Africa,Upper middle income,IBRD,2015,67.979,0.560422825780395,85.3,104.541397395068,-0.694265293924985,14541.6748613669,51.91910172,2.67115419278604,38.2
ZAF,South Africa,Sub-Saharan Africa,Upper middle income,IBRD,2016,61.613,0.554227977491683,83.9,109.660301208496,-0.277781475736276,14501.2807823402,54,3.10190031929162,36.8
ZAF,South Africa,Sub-Saharan Africa,Upper middle income,IBRD,2017,55.999,0.559059893027803,84.4,110.607490539551,0.49869596172698,14573.5980840004,56.16740036,4.18104603855229,35.7
ZAF,South Africa,Sub-Saharan Africa,Upper middle income,IBRD,2018,51.417,0.554985586797557,84.7,105.538677930271,-0.1374850396532,14553.5615668957,62.40000153,4.87685113320359,34.9
ZAF,South Africa,Sub-Saharan Africa,Upper middle income,IBRD,2019,53.273,0.558371536849713,85,107.597072310067,-1.3803610544763,14352.6698709871,69.69689941,5.24124159386961,34.3
ZAF,South Africa,Sub-Saharan Africa,Upper middle income,IBRD,2020,51.614,0.56183132790747,90,108.468464029139,-7.67873309598839,13250.5666594456,72.1128006,6.0119154479148,33.9
ZAF,South Africa,Sub-Saharan Africa,Upper middle income,IBRD,2021,52.546,0.533067595319915,89.3,111.094585540701,3.25562042833964,13681.9548144813,74.96859741,6.44786393924166,34
ZAF,South Africa,Sub-Saharan Africa,Upper middle income,IBRD,2022,51.707,0.499919446679671,86.5,108.68396751263,0.62521727101273,13767.4967589936,78.29319763,,34.3
ZMB,Zambia,Sub-Saharan Africa,Lower middle income,IDA,2000,155.69,0.0877598182502342,16.7,,1.01793976595019,2220.5653712714,0.191071642503428,99.9955340053592,151.8
ZMB,Zambia,Sub-Saharan Africa,Lower middle income,IDA,2001,151.673,0.083995191890771,20.2,,2.17981803196589,2268.96965564597,0.233129556342332,,143.2
ZMB,Zambia,Sub-Saharan Africa,Lower middle income,IDA,2002,147.335,0.0844579851751727,17.4,,1.3381949009155,2299.33289188114,0.477750906947484,,132.9
ZMB,Zambia,Sub-Saharan Africa,Lower middle income,IDA,2003,145.231,0.0855194092155542,18.5,,3.67685887625342,2383.87611741089,0.980483039426114,,122.1
ZMB,Zambia,Sub-Saharan Africa,Lower middle income,IDA,2004,142.93,0.0821913142849128,20.3,,3.68494886266848,2471.72073328685,1.1,94.7622557622558,111.7
ZMB,Zambia,Sub-Saharan Africa,Lower middle income,IDA,2005,140.835,0.0823056208530048,23.3,,3.75264386154687,2564.47560965912,1.299999952,97.5373816155989,102.7
ZMB,Zambia,Sub-Saharan Africa,Lower middle income,IDA,2006,139.079,0.0742848135635793,24.1,,4.24983217682681,2673.46151928529,1.600000024,,94.8
ZMB,Zambia,Sub-Saharan Africa,Lower middle income,IDA,2007,137.241,0.0622915049370624,18.5,,4.59671527144219,2796.3529332184,1.899999976,,89.1
ZMB,Zambia,Sub-Saharan Africa,Lower middle income,IDA,2008,135.285,0.068863109679227,25.7,,3.99773185138027,2908.14362510668,2.200000048,,84.2
ZMB,Zambia,Sub-Saharan Africa,Lower middle income,IDA,2009,133.402,0.0695101440809799,26.6,,5.42272309461708,3065.84420108998,2.5,,78.4
ZMB,Zambia,Sub-Saharan Africa,Lower middle income,IDA,2010,131.374,0.0704228479005391,22,,6.54512358380669,3266.50749293828,3,,74.3
ZMB,Zambia,Sub-Saharan Africa,Lower middle income,IDA,2011,131.144,0.0717866997640898,28.3,,2.11650829571791,3335.64339500657,3.5,,71.8
ZMB,Zambia,Sub-Saharan Africa,Lower middle income,IDA,2012,131.003,0.0833549033819109,29.2,,4.16438800509357,3474.55252844092,4.099999905,99.8744672295939,69.2
ZMB,Zambia,Sub-Saharan Africa,Lower middle income,IDA,2013,130.043,0.0869929226164443,30.1,,1.74618059430358,3535.22449043144,4.8,99.8695196767919,66
ZMB,Zambia,Sub-Saharan Africa,Lower middle income,IDA,2014,128.961,0.0966086122569075,27.9,,1.42432240940171,3585.57748507131,6.5,97.1923844935619,62.6
ZMB,Zambia,Sub-Saharan Africa,Lower middle income,IDA,2015,128.133,0.099696004288154,31.1,,-0.241301067013211,3576.92544834125,8.8,97.0116253239541,60.2
ZMB,Zambia,Sub-Saharan Africa,Lower middle income,IDA,2016,127.286,0.103951631769876,35.4,,0.593979723633794,3598.17166023389,10.30000019,94.3085558768498,57.1
ZMB,Zambia,Sub-Saharan Africa,Lower middle income,IDA,2017,126.058,0.127579732977622,40.3,,0.398377780872721,3612.50597664593,12.19999981,86.2374338169566,55.2
ZMB,Zambia,Sub-Saharan Africa,Lower middle income,IDA,2018,124.398,0.138874986677289,40.2,,0.9537337347912,3646.95966481655,14.2999970950012,84.5982795698925,54.7
ZMB,Zambia,Sub-Saharan Africa,Lower middle income,IDA,2019,122.903,0.135862615488233,43,,-1.51894951073589,3591.56418883108,14.47189999,84.2912444264289,53.5
ZMB,Zambia,Sub-Saharan Africa,Lower middle income,IDA,2020,120.712,0.147443394131175,44.6,,-5.56773502453288,3391.59541156095,14.64579964,85.4817657090384,52.5
ZMB,Zambia,Sub-Saharan Africa,Lower middle income,IDA,2021,118.744,0.14096259199709,46.7,,3.28575461102756,3503.03491418372,14.82190037,92.001184566787,50.4
ZMB,Zambia,Sub-Saharan Africa,Lower middle income,IDA,2022,117.398,0.146312612387379,47.8,,2.34336450166037,3585.12379084347,15,,49.5
ZWE,Zimbabwe,Sub-Saharan Africa,Lower middle income,Blend,2000,102.221,0.199734885987422,33.7,36.0074195861816,-3.94437178277245,6170.36063450551,0.401433535211582,47.0334524660472,99.4
ZWE,Zimbabwe,Sub-Saharan Africa,Lower middle income,Blend,2001,102.815,0.196089018691771,34.2,38.1507797241211,0.762971447403842,6217.43872434863,0.799846045633137,39.1892233746522,96.3
ZWE,Zimbabwe,Sub-Saharan Africa,Lower middle income,Blend,2002,102.591,0.196597057669555,34.2,37.539421081543,-9.76644857590099,5610.21576859697,1.1,45.1735181087691,93.8
ZWE,Zimbabwe,Sub-Saharan Africa,Lower middle income,Blend,2003,105.058,0.194147214377231,35.1,35.9403114318848,-17.9767611752894,4601.68067845787,1.8,61.3292419593136,91.9
ZWE,Zimbabwe,Sub-Saharan Africa,Lower middle income,Blend,2004,106.203,0.195497098563623,35.6,,-6.82498063511001,4287.61686326352,2.1,57.4941866447165,91.2
ZWE,Zimbabwe,Sub-Saharan Africa,Lower middle income,Blend,2005,108.443,0.230276048702785,36.1,,-6.59888906294871,4004.68178301248,2.4000000950000002,53.0834222317047,91.6
ZWE,Zimbabwe,Sub-Saharan Africa,Lower middle income,Blend,2006,105.255,0.22223607169282,37.2,,-4.63037569259529,3819.24997116607,2.4000000950000002,67.550163029847,87.6
ZWE,Zimbabwe,Sub-Saharan Africa,Lower middle income,Blend,2007,104.456,0.227269111997433,37.2,,-4.91448916093475,3631.55334530411,3,71.5435668287554,90.6
ZWE,Zimbabwe,Sub-Saharan Africa,Lower middle income,Blend,2008,107.837,0.217045371106634,37.7,,-18.6543102007687,2954.11211916469,3.5,75.5731147540984,91.1
ZWE,Zimbabwe,Sub-Saharan Africa,Lower middle income,Blend,2009,110.451,0.18318090352285,43.4,,11.6893318173098,3299.42808702922,4,75.5986833081882,89.8
ZWE,Zimbabwe,Sub-Saharan Africa,Lower middle income,Blend,2010,111.717,0.19401617413744,38.9,,17.7601242170416,3885.41061373756,6.400000095,67.4465416043273,85.2
ZWE,Zimbabwe,Sub-Saharan Africa,Lower middle income,Blend,2011,112.391,0.267447602819023,36.9,,12.187491621401,4358.94470674386,8.399999619,57.0613636363636,77.2
ZWE,Zimbabwe,Sub-Saharan Africa,Lower middle income,Blend,2012,110.375,0.184322876871051,44,73.0986641244537,14.7871576858869,5003.50873397069,12,61.2485611901401,68
ZWE,Zimbabwe,Sub-Saharan Africa,Lower middle income,Blend,2013,108.034,0.180374208384571,40.6,50.8856201171875,0.563614570952865,5031.70923825425,15.5,54.8084595300261,62.6
ZWE,Zimbabwe,Sub-Saharan Africa,Lower middle income,Blend,2014,105.623,0.174542002282698,32.3,,0.982274048982148,5081.13441232186,16.3647399572904,56.7689239054553,59.8
ZWE,Zimbabwe,Sub-Saharan Africa,Lower middle income,Blend,2015,102.702,0.172739151407094,33.7,,0.425141539219794,5102.73642537223,22.74279976,54.0249201935949,59.2
ZWE,Zimbabwe,Sub-Saharan Africa,Lower middle income,Blend,2016,100.849,0.152218671460787,42.5,,-0.633234613329265,5070.42413209981,23.12000084,41.4481093016837,57.5
ZWE,Zimbabwe,Sub-Saharan Africa,Lower middle income,Blend,2017,99.053,0.136555892076541,44,,3.23409642689352,5234.4065377844,24.39999962,55.1814329227917,56.7
ZWE,Zimbabwe,Sub-Saharan Africa,Lower middle income,Blend,2018,98.612,0.150731451974862,45.4,,3.45954562738599,5415.49322028193,25,63.0333013128402,56.3
ZWE,Zimbabwe,Sub-Saharan Africa,Lower middle income,Blend,2019,98.733,0.146474397231642,46.7,,-7.78558358121073,4993.86546928208,26.5883007,66.1703151862464,58.6
ZWE,Zimbabwe,Sub-Saharan Africa,Lower middle income,Blend,2020,98.893,0.129080797266178,52.7,,-9.33397144870511,4527.73949219254,29.29856532,58.3293068737417,61.7
ZWE,Zimbabwe,Sub-Saharan Africa,Lower middle income,Blend,2021,99.199,0.142720076058978,49,,6.61191108683749,4827.10960165994,32.5923996,88.3095170454545,62.4
ZWE,Zimbabwe,Sub-Saharan Africa,Lower middle income,Blend,2022,99.484,0.142793687463163,50.1,,4.34366718315964,5036.78317732239,36.25650024,,64
