iso3c,country,region,income_level_current,year,gdp_per_capita_ppp,under5_mortality,log_income,record_source
AFG,Afghanistan,"Middle East, North Africa, Afghanistan & Pakistan",Low income,2000,1617.82647494969,131.7,7.38883884523527,protected_wdi_snapshot
AFG,Afghanistan,"Middle East, North Africa, Afghanistan & Pakistan",Low income,2001,1454.11078195559,127.5,7.28214984635722,protected_wdi_snapshot
AFG,Afghanistan,"Middle East, North Africa, Afghanistan & Pakistan",Low income,2002,1774.30874287341,123.1,7.4811661854231195,protected_wdi_snapshot
AFG,Afghanistan,"Middle East, North Africa, Afghanistan & Pakistan",Low income,2003,1815.92819979586,118.5,7.504352020822263,protected_wdi_snapshot
AFG,Afghanistan,"Middle East, North Africa, Afghanistan & Pakistan",Low income,2004,1776.91820712187,113.9,7.482635798463827,protected_wdi_snapshot
AFG,Afghanistan,"Middle East, North Africa, Afghanistan & Pakistan",Low income,2005,1908.11478234587,109.3,7.55387100866098,protected_wdi_snapshot
AFG,Afghanistan,"Middle East, North Africa, Afghanistan & Pakistan",Low income,2006,1929.72389709372,104.8,7.565132213164425,protected_wdi_snapshot
AFG,Afghanistan,"Middle East, North Africa, Afghanistan & Pakistan",Low income,2007,2155.35306784413,100.4,7.675709825704703,protected_wdi_snapshot
AFG,Afghanistan,"Middle East, North Africa, Afghanistan & Pakistan",Low income,2008,2191.50435559062,96.1,7.692343507349757,protected_wdi_snapshot
AFG,Afghanistan,"Middle East, North Africa, Afghanistan & Pakistan",Low income,2009,2565.02208584099,91.9,7.849722368032124,protected_wdi_snapshot
AFG,Afghanistan,"Middle East, North Africa, Afghanistan & Pakistan",Low income,2010,2848.58606111495,88,7.954578031247957,protected_wdi_snapshot
AFG,Afghanistan,"Middle East, North Africa, Afghanistan & Pakistan",Low income,2011,2757.05258747725,84.3,7.921917485008463,protected_wdi_snapshot
AFG,Afghanistan,"Middle East, North Africa, Afghanistan & Pakistan",Low income,2012,2985.31914452845,80.8,8.001461936201517,protected_wdi_snapshot
AFG,Afghanistan,"Middle East, North Africa, Afghanistan & Pakistan",Low income,2013,3046.57993117128,77.6,8.021774906393857,protected_wdi_snapshot
AFG,Afghanistan,"Middle East, North Africa, Afghanistan & Pakistan",Low income,2014,3017.94254424696,74.6,8.012330601455044,protected_wdi_snapshot
AFG,Afghanistan,"Middle East, North Africa, Afghanistan & Pakistan",Low income,2015,2967.692067153,71.9,7.995539847945536,protected_wdi_snapshot
AFG,Afghanistan,"Middle East, North Africa, Afghanistan & Pakistan",Low income,2016,2958.7853992308,69.4,7.992534125008689,protected_wdi_snapshot
AFG,Afghanistan,"Middle East, North Africa, Afghanistan & Pakistan",Low income,2017,2952.99891598909,67.1,7.99057651465584,protected_wdi_snapshot
AFG,Afghanistan,"Middle East, North Africa, Afghanistan & Pakistan",Low income,2018,2902.39211285546,64.8,7.97329054246104,protected_wdi_snapshot
AFG,Afghanistan,"Middle East, North Africa, Afghanistan & Pakistan",Low income,2019,2927.2451435353,62.7,7.981817035673841,protected_wdi_snapshot
AFG,Afghanistan,"Middle East, North Africa, Afghanistan & Pakistan",Low income,2020,2769.68574507111,60.7,7.926489143312698,protected_wdi_snapshot
AFG,Afghanistan,"Middle East, North Africa, Afghanistan & Pakistan",Low income,2021,2144.16657002819,58.7,7.670506210417376,protected_wdi_snapshot
AFG,Afghanistan,"Middle East, North Africa, Afghanistan & Pakistan",Low income,2022,1981.71016810561,56.8,7.591715472161472,protected_wdi_snapshot
AGO,Angola,Sub-Saharan Africa,Lower middle income,2000,6794.53021072097,185,8.823873186700062,protected_wdi_snapshot
AGO,Angola,Sub-Saharan Africa,Lower middle income,2001,6846.79269543978,176.3,8.831535601963397,protected_wdi_snapshot
AGO,Angola,Sub-Saharan Africa,Lower middle income,2002,7521.73598754911,166.4,8.925552239710388,protected_wdi_snapshot
AGO,Angola,Sub-Saharan Africa,Lower middle income,2003,7516.81391491319,155.5,8.924897645638007,protected_wdi_snapshot
AGO,Angola,Sub-Saharan Africa,Lower middle income,2004,8079.52613328266,143.7,8.997088502924388,protected_wdi_snapshot
AGO,Angola,Sub-Saharan Africa,Lower middle income,2005,8892.92106099154,131.5,9.093010852827188,protected_wdi_snapshot
AGO,Angola,Sub-Saharan Africa,Lower middle income,2006,9586.17542123825,119.8,9.1680772792849,protected_wdi_snapshot
AGO,Angola,Sub-Saharan Africa,Lower middle income,2007,10434.7087224445,109,9.252892905604174,protected_wdi_snapshot
AGO,Angola,Sub-Saharan Africa,Lower middle income,2008,11131.6310145389,99.2,9.317545975720117,protected_wdi_snapshot
AGO,Angola,Sub-Saharan Africa,Lower middle income,2009,10930.2531201205,90.7,9.299289739193423,protected_wdi_snapshot
AGO,Angola,Sub-Saharan Africa,Lower middle income,2010,11074.0723813984,83.4,9.312361833518171,protected_wdi_snapshot
AGO,Angola,Sub-Saharan Africa,Lower middle income,2011,11034.5919687814,77.2,9.308790341911273,protected_wdi_snapshot
AGO,Angola,Sub-Saharan Africa,Lower middle income,2012,11516.8133246588,72,9.351563274859835,protected_wdi_snapshot
AGO,Angola,Sub-Saharan Africa,Lower middle income,2013,11622.978345524,67.9,9.360739309570821,protected_wdi_snapshot
AGO,Angola,Sub-Saharan Africa,Lower middle income,2014,11718.4286832376,64.5,9.368917982746522,protected_wdi_snapshot
AGO,Angola,Sub-Saharan Africa,Lower middle income,2015,11389.7609549481,61.8,9.340470068946901,protected_wdi_snapshot
AGO,Angola,Sub-Saharan Africa,Lower middle income,2016,10963.9967887173,59.6,9.302372164529283,protected_wdi_snapshot
AGO,Angola,Sub-Saharan Africa,Lower middle income,2017,10565.1676483607,57.9,9.2653177982026,protected_wdi_snapshot
AGO,Angola,Sub-Saharan Africa,Lower middle income,2018,10154.8389228005,56.5,9.225705612027582,protected_wdi_snapshot
AGO,Angola,Sub-Saharan Africa,Lower middle income,2019,9712.97944927269,55.3,9.181218357604013,protected_wdi_snapshot
AGO,Angola,Sub-Saharan Africa,Lower middle income,2020,8904.94900580168,54.2,9.094362469239279,protected_wdi_snapshot
AGO,Angola,Sub-Saharan Africa,Lower middle income,2021,8720.18768742123,53.2,9.07339604045823,protected_wdi_snapshot
AGO,Angola,Sub-Saharan Africa,Lower middle income,2022,8750.99363032299,51.9,9.076922530655665,protected_wdi_snapshot
ALB,Albania,Europe & Central Asia,Upper middle income,2000,6581.98909242849,27,8.792092272319975,protected_wdi_snapshot
ALB,Albania,Europe & Central Asia,Upper middle income,2001,7232.96055449664,25.6,8.886403713287699,protected_wdi_snapshot
ALB,Albania,Europe & Central Asia,Upper middle income,2002,7590.45852377781,24.3,8.9346472801299,protected_wdi_snapshot
ALB,Albania,Europe & Central Asia,Upper middle income,2003,8025.2480324802,22.9,8.99034785499476,protected_wdi_snapshot
ALB,Albania,Europe & Central Asia,Upper middle income,2004,8483.25881549279,21.4,9.045849949243625,protected_wdi_snapshot
ALB,Albania,Europe & Central Asia,Upper middle income,2005,8964.28082219496,20,9.101003162207329,protected_wdi_snapshot
ALB,Albania,Europe & Central Asia,Upper middle income,2006,9563.98954154527,18.5,9.165760235054538,protected_wdi_snapshot
ALB,Albania,Europe & Central Asia,Upper middle income,2007,10262.9242359026,17.1,9.236293091362068,protected_wdi_snapshot
ALB,Albania,Europe & Central Asia,Upper middle income,2008,11056.3059173381,15.8,9.310756215427299,protected_wdi_snapshot
ALB,Albania,Europe & Central Asia,Upper middle income,2009,11430.5746310655,14.5,9.344047029459153,protected_wdi_snapshot
ALB,Albania,Europe & Central Asia,Upper middle income,2010,11829.0042369631,13.3,9.378309780730058,protected_wdi_snapshot
ALB,Albania,Europe & Central Asia,Upper middle income,2011,12153.0636591785,12.2,9.405336570002271,protected_wdi_snapshot
ALB,Albania,Europe & Central Asia,Upper middle income,2012,12463.518369846,11.2,9.430561125663502,protected_wdi_snapshot
ALB,Albania,Europe & Central Asia,Upper middle income,2013,12873.4298184073,10.5,9.462920762242858,protected_wdi_snapshot
ALB,Albania,Europe & Central Asia,Upper middle income,2014,13366.5040948145,9.9,9.500507162069882,protected_wdi_snapshot
ALB,Albania,Europe & Central Asia,Upper middle income,2015,13876.7616296598,9.6,9.537970894855157,protected_wdi_snapshot
ALB,Albania,Europe & Central Asia,Upper middle income,2016,14643.4285614716,9.4,9.591746951454137,protected_wdi_snapshot
ALB,Albania,Europe & Central Asia,Upper middle income,2017,15359.3974577025,9.3,9.639482777918065,protected_wdi_snapshot
ALB,Albania,Europe & Central Asia,Upper middle income,2018,16170.9234325287,9.3,9.690970058703627,protected_wdi_snapshot
ALB,Albania,Europe & Central Asia,Upper middle income,2019,16761.1230178682,9.4,9.726817377630674,protected_wdi_snapshot
ALB,Albania,Europe & Central Asia,Upper middle income,2020,16457.7189744991,9.4,9.708549884706901,protected_wdi_snapshot
ALB,Albania,Europe & Central Asia,Upper middle income,2021,18212.794718288,9.5,9.80987963257091,protected_wdi_snapshot
ALB,Albania,Europe & Central Asia,Upper middle income,2022,19388.7927279351,9.4,9.87245048368536,protected_wdi_snapshot
AND,Andorra,Europe & Central Asia,High income,2000,54809.1441679423,7.6,10.911612323394305,protected_wdi_snapshot
AND,Andorra,Europe & Central Asia,High income,2001,59109.0136806378,7.2,10.987138707511678,protected_wdi_snapshot
AND,Andorra,Europe & Central Asia,High income,2002,61188.6370851474,6.8,11.021716782718537,protected_wdi_snapshot
AND,Andorra,Europe & Central Asia,High income,2003,63656.1958332184,6.5,11.061251941482487,protected_wdi_snapshot
AND,Andorra,Europe & Central Asia,High income,2004,64353.4858113531,6.2,11.072146381119751,protected_wdi_snapshot
AND,Andorra,Europe & Central Asia,High income,2005,65114.8053663021,5.9,11.083907227321118,protected_wdi_snapshot
AND,Andorra,Europe & Central Asia,High income,2006,66390.293726491,5.6,11.103306145961454,protected_wdi_snapshot
AND,Andorra,Europe & Central Asia,High income,2007,65534.1168555171,5.3,11.090326154041842,protected_wdi_snapshot
AND,Andorra,Europe & Central Asia,High income,2008,60691.6051530637,5,11.013560666874673,protected_wdi_snapshot
AND,Andorra,Europe & Central Asia,High income,2009,57203.9708883731,4.8,10.954378596083759,protected_wdi_snapshot
AND,Andorra,Europe & Central Asia,High income,2010,58285.0577756981,4.5,10.973101040615312,protected_wdi_snapshot
AND,Andorra,Europe & Central Asia,High income,2011,60470.4662377044,4.3,11.009910363469128,protected_wdi_snapshot
AND,Andorra,Europe & Central Asia,High income,2012,58172.1323929474,4.1,10.97116169418285,protected_wdi_snapshot
AND,Andorra,Europe & Central Asia,High income,2013,57332.1585611366,3.9,10.956616976704819,protected_wdi_snapshot
AND,Andorra,Europe & Central Asia,High income,2014,59929.2444670501,3.7,11.000919886448854,protected_wdi_snapshot
AND,Andorra,Europe & Central Asia,High income,2015,62105.1542389675,3.5,11.036584263494532,protected_wdi_snapshot
AND,Andorra,Europe & Central Asia,High income,2016,64402.8092369468,3.4,11.072912532832767,protected_wdi_snapshot
AND,Andorra,Europe & Central Asia,High income,2017,63239.6577711911,3.2,11.054686879721022,protected_wdi_snapshot
AND,Andorra,Europe & Central Asia,High income,2018,63048.5985572834,3.1,11.051661113664403,protected_wdi_snapshot
AND,Andorra,Europe & Central Asia,High income,2019,63215.899791913,3,11.054311127480227,protected_wdi_snapshot
AND,Andorra,Europe & Central Asia,High income,2020,55488.4902991095,2.9,10.923930896229878,protected_wdi_snapshot
AND,Andorra,Europe & Central Asia,High income,2021,59332.2029100127,2.8,10.990907488346181,protected_wdi_snapshot
AND,Andorra,Europe & Central Asia,High income,2022,63913.3835079105,2.7,11.065284063003414,protected_wdi_snapshot
ARE,United Arab Emirates,"Middle East, North Africa, Afghanistan & Pakistan",High income,2000,95390.8328858321,10.7,11.46573776147583,protected_wdi_snapshot
ARE,United Arab Emirates,"Middle East, North Africa, Afghanistan & Pakistan",High income,2001,90750.3257926454,10.5,11.415867342122255,protected_wdi_snapshot
ARE,United Arab Emirates,"Middle East, North Africa, Afghanistan & Pakistan",High income,2002,87479.1545350862,10.3,11.379155810078776,protected_wdi_snapshot
ARE,United Arab Emirates,"Middle East, North Africa, Afghanistan & Pakistan",High income,2003,89828.493399274,10.2,11.405657502394684,protected_wdi_snapshot
ARE,United Arab Emirates,"Middle East, North Africa, Afghanistan & Pakistan",High income,2004,93166.1568863784,10,11.442139811191653,protected_wdi_snapshot
ARE,United Arab Emirates,"Middle East, North Africa, Afghanistan & Pakistan",High income,2005,92750.9226341994,9.8,11.437672927958744,protected_wdi_snapshot
ARE,United Arab Emirates,"Middle East, North Africa, Afghanistan & Pakistan",High income,2006,94872.5121329578,9.6,11.460289291776594,protected_wdi_snapshot
ARE,United Arab Emirates,"Middle East, North Africa, Afghanistan & Pakistan",High income,2007,87180.6001633546,9.4,11.375737109954907,protected_wdi_snapshot
ARE,United Arab Emirates,"Middle East, North Africa, Afghanistan & Pakistan",High income,2008,80285.1613062103,9.2,11.293340092151727,protected_wdi_snapshot
ARE,United Arab Emirates,"Middle East, North Africa, Afghanistan & Pakistan",High income,2009,71488.9696792101,9,11.177298446560387,protected_wdi_snapshot
ARE,United Arab Emirates,"Middle East, North Africa, Afghanistan & Pakistan",High income,2010,70913.7569272495,8.8,11.169219726522678,protected_wdi_snapshot
ARE,United Arab Emirates,"Middle East, North Africa, Afghanistan & Pakistan",High income,2011,73190.4056300014,8.6,11.2008196207305,protected_wdi_snapshot
ARE,United Arab Emirates,"Middle East, North Africa, Afghanistan & Pakistan",High income,2012,73644.0549928884,8.4,11.206998698916381,protected_wdi_snapshot
ARE,United Arab Emirates,"Middle East, North Africa, Afghanistan & Pakistan",High income,2013,74237.2038000319,8.2,11.215020702419297,protected_wdi_snapshot
ARE,United Arab Emirates,"Middle East, North Africa, Afghanistan & Pakistan",High income,2014,74145.1175448951,7.9,11.213779499746035,protected_wdi_snapshot
ARE,United Arab Emirates,"Middle East, North Africa, Afghanistan & Pakistan",High income,2015,75238.5571858454,7.6,11.228419107072748,protected_wdi_snapshot
ARE,United Arab Emirates,"Middle East, North Africa, Afghanistan & Pakistan",High income,2016,75671.036861385,7.3,11.234150762004958,protected_wdi_snapshot
ARE,United Arab Emirates,"Middle East, North Africa, Afghanistan & Pakistan",High income,2017,72529.0423512365,7,11.19174234478534,protected_wdi_snapshot
ARE,United Arab Emirates,"Middle East, North Africa, Afghanistan & Pakistan",High income,2018,72671.0787288764,6.7,11.193698767712375,protected_wdi_snapshot
ARE,United Arab Emirates,"Middle East, North Africa, Afghanistan & Pakistan",High income,2019,72822.9466438922,6.3,11.195786385671695,protected_wdi_snapshot
ARE,United Arab Emirates,"Middle East, North Africa, Afghanistan & Pakistan",High income,2020,66808.6209256028,5.9,11.109587406970254,protected_wdi_snapshot
ARE,United Arab Emirates,"Middle East, North Africa, Afghanistan & Pakistan",High income,2021,68580.1312912676,5.6,11.135758140440094,protected_wdi_snapshot
ARE,United Arab Emirates,"Middle East, North Africa, Afghanistan & Pakistan",High income,2022,70075.63837395,5.3,11.157330485858779,protected_wdi_snapshot
ARG,Argentina,Latin America & Caribbean,Upper middle income,2000,22281.3814299958,19.4,10.011506695260747,protected_wdi_snapshot
ARG,Argentina,Latin America & Caribbean,Upper middle income,2001,21066.4581290433,18.8,9.955437392480027,protected_wdi_snapshot
ARG,Argentina,Latin America & Caribbean,Upper middle income,2002,18571.7020471274,18.3,9.829394305888538,protected_wdi_snapshot
ARG,Argentina,Latin America & Caribbean,Upper middle income,2003,20005.1385113465,17.8,9.903744445103731,protected_wdi_snapshot
ARG,Argentina,Latin America & Caribbean,Upper middle income,2004,21591.449396517,17.3,9.980052654026137,protected_wdi_snapshot
ARG,Argentina,Latin America & Caribbean,Upper middle income,2005,23262.4075792816,16.7,10.054593927993945,protected_wdi_snapshot
ARG,Argentina,Latin America & Caribbean,Upper middle income,2006,24877.2493922296,16.2,10.12170898576677,protected_wdi_snapshot
ARG,Argentina,Latin America & Caribbean,Upper middle income,2007,26850.6645932771,15.8,10.198045851708043,protected_wdi_snapshot
ARG,Argentina,Latin America & Caribbean,Upper middle income,2008,27658.4853446831,15.4,10.227687843946534,protected_wdi_snapshot
ARG,Argentina,Latin America & Caribbean,Upper middle income,2009,25747.1976809995,15,10.156081072247344,protected_wdi_snapshot
ARG,Argentina,Latin America & Caribbean,Upper middle income,2010,28056.2570212342,14.4,10.24196695278583,protected_wdi_snapshot
ARG,Argentina,Latin America & Caribbean,Upper middle income,2011,29425.7593876084,13.9,10.28962573936075,protected_wdi_snapshot
ARG,Argentina,Latin America & Caribbean,Upper middle income,2012,28825.9666865361,13.3,10.269031880968202,protected_wdi_snapshot
ARG,Argentina,Latin America & Caribbean,Upper middle income,2013,29227.6601818437,12.7,10.282870806384087,protected_wdi_snapshot
ARG,Argentina,Latin America & Caribbean,Upper middle income,2014,28200.8152571318,12.2,10.247106166335692,protected_wdi_snapshot
ARG,Argentina,Latin America & Caribbean,Upper middle income,2015,28669.2061336796,11.7,10.263578868702613,protected_wdi_snapshot
ARG,Argentina,Latin America & Caribbean,Upper middle income,2016,27802.1057201498,11.4,10.232867042139326,protected_wdi_snapshot
ARG,Argentina,Latin America & Caribbean,Upper middle income,2017,28334.904184742,11,10.251849687081927,protected_wdi_snapshot
ARG,Argentina,Latin America & Caribbean,Upper middle income,2018,27367.115094108,10.7,10.217097392537358,protected_wdi_snapshot
ARG,Argentina,Latin America & Caribbean,Upper middle income,2019,26629.5529419501,10.5,10.189776890907021,protected_wdi_snapshot
ARG,Argentina,Latin America & Caribbean,Upper middle income,2020,23877.0931404855,10.3,10.080674832311747,protected_wdi_snapshot
ARG,Argentina,Latin America & Caribbean,Upper middle income,2021,26300.274261175,10.1,10.177334646293042,protected_wdi_snapshot
ARG,Argentina,Latin America & Caribbean,High income,2022,27825.0273492567,9.9,10.23369115904557,metadata_join_current
ARG,Argentina,Latin America & Caribbean,Upper middle income,2022,27825.0273492567,9.9,10.23369115904557,protected_wdi_snapshot
ARM,Armenia,Europe & Central Asia,Upper middle income,2000,4589.00825039977,30.6,8.431419212257627,protected_wdi_snapshot
ARM,Armenia,Europe & Central Asia,Upper middle income,2001,5044.11647826468,29.1,8.525977789257652,protected_wdi_snapshot
ARM,Armenia,Europe & Central Asia,Upper middle income,2002,5731.35346609213,27.7,8.653706988813186,protected_wdi_snapshot
ARM,Armenia,Europe & Central Asia,Upper middle income,2003,6569.26023440631,26.4,8.790156507636237,protected_wdi_snapshot
ARM,Armenia,Europe & Central Asia,Upper middle income,2004,7299.40001858866,25.1,8.895547434524332,protected_wdi_snapshot
ARM,Armenia,Europe & Central Asia,Upper middle income,2005,8362.90084037119,23.9,9.031560636366498,protected_wdi_snapshot
ARM,Armenia,Europe & Central Asia,Upper middle income,2006,9525.23146779778,22.7,9.161699500780767,protected_wdi_snapshot
ARM,Armenia,Europe & Central Asia,Upper middle income,2007,10898.8483795634,21.6,9.296412409384473,protected_wdi_snapshot
ARM,Armenia,Europe & Central Asia,Upper middle income,2008,11727.4821272949,20.6,9.36969026620187,protected_wdi_snapshot
ARM,Armenia,Europe & Central Asia,Upper middle income,2009,10143.2350796867,19.6,9.224562267651514,protected_wdi_snapshot
ARM,Armenia,Europe & Central Asia,Upper middle income,2010,10438.5641904169,18.7,9.253262322325007,protected_wdi_snapshot
ARM,Armenia,Europe & Central Asia,Upper middle income,2011,10990.177099035,17.8,9.304757161829704,protected_wdi_snapshot
ARM,Armenia,Europe & Central Asia,Upper middle income,2012,11796.2741177994,16.9,9.375539007864504,protected_wdi_snapshot
ARM,Armenia,Europe & Central Asia,Upper middle income,2013,12194.0189523843,16.1,9.408700860705055,protected_wdi_snapshot
ARM,Armenia,Europe & Central Asia,Upper middle income,2014,12667.375733024899,15.4,9.44678512739667,protected_wdi_snapshot
ARM,Armenia,Europe & Central Asia,Upper middle income,2015,13112.7600902915,14.7,9.481341087801754,protected_wdi_snapshot
ARM,Armenia,Europe & Central Asia,Upper middle income,2016,13192.9940731731,14,9.487441215643404,protected_wdi_snapshot
ARM,Armenia,Europe & Central Asia,Upper middle income,2017,14243.8749003795,13.3,9.564082261740419,protected_wdi_snapshot
ARM,Armenia,Europe & Central Asia,Upper middle income,2018,15037.0452420712,12.7,9.618272118234373,protected_wdi_snapshot
ARM,Armenia,Europe & Central Asia,Upper middle income,2019,16215.3607965094,12.1,9.693714269280761,protected_wdi_snapshot
ARM,Armenia,Europe & Central Asia,Upper middle income,2020,15052.9359791136,11.6,9.619328332819745,protected_wdi_snapshot
ARM,Armenia,Europe & Central Asia,Upper middle income,2021,15921.705281964,11,9.675438569363154,protected_wdi_snapshot
ARM,Armenia,Europe & Central Asia,Upper middle income,2022,17886.1783877168,10.5,9.791783536451202,protected_wdi_snapshot
ATG,Antigua and Barbuda,Latin America & Caribbean,High income,2000,25547.6120273679,14.9,10.14829912853861,protected_wdi_snapshot
ATG,Antigua and Barbuda,Latin America & Caribbean,High income,2001,24014.7754593511,14.6,10.086424564038603,protected_wdi_snapshot
ATG,Antigua and Barbuda,Latin America & Caribbean,High income,2002,23958.1638142071,14.3,10.084064413825589,protected_wdi_snapshot
ATG,Antigua and Barbuda,Latin America & Caribbean,High income,2003,25136.001691807,13.9,10.132056427801535,protected_wdi_snapshot
ATG,Antigua and Barbuda,Latin America & Caribbean,High income,2004,26303.6179046605,13.6,10.177461771619793,protected_wdi_snapshot
ATG,Antigua and Barbuda,Latin America & Caribbean,High income,2005,27692.634871178,13.3,10.228921767693501,protected_wdi_snapshot
ATG,Antigua and Barbuda,Latin America & Caribbean,High income,2006,30827.3416754916,13,10.336157291910935,protected_wdi_snapshot
ATG,Antigua and Barbuda,Latin America & Caribbean,High income,2007,33245.2678606765,12.7,10.411667715975897,protected_wdi_snapshot
ATG,Antigua and Barbuda,Latin America & Caribbean,High income,2008,32756.3067839753,12.5,10.396850796079988,protected_wdi_snapshot
ATG,Antigua and Barbuda,Latin America & Caribbean,High income,2009,28405.6900929523,12.2,10.254344759466482,protected_wdi_snapshot
ATG,Antigua and Barbuda,Latin America & Caribbean,High income,2010,25826.6086383235,12,10.159160582012024,protected_wdi_snapshot
ATG,Antigua and Barbuda,Latin America & Caribbean,High income,2011,25023.9174488179,11.8,10.127587344459238,protected_wdi_snapshot
ATG,Antigua and Barbuda,Latin America & Caribbean,High income,2012,25592.9066121735,11.6,10.150070506610412,protected_wdi_snapshot
ATG,Antigua and Barbuda,Latin America & Caribbean,High income,2013,25206.8458285339,11.4,10.134870896469112,protected_wdi_snapshot
ATG,Antigua and Barbuda,Latin America & Caribbean,High income,2014,25557.5249124716,11.2,10.148687069392373,protected_wdi_snapshot
ATG,Antigua and Barbuda,Latin America & Caribbean,High income,2015,25734.1516444171,11,10.155574246492673,protected_wdi_snapshot
ATG,Antigua and Barbuda,Latin America & Caribbean,High income,2016,26627.71453894,10.8,10.189707852328896,protected_wdi_snapshot
ATG,Antigua and Barbuda,Latin America & Caribbean,High income,2017,27199.1952402262,10.7,10.210942665090002,protected_wdi_snapshot
ATG,Antigua and Barbuda,Latin America & Caribbean,High income,2018,28878.6067675471,10.5,10.270856349722129,protected_wdi_snapshot
ATG,Antigua and Barbuda,Latin America & Caribbean,High income,2019,29651.8641526705,10.3,10.297280274377693,protected_wdi_snapshot
ATG,Antigua and Barbuda,Latin America & Caribbean,High income,2020,23930.6714995115,10.1,10.082916241499586,protected_wdi_snapshot
ATG,Antigua and Barbuda,Latin America & Caribbean,High income,2021,25745.4958067746,9.8,10.156014970666314,protected_wdi_snapshot
ATG,Antigua and Barbuda,Latin America & Caribbean,High income,2022,27785.5572316838,9.6,10.232271640639205,protected_wdi_snapshot
AUS,Australia,East Asia & Pacific,High income,2000,45099.0752097084,6.2,10.71661701995256,protected_wdi_snapshot
AUS,Australia,East Asia & Pacific,High income,2001,45428.2000837579,6.1,10.723888338416689,protected_wdi_snapshot
AUS,Australia,East Asia & Pacific,High income,2002,46688.3947760633,6,10.751250906908407,protected_wdi_snapshot
AUS,Australia,East Asia & Pacific,High income,2003,47581.2285345879,5.9,10.770193603922682,protected_wdi_snapshot
AUS,Australia,East Asia & Pacific,High income,2004,49061.2761503925,5.8,10.800825329508264,protected_wdi_snapshot
AUS,Australia,East Asia & Pacific,High income,2005,49997.0664953941,5.7,10.819719612597009,protected_wdi_snapshot
AUS,Australia,East Asia & Pacific,High income,2006,50693.7248649798,5.6,10.833557411997642,protected_wdi_snapshot
AUS,Australia,East Asia & Pacific,High income,2007,51663.2403953881,5.4,10.85250179010637,protected_wdi_snapshot
AUS,Australia,East Asia & Pacific,High income,2008,52473.3819160773,5.2,10.868061308883778,protected_wdi_snapshot
AUS,Australia,East Asia & Pacific,High income,2009,52407.9115378584,5,10.866812842459181,protected_wdi_snapshot
AUS,Australia,East Asia & Pacific,High income,2010,52739.2681556133,4.8,10.873115583353155,protected_wdi_snapshot
AUS,Australia,East Asia & Pacific,High income,2011,53257.0473237603,4.5,10.882885418923138,protected_wdi_snapshot
AUS,Australia,East Asia & Pacific,High income,2012,54403.8836902433,4.3,10.904190821660558,protected_wdi_snapshot
AUS,Australia,East Asia & Pacific,High income,2013,54895.0052588984,4.1,10.913177644468051,protected_wdi_snapshot
AUS,Australia,East Asia & Pacific,High income,2014,55489.068844146,4,10.923941322572663,protected_wdi_snapshot
AUS,Australia,East Asia & Pacific,High income,2015,55879.9958817103,3.9,10.930961739672082,protected_wdi_snapshot
AUS,Australia,East Asia & Pacific,High income,2016,56529.951824687,3.8,10.942525897461065,protected_wdi_snapshot
AUS,Australia,East Asia & Pacific,High income,2017,56881.8569859104,3.8,10.948731711375824,protected_wdi_snapshot
AUS,Australia,East Asia & Pacific,High income,2018,57647.8455068105,3.8,10.962108153044138,protected_wdi_snapshot
AUS,Australia,East Asia & Pacific,High income,2019,58048.6188420831,3.8,10.969036194286282,protected_wdi_snapshot
AUS,Australia,East Asia & Pacific,High income,2020,57260.4650530108,3.8,10.955365700397168,protected_wdi_snapshot
AUS,Australia,East Asia & Pacific,High income,2021,58327.4146842325,3.7,10.973827496533854,protected_wdi_snapshot
AUS,Australia,East Asia & Pacific,High income,2022,60029.1329190733,3.7,11.002585272014857,protected_wdi_snapshot
AUT,Austria,Europe & Central Asia,High income,2000,53534.2669894259,5.5,10.888077232323903,protected_wdi_snapshot
AUT,Austria,Europe & Central Asia,High income,2001,54032.075746659,5.4,10.897333144509528,protected_wdi_snapshot
AUT,Austria,Europe & Central Asia,High income,2002,54565.0004227482,5.3,10.907147938294798,protected_wdi_snapshot
AUT,Austria,Europe & Central Asia,High income,2003,54919.7101911513,5.2,10.91362758294066,protected_wdi_snapshot
AUT,Austria,Europe & Central Asia,High income,2004,55980.1531665622,5,10.93275249916006,protected_wdi_snapshot
AUT,Austria,Europe & Central Asia,High income,2005,56890.1996184204,4.9,10.94887836658755,protected_wdi_snapshot
AUT,Austria,Europe & Central Asia,High income,2006,58460.1550504163,4.8,10.97610069090969,protected_wdi_snapshot
AUT,Austria,Europe & Central Asia,High income,2007,60470.825141587,4.6,11.009916298644427,protected_wdi_snapshot
AUT,Austria,Europe & Central Asia,High income,2008,61157.9014974191,4.5,11.021214347770544,protected_wdi_snapshot
AUT,Austria,Europe & Central Asia,High income,2009,58810.3596828696,4.4,10.982073303450766,protected_wdi_snapshot
AUT,Austria,Europe & Central Asia,High income,2010,59730.4673903053,4.3,10.997597510746887,protected_wdi_snapshot
AUT,Austria,Europe & Central Asia,High income,2011,61272.1724662899,4.2,11.023081062350611,protected_wdi_snapshot
AUT,Austria,Europe & Central Asia,High income,2012,61376.6345930428,4,11.024784497622708,protected_wdi_snapshot
AUT,Austria,Europe & Central Asia,High income,2013,60862.9693673785,3.9,11.016380212391859,protected_wdi_snapshot
AUT,Austria,Europe & Central Asia,High income,2014,60845.5743980711,3.8,11.016094366075935,protected_wdi_snapshot
AUT,Austria,Europe & Central Asia,High income,2015,60951.6037273662,3.7,11.01783544674318,protected_wdi_snapshot
AUT,Austria,Europe & Central Asia,High income,2016,61572.6257402404,3.6,11.027972663418538,protected_wdi_snapshot
AUT,Austria,Europe & Central Asia,High income,2017,62535.8105711345,3.6,11.043494640778501,protected_wdi_snapshot
AUT,Austria,Europe & Central Asia,High income,2018,63777.9362157476,3.5,11.063162582181437,protected_wdi_snapshot
AUT,Austria,Europe & Central Asia,High income,2019,64609.2836396895,3.5,11.076113389038175,protected_wdi_snapshot
AUT,Austria,Europe & Central Asia,High income,2020,60276.3307697326,3.4,11.006694781108969,protected_wdi_snapshot
AUT,Austria,Europe & Central Asia,High income,2021,62968.8538770186,3.4,11.050395500221683,protected_wdi_snapshot
AUT,Austria,Europe & Central Asia,High income,2022,65694.4591501468,3.3,11.09276986530205,protected_wdi_snapshot
AZE,Azerbaijan,Europe & Central Asia,Upper middle income,2000,5656.92989378687,74.3,8.640636602440992,protected_wdi_snapshot
AZE,Azerbaijan,Europe & Central Asia,Upper middle income,2001,6168.98512059749,69.3,8.727289617243281,protected_wdi_snapshot
AZE,Azerbaijan,Europe & Central Asia,Upper middle income,2002,6701.08174444207,64.4,8.810024246741039,protected_wdi_snapshot
AZE,Azerbaijan,Europe & Central Asia,Upper middle income,2003,7329.40601818943,59.9,8.899649757243816,protected_wdi_snapshot
AZE,Azerbaijan,Europe & Central Asia,Upper middle income,2004,7937.8594791002,55.8,8.979398930880981,protected_wdi_snapshot
AZE,Azerbaijan,Europe & Central Asia,Upper middle income,2005,10054.1003389401,52.1,9.21573582420472,protected_wdi_snapshot
AZE,Azerbaijan,Europe & Central Asia,Upper middle income,2006,13371.6585214534,48.7,9.500892710379743,protected_wdi_snapshot
AZE,Azerbaijan,Europe & Central Asia,Upper middle income,2007,16587.3657240228,45.7,9.716396583597769,protected_wdi_snapshot
AZE,Azerbaijan,Europe & Central Asia,Upper middle income,2008,17963.0208126838,42.9,9.796070524410029,protected_wdi_snapshot
AZE,Azerbaijan,Europe & Central Asia,Upper middle income,2009,19242.3900077231,40.2,9.864870937280564,protected_wdi_snapshot
AZE,Azerbaijan,Europe & Central Asia,Upper middle income,2010,19925.3900662137,37.8,9.899750080190191,protected_wdi_snapshot
AZE,Azerbaijan,Europe & Central Asia,Upper middle income,2011,19358.0778100345,35.5,9.870865069229549,protected_wdi_snapshot
AZE,Azerbaijan,Europe & Central Asia,Upper middle income,2012,19523.3737161356,33.4,9.879367678851462,protected_wdi_snapshot
AZE,Azerbaijan,Europe & Central Asia,Upper middle income,2013,20398.6462250349,31.4,9.923223816112388,protected_wdi_snapshot
AZE,Azerbaijan,Europe & Central Asia,Upper middle income,2014,20709.201611232,29.6,9.938333402764439,protected_wdi_snapshot
AZE,Azerbaijan,Europe & Central Asia,Upper middle income,2015,20678.7539572375,27.9,9.936862073288554,protected_wdi_snapshot
AZE,Azerbaijan,Europe & Central Asia,Upper middle income,2016,19822.4105943941,26.5,9.894568424827092,protected_wdi_snapshot
AZE,Azerbaijan,Europe & Central Asia,Upper middle income,2017,19659.0048562768,25.1,9.886290774733203,protected_wdi_snapshot
AZE,Azerbaijan,Europe & Central Asia,Upper middle income,2018,19781.8509058437,23.8,9.8925201754118,protected_wdi_snapshot
AZE,Azerbaijan,Europe & Central Asia,Upper middle income,2019,20101.491875147,22.7,9.908549313936932,protected_wdi_snapshot
AZE,Azerbaijan,Europe & Central Asia,Upper middle income,2020,19126.096851126,21.5,9.858809008743053,protected_wdi_snapshot
AZE,Azerbaijan,Europe & Central Asia,Upper middle income,2021,20111.3756952109,20.5,9.90904088894066,protected_wdi_snapshot
AZE,Azerbaijan,Europe & Central Asia,Upper middle income,2022,21051.2442291612,19.6,9.954714945637393,protected_wdi_snapshot
BDI,Burundi,Sub-Saharan Africa,Low income,2000,1030.32234706616,152.4,6.937626990579103,protected_wdi_snapshot
BDI,Burundi,Sub-Saharan Africa,Low income,2001,1025.48374929263,147.5,6.932919730768281,protected_wdi_snapshot
BDI,Burundi,Sub-Saharan Africa,Low income,2002,1041.29719140875,142.3,6.9482225143352,protected_wdi_snapshot
BDI,Burundi,Sub-Saharan Africa,Low income,2003,996.569433908385,136.6,6.904318815006083,protected_wdi_snapshot
BDI,Burundi,Sub-Saharan Africa,Low income,2004,1006.51241783279,130.4,6.91424658264188,protected_wdi_snapshot
BDI,Burundi,Sub-Saharan Africa,Low income,2005,978.5419608465,123.7,6.886063668743976,protected_wdi_snapshot
BDI,Burundi,Sub-Saharan Africa,Low income,2006,995.027813698961,116.6,6.9027706902341945,protected_wdi_snapshot
BDI,Burundi,Sub-Saharan Africa,Low income,2007,991.931411319069,109.5,6.899653963079013,protected_wdi_snapshot
BDI,Burundi,Sub-Saharan Africa,Low income,2008,998.565055501985,102.6,6.906319303965323,protected_wdi_snapshot
BDI,Burundi,Sub-Saharan Africa,Low income,2009,985.184772509514,96.1,6.892829209884053,protected_wdi_snapshot
BDI,Burundi,Sub-Saharan Africa,Low income,2010,988.018678716302,90.2,6.895701603152461,protected_wdi_snapshot
BDI,Burundi,Sub-Saharan Africa,Low income,2011,991.659881666872,84.7,6.899380187271614,protected_wdi_snapshot
BDI,Burundi,Sub-Saharan Africa,Low income,2012,999.220068163159,79.6,6.906975042840226,protected_wdi_snapshot
BDI,Burundi,Sub-Saharan Africa,Low income,2013,1011.43131303134,74.9,6.9191217482529845,protected_wdi_snapshot
BDI,Burundi,Sub-Saharan Africa,Low income,2014,1019.17607398667,70.6,6.926749809254546,protected_wdi_snapshot
BDI,Burundi,Sub-Saharan Africa,Low income,2015,992.28580552029,66.9,6.900011176192558,protected_wdi_snapshot
BDI,Burundi,Sub-Saharan Africa,Low income,2016,1006.55907385999,63.7,6.914292935717169,protected_wdi_snapshot
BDI,Burundi,Sub-Saharan Africa,Low income,2017,1020.8498275719,60.9,6.9283907236757925,protected_wdi_snapshot
BDI,Burundi,Sub-Saharan Africa,Low income,2018,1043.40558434036,58.5,6.950245242634886,protected_wdi_snapshot
BDI,Burundi,Sub-Saharan Africa,Low income,2019,1054.72592734898,56.2,6.961036227656991,protected_wdi_snapshot
BDI,Burundi,Sub-Saharan Africa,Low income,2020,1027.62896276744,54.3,6.9350094497037045,protected_wdi_snapshot
BDI,Burundi,Sub-Saharan Africa,Low income,2021,1032.38274081999,52.3,6.9396247501727455,protected_wdi_snapshot
BDI,Burundi,Sub-Saharan Africa,Low income,2022,1028.11134640179,50.3,6.935478753770032,protected_wdi_snapshot
BEL,Belgium,Europe & Central Asia,High income,2000,50455.7338920674,5.9,10.828851674270348,protected_wdi_snapshot
BEL,Belgium,Europe & Central Asia,High income,2001,50835.3969916063,5.7,10.836348182093666,protected_wdi_snapshot
BEL,Belgium,Europe & Central Asia,High income,2002,51471.8532550934,5.5,10.848790398509042,protected_wdi_snapshot
BEL,Belgium,Europe & Central Asia,High income,2003,51788.8439641975,5.3,10.854930037566133,protected_wdi_snapshot
BEL,Belgium,Europe & Central Asia,High income,2004,53406.6918625203,5.2,10.885691332874455,protected_wdi_snapshot
BEL,Belgium,Europe & Central Asia,High income,2005,54346.8934219288,5,10.903142732165572,protected_wdi_snapshot
BEL,Belgium,Europe & Central Asia,High income,2006,55367.6227467909,4.9,10.921750274938143,protected_wdi_snapshot
BEL,Belgium,Europe & Central Asia,High income,2007,56983.4612170064,4.8,10.950516350626238,protected_wdi_snapshot
BEL,Belgium,Europe & Central Asia,High income,2008,56787.7366257416,4.7,10.947075676922136,protected_wdi_snapshot
BEL,Belgium,Europe & Central Asia,High income,2009,55258.7071019668,4.6,10.919781201569007,protected_wdi_snapshot
BEL,Belgium,Europe & Central Asia,High income,2010,56240.2030936241,4.5,10.937387137673333,protected_wdi_snapshot
BEL,Belgium,Europe & Central Asia,High income,2011,56585.302500068,4.4,10.94350455732669,protected_wdi_snapshot
BEL,Belgium,Europe & Central Asia,High income,2012,56356.8251292137,4.3,10.939458632438928,protected_wdi_snapshot
BEL,Belgium,Europe & Central Asia,High income,2013,56263.175267967,4.2,10.937795519625888,protected_wdi_snapshot
BEL,Belgium,Europe & Central Asia,High income,2014,57002.9092185206,4.1,10.95085758443566,protected_wdi_snapshot
BEL,Belgium,Europe & Central Asia,High income,2015,57509.0245728704,4.1,10.95969716356362,protected_wdi_snapshot
BEL,Belgium,Europe & Central Asia,High income,2016,57901.497690315,4.1,10.966498530071364,protected_wdi_snapshot
BEL,Belgium,Europe & Central Asia,High income,2017,58529.3302957537,4,10.977283280151699,protected_wdi_snapshot
BEL,Belgium,Europe & Central Asia,High income,2018,59357.6896884396,4,10.991336956740847,protected_wdi_snapshot
BEL,Belgium,Europe & Central Asia,High income,2019,60479.9769955469,3.9,11.010067630488708,protected_wdi_snapshot
BEL,Belgium,Europe & Central Asia,High income,2020,57333.5424137924,3.9,10.956641113873024,protected_wdi_snapshot
BEL,Belgium,Europe & Central Asia,High income,2021,60669.2137746534,3.8,11.01319166180595,protected_wdi_snapshot
BEL,Belgium,Europe & Central Asia,High income,2022,62602.9270469765,3.8,11.044567313933994,protected_wdi_snapshot
BEN,Benin,Sub-Saharan Africa,Lower middle income,2000,2536.16885867097,135,7.8384098979898935,protected_wdi_snapshot
BEN,Benin,Sub-Saharan Africa,Lower middle income,2001,2591.06485220288,131.7,7.859824210045427,protected_wdi_snapshot
BEN,Benin,Sub-Saharan Africa,Lower middle income,2002,2630.18061029627,128.5,7.874807795930372,protected_wdi_snapshot
BEN,Benin,Sub-Saharan Africa,Lower middle income,2003,2639.04370114641,125.4,7.87817189610339,protected_wdi_snapshot
BEN,Benin,Sub-Saharan Africa,Lower middle income,2004,2672.84404357157,122.5,7.890898369345708,protected_wdi_snapshot
BEN,Benin,Sub-Saharan Africa,Lower middle income,2005,2632.47251454328,119.7,7.875678803134358,protected_wdi_snapshot
BEN,Benin,Sub-Saharan Africa,Lower middle income,2006,2652.21841967159,117,7.883151708273145,protected_wdi_snapshot
BEN,Benin,Sub-Saharan Africa,Lower middle income,2007,2729.13741390352,114.4,7.9117408726482505,protected_wdi_snapshot
BEN,Benin,Sub-Saharan Africa,Lower middle income,2008,2777.61974031765,112,7.929349631409977,protected_wdi_snapshot
BEN,Benin,Sub-Saharan Africa,Lower middle income,2009,2758.07243150648,109.7,7.922287320338522,protected_wdi_snapshot
BEN,Benin,Sub-Saharan Africa,Lower middle income,2010,2733.57399641151,107.4,7.913365188175909,protected_wdi_snapshot
BEN,Benin,Sub-Saharan Africa,Lower middle income,2011,2732.01249647957,105.1,7.912793794794264,protected_wdi_snapshot
BEN,Benin,Sub-Saharan Africa,Lower middle income,2012,2779.7264808532,102.9,7.930107813661946,protected_wdi_snapshot
BEN,Benin,Sub-Saharan Africa,Lower middle income,2013,2893.0467015352,100.6,7.97006544778922,protected_wdi_snapshot
BEN,Benin,Sub-Saharan Africa,Lower middle income,2014,2987.38236326153,98.4,8.002152819150366,protected_wdi_snapshot
BEN,Benin,Sub-Saharan Africa,Lower middle income,2015,2952.00218338705,96.1,7.990238925349849,protected_wdi_snapshot
BEN,Benin,Sub-Saharan Africa,Lower middle income,2016,2962.66381572265,94,7.993844080361058,protected_wdi_snapshot
BEN,Benin,Sub-Saharan Africa,Lower middle income,2017,3041.77929984989,91.8,8.020197919184621,protected_wdi_snapshot
BEN,Benin,Sub-Saharan Africa,Lower middle income,2018,3155.4510650627,89.4,8.056886733080468,protected_wdi_snapshot
BEN,Benin,Sub-Saharan Africa,Lower middle income,2019,3281.10470051465,87,8.095935443611552,protected_wdi_snapshot
BEN,Benin,Sub-Saharan Africa,Lower middle income,2020,3317.8597222557,84.6,8.107075192055483,protected_wdi_snapshot
BEN,Benin,Sub-Saharan Africa,Lower middle income,2021,3464.2886286745,82.2,8.150262588576828,protected_wdi_snapshot
BEN,Benin,Sub-Saharan Africa,Lower middle income,2022,3588.32519938147,79.6,8.185440854350675,protected_wdi_snapshot
BFA,Burkina Faso,Sub-Saharan Africa,Low income,2000,1428.57400617096,176,7.264432027238914,protected_wdi_snapshot
BFA,Burkina Faso,Sub-Saharan Africa,Low income,2001,1477.28491846525,171.9,7.297961167425015,protected_wdi_snapshot
BFA,Burkina Faso,Sub-Saharan Africa,Low income,2002,1494.67801269583,167.3,7.309666086504828,protected_wdi_snapshot
BFA,Burkina Faso,Sub-Saharan Africa,Low income,2003,1561.83310184915,162.3,7.353615475682643,protected_wdi_snapshot
BFA,Burkina Faso,Sub-Saharan Africa,Low income,2004,1581.25620933294,156.8,7.365974879318991,protected_wdi_snapshot
BFA,Burkina Faso,Sub-Saharan Africa,Low income,2005,1664.99543180023,150.8,7.417577658747255,protected_wdi_snapshot
BFA,Burkina Faso,Sub-Saharan Africa,Low income,2006,1714.76034904509,144.4,7.447028611669625,protected_wdi_snapshot
BFA,Burkina Faso,Sub-Saharan Africa,Low income,2007,1731.93046335077,138.1,7.4569919401355715,protected_wdi_snapshot
BFA,Burkina Faso,Sub-Saharan Africa,Low income,2008,1779.32710911571,132.1,7.483990543228632,protected_wdi_snapshot
BFA,Burkina Faso,Sub-Saharan Africa,Low income,2009,1779.32305627973,126.5,7.483988265490844,protected_wdi_snapshot
BFA,Burkina Faso,Sub-Saharan Africa,Low income,2010,1873.97146230828,121.3,7.535815234458447,protected_wdi_snapshot
BFA,Burkina Faso,Sub-Saharan Africa,Low income,2011,1939.86659989406,116.6,7.570374486751888,protected_wdi_snapshot
BFA,Burkina Faso,Sub-Saharan Africa,Low income,2012,2003.6646118745,112.3,7.6027330888545555,protected_wdi_snapshot
BFA,Burkina Faso,Sub-Saharan Africa,Low income,2013,2057.0639319853,108.2,7.629034969376735,protected_wdi_snapshot
BFA,Burkina Faso,Sub-Saharan Africa,Low income,2014,2083.19844698304,104.3,7.641659706518119,protected_wdi_snapshot
BFA,Burkina Faso,Sub-Saharan Africa,Low income,2015,2101.70266192027,100.8,7.650503086588339,protected_wdi_snapshot
BFA,Burkina Faso,Sub-Saharan Africa,Low income,2016,2162.72578977814,97.4,7.679124644813637,protected_wdi_snapshot
BFA,Burkina Faso,Sub-Saharan Africa,Low income,2017,2232.28781490944,94.1,7.710782264520137,protected_wdi_snapshot
BFA,Burkina Faso,Sub-Saharan Africa,Low income,2018,2316.39432079045,91,7.747767083609054,protected_wdi_snapshot
BFA,Burkina Faso,Sub-Saharan Africa,Low income,2019,2391.53626844484,88.1,7.779691228568742,protected_wdi_snapshot
BFA,Burkina Faso,Sub-Saharan Africa,Low income,2020,2380.93171826574,85.1,7.775247168320814,protected_wdi_snapshot
BFA,Burkina Faso,Sub-Saharan Africa,Low income,2021,2486.43093147762,82.4,7.818603600362044,protected_wdi_snapshot
BFA,Burkina Faso,Sub-Saharan Africa,Low income,2022,2469.19956941259,79.8,7.811649316136358,protected_wdi_snapshot
BGD,Bangladesh,South Asia,Lower middle income,2000,2712.93512215725,85.5,7.905786398682339,protected_wdi_snapshot
BGD,Bangladesh,South Asia,Lower middle income,2001,2803.55471950946,80.2,7.938643433657343,protected_wdi_snapshot
BGD,Bangladesh,South Asia,Lower middle income,2002,2866.43454328715,75.3,7.9608242170230525,protected_wdi_snapshot
BGD,Bangladesh,South Asia,Lower middle income,2003,2958.91503115633,70.8,7.99257793659634,protected_wdi_snapshot
BGD,Bangladesh,South Asia,Lower middle income,2004,3071.83778764611,66.8,8.030031289372793,protected_wdi_snapshot
BGD,Bangladesh,South Asia,Lower middle income,2005,3231.61370692891,63,8.080736891126731,protected_wdi_snapshot
BGD,Bangladesh,South Asia,Lower middle income,2006,3407.4273502159,59.6,8.133712842790475,protected_wdi_snapshot
BGD,Bangladesh,South Asia,Lower middle income,2007,3608.91543819399,56.5,8.191162573554758,protected_wdi_snapshot
BGD,Bangladesh,South Asia,Lower middle income,2008,3787.9382761855,53.6,8.23957715960761,protected_wdi_snapshot
BGD,Bangladesh,South Asia,Lower middle income,2009,3942.13631207203,51.1,8.279478066534402,protected_wdi_snapshot
BGD,Bangladesh,South Asia,Lower middle income,2010,4125.46390163202,48.7,8.324933753447219,protected_wdi_snapshot
BGD,Bangladesh,South Asia,Lower middle income,2011,4352.42643359325,46.5,8.37848876939571,protected_wdi_snapshot
BGD,Bangladesh,South Asia,Lower middle income,2012,4592.04840919812,44.4,8.432081480016596,protected_wdi_snapshot
BGD,Bangladesh,South Asia,Lower middle income,2013,4822.72621378266,42.4,8.481094651669922,protected_wdi_snapshot
BGD,Bangladesh,South Asia,Lower middle income,2014,5068.63965672741,40.5,8.530827748300487,protected_wdi_snapshot
BGD,Bangladesh,South Asia,Lower middle income,2015,5352.71133299566,38.5,8.585358502728898,protected_wdi_snapshot
BGD,Bangladesh,South Asia,Lower middle income,2016,5682.53553494306,36.7,8.645152809106717,protected_wdi_snapshot
BGD,Bangladesh,South Asia,Lower middle income,2017,6005.70718781048,35,8.700465494076488,protected_wdi_snapshot
BGD,Bangladesh,South Asia,Lower middle income,2018,6392.59334024091,33.5,8.762895308582543,protected_wdi_snapshot
BGD,Bangladesh,South Asia,Lower middle income,2019,6838.32611608243,32.3,8.830298260796813,protected_wdi_snapshot
BGD,Bangladesh,South Asia,Lower middle income,2020,7015.19792797056,31.4,8.855834207102255,protected_wdi_snapshot
BGD,Bangladesh,South Asia,Lower middle income,2021,7441.06913961254,30.9,8.914769819063883,protected_wdi_snapshot
BGD,Bangladesh,South Asia,Lower middle income,2022,7888.16389098304,30.7,8.97311867332107,protected_wdi_snapshot
BGR,Bulgaria,Europe & Central Asia,High income,2000,12563.8362285253,17.5,9.438577825594697,protected_wdi_snapshot
BGR,Bulgaria,Europe & Central Asia,High income,2001,13306.5044553959,16.7,9.49600825145723,protected_wdi_snapshot
BGR,Bulgaria,Europe & Central Asia,High income,2002,14397.001318192,16,9.574775222086537,protected_wdi_snapshot
BGR,Bulgaria,Europe & Central Asia,High income,2003,15271.4839489061,15.1,9.633742574165867,protected_wdi_snapshot
BGR,Bulgaria,Europe & Central Asia,High income,2004,16388.9600145841,14.2,9.704363217289304,protected_wdi_snapshot
BGR,Bulgaria,Europe & Central Asia,High income,2005,17678.0339712293,13.3,9.780078129286052,protected_wdi_snapshot
BGR,Bulgaria,Europe & Central Asia,High income,2006,19024.543813813,12.5,9.853485204193415,protected_wdi_snapshot
BGR,Bulgaria,Europe & Central Asia,High income,2007,20440.2525941501,11.9,9.925261402076416,protected_wdi_snapshot
BGR,Bulgaria,Europe & Central Asia,High income,2008,21845.954719527,11.4,9.991771044689036,protected_wdi_snapshot
BGR,Bulgaria,Europe & Central Asia,High income,2009,21251.2168646802,11.1,9.964169436933275,protected_wdi_snapshot
BGR,Bulgaria,Europe & Central Asia,High income,2010,21724.2863457596,10.9,9.986186100146838,protected_wdi_snapshot
BGR,Bulgaria,Europe & Central Asia,High income,2011,22321.033168819,10.4,10.01328470434953,protected_wdi_snapshot
BGR,Bulgaria,Europe & Central Asia,High income,2012,22618.8104278919,9.9,10.026537158892541,protected_wdi_snapshot
BGR,Bulgaria,Europe & Central Asia,High income,2013,22954.396399855,9.3,10.041264761406435,protected_wdi_snapshot
BGR,Bulgaria,Europe & Central Asia,High income,2014,23455.4830019277,8.7,10.062859563256893,protected_wdi_snapshot
BGR,Bulgaria,Europe & Central Asia,High income,2015,24562.648880929,8.2,10.108982229903335,protected_wdi_snapshot
BGR,Bulgaria,Europe & Central Asia,High income,2016,25636.7443903478,7.7,10.151781929117353,protected_wdi_snapshot
BGR,Bulgaria,Europe & Central Asia,High income,2017,26691.758001902,7.3,10.192110107666723,protected_wdi_snapshot
BGR,Bulgaria,Europe & Central Asia,High income,2018,27690.893655005,7,10.22885888920887,protected_wdi_snapshot
BGR,Bulgaria,Europe & Central Asia,High income,2019,29149.921509976,6.7,10.280207499149833,protected_wdi_snapshot
BGR,Bulgaria,Europe & Central Asia,High income,2020,28521.2062482596,6.5,10.258403168453594,protected_wdi_snapshot
BGR,Bulgaria,Europe & Central Asia,High income,2021,30958.9830238332,6.3,10.340418479096751,protected_wdi_snapshot
BGR,Bulgaria,Europe & Central Asia,High income,2022,32433.6587569626,6.1,10.386952013072175,protected_wdi_snapshot
BHR,Bahrain,"Middle East, North Africa, Afghanistan & Pakistan",High income,2000,57968.9956082135,12.5,10.967663588122157,protected_wdi_snapshot
BHR,Bahrain,"Middle East, North Africa, Afghanistan & Pakistan",High income,2001,57280.6986707494,12,10.95571899902434,protected_wdi_snapshot
BHR,Bahrain,"Middle East, North Africa, Afghanistan & Pakistan",High income,2002,55096.6571550779,11.6,10.916844324608714,protected_wdi_snapshot
BHR,Bahrain,"Middle East, North Africa, Afghanistan & Pakistan",High income,2003,54431.8763559658,11.3,10.904705223660928,protected_wdi_snapshot
BHR,Bahrain,"Middle East, North Africa, Afghanistan & Pakistan",High income,2004,54045.092888858,11,10.897574030580587,protected_wdi_snapshot
BHR,Bahrain,"Middle East, North Africa, Afghanistan & Pakistan",High income,2005,53478.2662415503,10.6,10.887030611871198,protected_wdi_snapshot
BHR,Bahrain,"Middle East, North Africa, Afghanistan & Pakistan",High income,2006,52691.9323366851,10.3,10.87221763622009,protected_wdi_snapshot
BHR,Bahrain,"Middle East, North Africa, Afghanistan & Pakistan",High income,2007,52731.7921672618,9.8,10.872973819568072,protected_wdi_snapshot
BHR,Bahrain,"Middle East, North Africa, Afghanistan & Pakistan",High income,2008,52765.3899455546,9.4,10.873610761309184,protected_wdi_snapshot
BHR,Bahrain,"Middle East, North Africa, Afghanistan & Pakistan",High income,2009,50665.7507489219,9,10.833005433672998,protected_wdi_snapshot
BHR,Bahrain,"Middle East, North Africa, Afghanistan & Pakistan",High income,2010,50704.8479679819,8.6,10.833776805678164,protected_wdi_snapshot
BHR,Bahrain,"Middle East, North Africa, Afghanistan & Pakistan",High income,2011,53132.3284162611,8.3,10.880540843371985,protected_wdi_snapshot
BHR,Bahrain,"Middle East, North Africa, Afghanistan & Pakistan",High income,2012,54516.8406594787,8.1,10.906264935845979,protected_wdi_snapshot
BHR,Bahrain,"Middle East, North Africa, Afghanistan & Pakistan",High income,2013,55376.4005147894,7.9,10.921908798491078,protected_wdi_snapshot
BHR,Bahrain,"Middle East, North Africa, Afghanistan & Pakistan",High income,2014,55065.8189472129,7.8,10.916284456861337,protected_wdi_snapshot
BHR,Bahrain,"Middle East, North Africa, Afghanistan & Pakistan",High income,2015,54149.9131524721,7.7,10.899511648595388,protected_wdi_snapshot
BHR,Bahrain,"Middle East, North Africa, Afghanistan & Pakistan",High income,2016,54107.0752236423,7.6,10.898720236757532,protected_wdi_snapshot
BHR,Bahrain,"Middle East, North Africa, Afghanistan & Pakistan",High income,2017,53859.7749589601,7.7,10.894139188097672,protected_wdi_snapshot
BHR,Bahrain,"Middle East, North Africa, Afghanistan & Pakistan",High income,2018,54893.0724411368,7.7,10.913142434492574,protected_wdi_snapshot
BHR,Bahrain,"Middle East, North Africa, Afghanistan & Pakistan",High income,2019,56749.9628370612,7.8,10.946410280489888,protected_wdi_snapshot
BHR,Bahrain,"Middle East, North Africa, Afghanistan & Pakistan",High income,2020,53814.2452592358,8,10.893293492871551,protected_wdi_snapshot
BHR,Bahrain,"Middle East, North Africa, Afghanistan & Pakistan",High income,2021,54954.6757895532,8.2,10.914264047923288,protected_wdi_snapshot
BHR,Bahrain,"Middle East, North Africa, Afghanistan & Pakistan",High income,2022,57572.997981018,8.4,10.960808951718148,protected_wdi_snapshot
BHS,"Bahamas, The",Latin America & Caribbean,High income,2000,34597.1621145274,16.2,10.45152693787066,protected_wdi_snapshot
BHS,"Bahamas, The",Latin America & Caribbean,High income,2001,35072.3658990461,16.3,10.465168803049973,protected_wdi_snapshot
BHS,"Bahamas, The",Latin America & Caribbean,High income,2002,35610.6786425646,16.5,10.480400833730346,protected_wdi_snapshot
BHS,"Bahamas, The",Latin America & Caribbean,High income,2003,34740.7635535381,16.7,10.455669018642164,protected_wdi_snapshot
BHS,"Bahamas, The",Latin America & Caribbean,High income,2004,34617.8051137459,16.8,10.452123427348505,protected_wdi_snapshot
BHS,"Bahamas, The",Latin America & Caribbean,High income,2005,35365.4663980219,16.9,10.473491097507598,protected_wdi_snapshot
BHS,"Bahamas, The",Latin America & Caribbean,High income,2006,35789.1322131898,16.8,10.485399556838283,protected_wdi_snapshot
BHS,"Bahamas, The",Latin America & Caribbean,High income,2007,35797.118972073,16.5,10.485622693510035,protected_wdi_snapshot
BHS,"Bahamas, The",Latin America & Caribbean,High income,2008,34498.0351399173,16.2,10.448657648931432,protected_wdi_snapshot
BHS,"Bahamas, The",Latin America & Caribbean,High income,2009,32630.263065979,15.8,10.392995451644325,protected_wdi_snapshot
BHS,"Bahamas, The",Latin America & Caribbean,High income,2010,32711.4592459383,15.4,10.395480731152718,protected_wdi_snapshot
BHS,"Bahamas, The",Latin America & Caribbean,High income,2011,32535.6625139135,15.1,10.390092074835744,protected_wdi_snapshot
BHS,"Bahamas, The",Latin America & Caribbean,High income,2012,33667.5547098911,14.7,10.424289884328925,protected_wdi_snapshot
BHS,"Bahamas, The",Latin America & Caribbean,High income,2013,32402.9163503108,14.4,10.386003708541752,protected_wdi_snapshot
BHS,"Bahamas, The",Latin America & Caribbean,High income,2014,32712.6356664811,14.2,10.395516694066519,protected_wdi_snapshot
BHS,"Bahamas, The",Latin America & Caribbean,High income,2015,32777.5849410742,14,10.397500174814763,protected_wdi_snapshot
BHS,"Bahamas, The",Latin America & Caribbean,High income,2016,32172.3365152976,13.8,10.378862247850444,protected_wdi_snapshot
BHS,"Bahamas, The",Latin America & Caribbean,High income,2017,33050.0350128611,13.7,10.405777904669925,protected_wdi_snapshot
BHS,"Bahamas, The",Latin America & Caribbean,High income,2018,33650.2164350935,13.5,10.423774767001476,protected_wdi_snapshot
BHS,"Bahamas, The",Latin America & Caribbean,High income,2019,33202.4902105068,24.3,10.41038015843231,protected_wdi_snapshot
BHS,"Bahamas, The",Latin America & Caribbean,High income,2020,26452.695760929,13.3,10.183113351220795,protected_wdi_snapshot
BHS,"Bahamas, The",Latin America & Caribbean,High income,2021,31064.6822166194,13.1,10.343826832817896,protected_wdi_snapshot
BHS,"Bahamas, The",Latin America & Caribbean,High income,2022,34342.9285316569,12.9,10.444151411294527,protected_wdi_snapshot
BIH,Bosnia and Herzegovina,Europe & Central Asia,Upper middle income,2000,7830.5018609252,9.5,8.965781881557339,protected_wdi_snapshot
BIH,Bosnia and Herzegovina,Europe & Central Asia,Upper middle income,2001,7982.5188539099,8.9,8.985009286491554,protected_wdi_snapshot
BIH,Bosnia and Herzegovina,Europe & Central Asia,Upper middle income,2002,8366.69155604844,8.4,9.032013811273847,protected_wdi_snapshot
BIH,Bosnia and Herzegovina,Europe & Central Asia,Upper middle income,2003,8709.95671578197,8,9.072222100348778,protected_wdi_snapshot
BIH,Bosnia and Herzegovina,Europe & Central Asia,Upper middle income,2004,9344.83015887193,7.6,9.142578545178964,protected_wdi_snapshot
BIH,Bosnia and Herzegovina,Europe & Central Asia,Upper middle income,2005,9814.46964102531,7.4,9.191613069695347,protected_wdi_snapshot
BIH,Bosnia and Herzegovina,Europe & Central Asia,Upper middle income,2006,10430.4119951847,7.2,9.252481048191157,protected_wdi_snapshot
BIH,Bosnia and Herzegovina,Europe & Central Asia,Upper middle income,2007,11178.6814832392,7.1,9.321763804444622,protected_wdi_snapshot
BIH,Bosnia and Herzegovina,Europe & Central Asia,Upper middle income,2008,11983.7199632138,7,9.391304337928384,protected_wdi_snapshot
BIH,Bosnia and Herzegovina,Europe & Central Asia,Upper middle income,2009,11826.6501351383,6.9,9.37811074993636,protected_wdi_snapshot
BIH,Bosnia and Herzegovina,Europe & Central Asia,Upper middle income,2010,12142.8616958168,6.8,9.404496761366689,protected_wdi_snapshot
BIH,Bosnia and Herzegovina,Europe & Central Asia,Upper middle income,2011,12487.6490566037,6.8,9.43249535935033,protected_wdi_snapshot
BIH,Bosnia and Herzegovina,Europe & Central Asia,Upper middle income,2012,12626.9263237753,6.7,9.443586822605415,protected_wdi_snapshot
BIH,Bosnia and Herzegovina,Europe & Central Asia,Upper middle income,2013,13135.7175053454,6.7,9.483090326082266,protected_wdi_snapshot
BIH,Bosnia and Herzegovina,Europe & Central Asia,Upper middle income,2014,13458.852576408,6.7,9.507392352641368,protected_wdi_snapshot
BIH,Bosnia and Herzegovina,Europe & Central Asia,Upper middle income,2015,14220.0900038037,6.7,9.562411032718614,protected_wdi_snapshot
BIH,Bosnia and Herzegovina,Europe & Central Asia,Upper middle income,2016,14873.6411107879,6.8,9.607345872344197,protected_wdi_snapshot
BIH,Bosnia and Herzegovina,Europe & Central Asia,Upper middle income,2017,15554.6587430766,6.8,9.652115470362478,protected_wdi_snapshot
BIH,Bosnia and Herzegovina,Europe & Central Asia,Upper middle income,2018,16348.9997145353,6.8,9.70192199491473,protected_wdi_snapshot
BIH,Bosnia and Herzegovina,Europe & Central Asia,Upper middle income,2019,17029.2971980343,6.7,9.742690504339771,protected_wdi_snapshot
BIH,Bosnia and Herzegovina,Europe & Central Asia,Upper middle income,2020,16747.0353918695,6.6,9.725976530058183,protected_wdi_snapshot
BIH,Bosnia and Herzegovina,Europe & Central Asia,Upper middle income,2021,18286.6614977175,6.4,9.813927193161259,protected_wdi_snapshot
BIH,Bosnia and Herzegovina,Europe & Central Asia,Upper middle income,2022,19298.117076437,6.2,9.867762809327239,protected_wdi_snapshot
BLR,Belarus,Europe & Central Asia,Upper middle income,2000,11182.4548339393,12.8,9.322101296303925,protected_wdi_snapshot
BLR,Belarus,Europe & Central Asia,Upper middle income,2001,11771.0872003861,11.8,9.373401566454543,protected_wdi_snapshot
BLR,Belarus,Europe & Central Asia,Upper middle income,2002,12443.9322575939,10.9,9.428988414222085,protected_wdi_snapshot
BLR,Belarus,Europe & Central Asia,Upper middle income,2003,13413.9265504854,10.1,9.504048741058394,protected_wdi_snapshot
BLR,Belarus,Europe & Central Asia,Upper middle income,2004,15052.1182160947,9.4,9.6192740055288,protected_wdi_snapshot
BLR,Belarus,Europe & Central Asia,Upper middle income,2005,16579.8731683834,8.7,9.715944778984719,protected_wdi_snapshot
BLR,Belarus,Europe & Central Asia,Upper middle income,2006,18349.8719060634,8,9.817377872862352,protected_wdi_snapshot
BLR,Belarus,Europe & Central Asia,Upper middle income,2007,20019.6111676728,7.3,9.904467630486433,protected_wdi_snapshot
BLR,Belarus,Europe & Central Asia,Upper middle income,2008,22137.9472928315,6.6,10.005048487096746,protected_wdi_snapshot
BLR,Belarus,Europe & Central Asia,Upper middle income,2009,22236.8387691136,6.1,10.009505596584887,protected_wdi_snapshot
BLR,Belarus,Europe & Central Asia,Upper middle income,2010,24012.6133040213,5.6,10.086334525608992,protected_wdi_snapshot
BLR,Belarus,Europe & Central Asia,Upper middle income,2011,25404.7566082412,5.2,10.14269170351515,protected_wdi_snapshot
BLR,Belarus,Europe & Central Asia,Upper middle income,2012,25879.1319400701,4.9,10.161192206323943,protected_wdi_snapshot
BLR,Belarus,Europe & Central Asia,Upper middle income,2013,26147.6253584645,4.6,10.171513656898009,protected_wdi_snapshot
BLR,Belarus,Europe & Central Asia,Upper middle income,2014,26564.4347246547,4.3,10.187328559707192,protected_wdi_snapshot
BLR,Belarus,Europe & Central Asia,Upper middle income,2015,25513.2132958317,4.1,10.146951765407586,protected_wdi_snapshot
BLR,Belarus,Europe & Central Asia,Upper middle income,2016,24846.8301529359,3.9,10.120485464150411,protected_wdi_snapshot
BLR,Belarus,Europe & Central Asia,Upper middle income,2017,25503.9809845207,3.6,10.146589836001548,protected_wdi_snapshot
BLR,Belarus,Europe & Central Asia,Upper middle income,2018,26363.4629778536,3.4,10.179734352440555,protected_wdi_snapshot
BLR,Belarus,Europe & Central Asia,Upper middle income,2019,26798.8206398076,3.1,10.196113159553327,protected_wdi_snapshot
BLR,Belarus,Europe & Central Asia,Upper middle income,2020,26731.4953869922,2.9,10.193597751713012,protected_wdi_snapshot
BLR,Belarus,Europe & Central Asia,Upper middle income,2021,27611.1801135157,2.7,10.22597604626053,protected_wdi_snapshot
BLR,Belarus,Europe & Central Asia,Upper middle income,2022,26537.5083081674,2.6,10.186314419084185,protected_wdi_snapshot
BLZ,Belize,Latin America & Caribbean,Upper middle income,2000,11363.6868781615,24.5,9.3381781887544,protected_wdi_snapshot
BLZ,Belize,Latin America & Caribbean,Upper middle income,2001,11567.0265720608,23.6,9.355913792522884,protected_wdi_snapshot
BLZ,Belize,Latin America & Caribbean,Upper middle income,2002,11828.1865744067,22.8,9.378240654808621,protected_wdi_snapshot
BLZ,Belize,Latin America & Caribbean,Upper middle income,2003,12589.2679378206,22.1,9.440599979026988,protected_wdi_snapshot
BLZ,Belize,Latin America & Caribbean,Upper middle income,2004,12807.1658774384,21.5,9.457760127433893,protected_wdi_snapshot
BLZ,Belize,Latin America & Caribbean,Upper middle income,2005,12714.9697390831,21,9.450535297914977,protected_wdi_snapshot
BLZ,Belize,Latin America & Caribbean,Upper middle income,2006,12912.5300233774,20.6,9.465953438565744,protected_wdi_snapshot
BLZ,Belize,Latin America & Caribbean,Upper middle income,2007,12973.2067214746,20.2,9.470641488191193,protected_wdi_snapshot
BLZ,Belize,Latin America & Caribbean,Upper middle income,2008,12415.6811300464,19.7,9.426715559912665,protected_wdi_snapshot
BLZ,Belize,Latin America & Caribbean,Upper middle income,2009,12033.9096816588,19.3,9.395483750488612,protected_wdi_snapshot
BLZ,Belize,Latin America & Caribbean,Upper middle income,2010,11913.6635959061,18.8,9.385441221757262,protected_wdi_snapshot
BLZ,Belize,Latin America & Caribbean,Upper middle income,2011,11641.7717375703,18.3,9.362354920833958,protected_wdi_snapshot
BLZ,Belize,Latin America & Caribbean,Upper middle income,2012,11843.4153404212,17.7,9.379527324647887,protected_wdi_snapshot
BLZ,Belize,Latin America & Caribbean,Upper middle income,2013,12064.797259406,17,9.398047173890259,protected_wdi_snapshot
BLZ,Belize,Latin America & Caribbean,Upper middle income,2014,12272.2957895446,16.3,9.415099626115184,protected_wdi_snapshot
BLZ,Belize,Latin America & Caribbean,Upper middle income,2015,12348.7944978311,15.6,9.421313725780157,protected_wdi_snapshot
BLZ,Belize,Latin America & Caribbean,Upper middle income,2016,12063.0600374093,15,9.397903172541252,protected_wdi_snapshot
BLZ,Belize,Latin America & Caribbean,Upper middle income,2017,11572.3007931461,14.4,9.356369658944011,protected_wdi_snapshot
BLZ,Belize,Latin America & Caribbean,Upper middle income,2018,11451.8979413877,13.9,9.34591075431903,protected_wdi_snapshot
BLZ,Belize,Latin America & Caribbean,Upper middle income,2019,11765.9748661176,13.5,9.372967159277092,protected_wdi_snapshot
BLZ,Belize,Latin America & Caribbean,Upper middle income,2020,10045.1404163746,13.2,9.214844255884493,protected_wdi_snapshot
BLZ,Belize,Latin America & Caribbean,Upper middle income,2021,11716.3267818656,13,9.368738599489822,protected_wdi_snapshot
BLZ,Belize,Latin America & Caribbean,Upper middle income,2022,12565.3645829576,12.8,9.438699465311426,protected_wdi_snapshot
BOL,Bolivia,Latin America & Caribbean,Lower middle income,2000,7492.4338168091,70.7,8.921648965893093,protected_wdi_snapshot
BOL,Bolivia,Latin America & Caribbean,Lower middle income,2001,7491.15257765571,66.3,8.921477946869638,protected_wdi_snapshot
BOL,Bolivia,Latin America & Caribbean,Lower middle income,2002,7550.01554645092,62.1,8.929304901373522,protected_wdi_snapshot
BOL,Bolivia,Latin America & Caribbean,Lower middle income,2003,7625.90515918892,58.2,8.939306303832035,protected_wdi_snapshot
BOL,Bolivia,Latin America & Caribbean,Lower middle income,2004,7811.59684093936,54.5,8.963364683002196,protected_wdi_snapshot
BOL,Bolivia,Latin America & Caribbean,Lower middle income,2005,8020.63568834793,51,8.989772960605698,protected_wdi_snapshot
BOL,Bolivia,Latin America & Caribbean,Lower middle income,2006,8263.31896853691,47.7,9.01958159798167,protected_wdi_snapshot
BOL,Bolivia,Latin America & Caribbean,Lower middle income,2007,8493.94848212653,44.7,9.04710924564721,protected_wdi_snapshot
BOL,Bolivia,Latin America & Caribbean,Lower middle income,2008,8865.27246616683,41.8,9.089896953080196,protected_wdi_snapshot
BOL,Bolivia,Latin America & Caribbean,Lower middle income,2009,9011.55629873547,39.1,9.106263065845567,protected_wdi_snapshot
BOL,Bolivia,Latin America & Caribbean,Lower middle income,2010,9230.3980801466,36.7,9.130257455510165,protected_wdi_snapshot
BOL,Bolivia,Latin America & Caribbean,Lower middle income,2011,9554.44502513,34.4,9.164761772845207,protected_wdi_snapshot
BOL,Bolivia,Latin America & Caribbean,Lower middle income,2012,9884.46163594645,32.3,9.198719271394857,protected_wdi_snapshot
BOL,Bolivia,Latin America & Caribbean,Lower middle income,2013,10391.3833756917,30.3,9.248732220147668,protected_wdi_snapshot
BOL,Bolivia,Latin America & Caribbean,Lower middle income,2014,10790.8472887528,28.4,9.286453580540197,protected_wdi_snapshot
BOL,Bolivia,Latin America & Caribbean,Lower middle income,2015,11144.6415720641,26.7,9.318714084877877,protected_wdi_snapshot
BOL,Bolivia,Latin America & Caribbean,Lower middle income,2016,11448.02180322,25,9.345572225778499,protected_wdi_snapshot
BOL,Bolivia,Latin America & Caribbean,Lower middle income,2017,11755.2556195885,23.4,9.372055706342884,protected_wdi_snapshot
BOL,Bolivia,Latin America & Caribbean,Lower middle income,2018,11920.3135079645,22,9.385999241277208,protected_wdi_snapshot
BOL,Bolivia,Latin America & Caribbean,Lower middle income,2019,11930.9159145918,20.6,9.386888286209679,protected_wdi_snapshot
BOL,Bolivia,Latin America & Caribbean,Lower middle income,2020,10285.6590750222,19.3,9.238505881222299,protected_wdi_snapshot
BOL,Bolivia,Latin America & Caribbean,Lower middle income,2021,11202.4409836707,18.2,9.323886978507229,protected_wdi_snapshot
BOL,Bolivia,Latin America & Caribbean,Lower middle income,2022,11487.7148799194,17.3,9.34903347203149,protected_wdi_snapshot
BRA,Brazil,Latin America & Caribbean,Upper middle income,2000,14005.3471874231,34.4,9.547194477634926,protected_wdi_snapshot
BRA,Brazil,Latin America & Caribbean,Upper middle income,2001,14016.1313772236,32.2,9.547964186507214,protected_wdi_snapshot
BRA,Brazil,Latin America & Caribbean,Upper middle income,2002,14265.9048770292,30.1,9.56562769500622,protected_wdi_snapshot
BRA,Brazil,Latin America & Caribbean,Upper middle income,2003,14259.3664089322,28.2,9.565169261630007,protected_wdi_snapshot
BRA,Brazil,Latin America & Caribbean,Upper middle income,2004,14911.2609608592,26.3,9.609871975669014,protected_wdi_snapshot
BRA,Brazil,Latin America & Caribbean,Upper middle income,2005,15221.0138281541,24.6,9.630432240771082,protected_wdi_snapshot
BRA,Brazil,Latin America & Caribbean,Upper middle income,2006,15657.4795716983,23.1,9.658704009701179,protected_wdi_snapshot
BRA,Brazil,Latin America & Caribbean,Upper middle income,2007,16440.583740032,21.7,9.707508175281019,protected_wdi_snapshot
BRA,Brazil,Latin America & Caribbean,Upper middle income,2008,17113.3679822643,20.5,9.747615190429551,protected_wdi_snapshot
BRA,Brazil,Latin America & Caribbean,Upper middle income,2009,16939.4407810328,19.5,9.737399955915738,protected_wdi_snapshot
BRA,Brazil,Latin America & Caribbean,Upper middle income,2010,18062.1581103659,18.6,9.801574316529816,protected_wdi_snapshot
BRA,Brazil,Latin America & Caribbean,Upper middle income,2011,18627.8104529397,17.9,9.832410928666114,protected_wdi_snapshot
BRA,Brazil,Latin America & Caribbean,Upper middle income,2012,18832.2195527075,17.2,9.843324487923363,protected_wdi_snapshot
BRA,Brazil,Latin America & Caribbean,Upper middle income,2013,19241.5059815726,16.7,9.864824994626998,protected_wdi_snapshot
BRA,Brazil,Latin America & Caribbean,Upper middle income,2014,19183.172744636,16.3,9.861788754185508,protected_wdi_snapshot
BRA,Brazil,Latin America & Caribbean,Upper middle income,2015,18357.0690617991,16,9.817770014274203,protected_wdi_snapshot
BRA,Brazil,Latin America & Caribbean,Upper middle income,2016,17620.9272434136,16.8,9.776842522589865,protected_wdi_snapshot
BRA,Brazil,Latin America & Caribbean,Upper middle income,2017,17724.4799577784,15.4,9.782702011493381,protected_wdi_snapshot
BRA,Brazil,Latin America & Caribbean,Upper middle income,2018,17917.7492123359,15.2,9.793547076650146,protected_wdi_snapshot
BRA,Brazil,Latin America & Caribbean,Upper middle income,2019,18018.6209151518,15,9.79916099744301,protected_wdi_snapshot
BRA,Brazil,Latin America & Caribbean,Upper middle income,2020,17327.5157249466,14.9,9.7600510213056,protected_wdi_snapshot
BRA,Brazil,Latin America & Caribbean,Upper middle income,2021,18075.7060049068,14.7,9.802324106010035,protected_wdi_snapshot
BRA,Brazil,Latin America & Caribbean,Upper middle income,2022,18554.0461828566,14.6,9.82844316731525,protected_wdi_snapshot
BRB,Barbados,Latin America & Caribbean,High income,2000,21315.7684300571,14.4,9.967202379689859,protected_wdi_snapshot
BRB,Barbados,Latin America & Caribbean,High income,2001,20782.8432453701,14.5,9.941883081345846,protected_wdi_snapshot
BRB,Barbados,Latin America & Caribbean,High income,2002,20809.8567218941,14.7,9.943182034303627,protected_wdi_snapshot
BRB,Barbados,Latin America & Caribbean,High income,2003,21132.3281963019,14.8,9.95855928893693,protected_wdi_snapshot
BRB,Barbados,Latin America & Caribbean,High income,2004,21308.6052569587,14.9,9.966866272784527,protected_wdi_snapshot
BRB,Barbados,Latin America & Caribbean,High income,2005,22035.3859581035,14.8,10.000404892806987,protected_wdi_snapshot
BRB,Barbados,Latin America & Caribbean,High income,2006,23260.8645438811,14.7,10.054527594078438,protected_wdi_snapshot
BRB,Barbados,Latin America & Caribbean,High income,2007,23631.9433885299,14.5,10.07035460922538,protected_wdi_snapshot
BRB,Barbados,Latin America & Caribbean,High income,2008,23657.2900650446,14.3,10.071426594414856,protected_wdi_snapshot
BRB,Barbados,Latin America & Caribbean,High income,2009,22354.8404800399,14.1,10.014798152880594,protected_wdi_snapshot
BRB,Barbados,Latin America & Caribbean,High income,2010,20464.7939658776,13.9,9.926461321242186,protected_wdi_snapshot
BRB,Barbados,Latin America & Caribbean,High income,2011,20383.2530917687,13.7,9.922468915813232,protected_wdi_snapshot
BRB,Barbados,Latin America & Caribbean,High income,2012,19743.57827095,13.5,9.890583566618298,protected_wdi_snapshot
BRB,Barbados,Latin America & Caribbean,High income,2013,19730.3469740518,13.3,9.889913184977171,protected_wdi_snapshot
BRB,Barbados,Latin America & Caribbean,High income,2014,19840.8306179644,13.1,9.895497245787332,protected_wdi_snapshot
BRB,Barbados,Latin America & Caribbean,High income,2015,19642.2322500219,12.8,9.885437233801257,protected_wdi_snapshot
BRB,Barbados,Latin America & Caribbean,High income,2016,19877.1120083968,12.4,9.897324198450276,protected_wdi_snapshot
BRB,Barbados,Latin America & Caribbean,High income,2017,19966.3202405154,12.1,9.90180214506031,protected_wdi_snapshot
BRB,Barbados,Latin America & Caribbean,High income,2018,19877.6759569235,11.8,9.897352569801534,protected_wdi_snapshot
BRB,Barbados,Latin America & Caribbean,High income,2019,19890.455714094,11.4,9.897995283304704,protected_wdi_snapshot
BRB,Barbados,Latin America & Caribbean,High income,2020,16399.7020111405,11.1,9.705018443594804,protected_wdi_snapshot
BRB,Barbados,Latin America & Caribbean,High income,2021,17686.7469386289,10.7,9.780570877571307,protected_wdi_snapshot
BRB,Barbados,Latin America & Caribbean,High income,2022,20494.5343836936,10.4,9.927913514148706,protected_wdi_snapshot
BRN,Brunei Darussalam,East Asia & Pacific,High income,2000,100323.439918528,10.3,11.516154644737888,protected_wdi_snapshot
BRN,Brunei Darussalam,East Asia & Pacific,High income,2001,99680.7626777537,10,11.509727985253583,protected_wdi_snapshot
BRN,Brunei Darussalam,East Asia & Pacific,High income,2002,101571.583784666,9.8,11.528519087847972,protected_wdi_snapshot
BRN,Brunei Darussalam,East Asia & Pacific,High income,2003,103226.914446986,9.7,11.54468489693238,protected_wdi_snapshot
BRN,Brunei Darussalam,East Asia & Pacific,High income,2004,101497.754798655,9.6,11.527791957009027,protected_wdi_snapshot
BRN,Brunei Darussalam,East Asia & Pacific,High income,2005,99795.6850854526,9.5,11.510880225748162,protected_wdi_snapshot
BRN,Brunei Darussalam,East Asia & Pacific,High income,2006,102248.510300567,9.5,11.535161504611308,protected_wdi_snapshot
BRN,Brunei Darussalam,East Asia & Pacific,High income,2007,96752.6204091885,9.6,11.479912694857951,protected_wdi_snapshot
BRN,Brunei Darussalam,East Asia & Pacific,High income,2008,91275.5000919182,9.6,11.421637685467122,protected_wdi_snapshot
BRN,Brunei Darussalam,East Asia & Pacific,High income,2009,87875.8283546044,9.7,11.38368005557897,protected_wdi_snapshot
BRN,Brunei Darussalam,East Asia & Pacific,High income,2010,88586.5133683924,9.9,11.391734905688265,protected_wdi_snapshot
BRN,Brunei Darussalam,East Asia & Pacific,High income,2011,90279.6634042123,10,11.410667502570648,protected_wdi_snapshot
BRN,Brunei Darussalam,East Asia & Pacific,High income,2012,89718.4636049982,10.2,11.40443186415625,protected_wdi_snapshot
BRN,Brunei Darussalam,East Asia & Pacific,High income,2013,86606.6518910199,10.4,11.369131903275255,protected_wdi_snapshot
BRN,Brunei Darussalam,East Asia & Pacific,High income,2014,83310.6151819533,10.6,11.330331253192721,protected_wdi_snapshot
BRN,Brunei Darussalam,East Asia & Pacific,High income,2015,81910.1882959493,10.7,11.31337866132216,protected_wdi_snapshot
BRN,Brunei Darussalam,East Asia & Pacific,High income,2016,78880.6228501768,10.7,11.275690885418983,protected_wdi_snapshot
BRN,Brunei Darussalam,East Asia & Pacific,High income,2017,78966.8643142346,10.7,11.27678360439967,protected_wdi_snapshot
BRN,Brunei Darussalam,East Asia & Pacific,High income,2018,78099.0507802561,10.6,11.265733181851948,protected_wdi_snapshot
BRN,Brunei Darussalam,East Asia & Pacific,High income,2019,80228.1598170527,10.5,11.29262985213981,protected_wdi_snapshot
BRN,Brunei Darussalam,East Asia & Pacific,High income,2020,80280.8980640677,10.4,11.293286989495284,protected_wdi_snapshot
BRN,Brunei Darussalam,East Asia & Pacific,High income,2021,78248.797127611,10.3,11.267648736113141,protected_wdi_snapshot
BRN,Brunei Darussalam,East Asia & Pacific,High income,2022,76357.829114996,10.2,11.243185847825758,protected_wdi_snapshot
BTN,Bhutan,South Asia,Lower middle income,2000,5287.57434721684,77.7,8.573114884195034,protected_wdi_snapshot
BTN,Bhutan,South Asia,Lower middle income,2001,5545.6305511084,73.2,8.62076560857788,protected_wdi_snapshot
BTN,Bhutan,South Asia,Lower middle income,2002,5991.25497571775,68.8,8.69805618097093,protected_wdi_snapshot
BTN,Bhutan,South Asia,Lower middle income,2003,6323.5411950973,64.6,8.752034645902638,protected_wdi_snapshot
BTN,Bhutan,South Asia,Lower middle income,2004,6517.99683290216,60.6,8.782322373497138,protected_wdi_snapshot
BTN,Bhutan,South Asia,Lower middle income,2005,6850.80441609334,56.7,8.832121357367882,protected_wdi_snapshot
BTN,Bhutan,South Asia,Lower middle income,2006,7140.85609148376,52.9,8.87358794891414,protected_wdi_snapshot
BTN,Bhutan,South Asia,Lower middle income,2007,8195.07074477912,49.5,9.011288123816584,protected_wdi_snapshot
BTN,Bhutan,South Asia,Lower middle income,2008,8470.03471622855,46.2,9.044289886365982,protected_wdi_snapshot
BTN,Bhutan,South Asia,Lower middle income,2009,9019.11861272397,43.3,9.107101893506657,protected_wdi_snapshot
BTN,Bhutan,South Asia,Lower middle income,2010,9985.28455483655,40.5,9.20886774367485,protected_wdi_snapshot
BTN,Bhutan,South Asia,Lower middle income,2011,10714.686566371,37.9,9.279370655624584,protected_wdi_snapshot
BTN,Bhutan,South Asia,Lower middle income,2012,11143.9445354588,35.5,9.318651538370695,protected_wdi_snapshot
BTN,Bhutan,South Asia,Lower middle income,2013,11212.479426698,33.2,9.324782671511231,protected_wdi_snapshot
BTN,Bhutan,South Asia,Lower middle income,2014,11744.5189124825,31.2,9.371141935205342,protected_wdi_snapshot
BTN,Bhutan,South Asia,Lower middle income,2015,12400.2983237391,29.2,9.425475809669788,protected_wdi_snapshot
BTN,Bhutan,South Asia,Lower middle income,2016,13320.9759036882,27.4,9.497095207453212,protected_wdi_snapshot
BTN,Bhutan,South Asia,Lower middle income,2017,13482.3425280358,25.8,9.50913614741284,protected_wdi_snapshot
BTN,Bhutan,South Asia,Lower middle income,2018,13854.8543977158,24.2,9.53639094823542,protected_wdi_snapshot
BTN,Bhutan,South Asia,Lower middle income,2019,14555.1884045845,22.7,9.58570280041642,protected_wdi_snapshot
BTN,Bhutan,South Asia,Lower middle income,2020,12979.9369485824,21.3,9.471160132664034,protected_wdi_snapshot
BTN,Bhutan,South Asia,Lower middle income,2021,13458.812666743,20,9.507389387327352,protected_wdi_snapshot
BTN,Bhutan,South Asia,Lower middle income,2022,14061.3120274588,19,9.551182477330931,protected_wdi_snapshot
BWA,Botswana,Sub-Saharan Africa,Upper middle income,2000,13185.8171514278,79.8,9.48689707270525,protected_wdi_snapshot
BWA,Botswana,Sub-Saharan Africa,Upper middle income,2001,12949.6403104655,79.3,9.468823291488315,protected_wdi_snapshot
BWA,Botswana,Sub-Saharan Africa,Upper middle income,2002,13479.6960719923,77.9,9.50893983762401,protected_wdi_snapshot
BWA,Botswana,Sub-Saharan Africa,Upper middle income,2003,13857.2588264737,76.7,9.53656447731597,protected_wdi_snapshot
BWA,Botswana,Sub-Saharan Africa,Upper middle income,2004,13984.8415112641,75.7,9.545729272805602,protected_wdi_snapshot
BWA,Botswana,Sub-Saharan Africa,Upper middle income,2005,14361.9576327759,70.8,9.572338158712974,protected_wdi_snapshot
BWA,Botswana,Sub-Saharan Africa,Upper middle income,2006,15275.5828811117,66,9.634010942468002,protected_wdi_snapshot
BWA,Botswana,Sub-Saharan Africa,Upper middle income,2007,15850.2343496231,64.3,9.670939564661303,protected_wdi_snapshot
BWA,Botswana,Sub-Saharan Africa,Upper middle income,2008,16040.3153236098,63.7,9.682860539806443,protected_wdi_snapshot
BWA,Botswana,Sub-Saharan Africa,Upper middle income,2009,13489.9509168296,60.6,9.509700310709608,protected_wdi_snapshot
BWA,Botswana,Sub-Saharan Africa,Upper middle income,2010,14545.0198074427,58.4,9.585003932732617,protected_wdi_snapshot
BWA,Botswana,Sub-Saharan Africa,Upper middle income,2011,15236.7188843522,58.8,9.631463509758712,protected_wdi_snapshot
BWA,Botswana,Sub-Saharan Africa,Upper middle income,2012,14957.6189142932,53.9,9.612976075377542,protected_wdi_snapshot
BWA,Botswana,Sub-Saharan Africa,Upper middle income,2013,16369.4252971454,50.3,9.703170562671662,protected_wdi_snapshot
BWA,Botswana,Sub-Saharan Africa,Upper middle income,2014,17052.1924105361,49,9.744034061573263,protected_wdi_snapshot
BWA,Botswana,Sub-Saharan Africa,Upper middle income,2015,15994.9643042101,46.7,9.680029220696857,protected_wdi_snapshot
BWA,Botswana,Sub-Saharan Africa,Upper middle income,2016,16905.588740873,45.1,9.73539954096993,protected_wdi_snapshot
BWA,Botswana,Sub-Saharan Africa,Upper middle income,2017,17352.8958451454,42.1,9.761514678948673,protected_wdi_snapshot
BWA,Botswana,Sub-Saharan Africa,Upper middle income,2018,17825.018569213,41.2,9.788358287033034,protected_wdi_snapshot
BWA,Botswana,Sub-Saharan Africa,Upper middle income,2019,18106.0105471124,40,9.803999236555507,protected_wdi_snapshot
BWA,Botswana,Sub-Saharan Africa,Upper middle income,2020,16289.3913582645,38.9,9.69826933799228,protected_wdi_snapshot
BWA,Botswana,Sub-Saharan Africa,Upper middle income,2021,17960.6254447437,37.1,9.795937165567416,protected_wdi_snapshot
BWA,Botswana,Sub-Saharan Africa,Upper middle income,2022,18647.3734588832,35.7,9.83346058185017,protected_wdi_snapshot
CAF,Central African Republic,Sub-Saharan Africa,Low income,2000,1245.81399563599,165.5,7.1275444070128335,protected_wdi_snapshot
CAF,Central African Republic,Sub-Saharan Africa,Low income,2001,1272.85710758505,162.5,7.149019343698582,protected_wdi_snapshot
CAF,Central African Republic,Sub-Saharan Africa,Low income,2002,1290.38314917126,159,7.162694468116977,protected_wdi_snapshot
CAF,Central African Republic,Sub-Saharan Africa,Low income,2003,1191.8731520062,155.6,7.083281425860519,protected_wdi_snapshot
CAF,Central African Republic,Sub-Saharan Africa,Low income,2004,1236.28534712166,151.8,7.119866474739829,protected_wdi_snapshot
CAF,Central African Republic,Sub-Saharan Africa,Low income,2005,1219.5939445674,147.9,7.106273250004529,protected_wdi_snapshot
CAF,Central African Republic,Sub-Saharan Africa,Low income,2006,1251.87082171335,143.5,7.132394368791627,protected_wdi_snapshot
CAF,Central African Republic,Sub-Saharan Africa,Low income,2007,1284.55283590666,139.3,7.1581659491463014,protected_wdi_snapshot
CAF,Central African Republic,Sub-Saharan Africa,Low income,2008,1283.2728263106,135.5,7.1571689891728,protected_wdi_snapshot
CAF,Central African Republic,Sub-Saharan Africa,Low income,2009,1402.68164770801,489.3,7.246141146092598,protected_wdi_snapshot
CAF,Central African Republic,Sub-Saharan Africa,Low income,2010,1479.41367757692,150.7,7.299401124465173,protected_wdi_snapshot
CAF,Central African Republic,Sub-Saharan Africa,Low income,2011,1517.14839091011,125.1,7.324587793226504,protected_wdi_snapshot
CAF,Central African Republic,Sub-Saharan Africa,Low income,2012,1577.98053252253,121.9,7.36390116452524,protected_wdi_snapshot
CAF,Central African Republic,Sub-Saharan Africa,Low income,2013,996.896355923912,134.2,6.904646808614125,protected_wdi_snapshot
CAF,Central African Republic,Sub-Saharan Africa,Low income,2014,1001.85598053496,186.8,6.9096095393133385,protected_wdi_snapshot
CAF,Central African Republic,Sub-Saharan Africa,Low income,2015,1043.92171697157,113.7,6.950739781887456,protected_wdi_snapshot
CAF,Central African Republic,Sub-Saharan Africa,Low income,2016,1073.94477703739,126.8,6.979093855718357,protected_wdi_snapshot
CAF,Central African Republic,Sub-Saharan Africa,Low income,2017,1103.86609318724,155.2,7.00657392707766,protected_wdi_snapshot
CAF,Central African Republic,Sub-Saharan Africa,Low income,2018,1125.70091748228,120.2,7.026161158393099,protected_wdi_snapshot
CAF,Central African Republic,Sub-Saharan Africa,Low income,2019,1145.09563657752,254.7,7.0432434378955024,protected_wdi_snapshot
CAF,Central African Republic,Sub-Saharan Africa,Low income,2020,1136.57052993758,124.2,7.035770700265027,protected_wdi_snapshot
CAF,Central African Republic,Sub-Saharan Africa,Low income,2021,1128.55237996459,178.7,7.028691010744967,protected_wdi_snapshot
CAF,Central African Republic,Sub-Saharan Africa,Low income,2022,1136.80171107045,424.6,7.0359740819457715,protected_wdi_snapshot
CAN,Canada,North America,High income,2000,48399.2864445547,6.2,10.787240349714944,protected_wdi_snapshot
CAN,Canada,North America,High income,2001,48774.1483226516,6.2,10.794955703988817,protected_wdi_snapshot
CAN,Canada,North America,High income,2002,49694.9870914363,6.2,10.813659343646288,protected_wdi_snapshot
CAN,Canada,North America,High income,2003,50139.7664579994,6.2,10.82256971390326,protected_wdi_snapshot
CAN,Canada,North America,High income,2004,51210.6593966138,6.1,10.843702980698902,protected_wdi_snapshot
CAN,Canada,North America,High income,2005,52356.5371486354,6.1,10.86583208240202,protected_wdi_snapshot
CAN,Canada,North America,High income,2006,53195.7608573851,6,10.881733989023008,protected_wdi_snapshot
CAN,Canada,North America,High income,2007,53761.8407991685,6,10.892319215666781,protected_wdi_snapshot
CAN,Canada,North America,High income,2008,53711.6580329654,5.9,10.891385352521068,protected_wdi_snapshot
CAN,Canada,North America,High income,2009,51552.4020321975,5.8,10.850354084522438,protected_wdi_snapshot
CAN,Canada,North America,High income,2010,52558.4200617806,5.7,10.86968059299932,protected_wdi_snapshot
CAN,Canada,North America,High income,2011,53681.1084809345,5.6,10.890816421226221,protected_wdi_snapshot
CAN,Canada,North America,High income,2012,54034.7821680318,5.6,10.897383232416692,protected_wdi_snapshot
CAN,Canada,North America,High income,2013,54712.1568593677,5.5,10.909841209774987,protected_wdi_snapshot
CAN,Canada,North America,High income,2014,55723.4615652506,5.4,10.928156550250732,protected_wdi_snapshot
CAN,Canada,North America,High income,2015,55660.8455840759,5.3,10.92703222691698,protected_wdi_snapshot
CAN,Canada,North America,High income,2016,55606.1329948184,5.3,10.926048779817654,protected_wdi_snapshot
CAN,Canada,North America,High income,2017,56612.3062191777,5.2,10.943981664925118,protected_wdi_snapshot
CAN,Canada,North America,High income,2018,57337.4682870033,5.2,10.956709585811806,protected_wdi_snapshot
CAN,Canada,North America,High income,2019,57583.8230739204,5.2,10.960996957827296,protected_wdi_snapshot
CAN,Canada,North America,High income,2020,54092.8576890836,5.2,10.898457435584596,protected_wdi_snapshot
CAN,Canada,North America,High income,2021,56995.0952020711,5.2,10.950720494027781,protected_wdi_snapshot
CAN,Canada,North America,High income,2022,58583.1299860138,5.3,10.978202049920776,protected_wdi_snapshot
CHE,Switzerland,Europe & Central Asia,High income,2000,68834.8179906591,5.6,11.139464971354071,protected_wdi_snapshot
CHE,Switzerland,Europe & Central Asia,High income,2001,69489.6995050103,5.5,11.148933812007906,protected_wdi_snapshot
CHE,Switzerland,Europe & Central Asia,High income,2002,69228.3683320733,5.4,11.145166004595728,protected_wdi_snapshot
CHE,Switzerland,Europe & Central Asia,High income,2003,68521.3420292943,5.3,11.13490053819626,protected_wdi_snapshot
CHE,Switzerland,Europe & Central Asia,High income,2004,69812.378758031,5.2,11.153566619130098,protected_wdi_snapshot
CHE,Switzerland,Europe & Central Asia,High income,2005,71414.3495582368,5.1,11.176254102340064,protected_wdi_snapshot
CHE,Switzerland,Europe & Central Asia,High income,2006,73901.6149628577,4.9,11.210489960051472,protected_wdi_snapshot
CHE,Switzerland,Europe & Central Asia,High income,2007,76161.5600232116,4.8,11.240612152753515,protected_wdi_snapshot
CHE,Switzerland,Europe & Central Asia,High income,2008,77103.7188320632,4.7,11.252906792267105,protected_wdi_snapshot
CHE,Switzerland,Europe & Central Asia,High income,2009,74672.9512725807,4.6,11.220873207456275,protected_wdi_snapshot
CHE,Switzerland,Europe & Central Asia,High income,2010,76308.8064520802,4.6,11.242543629381387,protected_wdi_snapshot
CHE,Switzerland,Europe & Central Asia,High income,2011,76527.3361539945,4.5,11.245403291331892,protected_wdi_snapshot
CHE,Switzerland,Europe & Central Asia,High income,2012,76570.2378987121,4.4,11.245963741046474,protected_wdi_snapshot
CHE,Switzerland,Europe & Central Asia,High income,2013,77084.6656456739,4.4,11.25265965060918,protected_wdi_snapshot
CHE,Switzerland,Europe & Central Asia,High income,2014,78086.6805249841,4.3,11.265574777429284,protected_wdi_snapshot
CHE,Switzerland,Europe & Central Asia,High income,2015,78325.7487417695,4.3,11.268631675197229,protected_wdi_snapshot
CHE,Switzerland,Europe & Central Asia,High income,2016,78956.0667315042,4.2,11.276646859435836,protected_wdi_snapshot
CHE,Switzerland,Europe & Central Asia,High income,2017,79333.7437810881,4.1,11.281418837683313,protected_wdi_snapshot
CHE,Switzerland,Europe & Central Asia,High income,2018,81371.8944120855,4.1,11.306785214875827,protected_wdi_snapshot
CHE,Switzerland,Europe & Central Asia,High income,2019,81694.630652314,4,11.310743558398507,protected_wdi_snapshot
CHE,Switzerland,Europe & Central Asia,High income,2020,79270.8713687141,4,11.280626018185496,protected_wdi_snapshot
CHE,Switzerland,Europe & Central Asia,High income,2021,83524.9832880195,4,11.332901067141364,protected_wdi_snapshot
CHE,Switzerland,Europe & Central Asia,High income,2022,85762.2829174304,3.9,11.359334595789768,protected_wdi_snapshot
CHL,Chile,Latin America & Caribbean,High income,2000,17529.4205997692,10.9,9.771635925444878,protected_wdi_snapshot
CHL,Chile,Latin America & Caribbean,High income,2001,17874.5313866938,10.3,9.791132151089542,protected_wdi_snapshot
CHL,Chile,Latin America & Caribbean,High income,2002,18244.5196827315,9.8,9.811620022556982,protected_wdi_snapshot
CHL,Chile,Latin America & Caribbean,High income,2003,18907.3458745755,9.4,9.847305796147337,protected_wdi_snapshot
CHL,Chile,Latin America & Caribbean,High income,2004,19966.7093106095,9.2,9.901821631189886,protected_wdi_snapshot
CHL,Chile,Latin America & Caribbean,High income,2005,20923.479756183,9.1,9.948627240684123,protected_wdi_snapshot
CHL,Chile,Latin America & Caribbean,High income,2006,21973.7382914389,9,9.997603305270857,protected_wdi_snapshot
CHL,Chile,Latin America & Caribbean,High income,2007,22884.2997108846,8.9,10.038206352264925,protected_wdi_snapshot
CHL,Chile,Latin America & Caribbean,High income,2008,23515.3473178269,8.8,10.065408564324374,protected_wdi_snapshot
CHL,Chile,Latin America & Caribbean,High income,2009,23019.0299454094,8.8,10.044076541744595,protected_wdi_snapshot
CHL,Chile,Latin America & Caribbean,High income,2010,24122.4787924386,8.7,10.090899414733146,protected_wdi_snapshot
CHL,Chile,Latin America & Caribbean,High income,2011,25372.2741480772,8.6,10.14141228783798,protected_wdi_snapshot
CHL,Chile,Latin America & Caribbean,High income,2012,26676.8110154019,8.4,10.19154996572677,protected_wdi_snapshot
CHL,Chile,Latin America & Caribbean,High income,2013,27297.8185145366,8.3,10.214562070087814,protected_wdi_snapshot
CHL,Chile,Latin America & Caribbean,High income,2014,27511.5610030404,8.1,10.222361595421855,protected_wdi_snapshot
CHL,Chile,Latin America & Caribbean,High income,2015,27817.9584848024,7.9,10.233437079779824,protected_wdi_snapshot
CHL,Chile,Latin America & Caribbean,High income,2016,27965.3473526831,7.7,10.23872142815774,protected_wdi_snapshot
CHL,Chile,Latin America & Caribbean,High income,2017,27899.5979777012,7.6,10.23636755830425,protected_wdi_snapshot
CHL,Chile,Latin America & Caribbean,High income,2018,28499.4064000406,7.3,10.257638537971085,protected_wdi_snapshot
CHL,Chile,Latin America & Caribbean,High income,2019,28227.9790507594,7,10.248068929976453,protected_wdi_snapshot
CHL,Chile,Latin America & Caribbean,High income,2020,26258.4038553242,6.8,10.17574136365319,protected_wdi_snapshot
CHL,Chile,Latin America & Caribbean,High income,2021,29106.6356522053,6.7,10.278721456450263,protected_wdi_snapshot
CHL,Chile,Latin America & Caribbean,High income,2022,29560.4513805785,6.8,10.294192644924529,protected_wdi_snapshot
CHN,China,East Asia & Pacific,Upper middle income,2000,4065.86707804429,36.6,8.310382302567918,protected_wdi_snapshot
CHN,China,East Asia & Pacific,Upper middle income,2001,4372.43560608339,34.1,8.38307547975936,protected_wdi_snapshot
CHN,China,East Asia & Pacific,Upper middle income,2002,4744.38182475307,31.4,8.464716423263598,protected_wdi_snapshot
CHN,China,East Asia & Pacific,Upper middle income,2003,5191.78118308167,28.8,8.554832112480714,protected_wdi_snapshot
CHN,China,East Asia & Pacific,Upper middle income,2004,5684.3881718733,26.3,8.64547877891076,protected_wdi_snapshot
CHN,China,East Asia & Pacific,Upper middle income,2005,6298.29929808598,24,8.748034923251074,protected_wdi_snapshot
CHN,China,East Asia & Pacific,Upper middle income,2006,7057.11131595304,21.9,8.861791084711346,protected_wdi_snapshot
CHN,China,East Asia & Pacific,Upper middle income,2007,8013.78375739131,20.1,8.988918307726388,protected_wdi_snapshot
CHN,China,East Asia & Pacific,Upper middle income,2008,8743.7020031299,18.5,9.07608894912123,protected_wdi_snapshot
CHN,China,East Asia & Pacific,Upper middle income,2009,9518.68128351945,17.1,9.161011597551829,protected_wdi_snapshot
CHN,China,East Asia & Pacific,Upper middle income,2010,10476.1525652407,15.7,9.25685676883205,protected_wdi_snapshot
CHN,China,East Asia & Pacific,Upper middle income,2011,11404.9179835542,14.6,9.341799943421627,protected_wdi_snapshot
CHN,China,East Asia & Pacific,Upper middle income,2012,12217.9343813101,13.5,9.410660182538072,protected_wdi_snapshot
CHN,China,East Asia & Pacific,Upper middle income,2013,13080.8787864744,12.5,9.47890680826462,protected_wdi_snapshot
CHN,China,East Asia & Pacific,Upper middle income,2014,13968.5187785922,11.6,9.544561417896006,protected_wdi_snapshot
CHN,China,East Asia & Pacific,Upper middle income,2015,14857.1088234405,10.7,9.606233738335606,protected_wdi_snapshot
CHN,China,East Asia & Pacific,Upper middle income,2016,15772.8372607502,10,9.666044578850414,protected_wdi_snapshot
CHN,China,East Asia & Pacific,Upper middle income,2017,16758.0463976858,9.3,9.726633803858133,protected_wdi_snapshot
CHN,China,East Asia & Pacific,Upper middle income,2018,17807.0490552244,8.6,9.787349672225643,protected_wdi_snapshot
CHN,China,East Asia & Pacific,Upper middle income,2019,18820.5871645645,8,9.842706611619988,protected_wdi_snapshot
CHN,China,East Asia & Pacific,Upper middle income,2020,19215.1012491012,7.5,9.863451772259129,protected_wdi_snapshot
CHN,China,East Asia & Pacific,Upper middle income,2021,20843.2978347377,7,9.944787728776689,protected_wdi_snapshot
CHN,China,East Asia & Pacific,Upper middle income,2022,21499.3125559757,6.6,9.975776239463904,protected_wdi_snapshot
CIV,Cote d'Ivoire,Sub-Saharan Africa,Lower middle income,2000,4838.37602767698,140.4,8.4843344119357,protected_wdi_snapshot
CIV,Cote d'Ivoire,Sub-Saharan Africa,Lower middle income,2001,4609.17878891553,136.9,8.435804983227754,protected_wdi_snapshot
CIV,Cote d'Ivoire,Sub-Saharan Africa,Lower middle income,2002,4368.96040639474,133.1,8.382280366515028,protected_wdi_snapshot
CIV,Cote d'Ivoire,Sub-Saharan Africa,Lower middle income,2003,4060.03041319294,129.2,8.308945743501942,protected_wdi_snapshot
CIV,Cote d'Ivoire,Sub-Saharan Africa,Lower middle income,2004,4088.97542020506,125.3,8.31604970914703,protected_wdi_snapshot
CIV,Cote d'Ivoire,Sub-Saharan Africa,Lower middle income,2005,4032.27570780036,121.2,8.302086187324209,protected_wdi_snapshot
CIV,Cote d'Ivoire,Sub-Saharan Africa,Lower middle income,2006,4049.29028298687,117.4,8.306296905975804,protected_wdi_snapshot
CIV,Cote d'Ivoire,Sub-Saharan Africa,Lower middle income,2007,3999.72054350731,113.5,8.293979773538243,protected_wdi_snapshot
CIV,Cote d'Ivoire,Sub-Saharan Africa,Lower middle income,2008,4096.75377364759,109,8.317950176557925,protected_wdi_snapshot
CIV,Cote d'Ivoire,Sub-Saharan Africa,Lower middle income,2009,4151.08431510133,105.2,8.331124859844182,protected_wdi_snapshot
CIV,Cote d'Ivoire,Sub-Saharan Africa,Lower middle income,2010,4338.68457800736,101.6,8.375326488527564,protected_wdi_snapshot
CIV,Cote d'Ivoire,Sub-Saharan Africa,Lower middle income,2011,4017.43753814324,98.4,8.298399550046684,protected_wdi_snapshot
CIV,Cote d'Ivoire,Sub-Saharan Africa,Lower middle income,2012,4234.21187719492,95.3,8.350952492293237,protected_wdi_snapshot
CIV,Cote d'Ivoire,Sub-Saharan Africa,Lower middle income,2013,4597.22035890241,92,8.433207130028784,protected_wdi_snapshot
CIV,Cote d'Ivoire,Sub-Saharan Africa,Lower middle income,2014,4907.61080546543,88.6,8.498542504696621,protected_wdi_snapshot
CIV,Cote d'Ivoire,Sub-Saharan Africa,Lower middle income,2015,5110.90021438908,85.5,8.53913083488156,protected_wdi_snapshot
CIV,Cote d'Ivoire,Sub-Saharan Africa,Lower middle income,2016,5320.88582199186,83,8.579395076367996,protected_wdi_snapshot
CIV,Cote d'Ivoire,Sub-Saharan Africa,Lower middle income,2017,5556.1547631509,80.5,8.622661558625039,protected_wdi_snapshot
CIV,Cote d'Ivoire,Sub-Saharan Africa,Lower middle income,2018,5670.24199741353,77.9,8.642987076130865,protected_wdi_snapshot
CIV,Cote d'Ivoire,Sub-Saharan Africa,Lower middle income,2019,5894.92235259103,75.3,8.681846641144439,protected_wdi_snapshot
CIV,Cote d'Ivoire,Sub-Saharan Africa,Lower middle income,2020,5787.85814696561,73,8.663517579324855,protected_wdi_snapshot
CIV,Cote d'Ivoire,Sub-Saharan Africa,Lower middle income,2021,6045.20480490881,70.8,8.707020642526063,protected_wdi_snapshot
CIV,Cote d'Ivoire,Sub-Saharan Africa,Lower middle income,2022,6272.26395760029,68.7,8.74389264622127,protected_wdi_snapshot
CMR,Cameroon,Sub-Saharan Africa,Lower middle income,2000,3822.94425358926,143.9,8.24877615174057,protected_wdi_snapshot
CMR,Cameroon,Sub-Saharan Africa,Lower middle income,2001,3884.87304812714,141,8.264845584823076,protected_wdi_snapshot
CMR,Cameroon,Sub-Saharan Africa,Lower middle income,2002,3951.41936232132,137.6,8.281830125584047,protected_wdi_snapshot
CMR,Cameroon,Sub-Saharan Africa,Lower middle income,2003,4054.78133246517,134.3,8.307652039686158,protected_wdi_snapshot
CMR,Cameroon,Sub-Saharan Africa,Lower middle income,2004,4222.96638689885,130.9,8.348293095370854,protected_wdi_snapshot
CMR,Cameroon,Sub-Saharan Africa,Lower middle income,2005,4199.72270969362,127.6,8.342773780590425,protected_wdi_snapshot
CMR,Cameroon,Sub-Saharan Africa,Lower middle income,2006,4241.51744722821,124.2,8.35267637269641,protected_wdi_snapshot
CMR,Cameroon,Sub-Saharan Africa,Lower middle income,2007,4302.6192630847,120.8,8.366979247186629,protected_wdi_snapshot
CMR,Cameroon,Sub-Saharan Africa,Lower middle income,2008,4300.26640352464,117.2,8.36643225407062,protected_wdi_snapshot
CMR,Cameroon,Sub-Saharan Africa,Lower middle income,2009,4286.57718166156,113.7,8.363243833710019,protected_wdi_snapshot
CMR,Cameroon,Sub-Saharan Africa,Lower middle income,2010,4286.58302947378,109.5,8.36324519792393,protected_wdi_snapshot
CMR,Cameroon,Sub-Saharan Africa,Lower middle income,2011,4307.85195558527,105.2,8.368194672687013,protected_wdi_snapshot
CMR,Cameroon,Sub-Saharan Africa,Lower middle income,2012,4382.11120797355,100.8,8.385285898193393,protected_wdi_snapshot
CMR,Cameroon,Sub-Saharan Africa,Lower middle income,2013,4473.57231896434,96.5,8.4059425449382,protected_wdi_snapshot
CMR,Cameroon,Sub-Saharan Africa,Lower middle income,2014,4588.4864949903,92.4,8.431305509024988,protected_wdi_snapshot
CMR,Cameroon,Sub-Saharan Africa,Lower middle income,2015,4698.66677843587,88.5,8.455034083295281,protected_wdi_snapshot
CMR,Cameroon,Sub-Saharan Africa,Lower middle income,2016,4767.13186148953,85.1,8.469500116137452,protected_wdi_snapshot
CMR,Cameroon,Sub-Saharan Africa,Lower middle income,2017,4797.97544185544,81.9,8.475949324973753,protected_wdi_snapshot
CMR,Cameroon,Sub-Saharan Africa,Lower middle income,2018,4851.48003949961,78.9,8.487039100162262,protected_wdi_snapshot
CMR,Cameroon,Sub-Saharan Africa,Lower middle income,2019,4882.35560028896,76.6,8.493383087359868,protected_wdi_snapshot
CMR,Cameroon,Sub-Saharan Africa,Lower middle income,2020,4763.48194388066,74.4,8.468734180624411,protected_wdi_snapshot
CMR,Cameroon,Sub-Saharan Africa,Lower middle income,2021,4793.55628200196,71.9,8.475027853764898,protected_wdi_snapshot
CMR,Cameroon,Sub-Saharan Africa,Lower middle income,2022,4843.65038202917,69.4,8.485423926599417,protected_wdi_snapshot
COD,"Congo, Dem. Rep.",Sub-Saharan Africa,Low income,2000,981.422080027189,184.6,6.889002621901991,protected_wdi_snapshot
COD,"Congo, Dem. Rep.",Sub-Saharan Africa,Low income,2001,930.85782608082,178.4,6.836106554638996,protected_wdi_snapshot
COD,"Congo, Dem. Rep.",Sub-Saharan Africa,Low income,2002,929.452807088884,172.2,6.834596033509853,protected_wdi_snapshot
COD,"Congo, Dem. Rep.",Sub-Saharan Africa,Low income,2003,953.044643242042,165.9,6.859661747511935,protected_wdi_snapshot
COD,"Congo, Dem. Rep.",Sub-Saharan Africa,Low income,2004,987.746920881562,159.4,6.895426511981212,protected_wdi_snapshot
COD,"Congo, Dem. Rep.",Sub-Saharan Africa,Low income,2005,1016.6338907666,124.4,6.924252341823443,protected_wdi_snapshot
COD,"Congo, Dem. Rep.",Sub-Saharan Africa,Low income,2006,1036.13329616563,118.9,6.9432510787954325,protected_wdi_snapshot
COD,"Congo, Dem. Rep.",Sub-Saharan Africa,Low income,2007,1091.54081233234,113.8,6.99534556634213,protected_wdi_snapshot
COD,"Congo, Dem. Rep.",Sub-Saharan Africa,Low income,2008,1137.84087315488,109.2,7.036887774640993,protected_wdi_snapshot
COD,"Congo, Dem. Rep.",Sub-Saharan Africa,Low income,2009,1109.18311674431,105,7.01137909251535,protected_wdi_snapshot
COD,"Congo, Dem. Rep.",Sub-Saharan Africa,Low income,2010,1166.98306581442,101.4,7.062177121311024,protected_wdi_snapshot
COD,"Congo, Dem. Rep.",Sub-Saharan Africa,Low income,2011,1124.7720535769,98.3,7.025335675065754,protected_wdi_snapshot
COD,"Congo, Dem. Rep.",Sub-Saharan Africa,Low income,2012,1182.14074588327,95.9,7.075082265228584,protected_wdi_snapshot
COD,"Congo, Dem. Rep.",Sub-Saharan Africa,Low income,2013,1342.74156112016,94.1,7.202468743992154,protected_wdi_snapshot
COD,"Congo, Dem. Rep.",Sub-Saharan Africa,Low income,2014,1392.75841334673,92.7,7.239041529698856,protected_wdi_snapshot
COD,"Congo, Dem. Rep.",Sub-Saharan Africa,Low income,2015,1433.21579814709,91.9,7.267676008358526,protected_wdi_snapshot
COD,"Congo, Dem. Rep.",Sub-Saharan Africa,Low income,2016,1388.80163211633,91.5,7.236196519104365,protected_wdi_snapshot
COD,"Congo, Dem. Rep.",Sub-Saharan Africa,Low income,2017,1395.71961761712,91.5,7.2411654161707215,protected_wdi_snapshot
COD,"Congo, Dem. Rep.",Sub-Saharan Africa,Low income,2018,1431.7285269693,91.7,7.266637753410007,protected_wdi_snapshot
COD,"Congo, Dem. Rep.",Sub-Saharan Africa,Low income,2019,1394.76461472893,92.2,7.24048094505678,protected_wdi_snapshot
COD,"Congo, Dem. Rep.",Sub-Saharan Africa,Low income,2020,1361.02791099008,92.7,7.2159955101488125,protected_wdi_snapshot
COD,"Congo, Dem. Rep.",Sub-Saharan Africa,Low income,2021,1402.38560295221,92.9,7.245930067547634,protected_wdi_snapshot
COD,"Congo, Dem. Rep.",Sub-Saharan Africa,Low income,2022,1484.33841881449,92.5,7.302724442752253,protected_wdi_snapshot
COG,"Congo, Rep.",Sub-Saharan Africa,Lower middle income,2000,7570.58279297342,112.5,8.932025330650884,protected_wdi_snapshot
COG,"Congo, Rep.",Sub-Saharan Africa,Lower middle income,2001,7567.43916817104,109.3,8.931610002300108,protected_wdi_snapshot
COG,"Congo, Rep.",Sub-Saharan Africa,Lower middle income,2002,7729.3889014189,104.6,8.952785083012554,protected_wdi_snapshot
COG,"Congo, Rep.",Sub-Saharan Africa,Lower middle income,2003,7577.45630456352,98.9,8.932932842444005,protected_wdi_snapshot
COG,"Congo, Rep.",Sub-Saharan Africa,Lower middle income,2004,7577.44597274153,92.3,8.932931478948312,protected_wdi_snapshot
COG,"Congo, Rep.",Sub-Saharan Africa,Lower middle income,2005,7876.11806658285,85.7,8.971590430325028,protected_wdi_snapshot
COG,"Congo, Rep.",Sub-Saharan Africa,Lower middle income,2006,8192.57979719023,79.5,9.010984120798982,protected_wdi_snapshot
COG,"Congo, Rep.",Sub-Saharan Africa,Lower middle income,2007,7375.82454100145,73.9,8.905962977128311,protected_wdi_snapshot
COG,"Congo, Rep.",Sub-Saharan Africa,Lower middle income,2008,7587.28826163492,69.2,8.934229528768803,protected_wdi_snapshot
COG,"Congo, Rep.",Sub-Saharan Africa,Lower middle income,2009,8138.45033818822,65.3,9.004355064728795,protected_wdi_snapshot
COG,"Congo, Rep.",Sub-Saharan Africa,Lower middle income,2010,8583.66179834288,62.4,9.057615884459683,protected_wdi_snapshot
COG,"Congo, Rep.",Sub-Saharan Africa,Lower middle income,2011,8492.42098392103,60,9.046929395772558,protected_wdi_snapshot
COG,"Congo, Rep.",Sub-Saharan Africa,Lower middle income,2012,9079.68656400891,57.9,9.113794951617253,protected_wdi_snapshot
COG,"Congo, Rep.",Sub-Saharan Africa,Lower middle income,2013,8798.49382506314,56.2,9.082335829574571,protected_wdi_snapshot
COG,"Congo, Rep.",Sub-Saharan Africa,Lower middle income,2014,9159.25664414045,54.5,9.122520301988729,protected_wdi_snapshot
COG,"Congo, Rep.",Sub-Saharan Africa,Lower middle income,2015,8977.70681641417,52.7,9.102499763029446,protected_wdi_snapshot
COG,"Congo, Rep.",Sub-Saharan Africa,Lower middle income,2016,8001.8255194505,51,8.987424984561923,protected_wdi_snapshot
COG,"Congo, Rep.",Sub-Saharan Africa,Lower middle income,2017,7372.77046737599,49.3,8.905548825994948,protected_wdi_snapshot
COG,"Congo, Rep.",Sub-Saharan Africa,Lower middle income,2018,7029.33651566257,47.6,8.857847601355365,protected_wdi_snapshot
COG,"Congo, Rep.",Sub-Saharan Africa,Lower middle income,2019,6939.36913397466,52.2,8.844966146483436,protected_wdi_snapshot
COG,"Congo, Rep.",Sub-Saharan Africa,Lower middle income,2020,6350.50913409722,44.5,8.756290267270593,protected_wdi_snapshot
COG,"Congo, Rep.",Sub-Saharan Africa,Lower middle income,2021,6263.21161292636,43,8.742448369744233,protected_wdi_snapshot
COG,"Congo, Rep.",Sub-Saharan Africa,Lower middle income,2022,6205.1050414034,41.5,8.733127626005237,protected_wdi_snapshot
COL,Colombia,Latin America & Caribbean,Upper middle income,2000,10813.4942250011,25,9.288550098458048,protected_wdi_snapshot
COL,Colombia,Latin America & Caribbean,Upper middle income,2001,10823.4504878807,24.2,9.289470400627733,protected_wdi_snapshot
COL,Colombia,Latin America & Caribbean,Upper middle income,2002,10925.1485602082,23.5,9.298822618059729,protected_wdi_snapshot
COL,Colombia,Latin America & Caribbean,Upper middle income,2003,11183.2911819793,22.7,9.322176084602049,protected_wdi_snapshot
COL,Colombia,Latin America & Caribbean,Upper middle income,2004,11607.9384935105,22.1,9.359444495920636,protected_wdi_snapshot
COL,Colombia,Latin America & Caribbean,Upper middle income,2005,11999.2549591305,21.4,9.392599840103552,protected_wdi_snapshot
COL,Colombia,Latin America & Caribbean,Upper middle income,2006,12636.6246577724,20.7,9.444354595471596,protected_wdi_snapshot
COL,Colombia,Latin America & Caribbean,Upper middle income,2007,13318.3033138168,20.1,9.496894557138424,protected_wdi_snapshot
COL,Colombia,Latin America & Caribbean,Upper middle income,2008,13591.0609028567,19.5,9.51716756906198,protected_wdi_snapshot
COL,Colombia,Latin America & Caribbean,Upper middle income,2009,13586.7518430982,18.8,9.516850467768002,protected_wdi_snapshot
COL,Colombia,Latin America & Caribbean,Upper middle income,2010,14037.0642668639,18.2,9.549456557914093,protected_wdi_snapshot
COL,Colombia,Latin America & Caribbean,Upper middle income,2011,14852.3699513061,17.6,9.605914724177834,protected_wdi_snapshot
COL,Colombia,Latin America & Caribbean,Upper middle income,2012,15279.4790008058,17.1,9.634265965333299,protected_wdi_snapshot
COL,Colombia,Latin America & Caribbean,Upper middle income,2013,15912.2471293239,16.5,9.674844351416464,protected_wdi_snapshot
COL,Colombia,Latin America & Caribbean,Upper middle income,2014,16480.3631474161,16,9.709924838864863,protected_wdi_snapshot
COL,Colombia,Latin America & Caribbean,Upper middle income,2015,16821.3801400631,15.5,9.730405983672213,protected_wdi_snapshot
COL,Colombia,Latin America & Caribbean,Upper middle income,2016,17003.244366485,15,9.741159449917099,protected_wdi_snapshot
COL,Colombia,Latin America & Caribbean,Upper middle income,2017,16986.0334182842,14.5,9.740146721739656,protected_wdi_snapshot
COL,Colombia,Latin America & Caribbean,Upper middle income,2018,17104.1313545678,14,9.747075312992575,protected_wdi_snapshot
COL,Colombia,Latin America & Caribbean,Upper middle income,2019,17336.7716030551,13.5,9.760585050939088,protected_wdi_snapshot
COL,Colombia,Latin America & Caribbean,Upper middle income,2020,15861.4999291295,13.1,9.671650063802176,protected_wdi_snapshot
COL,Colombia,Latin America & Caribbean,Upper middle income,2021,17383.0901728295,12.7,9.763253183522773,protected_wdi_snapshot
COL,Colombia,Latin America & Caribbean,Upper middle income,2022,18458.7209460704,12.3,9.823292217794487,protected_wdi_snapshot
COM,Comoros,Sub-Saharan Africa,Lower middle income,2000,2917.87154106634,79.9,7.978609705175495,protected_wdi_snapshot
COM,Comoros,Sub-Saharan Africa,Lower middle income,2001,3013.38883096315,76.8,8.010820581903543,protected_wdi_snapshot
COM,Comoros,Sub-Saharan Africa,Lower middle income,2002,3085.93814937142,73.8,8.034610990392839,protected_wdi_snapshot
COM,Comoros,Sub-Saharan Africa,Lower middle income,2003,3085.59675447872,71,8.034500355065205,protected_wdi_snapshot
COM,Comoros,Sub-Saharan Africa,Lower middle income,2004,3121.51677555024,68.3,8.046074308682533,protected_wdi_snapshot
COM,Comoros,Sub-Saharan Africa,Lower middle income,2005,3231.72506154387,65.8,8.08077134843091,protected_wdi_snapshot
COM,Comoros,Sub-Saharan Africa,Lower middle income,2006,3111.62570879692,63.4,8.042900604542002,protected_wdi_snapshot
COM,Comoros,Sub-Saharan Africa,Lower middle income,2007,3074.7346796054,61.2,8.030973893462868,protected_wdi_snapshot
COM,Comoros,Sub-Saharan Africa,Lower middle income,2008,3133.75034704474,59.2,8.04998576021673,protected_wdi_snapshot
COM,Comoros,Sub-Saharan Africa,Lower middle income,2009,3171.6035546392,57.3,8.061992592169213,protected_wdi_snapshot
COM,Comoros,Sub-Saharan Africa,Lower middle income,2010,3226.63502045267,55.6,8.079195083843468,protected_wdi_snapshot
COM,Comoros,Sub-Saharan Africa,Lower middle income,2011,3293.83407668409,54,8.099807538091884,protected_wdi_snapshot
COM,Comoros,Sub-Saharan Africa,Lower middle income,2012,3330.52446059187,52.5,8.110885066246583,protected_wdi_snapshot
COM,Comoros,Sub-Saharan Africa,Lower middle income,2013,3406.49918649378,51.2,8.133440411403708,protected_wdi_snapshot
COM,Comoros,Sub-Saharan Africa,Lower middle income,2014,3403.41291459985,50,8.13253400554724,protected_wdi_snapshot
COM,Comoros,Sub-Saharan Africa,Lower middle income,2015,3370.5557232032,48.9,8.122832912779053,protected_wdi_snapshot
COM,Comoros,Sub-Saharan Africa,Lower middle income,2016,3411.77123523582,47.9,8.134986859246526,protected_wdi_snapshot
COM,Comoros,Sub-Saharan Africa,Lower middle income,2017,3472.07858942366,46.9,8.152508710726735,protected_wdi_snapshot
COM,Comoros,Sub-Saharan Africa,Lower middle income,2018,3528.95868167877,45.8,8.168758115383087,protected_wdi_snapshot
COM,Comoros,Sub-Saharan Africa,Lower middle income,2019,3522.66866952646,44.8,8.16697412609742,protected_wdi_snapshot
COM,Comoros,Sub-Saharan Africa,Lower middle income,2020,3447.47274904772,43.7,8.145396705081529,protected_wdi_snapshot
COM,Comoros,Sub-Saharan Africa,Lower middle income,2021,3449.0435745318,42.6,8.145852246818123,protected_wdi_snapshot
COM,Comoros,Sub-Saharan Africa,Lower middle income,2022,3465.8402271705,41.4,8.150710372032,protected_wdi_snapshot
CPV,Cabo Verde,Sub-Saharan Africa,Upper middle income,2000,4510.13573659758,36,8.414082528850383,protected_wdi_snapshot
CPV,Cabo Verde,Sub-Saharan Africa,Upper middle income,2001,4540.90731780518,32.8,8.420882120804919,protected_wdi_snapshot
CPV,Cabo Verde,Sub-Saharan Africa,Upper middle income,2002,4710.2410491228,30.5,8.457494363858613,protected_wdi_snapshot
CPV,Cabo Verde,Sub-Saharan Africa,Upper middle income,2003,4841.265398715,29,8.48493141155512,protected_wdi_snapshot
CPV,Cabo Verde,Sub-Saharan Africa,Upper middle income,2004,5268.30312485708,28.2,8.569463601993087,protected_wdi_snapshot
CPV,Cabo Verde,Sub-Saharan Africa,Upper middle income,2005,5565.76951208069,28,8.624390531253695,protected_wdi_snapshot
CPV,Cabo Verde,Sub-Saharan Africa,Upper middle income,2006,5941.38218091511,28,8.68969707567823,protected_wdi_snapshot
CPV,Cabo Verde,Sub-Saharan Africa,Upper middle income,2007,6767.40677380347,28.1,8.819873245819648,protected_wdi_snapshot
CPV,Cabo Verde,Sub-Saharan Africa,Upper middle income,2008,7169.13944155367,27.9,8.877540904291926,protected_wdi_snapshot
CPV,Cabo Verde,Sub-Saharan Africa,Upper middle income,2009,6994.5740991365,27.5,8.852889998775089,protected_wdi_snapshot
CPV,Cabo Verde,Sub-Saharan Africa,Upper middle income,2010,7072.12150207342,26.7,8.863915784892944,protected_wdi_snapshot
CPV,Cabo Verde,Sub-Saharan Africa,Upper middle income,2011,7325.78441834692,25.6,8.899155515980707,protected_wdi_snapshot
CPV,Cabo Verde,Sub-Saharan Africa,Upper middle income,2012,7397.82220702474,24.2,8.908940939530584,protected_wdi_snapshot
CPV,Cabo Verde,Sub-Saharan Africa,Upper middle income,2013,7440.66242650114,22.6,8.91471515968373,protected_wdi_snapshot
CPV,Cabo Verde,Sub-Saharan Africa,Upper middle income,2014,7491.02198228243,20.9,8.921460513435958,protected_wdi_snapshot
CPV,Cabo Verde,Sub-Saharan Africa,Upper middle income,2015,7560.13649202469,19.2,8.93064452351122,protected_wdi_snapshot
CPV,Cabo Verde,Sub-Saharan Africa,Upper middle income,2016,7881.30336227784,17.6,8.972248570478932,protected_wdi_snapshot
CPV,Cabo Verde,Sub-Saharan Africa,Upper middle income,2017,8234.56000312459,16.2,9.01609521108407,protected_wdi_snapshot
CPV,Cabo Verde,Sub-Saharan Africa,Upper middle income,2018,8531.12961646549,15.1,9.05147706037732,protected_wdi_snapshot
CPV,Cabo Verde,Sub-Saharan Africa,Upper middle income,2019,9111.62993173269,14.1,9.117306891015698,protected_wdi_snapshot
CPV,Cabo Verde,Sub-Saharan Africa,Upper middle income,2020,7207.86853962048,13.3,8.882928561000393,protected_wdi_snapshot
CPV,Cabo Verde,Sub-Saharan Africa,Upper middle income,2021,7685.41921393669,12.7,8.94708020411884,protected_wdi_snapshot
CPV,Cabo Verde,Sub-Saharan Africa,Upper middle income,2022,8850.1066918812,12.1,9.088184793509104,protected_wdi_snapshot
CRI,Costa Rica,Latin America & Caribbean,High income,2000,14025.6899537485,13.1,9.548645923744058,protected_wdi_snapshot
CRI,Costa Rica,Latin America & Caribbean,High income,2001,14257.525071713,12.6,9.565040121522081,protected_wdi_snapshot
CRI,Costa Rica,Latin America & Caribbean,High income,2002,14503.176481607,12.2,9.582122972113876,protected_wdi_snapshot
CRI,Costa Rica,Latin America & Caribbean,High income,2003,14898.7197394794,11.8,9.60903056471704,protected_wdi_snapshot
CRI,Costa Rica,Latin America & Caribbean,High income,2004,15330.8832332948,11.5,9.63762458490253,protected_wdi_snapshot
CRI,Costa Rica,Latin America & Caribbean,High income,2005,15711.7451335337,11.3,9.662163809328117,protected_wdi_snapshot
CRI,Costa Rica,Latin America & Caribbean,High income,2006,16628.3723014013,11.2,9.718865690150821,protected_wdi_snapshot
CRI,Costa Rica,Latin America & Caribbean,High income,2007,17752.4161954513,11.1,9.784276909326971,protected_wdi_snapshot
CRI,Costa Rica,Latin America & Caribbean,High income,2008,18343.0996854851,10.9,9.817008743824204,protected_wdi_snapshot
CRI,Costa Rica,Latin America & Caribbean,High income,2009,17941.5019129465,10.7,9.794871850778948,protected_wdi_snapshot
CRI,Costa Rica,Latin America & Caribbean,High income,2010,18670.1678827387,10.5,9.83468222860775,protected_wdi_snapshot
CRI,Costa Rica,Latin America & Caribbean,High income,2011,19264.4566461776,10.2,9.866017052467216,protected_wdi_snapshot
CRI,Costa Rica,Latin America & Caribbean,High income,2012,19970.6856013628,9.8,9.902020757386035,protected_wdi_snapshot
CRI,Costa Rica,Latin America & Caribbean,High income,2013,20242.2938648319,9.5,9.915529450222358,protected_wdi_snapshot
CRI,Costa Rica,Latin America & Caribbean,High income,2014,20735.1927258406,9.2,9.939587667348672,protected_wdi_snapshot
CRI,Costa Rica,Latin America & Caribbean,High income,2015,21265.3176336354,9,9.964832744497665,protected_wdi_snapshot
CRI,Costa Rica,Latin America & Caribbean,High income,2016,21936.4660575366,8.9,9.995905647817125,protected_wdi_snapshot
CRI,Costa Rica,Latin America & Caribbean,High income,2017,22633.7648663302,8.9,10.027198090955984,protected_wdi_snapshot
CRI,Costa Rica,Latin America & Caribbean,High income,2018,23069.8622241266,9,10.046282379070496,protected_wdi_snapshot
CRI,Costa Rica,Latin America & Caribbean,High income,2019,23496.8294622995,9.1,10.064620774532308,protected_wdi_snapshot
CRI,Costa Rica,Latin America & Caribbean,High income,2020,22368.1378072638,9.3,10.01539280592585,protected_wdi_snapshot
CRI,Costa Rica,Latin America & Caribbean,High income,2021,24083.5988182437,9.6,10.089286340840703,protected_wdi_snapshot
CRI,Costa Rica,Latin America & Caribbean,High income,2022,25290.0087466975,9.9,10.138164685519921,protected_wdi_snapshot
CYP,Cyprus,Europe & Central Asia,High income,2000,36121.6640625,6.6,10.494648076860079,protected_wdi_snapshot
CYP,Cyprus,Europe & Central Asia,High income,2001,37146.84375,6.2,10.522634086913483,protected_wdi_snapshot
CYP,Cyprus,Europe & Central Asia,High income,2002,38090.77734375,5.8,10.547727467343956,protected_wdi_snapshot
CYP,Cyprus,Europe & Central Asia,High income,2003,38617.8125,5.4,10.56146891274185,protected_wdi_snapshot
CYP,Cyprus,Europe & Central Asia,High income,2004,40019.92578125,5.1,10.597132753594526,protected_wdi_snapshot
CYP,Cyprus,Europe & Central Asia,High income,2005,41362.09375,4.7,10.630120130483236,protected_wdi_snapshot
CYP,Cyprus,Europe & Central Asia,High income,2006,42595.203125,4.4,10.659496923217771,protected_wdi_snapshot
CYP,Cyprus,Europe & Central Asia,High income,2007,43823.76171875,4.1,10.687931454256196,protected_wdi_snapshot
CYP,Cyprus,Europe & Central Asia,High income,2008,44295.62890625,3.8,10.698641280877183,protected_wdi_snapshot
CYP,Cyprus,Europe & Central Asia,High income,2009,42253.38671875,3.5,10.651439788596425,protected_wdi_snapshot
CYP,Cyprus,Europe & Central Asia,High income,2010,42102.28125,3.2,10.647857204663246,protected_wdi_snapshot
CYP,Cyprus,Europe & Central Asia,High income,2011,41212.6875,3,10.626501436960174,protected_wdi_snapshot
CYP,Cyprus,Europe & Central Asia,High income,2012,39190.22265625,2.8,10.576182572633266,protected_wdi_snapshot
CYP,Cyprus,Europe & Central Asia,High income,2013,36650.5703125,2.7,10.509184268244203,protected_wdi_snapshot
CYP,Cyprus,Europe & Central Asia,High income,2014,36104.90234375,2.6,10.494183934096968,protected_wdi_snapshot
CYP,Cyprus,Europe & Central Asia,High income,2015,37258.5,2.5,10.525635385696265,protected_wdi_snapshot
CYP,Cyprus,Europe & Central Asia,High income,2016,39500.8515625,2.5,10.584077509201135,protected_wdi_snapshot
CYP,Cyprus,Europe & Central Asia,High income,2017,41417.98828125,2.6,10.631470564992913,protected_wdi_snapshot
CYP,Cyprus,Europe & Central Asia,High income,2018,43510.03125,2.7,10.680746793940163,protected_wdi_snapshot
CYP,Cyprus,Europe & Central Asia,High income,2019,45454.17578125,3,10.724459971760387,protected_wdi_snapshot
CYP,Cyprus,Europe & Central Asia,High income,2020,43402.359375,3.3,10.678269082090118,protected_wdi_snapshot
CYP,Cyprus,Europe & Central Asia,High income,2021,47632.5703125,3.7,10.77127205648964,protected_wdi_snapshot
CYP,Cyprus,Europe & Central Asia,High income,2022,50840.9140625,4.1,10.836456704341217,protected_wdi_snapshot
CZE,Czechia,Europe & Central Asia,High income,2000,29427.4070011514,5.5,10.289681730011534,protected_wdi_snapshot
CZE,Czechia,Europe & Central Asia,High income,2001,30399.8730764283,5.2,10.322193712268106,protected_wdi_snapshot
CZE,Czechia,Europe & Central Asia,High income,2002,30919.549661870202,5,10.339143937972725,protected_wdi_snapshot
CZE,Czechia,Europe & Central Asia,High income,2003,31949.2963145034,4.8,10.371905434977952,protected_wdi_snapshot
CZE,Czechia,Europe & Central Asia,High income,2004,33452.3408000614,4.6,10.417877042183033,protected_wdi_snapshot
CZE,Czechia,Europe & Central Asia,High income,2005,35535.7479961511,4.4,10.478294454600483,protected_wdi_snapshot
CZE,Czechia,Europe & Central Asia,High income,2006,37786.8781740905,4.1,10.539717183089675,protected_wdi_snapshot
CZE,Czechia,Europe & Central Asia,High income,2007,39629.0061324728,3.9,10.587316607204167,protected_wdi_snapshot
CZE,Czechia,Europe & Central Asia,High income,2008,40328.3426630095,3.7,10.604809792627021,protected_wdi_snapshot
CZE,Czechia,Europe & Central Asia,High income,2009,38175.1422773334,3.5,10.549939857056533,protected_wdi_snapshot
CZE,Czechia,Europe & Central Asia,High income,2010,39097.3886218756,3.4,10.573810956578788,protected_wdi_snapshot
CZE,Czechia,Europe & Central Asia,High income,2011,39708.1626280195,3.3,10.589312053299581,protected_wdi_snapshot
CZE,Czechia,Europe & Central Asia,High income,2012,39347.0492956846,3.2,10.580176264901409,protected_wdi_snapshot
CZE,Czechia,Europe & Central Asia,High income,2013,39317.5535692377,3.1,10.57942635384218,protected_wdi_snapshot
CZE,Czechia,Europe & Central Asia,High income,2014,40158.0164275735,3.1,10.600577361402111,protected_wdi_snapshot
CZE,Czechia,Europe & Central Asia,High income,2015,42066.5759800801,3.2,10.64700878463625,protected_wdi_snapshot
CZE,Czechia,Europe & Central Asia,High income,2016,43069.4659744727,3.2,10.67056957895742,protected_wdi_snapshot
CZE,Czechia,Europe & Central Asia,High income,2017,45177.5226053634,3.2,10.71835495463993,protected_wdi_snapshot
CZE,Czechia,Europe & Central Asia,High income,2018,46301.082036029,3.1,10.742920609909866,protected_wdi_snapshot
CZE,Czechia,Europe & Central Asia,High income,2019,47763.6165520254,3,10.774019468650726,protected_wdi_snapshot
CZE,Czechia,Europe & Central Asia,High income,2020,45119.9387309139,2.9,10.717079528256876,protected_wdi_snapshot
CZE,Czechia,Europe & Central Asia,High income,2021,47796.0337408466,2.8,10.774697938903921,protected_wdi_snapshot
CZE,Czechia,Europe & Central Asia,High income,2022,48390.661678675,2.7,10.787062133566062,protected_wdi_snapshot
DEU,Germany,Europe & Central Asia,High income,2000,49955.6461286496,5.4,10.818890813297257,protected_wdi_snapshot
DEU,Germany,Europe & Central Asia,High income,2001,50687.6500447924,5.2,10.833437571046579,protected_wdi_snapshot
DEU,Germany,Europe & Central Asia,High income,2002,50486.998248551,5.1,10.829471121690094,protected_wdi_snapshot
DEU,Germany,Europe & Central Asia,High income,2003,50191.7219389611,5,10.823605390467733,protected_wdi_snapshot
DEU,Germany,Europe & Central Asia,High income,2004,50786.0176463275,4.9,10.835376352497686,protected_wdi_snapshot
DEU,Germany,Europe & Central Asia,High income,2005,51264.8193748941,4.7,10.844760013736902,protected_wdi_snapshot
DEU,Germany,Europe & Central Asia,High income,2006,53307.1623767517,4.6,10.883825979676637,protected_wdi_snapshot
DEU,Germany,Europe & Central Asia,High income,2007,54920.6589299724,4.5,10.913644857806515,protected_wdi_snapshot
DEU,Germany,Europe & Central Asia,High income,2008,55513.7558858315,4.4,10.924386122822613,protected_wdi_snapshot
DEU,Germany,Europe & Central Asia,High income,2009,52568.797424995,4.3,10.86987801786219,protected_wdi_snapshot
DEU,Germany,Europe & Central Asia,High income,2010,54826.255453315,4.2,10.911924472309176,protected_wdi_snapshot
DEU,Germany,Europe & Central Asia,High income,2011,57950.9589729677,4.1,10.967352396913421,protected_wdi_snapshot
DEU,Germany,Europe & Central Asia,High income,2012,58110.3768512245,4,10.970099530183633,protected_wdi_snapshot
DEU,Germany,Europe & Central Asia,High income,2013,58182.0766176953,4,10.971332624394257,protected_wdi_snapshot
DEU,Germany,Europe & Central Asia,High income,2014,59203.2340879963,4,10.988731449244742,protected_wdi_snapshot
DEU,Germany,Europe & Central Asia,High income,2015,59668.9890355282,3.9,10.996567717780481,protected_wdi_snapshot
DEU,Germany,Europe & Central Asia,High income,2016,60504.5857417161,3.9,11.010474438530194,protected_wdi_snapshot
DEU,Germany,Europe & Central Asia,High income,2017,61965.4342904965,3.8,11.034331997116333,protected_wdi_snapshot
DEU,Germany,Europe & Central Asia,High income,2018,62481.1183971045,3.8,11.042619684435062,protected_wdi_snapshot
DEU,Germany,Europe & Central Asia,High income,2019,62949.8932511855,3.7,11.050094343699579,protected_wdi_snapshot
DEU,Germany,Europe & Central Asia,High income,2020,60299.5767710809,3.7,11.007080363968935,protected_wdi_snapshot
DEU,Germany,Europe & Central Asia,High income,2021,62630.7748127737,3.7,11.045012046715069,protected_wdi_snapshot
DEU,Germany,Europe & Central Asia,High income,2022,63777.9291029299,3.7,11.063162470656692,protected_wdi_snapshot
DJI,Djibouti,"Middle East, North Africa, Afghanistan & Pakistan",Lower middle income,2013,4469.07409933135,69.2,8.404936529536952,protected_wdi_snapshot
DJI,Djibouti,"Middle East, North Africa, Afghanistan & Pakistan",Lower middle income,2014,4705.04926772184,67.2,8.456391523318926,protected_wdi_snapshot
DJI,Djibouti,"Middle East, North Africa, Afghanistan & Pakistan",Lower middle income,2015,4961.8681860592,65.2,8.509537599219174,protected_wdi_snapshot
DJI,Djibouti,"Middle East, North Africa, Afghanistan & Pakistan",Lower middle income,2016,5226.50026106607,63.2,8.56149716692322,protected_wdi_snapshot
DJI,Djibouti,"Middle East, North Africa, Afghanistan & Pakistan",Lower middle income,2017,5421.95649149613,61.2,8.598212005588223,protected_wdi_snapshot
DJI,Djibouti,"Middle East, North Africa, Afghanistan & Pakistan",Lower middle income,2018,5590.50426604853,59.4,8.628824770676038,protected_wdi_snapshot
DJI,Djibouti,"Middle East, North Africa, Afghanistan & Pakistan",Lower middle income,2019,5809.30455041341,57.5,8.667216143957466,protected_wdi_snapshot
DJI,Djibouti,"Middle East, North Africa, Afghanistan & Pakistan",Lower middle income,2020,5791.47767679877,55.7,8.664142749888372,protected_wdi_snapshot
DJI,Djibouti,"Middle East, North Africa, Afghanistan & Pakistan",Lower middle income,2021,5960.10807396825,54,8.69284389311114,protected_wdi_snapshot
DJI,Djibouti,"Middle East, North Africa, Afghanistan & Pakistan",Lower middle income,2022,6180.67998594606,52.1,8.72918357448723,protected_wdi_snapshot
DMA,Dominica,Latin America & Caribbean,Upper middle income,2000,14054.6548016043,19.4,9.55070892249859,protected_wdi_snapshot
DMA,Dominica,Latin America & Caribbean,Upper middle income,2001,14091.5491387572,19.7,9.553330544821943,protected_wdi_snapshot
DMA,Dominica,Latin America & Caribbean,Upper middle income,2002,13640.70330575,20.1,9.52081349207331,protected_wdi_snapshot
DMA,Dominica,Latin America & Caribbean,Upper middle income,2003,14398.0017636834,20.6,9.574844709524267,protected_wdi_snapshot
DMA,Dominica,Latin America & Caribbean,Upper middle income,2004,14962.2456326016,21.1,9.613285349394342,protected_wdi_snapshot
DMA,Dominica,Latin America & Caribbean,Upper middle income,2005,15080.5206040984,21.6,9.621159163784245,protected_wdi_snapshot
DMA,Dominica,Latin America & Caribbean,Upper middle income,2006,15727.7053232323,22.2,9.663179106404735,protected_wdi_snapshot
DMA,Dominica,Latin America & Caribbean,Upper middle income,2007,16560.5179009944,22.8,9.71477670166486,protected_wdi_snapshot
DMA,Dominica,Latin America & Caribbean,Upper middle income,2008,17738.0405685048,23.5,9.783466797029554,protected_wdi_snapshot
DMA,Dominica,Latin America & Caribbean,Upper middle income,2009,17534.0339616963,24.2,9.771899069051885,protected_wdi_snapshot
DMA,Dominica,Latin America & Caribbean,Upper middle income,2010,17516.7879573152,24.9,9.770915011912646,protected_wdi_snapshot
DMA,Dominica,Latin America & Caribbean,Upper middle income,2011,17475.0411061698,25.7,9.76852891938364,protected_wdi_snapshot
DMA,Dominica,Latin America & Caribbean,Upper middle income,2012,17431.1288003063,26.5,9.766012898339438,protected_wdi_snapshot
DMA,Dominica,Latin America & Caribbean,Upper middle income,2013,17282.6368040368,27.4,9.75745762354315,protected_wdi_snapshot
DMA,Dominica,Latin America & Caribbean,Upper middle income,2014,17520.8546265613,28.3,9.771147143355543,protected_wdi_snapshot
DMA,Dominica,Latin America & Caribbean,Upper middle income,2015,16920.9126555668,29.2,9.736305571159837,protected_wdi_snapshot
DMA,Dominica,Latin America & Caribbean,Upper middle income,2016,17364.0773046793,30.2,9.762158828418288,protected_wdi_snapshot
DMA,Dominica,Latin America & Caribbean,Upper middle income,2017,16314.2295558891,31.1,9.699792984859304,protected_wdi_snapshot
DMA,Dominica,Latin America & Caribbean,Upper middle income,2018,16877.1244880642,32.1,9.733714403405536,protected_wdi_snapshot
DMA,Dominica,Latin America & Caribbean,Upper middle income,2019,17619.4335416769,33,9.776757750373898,protected_wdi_snapshot
DMA,Dominica,Latin America & Caribbean,Upper middle income,2020,14919.5307686719,33.8,9.610426423442277,protected_wdi_snapshot
DMA,Dominica,Latin America & Caribbean,Upper middle income,2021,15808.9743503945,34.4,9.66833305462631,protected_wdi_snapshot
DMA,Dominica,Latin America & Caribbean,Upper middle income,2022,17550.8009946466,35,9.77285486857311,protected_wdi_snapshot
DNK,Denmark,Europe & Central Asia,High income,2000,57585.8965553524,5.6,10.961032965233391,protected_wdi_snapshot
DNK,Denmark,Europe & Central Asia,High income,2001,57925.0542954115,5.5,10.96690528664,protected_wdi_snapshot
DNK,Denmark,Europe & Central Asia,High income,2002,58003.8882572641,5.4,10.968265326199894,protected_wdi_snapshot
DNK,Denmark,Europe & Central Asia,High income,2003,58101.4809549972,5.2,10.969946432274131,protected_wdi_snapshot
DNK,Denmark,Europe & Central Asia,High income,2004,59560.4599503941,5,10.994747209239485,protected_wdi_snapshot
DNK,Denmark,Europe & Central Asia,High income,2005,60798.1351548444,4.8,11.015314395688547,protected_wdi_snapshot
DNK,Denmark,Europe & Central Asia,High income,2006,62911.3931382937,4.6,11.04948255726076,protected_wdi_snapshot
DNK,Denmark,Europe & Central Asia,High income,2007,63251.3169416725,4.5,11.054871227585222,protected_wdi_snapshot
DNK,Denmark,Europe & Central Asia,High income,2008,62618.4499382451,4.3,11.044815241112593,protected_wdi_snapshot
DNK,Denmark,Europe & Central Asia,High income,2009,59185.967750553304,4.2,10.9884397615351,protected_wdi_snapshot
DNK,Denmark,Europe & Central Asia,High income,2010,59856.3490860003,4.1,10.999702788667959,protected_wdi_snapshot
DNK,Denmark,Europe & Central Asia,High income,2011,60391.7799332206,4.1,11.00860828084045,protected_wdi_snapshot
DNK,Denmark,Europe & Central Asia,High income,2012,60161.7010660256,4.1,11.004791233922536,protected_wdi_snapshot
DNK,Denmark,Europe & Central Asia,High income,2013,60745.7784800252,4.1,11.014452868747513,protected_wdi_snapshot
DNK,Denmark,Europe & Central Asia,High income,2014,61210.9490922919,4.1,11.022081359235312,protected_wdi_snapshot
DNK,Denmark,Europe & Central Asia,High income,2015,62059.1285991721,4.1,11.035842896640048,protected_wdi_snapshot
DNK,Denmark,Europe & Central Asia,High income,2016,63468.9888246814,4,11.058306700626126,protected_wdi_snapshot
DNK,Denmark,Europe & Central Asia,High income,2017,64989.4459872347,3.9,11.081980166267273,protected_wdi_snapshot
DNK,Denmark,Europe & Central Asia,High income,2018,65870.8302554341,3.9,11.095450986010048,protected_wdi_snapshot
DNK,Denmark,Europe & Central Asia,High income,2019,66758.6323346131,3.8,11.108838891265941,protected_wdi_snapshot
DNK,Denmark,Europe & Central Asia,High income,2020,65379.3066120995,3.7,11.087961074717214,protected_wdi_snapshot
DNK,Denmark,Europe & Central Asia,High income,2021,69327.998216527,3.7,11.146604118254544,protected_wdi_snapshot
DNK,Denmark,Europe & Central Asia,High income,2022,69089.4692492289,3.8,11.143157599433199,protected_wdi_snapshot
DOM,Dominican Republic,Latin America & Caribbean,Upper middle income,2000,10896.3184155964,39.6,9.296180251126438,protected_wdi_snapshot
DOM,Dominican Republic,Latin America & Caribbean,Upper middle income,2001,10991.1363420488,38.6,9.304844439873118,protected_wdi_snapshot
DOM,Dominican Republic,Latin America & Caribbean,Upper middle income,2002,11313.0690271273,37.7,9.333713887483677,protected_wdi_snapshot
DOM,Dominican Republic,Latin America & Caribbean,Upper middle income,2003,11000.8684059352,37,9.305729494658546,protected_wdi_snapshot
DOM,Dominican Republic,Latin America & Caribbean,Upper middle income,2004,11131.2709216332,36.4,9.317513626576527,protected_wdi_snapshot
DOM,Dominican Republic,Latin America & Caribbean,Upper middle income,2005,12022.5080544053,36,9.39453584309589,protected_wdi_snapshot
DOM,Dominican Republic,Latin America & Caribbean,Upper middle income,2006,12961.9183632133,35.6,9.46977098080499,protected_wdi_snapshot
DOM,Dominican Republic,Latin America & Caribbean,Upper middle income,2007,13754.9212674095,35.3,9.52915194941714,protected_wdi_snapshot
DOM,Dominican Republic,Latin America & Caribbean,Upper middle income,2008,14030.1411084465,35.1,9.54896323066863,protected_wdi_snapshot
DOM,Dominican Republic,Latin America & Caribbean,Upper middle income,2009,13992.4103270189,34.9,9.54627034209884,protected_wdi_snapshot
DOM,Dominican Republic,Latin America & Caribbean,Upper middle income,2010,14975.0010126958,34.9,9.61413749060941,protected_wdi_snapshot
DOM,Dominican Republic,Latin America & Caribbean,Upper middle income,2011,15258.0858148503,34.8,9.63286485888723,protected_wdi_snapshot
DOM,Dominican Republic,Latin America & Caribbean,Upper middle income,2012,15487.2776356321,34.8,9.64777416816731,protected_wdi_snapshot
DOM,Dominican Republic,Latin America & Caribbean,Upper middle income,2013,16054.7677297656,34.8,9.683761139260172,protected_wdi_snapshot
DOM,Dominican Republic,Latin America & Caribbean,Upper middle income,2014,16993.587444403,34.9,9.74059134272432,protected_wdi_snapshot
DOM,Dominican Republic,Latin America & Caribbean,Upper middle income,2015,17973.1870256815,34.9,9.796636316622418,protected_wdi_snapshot
DOM,Dominican Republic,Latin America & Caribbean,Upper middle income,2016,18968.9752386179,34.9,9.850560041365435,protected_wdi_snapshot
DOM,Dominican Republic,Latin America & Caribbean,Upper middle income,2017,19501.8743054078,34.9,9.878265858158818,protected_wdi_snapshot
DOM,Dominican Republic,Latin America & Caribbean,Upper middle income,2018,20662.848586153,34.7,9.936092612460198,protected_wdi_snapshot
DOM,Dominican Republic,Latin America & Caribbean,Upper middle income,2019,21451.286441995,34.4,9.973539896543576,protected_wdi_snapshot
DOM,Dominican Republic,Latin America & Caribbean,Upper middle income,2020,19545.4099552943,33.8,9.880495752951791,protected_wdi_snapshot
DOM,Dominican Republic,Latin America & Caribbean,Upper middle income,2021,22053.4589869955,33,10.00122473873068,protected_wdi_snapshot
DOM,Dominican Republic,Latin America & Caribbean,Upper middle income,2022,22986.95808105,32.3,10.042682294128984,protected_wdi_snapshot
DZA,Algeria,"Middle East, North Africa, Afghanistan & Pakistan",Upper middle income,2000,11558.220469383,41.7,9.355152191741912,protected_wdi_snapshot
DZA,Algeria,"Middle East, North Africa, Afghanistan & Pakistan",Upper middle income,2001,11742.5946761225,40.2,9.370978080557384,protected_wdi_snapshot
DZA,Algeria,"Middle East, North Africa, Afghanistan & Pakistan",Upper middle income,2002,12213.1263531246,38.6,9.41026658290686,protected_wdi_snapshot
DZA,Algeria,"Middle East, North Africa, Afghanistan & Pakistan",Upper middle income,2003,12835.1814413331,37,9.459945229655116,protected_wdi_snapshot
DZA,Algeria,"Middle East, North Africa, Afghanistan & Pakistan",Upper middle income,2004,13226.7650481165,35.4,9.489997710816683,protected_wdi_snapshot
DZA,Algeria,"Middle East, North Africa, Afghanistan & Pakistan",Upper middle income,2005,13738.495644436,33.9,9.527957072477655,protected_wdi_snapshot
DZA,Algeria,"Middle East, North Africa, Afghanistan & Pakistan",Upper middle income,2006,13920.6940553701,32.5,9.541131792945004,protected_wdi_snapshot
DZA,Algeria,"Middle East, North Africa, Afghanistan & Pakistan",Upper middle income,2007,14114.6745192683,31.2,9.554970281212958,protected_wdi_snapshot
DZA,Algeria,"Middle East, North Africa, Afghanistan & Pakistan",Upper middle income,2008,14206.7767147039,30.1,9.561474363179547,protected_wdi_snapshot
DZA,Algeria,"Middle East, North Africa, Afghanistan & Pakistan",Upper middle income,2009,14104.42817214,29,9.554244081823088,protected_wdi_snapshot
DZA,Algeria,"Middle East, North Africa, Afghanistan & Pakistan",Upper middle income,2010,14496.4211312996,28.1,9.581657079412897,protected_wdi_snapshot
DZA,Algeria,"Middle East, North Africa, Afghanistan & Pakistan",Upper middle income,2011,14641.9640935685,27.3,9.591646937913492,protected_wdi_snapshot
DZA,Algeria,"Middle East, North Africa, Afghanistan & Pakistan",Upper middle income,2012,14697.5396133853,26.6,9.595435385519268,protected_wdi_snapshot
DZA,Algeria,"Middle East, North Africa, Afghanistan & Pakistan",Upper middle income,2013,14778.1914257233,25.9,9.600907820690283,protected_wdi_snapshot
DZA,Algeria,"Middle East, North Africa, Afghanistan & Pakistan",Upper middle income,2014,15073.7629403565,25.4,9.620710957887058,protected_wdi_snapshot
DZA,Algeria,"Middle East, North Africa, Afghanistan & Pakistan",Upper middle income,2015,15239.5171456469,24.9,9.631647145382207,protected_wdi_snapshot
DZA,Algeria,"Middle East, North Africa, Afghanistan & Pakistan",Upper middle income,2016,15511.6858768094,24.5,9.649348946382828,protected_wdi_snapshot
DZA,Algeria,"Middle East, North Africa, Afghanistan & Pakistan",Upper middle income,2017,15427.6641894713,24,9.643917552787839,protected_wdi_snapshot
DZA,Algeria,"Middle East, North Africa, Afghanistan & Pakistan",Upper middle income,2018,15343.4261222434,23.7,9.638442395631522,protected_wdi_snapshot
DZA,Algeria,"Middle East, North Africa, Afghanistan & Pakistan",Upper middle income,2019,15199.1989965639,23.3,9.62899800785132,protected_wdi_snapshot
DZA,Algeria,"Middle East, North Africa, Afghanistan & Pakistan",Upper middle income,2020,14194.1557479619,22.9,9.560585591827454,protected_wdi_snapshot
DZA,Algeria,"Middle East, North Africa, Afghanistan & Pakistan",Upper middle income,2021,14496.8654697299,22.6,9.581687730538205,protected_wdi_snapshot
DZA,Algeria,"Middle East, North Africa, Afghanistan & Pakistan",Upper middle income,2022,14782.2002970247,22.3,9.601179053315587,protected_wdi_snapshot
ECU,Ecuador,Latin America & Caribbean,Upper middle income,2000,9183.05155276919,29.6,9.12511484153321,protected_wdi_snapshot
ECU,Ecuador,Latin America & Caribbean,Upper middle income,2001,9405.11680690106,28,9.149009161317876,protected_wdi_snapshot
ECU,Ecuador,Latin America & Caribbean,Upper middle income,2002,9697.55517665978,26.6,9.179629089079816,protected_wdi_snapshot
ECU,Ecuador,Latin America & Caribbean,Upper middle income,2003,9802.81408202125,25.5,9.1904247746653,protected_wdi_snapshot
ECU,Ecuador,Latin America & Caribbean,Upper middle income,2004,10290.6634264766,24.5,9.238992299682419,protected_wdi_snapshot
ECU,Ecuador,Latin America & Caribbean,Upper middle income,2005,10660.2046228939,23.6,9.27427289292903,protected_wdi_snapshot
ECU,Ecuador,Latin America & Caribbean,Upper middle income,2006,10933.4897470283,22.7,9.299585811732431,protected_wdi_snapshot
ECU,Ecuador,Latin America & Caribbean,Upper middle income,2007,10952.8226853948,21.8,9.301352481513334,protected_wdi_snapshot
ECU,Ecuador,Latin America & Caribbean,Upper middle income,2008,11474.5257023541,20.9,9.347884700946326,protected_wdi_snapshot
ECU,Ecuador,Latin America & Caribbean,Upper middle income,2009,11403.5277978831,20,9.341678042465627,protected_wdi_snapshot
ECU,Ecuador,Latin America & Caribbean,Upper middle income,2010,11665.6978598204,19.1,9.364408007768558,protected_wdi_snapshot
ECU,Ecuador,Latin America & Caribbean,Upper middle income,2011,12449.0785549218,18.2,9.429401887500989,protected_wdi_snapshot
ECU,Ecuador,Latin America & Caribbean,Upper middle income,2012,12961.0267423765,17.4,9.469702190717019,protected_wdi_snapshot
ECU,Ecuador,Latin America & Caribbean,Upper middle income,2013,13689.1520460125,16.6,9.524358976701079,protected_wdi_snapshot
ECU,Ecuador,Latin America & Caribbean,Upper middle income,2014,14064.7992246727,15.9,9.55143044600321,protected_wdi_snapshot
ECU,Ecuador,Latin America & Caribbean,Upper middle income,2015,13881.5700738105,15.3,9.53831734537316,protected_wdi_snapshot
ECU,Ecuador,Latin America & Caribbean,Upper middle income,2016,13586.5160772568,14.8,9.516833114990112,protected_wdi_snapshot
ECU,Ecuador,Latin America & Caribbean,Upper middle income,2017,14179.1537503305,14.4,9.559528119203028,protected_wdi_snapshot
ECU,Ecuador,Latin America & Caribbean,Upper middle income,2018,14083.5069982304,14.1,9.552759675276477,protected_wdi_snapshot
ECU,Ecuador,Latin America & Caribbean,Upper middle income,2019,13870.4895118068,13.8,9.537518805534463,protected_wdi_snapshot
ECU,Ecuador,Latin America & Caribbean,Upper middle income,2020,12440.3263747814,13.6,9.428698601863918,protected_wdi_snapshot
ECU,Ecuador,Latin America & Caribbean,Upper middle income,2021,13507.4445638375,13.4,9.510996261607449,protected_wdi_snapshot
ECU,Ecuador,Latin America & Caribbean,Upper middle income,2022,14186.6388544625,13.2,9.560055874898772,protected_wdi_snapshot
EGY,"Egypt, Arab Rep.","Middle East, North Africa, Afghanistan & Pakistan",Lower middle income,2000,9981.62775081593,47.3,9.208501457290103,protected_wdi_snapshot
EGY,"Egypt, Arab Rep.","Middle East, North Africa, Afghanistan & Pakistan",Lower middle income,2001,10117.3331821542,44.8,9.2220053885641,protected_wdi_snapshot
EGY,"Egypt, Arab Rep.","Middle East, North Africa, Afghanistan & Pakistan",Lower middle income,2002,10143.5063456555,42.5,9.224589010829545,protected_wdi_snapshot
EGY,"Egypt, Arab Rep.","Middle East, North Africa, Afghanistan & Pakistan",Lower middle income,2003,10250.376550149,40.4,9.235069720491685,protected_wdi_snapshot
EGY,"Egypt, Arab Rep.","Middle East, North Africa, Afghanistan & Pakistan",Lower middle income,2004,10451.8217511529,38.6,9.25453157245307,protected_wdi_snapshot
EGY,"Egypt, Arab Rep.","Middle East, North Africa, Afghanistan & Pakistan",Lower middle income,2005,10700.6090372525,37,9.278055938199545,protected_wdi_snapshot
EGY,"Egypt, Arab Rep.","Middle East, North Africa, Afghanistan & Pakistan",Lower middle income,2006,11211.8320228671,35.6,9.324724930266196,protected_wdi_snapshot
EGY,"Egypt, Arab Rep.","Middle East, North Africa, Afghanistan & Pakistan",Lower middle income,2007,11782.0060717026,34.2,9.374328737418676,protected_wdi_snapshot
EGY,"Egypt, Arab Rep.","Middle East, North Africa, Afghanistan & Pakistan",Lower middle income,2008,12391.5847624938,32.8,9.424772873021224,protected_wdi_snapshot
EGY,"Egypt, Arab Rep.","Middle East, North Africa, Afghanistan & Pakistan",Lower middle income,2009,12728.0814587564,31.6,9.45156596996229,protected_wdi_snapshot
EGY,"Egypt, Arab Rep.","Middle East, North Africa, Afghanistan & Pakistan",Lower middle income,2010,13128.9878334831,30.5,9.482577876243385,protected_wdi_snapshot
EGY,"Egypt, Arab Rep.","Middle East, North Africa, Afghanistan & Pakistan",Lower middle income,2011,13082.4263680239,29.5,9.479025109950294,protected_wdi_snapshot
EGY,"Egypt, Arab Rep.","Middle East, North Africa, Afghanistan & Pakistan",Lower middle income,2012,13076.8052394876,28.6,9.478595347432254,protected_wdi_snapshot
EGY,"Egypt, Arab Rep.","Middle East, North Africa, Afghanistan & Pakistan",Lower middle income,2013,13058.0748238237,27.8,9.477161981843786,protected_wdi_snapshot
EGY,"Egypt, Arab Rep.","Middle East, North Africa, Afghanistan & Pakistan",Lower middle income,2014,13136.3656298099,27.1,9.483139665486476,protected_wdi_snapshot
EGY,"Egypt, Arab Rep.","Middle East, North Africa, Afghanistan & Pakistan",Lower middle income,2015,13425.9119599492,26.5,9.504941847047522,protected_wdi_snapshot
EGY,"Egypt, Arab Rep.","Middle East, North Africa, Afghanistan & Pakistan",Lower middle income,2016,13727.3201600816,26,9.527143298362903,protected_wdi_snapshot
EGY,"Egypt, Arab Rep.","Middle East, North Africa, Afghanistan & Pakistan",Lower middle income,2017,14018.3605934411,25.6,9.548123220330586,protected_wdi_snapshot
EGY,"Egypt, Arab Rep.","Middle East, North Africa, Afghanistan & Pakistan",Lower middle income,2018,14488.2094340261,25.2,9.581090455148034,protected_wdi_snapshot
EGY,"Egypt, Arab Rep.","Middle East, North Africa, Afghanistan & Pakistan",Lower middle income,2019,15026.568243683,24.8,9.617575129576153,protected_wdi_snapshot
EGY,"Egypt, Arab Rep.","Middle East, North Africa, Afghanistan & Pakistan",Lower middle income,2020,15309.2359881835,24.4,9.636211584609907,protected_wdi_snapshot
EGY,"Egypt, Arab Rep.","Middle East, North Africa, Afghanistan & Pakistan",Lower middle income,2021,15579.0160861551,24,9.65368016506566,protected_wdi_snapshot
EGY,"Egypt, Arab Rep.","Middle East, North Africa, Afghanistan & Pakistan",Lower middle income,2022,16360.390775011,23.5,9.702618495874589,protected_wdi_snapshot
ESP,Spain,Europe & Central Asia,High income,2000,39945.8971298178,5.4,10.595281245790684,protected_wdi_snapshot
ESP,Spain,Europe & Central Asia,High income,2001,41224.2924057393,5.3,10.626782983077687,protected_wdi_snapshot
ESP,Spain,Europe & Central Asia,High income,2002,41766.0378188791,5.1,10.63983879589071,protected_wdi_snapshot
ESP,Spain,Europe & Central Asia,High income,2003,42223.130174522,5,10.650723458268555,protected_wdi_snapshot
ESP,Spain,Europe & Central Asia,High income,2004,42793.3902326006,4.9,10.664138935826015,protected_wdi_snapshot
ESP,Spain,Europe & Central Asia,High income,2005,43570.7652574033,4.7,10.682141682817775,protected_wdi_snapshot
ESP,Spain,Europe & Central Asia,High income,2006,44572.6815459931,4.5,10.704876428950001,protected_wdi_snapshot
ESP,Spain,Europe & Central Asia,High income,2007,45301.2843416374,4.4,10.721090662981743,protected_wdi_snapshot
ESP,Spain,Europe & Central Asia,High income,2008,44926.348951812,4.2,10.712779737952484,protected_wdi_snapshot
ESP,Spain,Europe & Central Asia,High income,2009,42852.220888454,4,10.665512752051653,protected_wdi_snapshot
ESP,Spain,Europe & Central Asia,High income,2010,42695.5274189933,3.8,10.661849449444778,protected_wdi_snapshot
ESP,Spain,Europe & Central Asia,High income,2011,42271.8346788238,3.7,10.651876296423596,protected_wdi_snapshot
ESP,Spain,Europe & Central Asia,High income,2012,41034.0481566356,3.6,10.622157443904339,protected_wdi_snapshot
ESP,Spain,Europe & Central Asia,High income,2013,40594.914008768,3.5,10.611398067022792,protected_wdi_snapshot
ESP,Spain,Europe & Central Asia,High income,2014,41339.4111169417,3.4,10.629571588261095,protected_wdi_snapshot
ESP,Spain,Europe & Central Asia,High income,2015,43053.761430314,3.3,10.67020487956549,protected_wdi_snapshot
ESP,Spain,Europe & Central Asia,High income,2016,44274.6676149922,3.3,10.698167955338658,protected_wdi_snapshot
ESP,Spain,Europe & Central Asia,High income,2017,45446.2508575695,3.2,10.72428560682078,protected_wdi_snapshot
ESP,Spain,Europe & Central Asia,High income,2018,46325.2099441141,3.2,10.743441583126327,protected_wdi_snapshot
ESP,Spain,Europe & Central Asia,High income,2019,46896.4171141424,3.2,10.755696557361443,protected_wdi_snapshot
ESP,Spain,Europe & Central Asia,High income,2020,41553.4477945675,3.2,10.634735776252967,protected_wdi_snapshot
ESP,Spain,Europe & Central Asia,High income,2021,44251.6658222621,3.2,10.697648295428332,protected_wdi_snapshot
ESP,Spain,Europe & Central Asia,High income,2022,46733.4809780536,3.2,10.752216124211673,protected_wdi_snapshot
EST,Estonia,Europe & Central Asia,High income,2000,20526.6606380865,11,9.9294798391153,protected_wdi_snapshot
EST,Estonia,Europe & Central Asia,High income,2001,21872.6593953112,10.1,9.992992706429519,protected_wdi_snapshot
EST,Estonia,Europe & Central Asia,High income,2002,23537.7156816601,9.3,10.066359336244087,protected_wdi_snapshot
EST,Estonia,Europe & Central Asia,High income,2003,25485.1613028986,8.5,10.145851652081111,protected_wdi_snapshot
EST,Estonia,Europe & Central Asia,High income,2004,27381.5350626694,7.8,10.217624162379302,protected_wdi_snapshot
EST,Estonia,Europe & Central Asia,High income,2005,30161.1996133966,7.1,10.314311596310882,protected_wdi_snapshot
EST,Estonia,Europe & Central Asia,High income,2006,33301.4945486206,6.5,10.413357556301357,protected_wdi_snapshot
EST,Estonia,Europe & Central Asia,High income,2007,35986.5161332684,5.9,10.490899595422526,protected_wdi_snapshot
EST,Estonia,Europe & Central Asia,High income,2008,34233.7643806167,5.4,10.440967698618637,protected_wdi_snapshot
EST,Estonia,Europe & Central Asia,High income,2009,29281.6798284656,5,10.284717337620348,protected_wdi_snapshot
EST,Estonia,Europe & Central Asia,High income,2010,30067.501040775,4.6,10.311200167799388,protected_wdi_snapshot
EST,Estonia,Europe & Central Asia,High income,2011,32453.1008476709,4.2,10.387551275276316,protected_wdi_snapshot
EST,Estonia,Europe & Central Asia,High income,2012,33765.4302075072,3.9,10.427192783154108,protected_wdi_snapshot
EST,Estonia,Europe & Central Asia,High income,2013,34481.0148921506,3.6,10.448164158571556,protected_wdi_snapshot
EST,Estonia,Europe & Central Asia,High income,2014,35720.3025335234,3.4,10.48347450453809,protected_wdi_snapshot
EST,Estonia,Europe & Central Asia,High income,2015,36353.0580520449,3.2,10.501033607402332,protected_wdi_snapshot
EST,Estonia,Europe & Central Asia,High income,2016,37466.5561839318,3,10.531203978941827,protected_wdi_snapshot
EST,Estonia,Europe & Central Asia,High income,2017,39529.785973279,2.8,10.58480974199019,protected_wdi_snapshot
EST,Estonia,Europe & Central Asia,High income,2018,40849.8473475564,2.7,10.617658363379242,protected_wdi_snapshot
EST,Estonia,Europe & Central Asia,High income,2019,42215.0343835811,2.5,10.650531701590563,protected_wdi_snapshot
EST,Estonia,Europe & Central Asia,High income,2020,40916.7194113327,2.4,10.619294046063168,protected_wdi_snapshot
EST,Estonia,Europe & Central Asia,High income,2021,44247.4198971873,2.3,10.697552341327937,protected_wdi_snapshot
EST,Estonia,Europe & Central Asia,High income,2022,43124.6196563775,2.2,10.671849334732508,protected_wdi_snapshot
ETH,Ethiopia,Sub-Saharan Africa,Low income,2000,810.270749115591,140.1,6.697368449982065,protected_wdi_snapshot
ETH,Ethiopia,Sub-Saharan Africa,Low income,2001,851.313428411291,133.8,6.746780366771583,protected_wdi_snapshot
ETH,Ethiopia,Sub-Saharan Africa,Low income,2002,838.298046952135,127.4,6.731373701869101,protected_wdi_snapshot
ETH,Ethiopia,Sub-Saharan Africa,Low income,2003,795.772138298998,121,6.679312886446277,protected_wdi_snapshot
ETH,Ethiopia,Sub-Saharan Africa,Low income,2004,877.114494958363,114.6,6.776637536825073,protected_wdi_snapshot
ETH,Ethiopia,Sub-Saharan Africa,Low income,2005,952.115666282409,108.3,6.858686525606865,protected_wdi_snapshot
ETH,Ethiopia,Sub-Saharan Africa,Low income,2006,1024.72911937532,102.4,6.932183582865864,protected_wdi_snapshot
ETH,Ethiopia,Sub-Saharan Africa,Low income,2007,1109.14330259683,96.9,7.011343196853524,protected_wdi_snapshot
ETH,Ethiopia,Sub-Saharan Africa,Low income,2008,1193.74728331296,91.8,7.084852616033573,protected_wdi_snapshot
ETH,Ethiopia,Sub-Saharan Africa,Low income,2009,1262.46398000981,87.1,7.140820630057208,protected_wdi_snapshot
ETH,Ethiopia,Sub-Saharan Africa,Low income,2010,1381.19044650715,82.7,7.230701048685624,protected_wdi_snapshot
ETH,Ethiopia,Sub-Saharan Africa,Low income,2011,1492.53396469943,78.6,7.308230601925364,protected_wdi_snapshot
ETH,Ethiopia,Sub-Saharan Africa,Low income,2012,1576.76875733933,74.8,7.363132941676794,protected_wdi_snapshot
ETH,Ethiopia,Sub-Saharan Africa,Low income,2013,1696.86515588665,71.2,7.436537801786371,protected_wdi_snapshot
ETH,Ethiopia,Sub-Saharan Africa,Low income,2014,1821.39161772403,67.7,7.507356113017073,protected_wdi_snapshot
ETH,Ethiopia,Sub-Saharan Africa,Low income,2015,1957.41454184551,64.4,7.57937977012807,protected_wdi_snapshot
ETH,Ethiopia,Sub-Saharan Africa,Low income,2016,2084.84055616471,61.3,7.642447659445331,protected_wdi_snapshot
ETH,Ethiopia,Sub-Saharan Africa,Low income,2017,2222.82824478259,58.4,7.7065356481734195,protected_wdi_snapshot
ETH,Ethiopia,Sub-Saharan Africa,Low income,2018,2311.16511656359,55.8,7.74550705582403,protected_wdi_snapshot
ETH,Ethiopia,Sub-Saharan Africa,Low income,2019,2437.97046047967,53.6,7.7989211936756355,protected_wdi_snapshot
ETH,Ethiopia,Sub-Saharan Africa,Low income,2020,2516.54907638899,51.5,7.830643827869686,protected_wdi_snapshot
ETH,Ethiopia,Sub-Saharan Africa,Low income,2021,2588.41310213778,70.4,7.858800265037778,protected_wdi_snapshot
ETH,Ethiopia,Sub-Saharan Africa,Low income,2022,2655.59276743639,68.1,7.884423173327359,protected_wdi_snapshot
FIN,Finland,Europe & Central Asia,High income,2000,46968.841714507,4.3,10.757239718604286,protected_wdi_snapshot
FIN,Finland,Europe & Central Asia,High income,2001,48099.3014282794,4.2,10.781022932667794,protected_wdi_snapshot
FIN,Finland,Europe & Central Asia,High income,2002,48792.4864789775,4.1,10.795331614392596,protected_wdi_snapshot
FIN,Finland,Europe & Central Asia,High income,2003,49655.5451564067,4,10.812865348159614,protected_wdi_snapshot
FIN,Finland,Europe & Central Asia,High income,2004,51494.705860401,3.9,10.8492342825405,protected_wdi_snapshot
FIN,Finland,Europe & Central Asia,High income,2005,52744.048034135,3.7,10.873206211496024,protected_wdi_snapshot
FIN,Finland,Europe & Central Asia,High income,2006,54653.981203281,3.6,10.908777340050696,protected_wdi_snapshot
FIN,Finland,Europe & Central Asia,High income,2007,57313.2916474478,3.5,10.95628784172694,protected_wdi_snapshot
FIN,Finland,Europe & Central Asia,High income,2008,57494.585352886,3.3,10.959446054575483,protected_wdi_snapshot
FIN,Finland,Europe & Central Asia,High income,2009,52599.1487066911,3.2,10.870455214311395,protected_wdi_snapshot
FIN,Finland,Europe & Central Asia,High income,2010,54017.9458623339,3,10.897071601120729,protected_wdi_snapshot
FIN,Finland,Europe & Central Asia,High income,2011,55053.3906850323,2.9,10.916058733079357,protected_wdi_snapshot
FIN,Finland,Europe & Central Asia,High income,2012,53957.6680986279,2.8,10.895955094017753,protected_wdi_snapshot
FIN,Finland,Europe & Central Asia,High income,2013,53183.4286685126,2.6,10.881502135612905,protected_wdi_snapshot
FIN,Finland,Europe & Central Asia,High income,2014,52710.7334867778,2.6,10.872574385267095,protected_wdi_snapshot
FIN,Finland,Europe & Central Asia,High income,2015,52782.4873926277,2.5,10.873934736507053,protected_wdi_snapshot
FIN,Finland,Europe & Central Asia,High income,2016,53984.6316254715,2.4,10.896454685511975,protected_wdi_snapshot
FIN,Finland,Europe & Central Asia,High income,2017,55637.2262781223,2.4,10.926607793574822,protected_wdi_snapshot
FIN,Finland,Europe & Central Asia,High income,2018,56226.337241343,2.4,10.937140560294674,protected_wdi_snapshot
FIN,Finland,Europe & Central Asia,High income,2019,56922.4873163103,2.4,10.949445749708461,protected_wdi_snapshot
FIN,Finland,Europe & Central Asia,High income,2020,55424.8574989208,2.4,10.922783463419787,protected_wdi_snapshot
FIN,Finland,Europe & Central Asia,High income,2021,56790.3766177692,2.4,10.94712216461158,protected_wdi_snapshot
FIN,Finland,Europe & Central Asia,High income,2022,57068.3056478074,2.4,10.95200417407316,protected_wdi_snapshot
FJI,Fiji,East Asia & Pacific,Upper middle income,2000,9070.99318456826,22.6,9.11283703927173,protected_wdi_snapshot
FJI,Fiji,East Asia & Pacific,Upper middle income,2001,9157.80844623624,22.6,9.12236217644841,protected_wdi_snapshot
FJI,Fiji,East Asia & Pacific,Upper middle income,2002,9357.75382838604,22.7,9.143960565073105,protected_wdi_snapshot
FJI,Fiji,East Asia & Pacific,Upper middle income,2003,9361.4641667422,22.8,9.144356985308791,protected_wdi_snapshot
FJI,Fiji,East Asia & Pacific,Upper middle income,2004,9766.52774786586,23.1,9.18671628246789,protected_wdi_snapshot
FJI,Fiji,East Asia & Pacific,Upper middle income,2005,9745.58143908405,23.3,9.184569275537234,protected_wdi_snapshot
FJI,Fiji,East Asia & Pacific,Upper middle income,2006,9837.08586688962,23.5,9.193914794445853,protected_wdi_snapshot
FJI,Fiji,East Asia & Pacific,Upper middle income,2007,9672.29020465987,23.5,9.177020396461938,protected_wdi_snapshot
FJI,Fiji,East Asia & Pacific,Upper middle income,2008,9711.96604105756,23.2,9.181114016696952,protected_wdi_snapshot
FJI,Fiji,East Asia & Pacific,Upper middle income,2009,9536.81722352305,22.8,9.162915084408688,protected_wdi_snapshot
FJI,Fiji,East Asia & Pacific,Upper middle income,2010,9784.30360030575,22.2,9.188534707170303,protected_wdi_snapshot
FJI,Fiji,East Asia & Pacific,Upper middle income,2011,10020.6957548052,21.6,9.212407808835552,protected_wdi_snapshot
FJI,Fiji,East Asia & Pacific,Upper middle income,2012,10140.693585539,21,9.224311675746666,protected_wdi_snapshot
FJI,Fiji,East Asia & Pacific,Upper middle income,2013,10604.1559055372,20.7,9.269001269822262,protected_wdi_snapshot
FJI,Fiji,East Asia & Pacific,Upper middle income,2014,11183.3135250834,20.6,9.322178082500647,protected_wdi_snapshot
FJI,Fiji,East Asia & Pacific,Upper middle income,2015,11674.0633676202,20.9,9.365124853847359,protected_wdi_snapshot
FJI,Fiji,East Asia & Pacific,Upper middle income,2016,11951.9196738327,21.6,9.388647186619819,protected_wdi_snapshot
FJI,Fiji,East Asia & Pacific,Upper middle income,2017,12597.327485488,22.7,9.441239966115916,protected_wdi_snapshot
FJI,Fiji,East Asia & Pacific,Upper middle income,2018,13100.095939444,24.2,9.480374832784104,protected_wdi_snapshot
FJI,Fiji,East Asia & Pacific,Upper middle income,2019,13056.3310937089,25.7,9.477028436388231,protected_wdi_snapshot
FJI,Fiji,East Asia & Pacific,Upper middle income,2020,10812.0355014178,27.2,9.288415190910907,protected_wdi_snapshot
FJI,Fiji,East Asia & Pacific,Upper middle income,2021,10322.4279638854,28.3,9.242074279182773,protected_wdi_snapshot
FJI,Fiji,East Asia & Pacific,Upper middle income,2022,12118.3182710082,28.9,9.402473493478254,protected_wdi_snapshot
FRA,France,Europe & Central Asia,High income,2000,45922.4789363701,5.4,10.734710013342344,protected_wdi_snapshot
FRA,France,Europe & Central Asia,High income,2001,46454.8706927365,5.2,10.746236597576468,protected_wdi_snapshot
FRA,France,Europe & Central Asia,High income,2002,46610.7820717214,5.1,10.74958716828033,protected_wdi_snapshot
FRA,France,Europe & Central Asia,High income,2003,46730.975806379,4.9,10.752162517273561,protected_wdi_snapshot
FRA,France,Europe & Central Asia,High income,2004,47720.4413351103,4.8,10.773115124599729,protected_wdi_snapshot
FRA,France,Europe & Central Asia,High income,2005,48257.4650937971,4.6,10.784305811769585,protected_wdi_snapshot
FRA,France,Europe & Central Asia,High income,2006,49223.247197008,4.5,10.804121294889761,protected_wdi_snapshot
FRA,France,Europe & Central Asia,High income,2007,50157.7837477634,4.4,10.822928990673645,protected_wdi_snapshot
FRA,France,Europe & Central Asia,High income,2008,50068.2969141379,4.4,10.821143290647992,protected_wdi_snapshot
FRA,France,Europe & Central Asia,High income,2009,48404.965782636304,4.3,10.787357686256625,protected_wdi_snapshot
FRA,France,Europe & Central Asia,High income,2010,49130.422942344,4.2,10.802233733762806,protected_wdi_snapshot
FRA,France,Europe & Central Asia,High income,2011,50085.6829779109,4.2,10.821490477329268,protected_wdi_snapshot
FRA,France,Europe & Central Asia,High income,2012,49935.6269081617,4.1,10.818489993082492,protected_wdi_snapshot
FRA,France,Europe & Central Asia,High income,2013,50066.5304324783,4.1,10.821108008584666,protected_wdi_snapshot
FRA,France,Europe & Central Asia,High income,2014,50326.567863089,4.1,10.826288404778559,protected_wdi_snapshot
FRA,France,Europe & Central Asia,High income,2015,50682.8953586333,4.2,10.833343763005127,protected_wdi_snapshot
FRA,France,Europe & Central Asia,High income,2016,50984.075297832,4.2,10.839268613884457,protected_wdi_snapshot
FRA,France,Europe & Central Asia,High income,2017,51895.5662985838,4.2,10.856988637731869,protected_wdi_snapshot
FRA,France,Europe & Central Asia,High income,2018,52560.9536243841,4.2,10.86972879653241,protected_wdi_snapshot
FRA,France,Europe & Central Asia,High income,2019,53448.5548849943,4.2,10.886474879324254,protected_wdi_snapshot
FRA,France,Europe & Central Asia,High income,2020,49311.333409639,4.2,10.805909220216158,protected_wdi_snapshot
FRA,France,Europe & Central Asia,High income,2021,52517.3354905855,4.3,10.868898593896429,protected_wdi_snapshot
FRA,France,Europe & Central Asia,High income,2022,53673.8137406422,4.3,10.890680521722919,protected_wdi_snapshot
FSM,"Micronesia, Fed. Sts.",East Asia & Pacific,Upper middle income,2000,3563.89180484484,38.6,8.17860843034225,protected_wdi_snapshot
FSM,"Micronesia, Fed. Sts.",East Asia & Pacific,Upper middle income,2001,3618.3939602241,37.7,8.193785548978099,protected_wdi_snapshot
FSM,"Micronesia, Fed. Sts.",East Asia & Pacific,Upper middle income,2002,3631.74876153373,41.5,8.197469563742054,protected_wdi_snapshot
FSM,"Micronesia, Fed. Sts.",East Asia & Pacific,Upper middle income,2003,3701.13265140057,36.4,8.216394173786691,protected_wdi_snapshot
FSM,"Micronesia, Fed. Sts.",East Asia & Pacific,Upper middle income,2004,3594.57718999286,36.1,8.18718165266626,protected_wdi_snapshot
FSM,"Micronesia, Fed. Sts.",East Asia & Pacific,Upper middle income,2005,3710.19849742597,35.9,8.218840657519547,protected_wdi_snapshot
FSM,"Micronesia, Fed. Sts.",East Asia & Pacific,Upper middle income,2006,3717.65782403635,35.9,8.22084913178052,protected_wdi_snapshot
FSM,"Micronesia, Fed. Sts.",East Asia & Pacific,Upper middle income,2007,3684.20209326281,35.6,8.211809252890912,protected_wdi_snapshot
FSM,"Micronesia, Fed. Sts.",East Asia & Pacific,Upper middle income,2008,3622.04886559734,35.3,8.194795129682374,protected_wdi_snapshot
FSM,"Micronesia, Fed. Sts.",East Asia & Pacific,Upper middle income,2009,3702.36131622048,34.8,8.216726088646503,protected_wdi_snapshot
FSM,"Micronesia, Fed. Sts.",East Asia & Pacific,Upper middle income,2010,3780.25132792653,34.1,8.2375457752728,protected_wdi_snapshot
FSM,"Micronesia, Fed. Sts.",East Asia & Pacific,Upper middle income,2011,3917.44641481482,33.4,8.27319529572305,protected_wdi_snapshot
FSM,"Micronesia, Fed. Sts.",East Asia & Pacific,Upper middle income,2012,3847.14743528337,32.6,8.255087226760153,protected_wdi_snapshot
FSM,"Micronesia, Fed. Sts.",East Asia & Pacific,Upper middle income,2013,3696.74550378941,31.6,8.21520811799247,protected_wdi_snapshot
FSM,"Micronesia, Fed. Sts.",East Asia & Pacific,Upper middle income,2014,3592.81901389543,30.7,8.186692413981588,protected_wdi_snapshot
FSM,"Micronesia, Fed. Sts.",East Asia & Pacific,Upper middle income,2015,3739.35968767448,29.8,8.226669669246922,protected_wdi_snapshot
FSM,"Micronesia, Fed. Sts.",East Asia & Pacific,Upper middle income,2016,3774.03193396948,28.9,8.235899187463836,protected_wdi_snapshot
FSM,"Micronesia, Fed. Sts.",East Asia & Pacific,Upper middle income,2017,3838.04534289261,28.1,8.252718490696036,protected_wdi_snapshot
FSM,"Micronesia, Fed. Sts.",East Asia & Pacific,Upper middle income,2018,3838.64054793262,27.3,8.25287355892461,protected_wdi_snapshot
FSM,"Micronesia, Fed. Sts.",East Asia & Pacific,Upper middle income,2019,3965.05377269396,26.4,8.285274695816573,protected_wdi_snapshot
FSM,"Micronesia, Fed. Sts.",East Asia & Pacific,Upper middle income,2020,3861.29319570301,25.6,8.258757431144128,protected_wdi_snapshot
FSM,"Micronesia, Fed. Sts.",East Asia & Pacific,Upper middle income,2021,3955.73141317971,24.7,8.282920796903786,protected_wdi_snapshot
FSM,"Micronesia, Fed. Sts.",East Asia & Pacific,Upper middle income,2022,3815.79465699672,23.9,8.24690422006075,protected_wdi_snapshot
GAB,Gabon,Sub-Saharan Africa,Upper middle income,2000,21717.2240796789,73.3,9.985860961077146,protected_wdi_snapshot
GAB,Gabon,Sub-Saharan Africa,Upper middle income,2001,21604.7804441769,71.5,9.980669886045334,protected_wdi_snapshot
GAB,Gabon,Sub-Saharan Africa,Upper middle income,2002,20981.4798584466,69.6,9.951395416090277,protected_wdi_snapshot
GAB,Gabon,Sub-Saharan Africa,Upper middle income,2003,20875.4549325844,67.7,9.946329342659284,protected_wdi_snapshot
GAB,Gabon,Sub-Saharan Africa,Upper middle income,2004,20438.9307066593,65.6,9.925196729185005,protected_wdi_snapshot
GAB,Gabon,Sub-Saharan Africa,Upper middle income,2005,20385.2899909124,63.6,9.922568840853048,protected_wdi_snapshot
GAB,Gabon,Sub-Saharan Africa,Upper middle income,2006,19224.1268658387,61.8,9.863921376741112,protected_wdi_snapshot
GAB,Gabon,Sub-Saharan Africa,Upper middle income,2007,19751.876221581,59.7,9.891003764378254,protected_wdi_snapshot
GAB,Gabon,Sub-Saharan Africa,Upper middle income,2008,18493.0921102783,57.6,9.825152541891068,protected_wdi_snapshot
GAB,Gabon,Sub-Saharan Africa,Upper middle income,2009,17911.1458491118,55.6,9.793178471183104,protected_wdi_snapshot
GAB,Gabon,Sub-Saharan Africa,Upper middle income,2010,18530.5760935497,53.4,9.827177408572151,protected_wdi_snapshot
GAB,Gabon,Sub-Saharan Africa,Upper middle income,2011,19153.0878200945,51.3,9.860219225479561,protected_wdi_snapshot
GAB,Gabon,Sub-Saharan Africa,Upper middle income,2012,19450.402706679,49.4,9.875623053545826,protected_wdi_snapshot
GAB,Gabon,Sub-Saharan Africa,Upper middle income,2013,19836.455485141,47.3,9.895276709895349,protected_wdi_snapshot
GAB,Gabon,Sub-Saharan Africa,Upper middle income,2014,20008.9899778716,45.8,9.9039369504353445,protected_wdi_snapshot
GAB,Gabon,Sub-Saharan Africa,Upper middle income,2015,20147.7116201795,44.4,9.910845993688833,protected_wdi_snapshot
GAB,Gabon,Sub-Saharan Africa,Upper middle income,2016,19988.1755963186,42.7,9.902896157512489,protected_wdi_snapshot
GAB,Gabon,Sub-Saharan Africa,Upper middle income,2017,19555.707882916,41.4,9.881022486121028,protected_wdi_snapshot
GAB,Gabon,Sub-Saharan Africa,Upper middle income,2018,19225.5982574678,39.9,9.86399791261361,protected_wdi_snapshot
GAB,Gabon,Sub-Saharan Africa,Upper middle income,2019,19491.4067631396,38.5,9.87772896861104,protected_wdi_snapshot
GAB,Gabon,Sub-Saharan Africa,Upper middle income,2020,18681.4840738546,36.8,9.835288155835562,protected_wdi_snapshot
GAB,Gabon,Sub-Saharan Africa,Upper middle income,2021,18523.5798032135,35.8,9.826799783431326,protected_wdi_snapshot
GAB,Gabon,Sub-Saharan Africa,Upper middle income,2022,18662.0497970472,34.7,9.834247318156455,protected_wdi_snapshot
GBR,United Kingdom,Europe & Central Asia,High income,2000,43818.3463079443,6.5,10.687807874143063,protected_wdi_snapshot
GBR,United Kingdom,Europe & Central Asia,High income,2001,44693.6612621755,6.4,10.707586964330895,protected_wdi_snapshot
GBR,United Kingdom,Europe & Central Asia,High income,2002,45265.4565169944,6.3,10.720299471288804,protected_wdi_snapshot
GBR,United Kingdom,Europe & Central Asia,High income,2003,46505.2798806788,6.2,10.747321130950658,protected_wdi_snapshot
GBR,United Kingdom,Europe & Central Asia,High income,2004,47317.027070979,6.1,10.764625490061604,protected_wdi_snapshot
GBR,United Kingdom,Europe & Central Asia,High income,2005,48304.6753205932,6,10.785283632483894,protected_wdi_snapshot
GBR,United Kingdom,Europe & Central Asia,High income,2006,49000.9535382241,5.9,10.799595036867178,protected_wdi_snapshot
GBR,United Kingdom,Europe & Central Asia,High income,2007,50045.9163092519,5.8,10.820696189191802,protected_wdi_snapshot
GBR,United Kingdom,Europe & Central Asia,High income,2008,49629.0498697349,5.6,10.812331624125312,protected_wdi_snapshot
GBR,United Kingdom,Europe & Central Asia,High income,2009,46995.5449961945,5.4,10.757808088884584,protected_wdi_snapshot
GBR,United Kingdom,Europe & Central Asia,High income,2010,47682.6525150443,5.2,10.772322931799323,protected_wdi_snapshot
GBR,United Kingdom,Europe & Central Asia,High income,2011,47714.2894262827,5,10.772986200699865,protected_wdi_snapshot
GBR,United Kingdom,Europe & Central Asia,High income,2012,48099.6594401942,4.8,10.781030375823345,protected_wdi_snapshot
GBR,United Kingdom,Europe & Central Asia,High income,2013,48600.5100807266,4.6,10.79138930532171,protected_wdi_snapshot
GBR,United Kingdom,Europe & Central Asia,High income,2014,49763.17387988,4.5,10.81503050913861,protected_wdi_snapshot
GBR,United Kingdom,Europe & Central Asia,High income,2015,50462.8329992477,4.5,10.828992364084138,protected_wdi_snapshot
GBR,United Kingdom,Europe & Central Asia,High income,2016,51168.2925796814,4.4,10.842875333637998,protected_wdi_snapshot
GBR,United Kingdom,Europe & Central Asia,High income,2017,52429.1275538988,4.4,10.86721758522021,protected_wdi_snapshot
GBR,United Kingdom,Europe & Central Asia,High income,2018,52983.039541197,4.4,10.877727132663901,protected_wdi_snapshot
GBR,United Kingdom,Europe & Central Asia,High income,2019,53374.0927628482,4.4,10.885080752969104,protected_wdi_snapshot
GBR,United Kingdom,Europe & Central Asia,High income,2020,47930.5490378931,4.4,10.777508347082708,protected_wdi_snapshot
GBR,United Kingdom,Europe & Central Asia,High income,2021,51840.4424245515,4.4,10.855925865413957,protected_wdi_snapshot
GBR,United Kingdom,Europe & Central Asia,High income,2022,53979.7679116234,4.5,10.896364587037436,protected_wdi_snapshot
GEO,Georgia,Europe & Central Asia,Upper middle income,2000,5706.27236527837,35.8,8.649321263771018,protected_wdi_snapshot
GEO,Georgia,Europe & Central Asia,Upper middle income,2001,6074.08643017282,33.4,8.711786875035706,protected_wdi_snapshot
GEO,Georgia,Europe & Central Asia,Upper middle income,2002,6464.32539672648,30.9,8.774053938774035,protected_wdi_snapshot
GEO,Georgia,Europe & Central Asia,Upper middle income,2003,7227.73705960701,28.3,8.88568127302151,protected_wdi_snapshot
GEO,Georgia,Europe & Central Asia,Upper middle income,2004,7693.91525392067,25.8,8.948185068684472,protected_wdi_snapshot
GEO,Georgia,Europe & Central Asia,Upper middle income,2005,8485.58670534953,23.3,9.046124321459281,protected_wdi_snapshot
GEO,Georgia,Europe & Central Asia,Upper middle income,2006,9337.98906420101,21,9.141846204423,protected_wdi_snapshot
GEO,Georgia,Europe & Central Asia,Upper middle income,2007,10567.2747164758,19,9.265517213687636,protected_wdi_snapshot
GEO,Georgia,Europe & Central Asia,Upper middle income,2008,10856.1031328003,17.1,9.2924827015433,protected_wdi_snapshot
GEO,Georgia,Europe & Central Asia,Upper middle income,2009,10553.0896395853,15.5,9.26417395286275,protected_wdi_snapshot
GEO,Georgia,Europe & Central Asia,Upper middle income,2010,11294.3685917112,14.2,9.332059525764626,protected_wdi_snapshot
GEO,Georgia,Europe & Central Asia,Upper middle income,2011,12288.6828861156,13.1,9.416434027257663,protected_wdi_snapshot
GEO,Georgia,Europe & Central Asia,Upper middle income,2012,13193.9596974054,12.2,9.487514405162825,protected_wdi_snapshot
GEO,Georgia,Europe & Central Asia,Upper middle income,2013,13913.0018245661,11.5,9.540579064982966,protected_wdi_snapshot
GEO,Georgia,Europe & Central Asia,Upper middle income,2014,14475.3135356035,11,9.580199962697353,protected_wdi_snapshot
GEO,Georgia,Europe & Central Asia,Upper middle income,2015,14936.8434116647,10.6,9.611586152003332,protected_wdi_snapshot
GEO,Georgia,Europe & Central Asia,Upper middle income,2016,15442.9564358054,10.2,9.644908284251944,protected_wdi_snapshot
GEO,Georgia,Europe & Central Asia,Upper middle income,2017,16237.6242230275,10,9.695086311328497,protected_wdi_snapshot
GEO,Georgia,Europe & Central Asia,Upper middle income,2018,17228.6790847503,9.8,9.754330662900651,protected_wdi_snapshot
GEO,Georgia,Europe & Central Asia,Upper middle income,2019,18186.8816465807,9.6,9.808455824522444,protected_wdi_snapshot
GEO,Georgia,Europe & Central Asia,Upper middle income,2020,17031.144028342602,9.4,9.742798948637239,protected_wdi_snapshot
GEO,Georgia,Europe & Central Asia,Upper middle income,2021,18915.6534005263,9.2,9.847745080511011,protected_wdi_snapshot
GEO,Georgia,Europe & Central Asia,Upper middle income,2022,20966.5280391134,9,9.950682542191572,protected_wdi_snapshot
GHA,Ghana,Sub-Saharan Africa,Lower middle income,2000,3327.35199291767,99.9,8.109932069315366,protected_wdi_snapshot
GHA,Ghana,Sub-Saharan Africa,Lower middle income,2001,3369.50702508212,95.8,8.122521729287532,protected_wdi_snapshot
GHA,Ghana,Sub-Saharan Africa,Lower middle income,2002,3425.61820934278,91.9,8.13903723348651,protected_wdi_snapshot
GHA,Ghana,Sub-Saharan Africa,Lower middle income,2003,3507.75105744843,88.2,8.162730386734662,protected_wdi_snapshot
GHA,Ghana,Sub-Saharan Africa,Lower middle income,2004,3607.36522285021,85,8.190732929686831,protected_wdi_snapshot
GHA,Ghana,Sub-Saharan Africa,Lower middle income,2005,3721.30785741996,82,8.22183046005459,protected_wdi_snapshot
GHA,Ghana,Sub-Saharan Africa,Lower middle income,2006,3857.86154847605,79.1,8.257868305957041,protected_wdi_snapshot
GHA,Ghana,Sub-Saharan Africa,Lower middle income,2007,3923.12567803728,76.2,8.274643981902695,protected_wdi_snapshot
GHA,Ghana,Sub-Saharan Africa,Lower middle income,2008,4174.78124103364,73.1,8.336817238554955,protected_wdi_snapshot
GHA,Ghana,Sub-Saharan Africa,Lower middle income,2009,4269.16005861557,69.8,8.35917237928902,protected_wdi_snapshot
GHA,Ghana,Sub-Saharan Africa,Lower middle income,2010,4495.68916584106,66.5,8.410874253472036,protected_wdi_snapshot
GHA,Ghana,Sub-Saharan Africa,Lower middle income,2011,5005.36732498187,63.3,8.518266080661059,protected_wdi_snapshot
GHA,Ghana,Sub-Saharan Africa,Lower middle income,2012,5339.71321903045,60.3,8.5829272262107,protected_wdi_snapshot
GHA,Ghana,Sub-Saharan Africa,Lower middle income,2013,5593.77481886917,57.5,8.629409618906134,protected_wdi_snapshot
GHA,Ghana,Sub-Saharan Africa,Lower middle income,2014,5619.07233511591,54.9,8.633921864337028,protected_wdi_snapshot
GHA,Ghana,Sub-Saharan Africa,Lower middle income,2015,5607.36635657413,52.5,8.631836433132044,protected_wdi_snapshot
GHA,Ghana,Sub-Saharan Africa,Lower middle income,2015,5607.36635657413,52.5,8.631836433132044,protected_wdi_snapshot
GHA,Ghana,Sub-Saharan Africa,Lower middle income,2016,5666.07795334591,50.3,8.642252438387226,protected_wdi_snapshot
GHA,Ghana,Sub-Saharan Africa,Lower middle income,2017,5993.63085211077,48.2,8.698452659745659,protected_wdi_snapshot
GHA,Ghana,Sub-Saharan Africa,Lower middle income,2018,6234.51208201488,46.1,8.737855600363206,protected_wdi_snapshot
GHA,Ghana,Sub-Saharan Africa,Lower middle income,2019,6508.24652305901,44.1,8.78082534762442,protected_wdi_snapshot
GHA,Ghana,Sub-Saharan Africa,Lower middle income,2020,6412.68541762469,42.2,8.7660334040901855,protected_wdi_snapshot
GHA,Ghana,Sub-Saharan Africa,Lower middle income,2021,6607.50297378321,40.3,8.795961096540124,protected_wdi_snapshot
GHA,Ghana,Sub-Saharan Africa,Lower middle income,2022,6728.45413832472,38.6,8.814100699125778,protected_wdi_snapshot
GIN,Guinea,Sub-Saharan Africa,Lower middle income,2000,2358.28765608495,165.7,7.765691065211214,protected_wdi_snapshot
GIN,Guinea,Sub-Saharan Africa,Lower middle income,2001,2412.75161959628,159,7.788523126052705,protected_wdi_snapshot
GIN,Guinea,Sub-Saharan Africa,Lower middle income,2002,2498.13177495102,152.7,7.82329844147633,protected_wdi_snapshot
GIN,Guinea,Sub-Saharan Africa,Lower middle income,2003,2473.23418295471,146.9,7.813281958935621,protected_wdi_snapshot
GIN,Guinea,Sub-Saharan Africa,Lower middle income,2004,2477.50282602363,141.6,7.815006406879024,protected_wdi_snapshot
GIN,Guinea,Sub-Saharan Africa,Lower middle income,2005,2501.22160456279,137,7.824534533334869,protected_wdi_snapshot
GIN,Guinea,Sub-Saharan Africa,Lower middle income,2006,2478.61319510726,133.1,7.815454487229635,protected_wdi_snapshot
GIN,Guinea,Sub-Saharan Africa,Lower middle income,2007,2587.0048887648,129.7,7.858256071927112,protected_wdi_snapshot
GIN,Guinea,Sub-Saharan Africa,Lower middle income,2008,2629.5397474637,126.9,7.874564108892982,protected_wdi_snapshot
GIN,Guinea,Sub-Saharan Africa,Lower middle income,2009,2537.30645758746,124.4,7.838858347569182,protected_wdi_snapshot
GIN,Guinea,Sub-Saharan Africa,Lower middle income,2010,2594.83050344245,122.2,7.861276476874263,protected_wdi_snapshot
GIN,Guinea,Sub-Saharan Africa,Lower middle income,2011,2673.40873029955,120.3,7.8911096151486895,protected_wdi_snapshot
GIN,Guinea,Sub-Saharan Africa,Lower middle income,2012,2762.90350938513,118.4,7.924037401905048,protected_wdi_snapshot
GIN,Guinea,Sub-Saharan Africa,Lower middle income,2013,2802.56007024474,116.6,7.9382885892374695,protected_wdi_snapshot
GIN,Guinea,Sub-Saharan Africa,Lower middle income,2014,2834.96634347846,115.4,7.949785344302479,protected_wdi_snapshot
GIN,Guinea,Sub-Saharan Africa,Lower middle income,2015,2869.85157178732,113.7,7.962015590269014,protected_wdi_snapshot
GIN,Guinea,Sub-Saharan Africa,Lower middle income,2016,3099.78874189372,111.4,8.039089240374853,protected_wdi_snapshot
GIN,Guinea,Sub-Saharan Africa,Lower middle income,2017,3332.76576150531,109.5,8.11155779726182,protected_wdi_snapshot
GIN,Guinea,Sub-Saharan Africa,Lower middle income,2018,3455.64512638662,107.5,8.147764441314447,protected_wdi_snapshot
GIN,Guinea,Sub-Saharan Africa,Lower middle income,2019,3557.46233883145,105.4,8.176802743493761,protected_wdi_snapshot
GIN,Guinea,Sub-Saharan Africa,Lower middle income,2020,3630.99330577677,102.9,8.197261527781892,protected_wdi_snapshot
GIN,Guinea,Sub-Saharan Africa,Lower middle income,2021,3738.8051255133,100.3,8.22652135420545,protected_wdi_snapshot
GIN,Guinea,Sub-Saharan Africa,Lower middle income,2022,3792.01068836277,97.6,8.240651682032007,protected_wdi_snapshot
GMB,"Gambia, The",Sub-Saharan Africa,Low income,2000,2658.61770579464,112.8,7.885561607230264,protected_wdi_snapshot
GMB,"Gambia, The",Sub-Saharan Africa,Low income,2001,2737.69610805906,108.1,7.914872009206047,protected_wdi_snapshot
GMB,"Gambia, The",Sub-Saharan Africa,Low income,2002,2578.557145742,103.6,7.8549852756429495,protected_wdi_snapshot
GMB,"Gambia, The",Sub-Saharan Africa,Low income,2003,2682.47993310133,99.2,7.894496993806353,protected_wdi_snapshot
GMB,"Gambia, The",Sub-Saharan Africa,Low income,2004,2794.19352609118,94.9,7.9352988023040965,protected_wdi_snapshot
GMB,"Gambia, The",Sub-Saharan Africa,Low income,2005,2653.64239155191,90.7,7.883688462615247,protected_wdi_snapshot
GMB,"Gambia, The",Sub-Saharan Africa,Low income,2006,2564.68653970519,86.8,7.849591543394402,protected_wdi_snapshot
GMB,"Gambia, The",Sub-Saharan Africa,Low income,2007,2567.15728802982,83,7.850554452087056,protected_wdi_snapshot
GMB,"Gambia, The",Sub-Saharan Africa,Low income,2008,2649.61119865306,79.4,7.882168190726793,protected_wdi_snapshot
GMB,"Gambia, The",Sub-Saharan Africa,Low income,2009,2745.32540574768,76,7.917654891816713,protected_wdi_snapshot
GMB,"Gambia, The",Sub-Saharan Africa,Low income,2010,2824.21259222517,72.7,7.9459848763126875,protected_wdi_snapshot
GMB,"Gambia, The",Sub-Saharan Africa,Low income,2011,2519.83983255672,69.7,7.831950619976303,protected_wdi_snapshot
GMB,"Gambia, The",Sub-Saharan Africa,Low income,2012,2574.93509664061,66.8,7.853579607592068,protected_wdi_snapshot
GMB,"Gambia, The",Sub-Saharan Africa,Low income,2013,2572.44728941685,64,7.852612977475677,protected_wdi_snapshot
GMB,"Gambia, The",Sub-Saharan Africa,Low income,2014,2465.10971144823,61.4,7.809991593173262,protected_wdi_snapshot
GMB,"Gambia, The",Sub-Saharan Africa,Low income,2015,2495.95741601525,58.9,7.822427668452454,protected_wdi_snapshot
GMB,"Gambia, The",Sub-Saharan Africa,Low income,2016,2478.46055756999,56.6,7.815392903503052,protected_wdi_snapshot
GMB,"Gambia, The",Sub-Saharan Africa,Low income,2017,2533.18683710276,54.3,7.837233408474804,protected_wdi_snapshot
GMB,"Gambia, The",Sub-Saharan Africa,Low income,2018,2651.43281455826,52.3,7.882855457601907,protected_wdi_snapshot
GMB,"Gambia, The",Sub-Saharan Africa,Low income,2019,2750.82132179634,50.4,7.919654808541256,protected_wdi_snapshot
GMB,"Gambia, The",Sub-Saharan Africa,Low income,2020,2702.31919474482,48.6,7.901865644313122,protected_wdi_snapshot
GMB,"Gambia, The",Sub-Saharan Africa,Low income,2021,2777.79620978324,47,7.92941316201407,protected_wdi_snapshot
GMB,"Gambia, The",Sub-Saharan Africa,Low income,2022,2863.18049829859,45.3,7.959688348272777,protected_wdi_snapshot
GNB,Guinea-Bissau,Sub-Saharan Africa,Low income,2000,1974.74466342453,174.8,7.588194384635271,protected_wdi_snapshot
GNB,Guinea-Bissau,Sub-Saharan Africa,Low income,2001,2025.72675469878,169.3,7.613683806363868,protected_wdi_snapshot
GNB,Guinea-Bissau,Sub-Saharan Africa,Low income,2002,2054.08977413547,163.6,7.627588096512675,protected_wdi_snapshot
GNB,Guinea-Bissau,Sub-Saharan Africa,Low income,2003,2002.40206880451,157.7,7.602102773279491,protected_wdi_snapshot
GNB,Guinea-Bissau,Sub-Saharan Africa,Low income,2004,1979.69782670273,151.6,7.590699499265667,protected_wdi_snapshot
GNB,Guinea-Bissau,Sub-Saharan Africa,Low income,2005,2060.66663299612,145.3,7.630784817684314,protected_wdi_snapshot
GNB,Guinea-Bissau,Sub-Saharan Africa,Low income,2006,2065.2122797791,139.1,7.63298829903619,protected_wdi_snapshot
GNB,Guinea-Bissau,Sub-Saharan Africa,Low income,2007,2065.98983875944,132.8,7.633364731351632,protected_wdi_snapshot
GNB,Guinea-Bissau,Sub-Saharan Africa,Low income,2008,2105.67394178792,126.5,7.652390857245005,protected_wdi_snapshot
GNB,Guinea-Bissau,Sub-Saharan Africa,Low income,2009,2103.05813454823,120.2,7.651147818947931,protected_wdi_snapshot
GNB,Guinea-Bissau,Sub-Saharan Africa,Low income,2010,2164.26823755351,114.3,7.679837586791814,protected_wdi_snapshot
GNB,Guinea-Bissau,Sub-Saharan Africa,Low income,2011,2278.54751544448,108.6,7.73129346431335,protected_wdi_snapshot
GNB,Guinea-Bissau,Sub-Saharan Africa,Low income,2012,2180.74338832775,103.6,7.687421101474615,protected_wdi_snapshot
GNB,Guinea-Bissau,Sub-Saharan Africa,Low income,2013,2192.5927863603,99.1,7.692840043241549,protected_wdi_snapshot
GNB,Guinea-Bissau,Sub-Saharan Africa,Low income,2014,2156.33643676255,95.2,7.676165966590739,protected_wdi_snapshot
GNB,Guinea-Bissau,Sub-Saharan Africa,Low income,2015,2230.52993109779,91.6,7.709994473486486,protected_wdi_snapshot
GNB,Guinea-Bissau,Sub-Saharan Africa,Low income,2016,2293.37861360238,88.2,7.737781386367727,protected_wdi_snapshot
GNB,Guinea-Bissau,Sub-Saharan Africa,Low income,2017,2342.56110535416,85.1,7.759000099302414,protected_wdi_snapshot
GNB,Guinea-Bissau,Sub-Saharan Africa,Low income,2018,2373.64935653455,82.2,7.772183862716669,protected_wdi_snapshot
GNB,Guinea-Bissau,Sub-Saharan Africa,Low income,2019,2442.25868377476,79.5,7.8006785801720415,protected_wdi_snapshot
GNB,Guinea-Bissau,Sub-Saharan Africa,Low income,2020,2456.01139053324,76.7,7.806293927095545,protected_wdi_snapshot
GNB,Guinea-Bissau,Sub-Saharan Africa,Low income,2021,2522.12869240841,74.3,7.832858543140674,protected_wdi_snapshot
GNB,Guinea-Bissau,Sub-Saharan Africa,Low income,2022,2600.802474483,72,7.8635753204207255,protected_wdi_snapshot
GNQ,Equatorial Guinea,Sub-Saharan Africa,Upper middle income,2000,11767.4708814313,154.5,9.373094298781588,protected_wdi_snapshot
GNQ,Equatorial Guinea,Sub-Saharan Africa,Upper middle income,2001,18031.964975074,150.2,9.799901293901561,protected_wdi_snapshot
GNQ,Equatorial Guinea,Sub-Saharan Africa,Upper middle income,2002,20242.4309684399,145.9,9.915536223325477,protected_wdi_snapshot
GNQ,Equatorial Guinea,Sub-Saharan Africa,Upper middle income,2003,21709.5751241959,141.5,9.98550869216936,protected_wdi_snapshot
GNQ,Equatorial Guinea,Sub-Saharan Africa,Upper middle income,2004,28225.985816122,137,10.247998315462738,protected_wdi_snapshot
GNQ,Equatorial Guinea,Sub-Saharan Africa,Upper middle income,2005,31302.957953874,132.3,10.351467875381745,protected_wdi_snapshot
GNQ,Equatorial Guinea,Sub-Saharan Africa,Upper middle income,2006,32251.7680082519,127.4,10.381328142682548,protected_wdi_snapshot
GNQ,Equatorial Guinea,Sub-Saharan Africa,Upper middle income,2007,35540.4477563657,122.6,10.47842670028898,protected_wdi_snapshot
GNQ,Equatorial Guinea,Sub-Saharan Africa,Upper middle income,2008,39994.6159790647,118,10.596500123513227,protected_wdi_snapshot
GNQ,Equatorial Guinea,Sub-Saharan Africa,Upper middle income,2009,38706.6052512135,113.5,10.563765542779915,protected_wdi_snapshot
GNQ,Equatorial Guinea,Sub-Saharan Africa,Upper middle income,2010,33668.8740654852,109.4,10.42432907130745,protected_wdi_snapshot
GNQ,Equatorial Guinea,Sub-Saharan Africa,Upper middle income,2011,34341.9342607505,105.6,10.444122459619702,protected_wdi_snapshot
GNQ,Equatorial Guinea,Sub-Saharan Africa,Upper middle income,2012,35711.4919273537,102,10.483227818695157,protected_wdi_snapshot
GNQ,Equatorial Guinea,Sub-Saharan Africa,Upper middle income,2013,32894.3693189101,98.6,10.40105677678455,protected_wdi_snapshot
GNQ,Equatorial Guinea,Sub-Saharan Africa,Upper middle income,2014,31765.8997056851,95.3,10.366148657105128,protected_wdi_snapshot
GNQ,Equatorial Guinea,Sub-Saharan Africa,Upper middle income,2015,27797.7942803179,92.1,10.232711954096343,protected_wdi_snapshot
GNQ,Equatorial Guinea,Sub-Saharan Africa,Upper middle income,2016,24435.0645564801,89,10.10377445166844,protected_wdi_snapshot
GNQ,Equatorial Guinea,Sub-Saharan Africa,Upper middle income,2017,22250.4389230263,86.1,10.0101170142774,protected_wdi_snapshot
GNQ,Equatorial Guinea,Sub-Saharan Africa,Upper middle income,2018,20165.4795550607,83.2,9.911727488579896,protected_wdi_snapshot
GNQ,Equatorial Guinea,Sub-Saharan Africa,Upper middle income,2019,18446.5916579681,80.7,9.82263489841778,protected_wdi_snapshot
GNQ,Equatorial Guinea,Sub-Saharan Africa,Upper middle income,2020,17089.153726379,77.9,9.746199256239839,protected_wdi_snapshot
GNQ,Equatorial Guinea,Sub-Saharan Africa,Upper middle income,2021,16821.4486470413,75.1,9.730410056277323,protected_wdi_snapshot
GNQ,Equatorial Guinea,Sub-Saharan Africa,Upper middle income,2022,16932.7706827155,72.8,9.73700611694773,protected_wdi_snapshot
GRC,Greece,Europe & Central Asia,High income,2000,31386.639783624,6.4,10.354137596754127,protected_wdi_snapshot
GRC,Greece,Europe & Central Asia,High income,2001,32675.9292327768,6,10.394393976734627,protected_wdi_snapshot
GRC,Greece,Europe & Central Asia,High income,2002,34081.0289759343,5.6,10.436496173443272,protected_wdi_snapshot
GRC,Greece,Europe & Central Asia,High income,2003,35970.7016808475,5.2,10.490460043890215,protected_wdi_snapshot
GRC,Greece,Europe & Central Asia,High income,2004,37811.4913664483,4.9,10.540368339811097,protected_wdi_snapshot
GRC,Greece,Europe & Central Asia,High income,2005,38146.962971083,4.6,10.549201425970567,protected_wdi_snapshot
GRC,Greece,Europe & Central Asia,High income,2006,40483.1569225337,4.3,10.608641288137244,protected_wdi_snapshot
GRC,Greece,Europe & Central Asia,High income,2007,41796.2336918303,4.1,10.640561511387062,protected_wdi_snapshot
GRC,Greece,Europe & Central Asia,High income,2008,41709.3877420312,4,10.638481508158085,protected_wdi_snapshot
GRC,Greece,Europe & Central Asia,High income,2009,39886.2135496664,4,10.593786018099395,protected_wdi_snapshot
GRC,Greece,Europe & Central Asia,High income,2010,37566.7483686263,3.9,10.533874586209912,protected_wdi_snapshot
GRC,Greece,Europe & Central Asia,High income,2011,33906.4917435676,4,10.431361771895759,protected_wdi_snapshot
GRC,Greece,Europe & Central Asia,High income,2012,31250.2268565956,4,10.349781914549258,protected_wdi_snapshot
GRC,Greece,Europe & Central Asia,High income,2013,30762.4432227813,4.1,10.334049849034262,protected_wdi_snapshot
GRC,Greece,Europe & Central Asia,High income,2014,31213.3765120298,4.2,10.348602016277187,protected_wdi_snapshot
GRC,Greece,Europe & Central Asia,High income,2015,31347.976574604,4.3,10.35290500090324,protected_wdi_snapshot
GRC,Greece,Europe & Central Asia,High income,2016,31468.6198471099,4.3,10.356746132951523,protected_wdi_snapshot
GRC,Greece,Europe & Central Asia,High income,2017,31995.4108838386,4.3,10.373347761617639,protected_wdi_snapshot
GRC,Greece,Europe & Central Asia,High income,2018,32722.3310444029,4.2,10.395813030367432,protected_wdi_snapshot
GRC,Greece,Europe & Central Asia,High income,2019,33502.7506488997,4.1,10.419382823364783,protected_wdi_snapshot
GRC,Greece,Europe & Central Asia,High income,2020,30487.1129331045,4.1,10.32505934652245,protected_wdi_snapshot
GRC,Greece,Europe & Central Asia,High income,2021,33528.2271202515,4,10.420142963629074,protected_wdi_snapshot
GRC,Greece,Europe & Central Asia,High income,2022,35828.1756641776,4,10.486489892568931,protected_wdi_snapshot
GRD,Grenada,Latin America & Caribbean,Upper middle income,2000,11625.050939182,15.5,9.360917612311075,protected_wdi_snapshot
GRD,Grenada,Latin America & Caribbean,Upper middle income,2001,11333.2377092409,15.3,9.335495077474674,protected_wdi_snapshot
GRD,Grenada,Latin America & Caribbean,Upper middle income,2002,11677.7034172407,15.1,9.3654366118127,protected_wdi_snapshot
GRD,Grenada,Latin America & Caribbean,Upper middle income,2003,12726.5266219464,14.9,9.451443804513348,protected_wdi_snapshot
GRD,Grenada,Latin America & Caribbean,Upper middle income,2004,12593.3546257337,14.8,9.440924543153592,protected_wdi_snapshot
GRD,Grenada,Latin America & Caribbean,Upper middle income,2005,14211.8426569264,14.8,9.561830885937386,protected_wdi_snapshot
GRD,Grenada,Latin America & Caribbean,Upper middle income,2006,13594.355159621,14.9,9.51740992376958,protected_wdi_snapshot
GRD,Grenada,Latin America & Caribbean,Upper middle income,2007,14376.2824512778,14.9,9.573335075688153,protected_wdi_snapshot
GRD,Grenada,Latin America & Caribbean,Upper middle income,2008,14463.560012123,15.1,9.579387662653442,protected_wdi_snapshot
GRD,Grenada,Latin America & Caribbean,Upper middle income,2009,13463.580293958,15.4,9.507743562921759,protected_wdi_snapshot
GRD,Grenada,Latin America & Caribbean,Upper middle income,2010,13354.9085012616,15.7,9.499639274248528,protected_wdi_snapshot
GRD,Grenada,Latin America & Caribbean,Upper middle income,2011,13397.8500405513,16,9.502849528331392,protected_wdi_snapshot
GRD,Grenada,Latin America & Caribbean,Upper middle income,2012,13161.3955324377,16.4,9.485043242755399,protected_wdi_snapshot
GRD,Grenada,Latin America & Caribbean,Upper middle income,2013,13386.3189064112,16.8,9.501988487253332,protected_wdi_snapshot
GRD,Grenada,Latin America & Caribbean,Upper middle income,2014,14287.9538720088,17.2,9.567172074668235,protected_wdi_snapshot
GRD,Grenada,Latin America & Caribbean,Upper middle income,2015,15136.6966673773,17.5,9.624877317411174,protected_wdi_snapshot
GRD,Grenada,Latin America & Caribbean,Upper middle income,2016,15640.8274503805,17.8,9.657639918734386,protected_wdi_snapshot
GRD,Grenada,Latin America & Caribbean,Upper middle income,2017,16291.4894625979,18.1,9.698398131584314,protected_wdi_snapshot
GRD,Grenada,Latin America & Caribbean,Upper middle income,2018,16964.852001696,18.3,9.738898953437042,protected_wdi_snapshot
GRD,Grenada,Latin America & Caribbean,Upper middle income,2019,17036.9151689715,18.5,9.74313774930978,protected_wdi_snapshot
GRD,Grenada,Latin America & Caribbean,Upper middle income,2020,14647.7451384876,18.6,9.592041687137415,protected_wdi_snapshot
GRD,Grenada,Latin America & Caribbean,Upper middle income,2021,15290.250903138,18.7,9.634970708411624,protected_wdi_snapshot
GRD,Grenada,Latin America & Caribbean,Upper middle income,2022,16376.4273099594,18.5,9.70359822067188,protected_wdi_snapshot
GTM,Guatemala,Latin America & Caribbean,Upper middle income,2000,8770.40815272307,51.8,9.079138623932446,protected_wdi_snapshot
GTM,Guatemala,Latin America & Caribbean,Upper middle income,2001,8771.15927218783,49.7,9.079224262740771,protected_wdi_snapshot
GTM,Guatemala,Latin America & Caribbean,Upper middle income,2002,8901.54046462168,47.7,9.093979626655141,protected_wdi_snapshot
GTM,Guatemala,Latin America & Caribbean,Upper middle income,2003,8926.15771786373,45.9,9.096741314522662,protected_wdi_snapshot
GTM,Guatemala,Latin America & Caribbean,Upper middle income,2004,9003.86136388797,44.1,9.105408804738824,protected_wdi_snapshot
GTM,Guatemala,Latin America & Caribbean,Upper middle income,2005,9099.7275067528,42.4,9.115999747743723,protected_wdi_snapshot
GTM,Guatemala,Latin America & Caribbean,Upper middle income,2006,9386.00549814138,40.7,9.146975082135288,protected_wdi_snapshot
GTM,Guatemala,Latin America & Caribbean,Upper middle income,2007,9772.80992048501,39.1,9.187359310695586,protected_wdi_snapshot
GTM,Guatemala,Latin America & Caribbean,Upper middle income,2008,9889.57668418909,37.5,9.199236621293135,protected_wdi_snapshot
GTM,Guatemala,Latin America & Caribbean,Upper middle income,2009,9740.71387674159,36,9.184069687250716,protected_wdi_snapshot
GTM,Guatemala,Latin America & Caribbean,Upper middle income,2010,9825.022234198,34.5,9.192687699757599,protected_wdi_snapshot
GTM,Guatemala,Latin America & Caribbean,Upper middle income,2011,10032.0932829709,33.1,9.213544561371227,protected_wdi_snapshot
GTM,Guatemala,Latin America & Caribbean,Upper middle income,2012,10126.8330566224,31.8,9.222943918217874,protected_wdi_snapshot
GTM,Guatemala,Latin America & Caribbean,Upper middle income,2013,10297.8392994827,30.4,9.239689375462255,protected_wdi_snapshot
GTM,Guatemala,Latin America & Caribbean,Upper middle income,2014,10553.563988977,29.2,9.264218900716648,protected_wdi_snapshot
GTM,Guatemala,Latin America & Caribbean,Upper middle income,2015,10785.9583125957,28.1,9.286000410934735,protected_wdi_snapshot
GTM,Guatemala,Latin America & Caribbean,Upper middle income,2016,10872.5938902469,27,9.294000580005617,protected_wdi_snapshot
GTM,Guatemala,Latin America & Caribbean,Upper middle income,2017,11005.4592851719,26.1,9.306146727317056,protected_wdi_snapshot
GTM,Guatemala,Latin America & Caribbean,Upper middle income,2018,11192.3719192725,25.1,9.322987746607383,protected_wdi_snapshot
GTM,Guatemala,Latin America & Caribbean,Upper middle income,2019,11466.3764932197,24.3,9.347174248549319,protected_wdi_snapshot
GTM,Guatemala,Latin America & Caribbean,Upper middle income,2020,11097.1503902986,23.5,9.314443632747075,protected_wdi_snapshot
GTM,Guatemala,Latin America & Caribbean,Upper middle income,2021,11825.141273764,22.7,9.377983160330121,protected_wdi_snapshot
GTM,Guatemala,Latin America & Caribbean,Upper middle income,2022,12144.4800461597,21.9,9.40463002834687,protected_wdi_snapshot
GUY,Guyana,Latin America & Caribbean,High income,2000,8025.29326490962,46.7,8.990353491244475,protected_wdi_snapshot
GUY,Guyana,Latin America & Caribbean,High income,2001,8212.04321760917,45.6,9.01335704086355,protected_wdi_snapshot
GUY,Guyana,Latin America & Caribbean,High income,2002,8314.0272750321,44.5,9.02569940042208,protected_wdi_snapshot
GUY,Guyana,Latin America & Caribbean,High income,2003,8267.42910545363,43.4,9.020078869730416,protected_wdi_snapshot
GUY,Guyana,Latin America & Caribbean,High income,2004,8404.2001629708,42.5,9.036486879264645,protected_wdi_snapshot
GUY,Guyana,Latin America & Caribbean,High income,2005,8256.52519071138,41.6,9.018759098914119,protected_wdi_snapshot
GUY,Guyana,Latin America & Caribbean,High income,2006,8702.33133494001,40.7,9.071346238278586,protected_wdi_snapshot
GUY,Guyana,Latin America & Caribbean,High income,2007,9354.08017716534,39.9,9.143567909680073,protected_wdi_snapshot
GUY,Guyana,Latin America & Caribbean,High income,2008,9546.70875949436,39.1,9.163951741561664,protected_wdi_snapshot
GUY,Guyana,Latin America & Caribbean,High income,2009,9924.52660770631,38.3,9.202764407461313,protected_wdi_snapshot
GUY,Guyana,Latin America & Caribbean,High income,2010,10374.3947557656,37.6,9.247096006603565,protected_wdi_snapshot
GUY,Guyana,Latin America & Caribbean,High income,2011,10958.8598838438,36.8,9.301903529894277,protected_wdi_snapshot
GUY,Guyana,Latin America & Caribbean,High income,2012,11534.9985588659,36,9.353141045672077,protected_wdi_snapshot
GUY,Guyana,Latin America & Caribbean,High income,2013,11896.9069854942,35.2,9.384033728129934,protected_wdi_snapshot
GUY,Guyana,Latin America & Caribbean,High income,2014,12030.0529344045,34.3,9.39516320915892,protected_wdi_snapshot
GUY,Guyana,Latin America & Caribbean,High income,2015,12040.08253302,33.3,9.39599657374131,protected_wdi_snapshot
GUY,Guyana,Latin America & Caribbean,High income,2016,12420.4724727603,32.4,9.427101396048966,protected_wdi_snapshot
GUY,Guyana,Latin America & Caribbean,High income,2017,12801.6408529346,31.4,9.457328633327378,protected_wdi_snapshot
GUY,Guyana,Latin America & Caribbean,High income,2018,12980.3576003177,30.5,9.471192539980102,protected_wdi_snapshot
GUY,Guyana,Latin America & Caribbean,High income,2019,13402.4219472757,29.6,9.503190711941082,protected_wdi_snapshot
GUY,Guyana,Latin America & Caribbean,High income,2020,19234.1301977637,28.6,9.864441594396013,protected_wdi_snapshot
GUY,Guyana,Latin America & Caribbean,High income,2021,22865.9270968882,27.8,10.037403181821148,protected_wdi_snapshot
GUY,Guyana,Latin America & Caribbean,High income,2022,37068.1993827588,26.9,10.520514721529896,protected_wdi_snapshot
HND,Honduras,Latin America & Caribbean,Lower middle income,2000,4579.68960840984,37.3,8.429386503722112,protected_wdi_snapshot
HND,Honduras,Latin America & Caribbean,Lower middle income,2001,4578.94787944773,35.6,8.429224530073801,protected_wdi_snapshot
HND,Honduras,Latin America & Caribbean,Lower middle income,2002,4627.02278723456,34,8.439668913734847,protected_wdi_snapshot
HND,Honduras,Latin America & Caribbean,Lower middle income,2003,4714.86701000971,32.5,8.458475988945423,protected_wdi_snapshot
HND,Honduras,Latin America & Caribbean,Lower middle income,2004,4885.34258343422,31.1,8.49399469168715,protected_wdi_snapshot
HND,Honduras,Latin America & Caribbean,Lower middle income,2005,5056.67544412551,29.8,8.528464519492113,protected_wdi_snapshot
HND,Honduras,Latin America & Caribbean,Lower middle income,2006,5263.15029099578,28.6,8.568485041091943,protected_wdi_snapshot
HND,Honduras,Latin America & Caribbean,Lower middle income,2007,5461.90151889031,27.4,8.605552271642306,protected_wdi_snapshot
HND,Honduras,Latin America & Caribbean,Lower middle income,2008,5566.70639487722,26.4,8.62455884651556,protected_wdi_snapshot
HND,Honduras,Latin America & Caribbean,Lower middle income,2009,5313.75573967791,25.4,8.578054159828222,protected_wdi_snapshot
HND,Honduras,Latin America & Caribbean,Lower middle income,2010,5396.07227927744,24.4,8.593426612211514,protected_wdi_snapshot
HND,Honduras,Latin America & Caribbean,Lower middle income,2011,5488.43371596332,23.5,8.610398196159723,protected_wdi_snapshot
HND,Honduras,Latin America & Caribbean,Lower middle income,2012,5600.6077605497,22.7,8.63063039950402,protected_wdi_snapshot
HND,Honduras,Latin America & Caribbean,Lower middle income,2013,5644.13384802045,21.9,8.638372027790806,protected_wdi_snapshot
HND,Honduras,Latin America & Caribbean,Lower middle income,2014,5705.16246265484,21.1,8.64912673913082,protected_wdi_snapshot
HND,Honduras,Latin America & Caribbean,Lower middle income,2015,5812.5348879105,20.3,8.66777205209876,protected_wdi_snapshot
HND,Honduras,Latin America & Caribbean,Lower middle income,2016,5926.49025534228,19.6,8.6871874542665,protected_wdi_snapshot
HND,Honduras,Latin America & Caribbean,Lower middle income,2017,6099.60734919414,18.9,8.715979679105063,protected_wdi_snapshot
HND,Honduras,Latin America & Caribbean,Lower middle income,2018,6219.27973775059,18.2,8.73540938123885,protected_wdi_snapshot
HND,Honduras,Latin America & Caribbean,Lower middle income,2019,6264.01884276715,17.7,8.742577245770704,protected_wdi_snapshot
HND,Honduras,Latin America & Caribbean,Lower middle income,2020,5603.26398377777,17.1,8.63110456117571,protected_wdi_snapshot
HND,Honduras,Latin America & Caribbean,Lower middle income,2021,6202.98078812037,16.5,8.732785227776699,protected_wdi_snapshot
HND,Honduras,Latin America & Caribbean,Lower middle income,2022,6352.58710177732,16,8.75661742651745,protected_wdi_snapshot
HRV,Croatia,Europe & Central Asia,High income,2000,21302.4117206381,8.3,9.966575571608939,protected_wdi_snapshot
HRV,Croatia,Europe & Central Asia,High income,2001,22826.7217624371,8,10.03568713580277,protected_wdi_snapshot
HRV,Croatia,Europe & Central Asia,High income,2002,24136.7810227804,7.7,10.091492139562133,protected_wdi_snapshot
HRV,Croatia,Europe & Central Asia,High income,2003,25473.5672036391,8.2,10.145396613276207,protected_wdi_snapshot
HRV,Croatia,Europe & Central Asia,High income,2004,26528.5369054362,7.1,10.185976296927898,protected_wdi_snapshot
HRV,Croatia,Europe & Central Asia,High income,2005,27641.1374713864,6.7,10.227060430124075,protected_wdi_snapshot
HRV,Croatia,Europe & Central Asia,High income,2006,29035.6749841445,6.4,10.27628052479423,protected_wdi_snapshot
HRV,Croatia,Europe & Central Asia,High income,2007,30508.3061279124,6.2,10.32575425758256,protected_wdi_snapshot
HRV,Croatia,Europe & Central Asia,High income,2008,31113.555007687,5.9,10.345398855548488,protected_wdi_snapshot
HRV,Croatia,Europe & Central Asia,High income,2009,29024.6640551953,5.7,10.275901232173366,protected_wdi_snapshot
HRV,Croatia,Europe & Central Asia,High income,2010,28701.8754573033,5.5,10.264717746557059,protected_wdi_snapshot
HRV,Croatia,Europe & Central Asia,High income,2011,28769.0229490882,5.3,10.267054495214246,protected_wdi_snapshot
HRV,Croatia,Europe & Central Asia,High income,2012,28259.1638073948,5.2,10.249173066536587,protected_wdi_snapshot
HRV,Croatia,Europe & Central Asia,High income,2013,28397.9820661555,5.1,10.254073367616233,protected_wdi_snapshot
HRV,Croatia,Europe & Central Asia,High income,2014,28456.3353756076,5,10.256126099319578,protected_wdi_snapshot
HRV,Croatia,Europe & Central Asia,High income,2015,29466.4506365792,4.9,10.29100762859294,protected_wdi_snapshot
HRV,Croatia,Europe & Central Asia,High income,2016,30820.8050421355,4.9,10.335945229303098,protected_wdi_snapshot
HRV,Croatia,Europe & Central Asia,High income,2017,32348.5888556174,4.8,10.38432567782205,protected_wdi_snapshot
HRV,Croatia,Europe & Central Asia,High income,2018,33729.5455811943,4.8,10.426129455720483,protected_wdi_snapshot
HRV,Croatia,Europe & Central Asia,High income,2019,35122.7966231008,4.7,10.466605675077028,protected_wdi_snapshot
HRV,Croatia,Europe & Central Asia,High income,2020,32493.4017010055,4.7,10.388792323121102,protected_wdi_snapshot
HRV,Croatia,Europe & Central Asia,High income,2021,36930.076102199,4.6,10.516781568559324,protected_wdi_snapshot
HRV,Croatia,Europe & Central Asia,High income,2022,39863.9109377649,4.6,10.593226705806751,protected_wdi_snapshot
HTI,Haiti,Latin America & Caribbean,Lower middle income,2000,3237.53077898724,102.9,8.082566212985688,protected_wdi_snapshot
HTI,Haiti,Latin America & Caribbean,Lower middle income,2001,3168.14454014466,99.4,8.060901376939189,protected_wdi_snapshot
HTI,Haiti,Latin America & Caribbean,Lower middle income,2002,3145.03689680869,96.2,8.053580900960378,protected_wdi_snapshot
HTI,Haiti,Latin America & Caribbean,Lower middle income,2003,3197.9365263707,93.3,8.070261045282825,protected_wdi_snapshot
HTI,Haiti,Latin America & Caribbean,Lower middle income,2004,3102.54173985545,90.7,8.03997697060807,protected_wdi_snapshot
HTI,Haiti,Latin America & Caribbean,Lower middle income,2005,3144.56353969437,88.4,8.05343038039234,protected_wdi_snapshot
HTI,Haiti,Latin America & Caribbean,Lower middle income,2006,3146.2634386786,86.2,8.053970817772496,protected_wdi_snapshot
HTI,Haiti,Latin America & Caribbean,Lower middle income,2007,3239.25745989841,84.1,8.083099403477144,protected_wdi_snapshot
HTI,Haiti,Latin America & Caribbean,Lower middle income,2008,3270.41272369326,82.2,8.092671471123547,protected_wdi_snapshot
HTI,Haiti,Latin America & Caribbean,Lower middle income,2009,3406.29486715549,80.2,8.133380430333755,protected_wdi_snapshot
HTI,Haiti,Latin America & Caribbean,Lower middle income,2010,3176.50949040109,137.7,8.063538228393323,protected_wdi_snapshot
HTI,Haiti,Latin America & Caribbean,Lower middle income,2011,3300.87444105175,76.5,8.1019426944899,protected_wdi_snapshot
HTI,Haiti,Latin America & Caribbean,Lower middle income,2012,3266.43832519352,74.6,8.09145547309644,protected_wdi_snapshot
HTI,Haiti,Latin America & Caribbean,Lower middle income,2013,3356.8373216264,72.8,8.118754536355853,protected_wdi_snapshot
HTI,Haiti,Latin America & Caribbean,Lower middle income,2014,3403.57496642947,70.9,8.132581618921169,protected_wdi_snapshot
HTI,Haiti,Latin America & Caribbean,Lower middle income,2015,3402.0283988016,69.1,8.132127120599272,protected_wdi_snapshot
HTI,Haiti,Latin America & Caribbean,Lower middle income,2016,3415.58218112308,67.2,8.136103235110099,protected_wdi_snapshot
HTI,Haiti,Latin America & Caribbean,Lower middle income,2017,3453.97142164659,65.3,8.147279984684724,protected_wdi_snapshot
HTI,Haiti,Latin America & Caribbean,Lower middle income,2018,3465.25480573601,63.4,8.15054144592924,protected_wdi_snapshot
HTI,Haiti,Latin America & Caribbean,Lower middle income,2019,3361.75328894114,61.5,8.120217929045477,protected_wdi_snapshot
HTI,Haiti,Latin America & Caribbean,Lower middle income,2020,3210.53609854862,59.8,8.074193211073279,protected_wdi_snapshot
HTI,Haiti,Latin America & Caribbean,Lower middle income,2021,3116.56505397604,58.1,8.044486730080793,protected_wdi_snapshot
HTI,Haiti,Latin America & Caribbean,Lower middle income,2022,3029.77866381702,56.2,8.016244847590054,protected_wdi_snapshot
HUN,Hungary,Europe & Central Asia,High income,2000,22117.9204303193,10.1,10.00414343812089,protected_wdi_snapshot
HUN,Hungary,Europe & Central Asia,High income,2001,23069.2114730987,9.5,10.046254170830677,protected_wdi_snapshot
HUN,Hungary,Europe & Central Asia,High income,2002,24229.2953575981,9,10.095317731984402,protected_wdi_snapshot
HUN,Hungary,Europe & Central Asia,High income,2003,25255.8711300567,8.4,10.136813927677165,protected_wdi_snapshot
HUN,Hungary,Europe & Central Asia,High income,2004,26568.118861864,8,10.187467236919806,protected_wdi_snapshot
HUN,Hungary,Europe & Central Asia,High income,2005,27765.7886146197,7.5,10.231559916464121,protected_wdi_snapshot
HUN,Hungary,Europe & Central Asia,High income,2006,28903.0475407078,7.2,10.271702319776496,protected_wdi_snapshot
HUN,Hungary,Europe & Central Asia,High income,2007,29044.0669021254,6.8,10.276569503972398,protected_wdi_snapshot
HUN,Hungary,Europe & Central Asia,High income,2008,29384.0070385818,6.5,10.28820582703738,protected_wdi_snapshot
HUN,Hungary,Europe & Central Asia,High income,2009,27445.959458479,6.2,10.2199742396908,protected_wdi_snapshot
HUN,Hungary,Europe & Central Asia,High income,2010,27801.833816111,6,10.23285726211147,protected_wdi_snapshot
HUN,Hungary,Europe & Central Asia,High income,2011,28415.1173442897,5.9,10.254676583382723,protected_wdi_snapshot
HUN,Hungary,Europe & Central Asia,High income,2012,28179.656464434,5.7,10.246355594620166,protected_wdi_snapshot
HUN,Hungary,Europe & Central Asia,High income,2013,28891.0217544976,5.6,10.271286159899526,protected_wdi_snapshot
HUN,Hungary,Europe & Central Asia,High income,2014,30264.9492302161,5.3,10.31774553081624,protected_wdi_snapshot
HUN,Hungary,Europe & Central Asia,High income,2015,31485.5675425634,5.1,10.357284546568334,protected_wdi_snapshot
HUN,Hungary,Europe & Central Asia,High income,2016,32378.9674983075,4.7,10.38526433970369,protected_wdi_snapshot
HUN,Hungary,Europe & Central Asia,High income,2017,33828.714942571,4.5,10.429065275317866,protected_wdi_snapshot
HUN,Hungary,Europe & Central Asia,High income,2018,35798.0412754022,4.3,10.48564845791439,protected_wdi_snapshot
HUN,Hungary,Europe & Central Asia,High income,2019,37662.67681014,4.1,10.536424878021364,protected_wdi_snapshot
HUN,Hungary,Europe & Central Asia,High income,2020,36119.5211735652,4,10.49458875089724,protected_wdi_snapshot
HUN,Hungary,Europe & Central Asia,High income,2021,38887.1909527154,4,10.568420193960309,protected_wdi_snapshot
HUN,Hungary,Europe & Central Asia,High income,2022,40610.9711368238,3.9,10.611793534130534,protected_wdi_snapshot
IDN,Indonesia,East Asia & Pacific,Upper middle income,2000,6056.38197842165,51.4,8.708867867504278,protected_wdi_snapshot
IDN,Indonesia,East Asia & Pacific,Upper middle income,2001,6190.51954040991,49,8.730774294371379,protected_wdi_snapshot
IDN,Indonesia,East Asia & Pacific,Upper middle income,2002,6381.94955179996,46.7,8.761228902043543,protected_wdi_snapshot
IDN,Indonesia,East Asia & Pacific,Upper middle income,2003,6599.09193597034,44.6,8.79468733308973,protected_wdi_snapshot
IDN,Indonesia,East Asia & Pacific,Upper middle income,2004,6843.54654972364,48.6,8.831061377662767,protected_wdi_snapshot
IDN,Indonesia,East Asia & Pacific,Upper middle income,2005,7140.8545640704,40.7,8.873587735016326,protected_wdi_snapshot
IDN,Indonesia,East Asia & Pacific,Upper middle income,2006,7434.48785352221,38.9,8.91388497333706,protected_wdi_snapshot
IDN,Indonesia,East Asia & Pacific,Upper middle income,2007,7802.46406905954,37.2,8.962194869079482,protected_wdi_snapshot
IDN,Indonesia,East Asia & Pacific,Upper middle income,2008,8165.06155116624,35.6,9.007619543792103,protected_wdi_snapshot
IDN,Indonesia,East Asia & Pacific,Upper middle income,2009,8435.4557468629,34.1,9.040199023972509,protected_wdi_snapshot
IDN,Indonesia,East Asia & Pacific,Upper middle income,2010,8848.22473702066,32.6,9.08797212319324,protected_wdi_snapshot
IDN,Indonesia,East Asia & Pacific,Upper middle income,2011,9274.96955181702,31.2,9.135074604647285,protected_wdi_snapshot
IDN,Indonesia,East Asia & Pacific,Upper middle income,2012,9708.61182531081,29.9,9.180768587657385,protected_wdi_snapshot
IDN,Indonesia,East Asia & Pacific,Upper middle income,2013,10121.8141535043,28.6,9.22244819095582,protected_wdi_snapshot
IDN,Indonesia,East Asia & Pacific,Upper middle income,2014,10504.3869411088,27.3,9.259548252804986,protected_wdi_snapshot
IDN,Indonesia,East Asia & Pacific,Upper middle income,2015,10893.6621142169,26.1,9.295936441694023,protected_wdi_snapshot
IDN,Indonesia,East Asia & Pacific,Upper middle income,2016,11319.6634287738,25,9.33429661887468,protected_wdi_snapshot
IDN,Indonesia,East Asia & Pacific,Upper middle income,2017,11772.5743296107,23.8,9.373527895931772,protected_wdi_snapshot
IDN,Indonesia,East Asia & Pacific,Upper middle income,2018,12262.2310300771,22.8,9.414279169286644,protected_wdi_snapshot
IDN,Indonesia,East Asia & Pacific,Upper middle income,2019,12757.7850854842,21.8,9.453896959189267,protected_wdi_snapshot
IDN,Indonesia,East Asia & Pacific,Upper middle income,2020,12388.5449268131,20.8,9.424527528405674,protected_wdi_snapshot
IDN,Indonesia,East Asia & Pacific,Upper middle income,2021,12757.0746440204,19.9,9.453841270741709,protected_wdi_snapshot
IDN,Indonesia,East Asia & Pacific,Upper middle income,2022,13334.2653947637,19.1,9.498092346592028,protected_wdi_snapshot
IND,India,South Asia,Lower middle income,2000,3010.42156148397,91.8,8.009835401585484,protected_wdi_snapshot
IND,India,South Asia,Lower middle income,2001,3097.16224022342,88.1,8.038241564853406,protected_wdi_snapshot
IND,India,South Asia,Lower middle income,2002,3157.26903770593,84.6,8.05746270434607,protected_wdi_snapshot
IND,India,South Asia,Lower middle income,2003,3346.8882902915,81.1,8.115786324583674,protected_wdi_snapshot
IND,India,South Asia,Lower middle income,2004,3551.04731213773,77.7,8.174997856463941,protected_wdi_snapshot
IND,India,South Asia,Lower middle income,2005,3770.39653173829,74.3,8.234935455743377,protected_wdi_snapshot
IND,India,South Asia,Lower middle income,2006,4011.08647585805,71,8.296817425213051,protected_wdi_snapshot
IND,India,South Asia,Lower middle income,2007,4253.82139046739,67.8,8.355573008622832,protected_wdi_snapshot
IND,India,South Asia,Lower middle income,2008,4322.48378983546,64.5,8.371585467367755,protected_wdi_snapshot
IND,India,South Asia,Lower middle income,2009,4595.37990753812,61.2,8.43280670983525,protected_wdi_snapshot
IND,India,South Asia,Lower middle income,2010,4913.87639723705,58.1,8.499818399577364,protected_wdi_snapshot
IND,India,South Asia,Lower middle income,2011,5098.67458775444,55,8.53673590018249,protected_wdi_snapshot
IND,India,South Asia,Lower middle income,2012,5303.50197767655,52,8.576122631845719,protected_wdi_snapshot
IND,India,South Asia,Lower middle income,2013,5567.49439418718,49.1,8.624700392249503,protected_wdi_snapshot
IND,India,South Asia,Lower middle income,2014,5905.10618204633,46.4,8.683572710188054,protected_wdi_snapshot
IND,India,South Asia,Lower middle income,2015,6301.67346968236,43.7,8.748570507214504,protected_wdi_snapshot
IND,India,South Asia,Lower middle income,2016,6741.14883185347,41.3,8.815985639211323,protected_wdi_snapshot
IND,India,South Asia,Lower middle income,2017,7116.03659185396,39,8.870106190966709,protected_wdi_snapshot
IND,India,South Asia,Lower middle income,2018,7492.62576755145,36.9,8.921674584842592,protected_wdi_snapshot
IND,India,South Asia,Lower middle income,2019,7702.17634811957,34.9,8.949258210518808,protected_wdi_snapshot
IND,India,South Asia,Lower middle income,2020,7186.86447099679,33,8.880010259769668,protected_wdi_snapshot
IND,India,South Asia,Lower middle income,2021,7818.65701757504,31.2,8.964268081907903,protected_wdi_snapshot
IND,India,South Asia,Lower middle income,2022,8347.38478647086,29.5,9.029703569562734,protected_wdi_snapshot
IRL,Ireland,Europe & Central Asia,High income,2000,53582.8313532284,7.2,10.888983985174407,protected_wdi_snapshot
IRL,Ireland,Europe & Central Asia,High income,2001,55534.5698068816,6.9,10.92476098522894,protected_wdi_snapshot
IRL,Ireland,Europe & Central Asia,High income,2002,57828.0116338414,6.5,10.965228567608388,protected_wdi_snapshot
IRL,Ireland,Europe & Central Asia,High income,2003,58608.3353816693,6.1,10.978632207457677,protected_wdi_snapshot
IRL,Ireland,Europe & Central Asia,High income,2004,61452.8660388324,5.6,11.026025754082841,protected_wdi_snapshot
IRL,Ireland,Europe & Central Asia,High income,2005,63579.7134384122,5.2,11.060049727351966,protected_wdi_snapshot
IRL,Ireland,Europe & Central Asia,High income,2006,64975.4086496251,4.8,11.081764148826197,protected_wdi_snapshot
IRL,Ireland,Europe & Central Asia,High income,2007,66475.8410142999,4.6,11.104593867619004,protected_wdi_snapshot
IRL,Ireland,Europe & Central Asia,High income,2008,62213.6453256462,4.4,11.038329632893209,protected_wdi_snapshot
IRL,Ireland,Europe & Central Asia,High income,2009,58446.726333492,4.3,10.975870957350391,protected_wdi_snapshot
IRL,Ireland,Europe & Central Asia,High income,2010,59107.4220740498,4.2,10.987111780518354,protected_wdi_snapshot
IRL,Ireland,Europe & Central Asia,High income,2011,59797.0537343463,4.1,10.998711670068566,protected_wdi_snapshot
IRL,Ireland,Europe & Central Asia,High income,2012,59303.0319813561,4,10.990415713212576,protected_wdi_snapshot
IRL,Ireland,Europe & Central Asia,High income,2013,60285.2376140094,3.9,11.006842537054954,protected_wdi_snapshot
IRL,Ireland,Europe & Central Asia,High income,2014,65463.1952541564,3.8,11.089243359179141,protected_wdi_snapshot
IRL,Ireland,Europe & Central Asia,High income,2015,80815.6415277345,3.7,11.299925809038406,protected_wdi_snapshot
IRL,Ireland,Europe & Central Asia,High income,2016,80760.0974145688,3.6,11.299238278649037,protected_wdi_snapshot
IRL,Ireland,Europe & Central Asia,High income,2017,87731.7897045734,3.5,11.38203959505767,protected_wdi_snapshot
IRL,Ireland,Europe & Central Asia,High income,2018,93115.8393498329,3.4,11.441599581445507,protected_wdi_snapshot
IRL,Ireland,Europe & Central Asia,High income,2019,96205.7961557005,3.4,11.474244885937532,protected_wdi_snapshot
IRL,Ireland,Europe & Central Asia,High income,2020,101793.447525871,3.5,11.53070101487639,protected_wdi_snapshot
IRL,Ireland,Europe & Central Asia,High income,2021,116702.85817485,3.6,11.66738630961869,protected_wdi_snapshot
IRL,Ireland,Europe & Central Asia,High income,2022,123007.47648651,3.7,11.720000416950425,protected_wdi_snapshot
IRN,"Iran, Islamic Rep.","Middle East, North Africa, Afghanistan & Pakistan",Upper middle income,2000,11643.1218077696,36.4,9.362470881870944,protected_wdi_snapshot
IRN,"Iran, Islamic Rep.","Middle East, North Africa, Afghanistan & Pakistan",Upper middle income,2001,11739.0090911282,34.3,9.370672685316267,protected_wdi_snapshot
IRN,"Iran, Islamic Rep.","Middle East, North Africa, Afghanistan & Pakistan",Upper middle income,2002,12583.044990424,32.3,9.440105551078224,protected_wdi_snapshot
IRN,"Iran, Islamic Rep.","Middle East, North Africa, Afghanistan & Pakistan",Upper middle income,2003,13519.4501926929,30.3,9.511884682549123,protected_wdi_snapshot
IRN,"Iran, Islamic Rep.","Middle East, North Africa, Afghanistan & Pakistan",Upper middle income,2004,13807.1953114023,28.3,9.53294513464085,protected_wdi_snapshot
IRN,"Iran, Islamic Rep.","Middle East, North Africa, Afghanistan & Pakistan",Upper middle income,2005,13935.7743087596,26.5,9.542214504124722,protected_wdi_snapshot
IRN,"Iran, Islamic Rep.","Middle East, North Africa, Afghanistan & Pakistan",Upper middle income,2006,14320.6568534545,24.7,9.5694583091173,protected_wdi_snapshot
IRN,"Iran, Islamic Rep.","Middle East, North Africa, Afghanistan & Pakistan",Upper middle income,2007,15237.4237850549,23.1,9.631509771975862,protected_wdi_snapshot
IRN,"Iran, Islamic Rep.","Middle East, North Africa, Afghanistan & Pakistan",Upper middle income,2008,15091.2506521463,21.7,9.621870427860134,protected_wdi_snapshot
IRN,"Iran, Islamic Rep.","Middle East, North Africa, Afghanistan & Pakistan",Upper middle income,2009,15055.1494647199,20.4,9.619475368778868,protected_wdi_snapshot
IRN,"Iran, Islamic Rep.","Middle East, North Africa, Afghanistan & Pakistan",Upper middle income,2010,15729.9131707266,19.3,9.66331947605785,protected_wdi_snapshot
IRN,"Iran, Islamic Rep.","Middle East, North Africa, Afghanistan & Pakistan",Upper middle income,2011,15947.766097961,18.3,9.677074041849986,protected_wdi_snapshot
IRN,"Iran, Islamic Rep.","Middle East, North Africa, Afghanistan & Pakistan",Upper middle income,2012,15159.2948206531,17.5,9.626369142326416,protected_wdi_snapshot
IRN,"Iran, Islamic Rep.","Middle East, North Africa, Afghanistan & Pakistan",Upper middle income,2013,14734.740588719,16.8,9.597963289907831,protected_wdi_snapshot
IRN,"Iran, Islamic Rep.","Middle East, North Africa, Afghanistan & Pakistan",Upper middle income,2014,15262.8515760903,16.1,9.633177153442123,protected_wdi_snapshot
IRN,"Iran, Islamic Rep.","Middle East, North Africa, Afghanistan & Pakistan",Upper middle income,2015,14841.9048340737,15.5,9.605209866575397,protected_wdi_snapshot
IRN,"Iran, Islamic Rep.","Middle East, North Africa, Afghanistan & Pakistan",Upper middle income,2016,15920.3718021202,14.9,9.6753548135302,protected_wdi_snapshot
IRN,"Iran, Islamic Rep.","Middle East, North Africa, Afghanistan & Pakistan",Upper middle income,2017,16167.9677224227,14.4,9.690787262694942,protected_wdi_snapshot
IRN,"Iran, Islamic Rep.","Middle East, North Africa, Afghanistan & Pakistan",Upper middle income,2018,15364.8049052614,13.9,9.639834777136846,protected_wdi_snapshot
IRN,"Iran, Islamic Rep.","Middle East, North Africa, Afghanistan & Pakistan",Upper middle income,2019,14841.0751514998,13.4,9.60515396365901,protected_wdi_snapshot
IRN,"Iran, Islamic Rep.","Middle East, North Africa, Afghanistan & Pakistan",Upper middle income,2020,15381.5845437266,13,9.6409262640029,protected_wdi_snapshot
IRN,"Iran, Islamic Rep.","Middle East, North Africa, Afghanistan & Pakistan",Upper middle income,2021,15884.4276775963,12.6,9.673094516945097,protected_wdi_snapshot
IRN,"Iran, Islamic Rep.","Middle East, North Africa, Afghanistan & Pakistan",Upper middle income,2022,16377.9610645368,12.1,9.703691872524633,protected_wdi_snapshot
IRQ,Iraq,"Middle East, North Africa, Afghanistan & Pakistan",Upper middle income,2000,12702.1641950892,44.3,9.44952766699085,protected_wdi_snapshot
IRQ,Iraq,"Middle East, North Africa, Afghanistan & Pakistan",Upper middle income,2001,12529.6084050976,43.4,9.435849794815756,protected_wdi_snapshot
IRQ,Iraq,"Middle East, North Africa, Afghanistan & Pakistan",Upper middle income,2002,11144.0505255902,42.5,9.318661049332189,protected_wdi_snapshot
IRQ,Iraq,"Middle East, North Africa, Afghanistan & Pakistan",Upper middle income,2003,6849.3320080035,41.6,8.831906409421391,protected_wdi_snapshot
IRQ,Iraq,"Middle East, North Africa, Afghanistan & Pakistan",Upper middle income,2004,10210.5631004936,40.7,9.231178061498197,protected_wdi_snapshot
IRQ,Iraq,"Middle East, North Africa, Afghanistan & Pakistan",Upper middle income,2005,10078.4437646814,39.7,9.218154141281776,protected_wdi_snapshot
IRQ,Iraq,"Middle East, North Africa, Afghanistan & Pakistan",Upper middle income,2006,10568.9137652953,38.8,9.265672307764715,protected_wdi_snapshot
IRQ,Iraq,"Middle East, North Africa, Afghanistan & Pakistan",Upper middle income,2007,10853.8161022286,37.7,9.292272011622678,protected_wdi_snapshot
IRQ,Iraq,"Middle East, North Africa, Afghanistan & Pakistan",Upper middle income,2008,11511.9387643638,36.7,9.351139929265686,protected_wdi_snapshot
IRQ,Iraq,"Middle East, North Africa, Afghanistan & Pakistan",Upper middle income,2009,11470.5178061728,35.6,9.34753535349614,protected_wdi_snapshot
IRQ,Iraq,"Middle East, North Africa, Afghanistan & Pakistan",Upper middle income,2010,11816.8410150233,34.5,9.377280997628167,protected_wdi_snapshot
IRQ,Iraq,"Middle East, North Africa, Afghanistan & Pakistan",Upper middle income,2011,12267.5848940645,33.4,9.414715688181769,protected_wdi_snapshot
IRQ,Iraq,"Middle East, North Africa, Afghanistan & Pakistan",Upper middle income,2012,13357.0143882323,32.4,9.499796948181908,protected_wdi_snapshot
IRQ,Iraq,"Middle East, North Africa, Afghanistan & Pakistan",Upper middle income,2013,13712.931714296,31.3,9.526094587354699,protected_wdi_snapshot
IRQ,Iraq,"Middle East, North Africa, Afghanistan & Pakistan",Upper middle income,2014,13536.8227681399,30.3,9.513168863697029,protected_wdi_snapshot
IRQ,Iraq,"Middle East, North Africa, Afghanistan & Pakistan",Upper middle income,2015,13516.0271989173,29.3,9.511631460181764,protected_wdi_snapshot
IRQ,Iraq,"Middle East, North Africa, Afghanistan & Pakistan",Upper middle income,2016,15016.0920644557,28.4,9.6168777093381,protected_wdi_snapshot
IRQ,Iraq,"Middle East, North Africa, Afghanistan & Pakistan",Upper middle income,2017,14417.6306896454,27.5,9.576207090102232,protected_wdi_snapshot
IRQ,Iraq,"Middle East, North Africa, Afghanistan & Pakistan",Upper middle income,2018,14456.2357053191,26.5,9.57888113715568,protected_wdi_snapshot
IRQ,Iraq,"Middle East, North Africa, Afghanistan & Pakistan",Upper middle income,2019,14910.225032382,25.7,9.609802500359981,protected_wdi_snapshot
IRQ,Iraq,"Middle East, North Africa, Afghanistan & Pakistan",Upper middle income,2020,12827.6345392293,24.9,9.459357071104856,protected_wdi_snapshot
IRQ,Iraq,"Middle East, North Africa, Afghanistan & Pakistan",Upper middle income,2021,12731.7535755128,24,9.451854433479586,protected_wdi_snapshot
IRQ,Iraq,"Middle East, North Africa, Afghanistan & Pakistan",Upper middle income,2022,13433.3977166956,23.3,9.505499252061304,protected_wdi_snapshot
ISL,Iceland,Europe & Central Asia,High income,2000,50227.8408745363,3.9,10.82432475104093,protected_wdi_snapshot
ISL,Iceland,Europe & Central Asia,High income,2001,51468.3282267824,3.7,10.84872191158272,protected_wdi_snapshot
ISL,Iceland,Europe & Central Asia,High income,2002,51287.593729948,3.5,10.845204164288582,protected_wdi_snapshot
ISL,Iceland,Europe & Central Asia,High income,2003,52095.6402740564,3.3,10.860836544279564,protected_wdi_snapshot
ISL,Iceland,Europe & Central Asia,High income,2004,55576.6099806516,3.2,10.925517707925188,protected_wdi_snapshot
ISL,Iceland,Europe & Central Asia,High income,2005,58549.1358862183,3.1,10.977621610355355,protected_wdi_snapshot
ISL,Iceland,Europe & Central Asia,High income,2006,60434.3837931128,2.9,11.009313490049184,protected_wdi_snapshot
ISL,Iceland,Europe & Central Asia,High income,2007,64075.3098188208,2.8,11.067814386473346,protected_wdi_snapshot
ISL,Iceland,Europe & Central Asia,High income,2008,63963.7601392225,2.8,11.066071954138316,protected_wdi_snapshot
ISL,Iceland,Europe & Central Asia,High income,2009,58441.2719673968,2.7,10.97577763098364,protected_wdi_snapshot
ISL,Iceland,Europe & Central Asia,High income,2010,57225.1024282006,2.7,10.954747934739665,protected_wdi_snapshot
ISL,Iceland,Europe & Central Asia,High income,2011,57837.8604599413,2.6,10.965398865483559,protected_wdi_snapshot
ISL,Iceland,Europe & Central Asia,High income,2012,58203.6379459536,2.6,10.97170313942844,protected_wdi_snapshot
ISL,Iceland,Europe & Central Asia,High income,2013,59729.5439775397,2.6,10.997582050966582,protected_wdi_snapshot
ISL,Iceland,Europe & Central Asia,High income,2014,60199.1994872756,2.6,11.005414333654938,protected_wdi_snapshot
ISL,Iceland,Europe & Central Asia,High income,2015,61820.3618857662,2.6,11.031988069531254,protected_wdi_snapshot
ISL,Iceland,Europe & Central Asia,High income,2016,64759.2275423229,2.6,11.0784314797143,protected_wdi_snapshot
ISL,Iceland,Europe & Central Asia,High income,2017,65462.5033306299,2.7,11.089232789466182,protected_wdi_snapshot
ISL,Iceland,Europe & Central Asia,High income,2018,66703.0219398003,2.7,11.108005537321192,protected_wdi_snapshot
ISL,Iceland,Europe & Central Asia,High income,2019,65994.9860038103,2.8,11.097334048483486,protected_wdi_snapshot
ISL,Iceland,Europe & Central Asia,High income,2020,60617.143268851,2.8,11.01233302427621,protected_wdi_snapshot
ISL,Iceland,Europe & Central Asia,High income,2021,62720.7916832797,2.9,11.046448277445897,protected_wdi_snapshot
ISL,Iceland,Europe & Central Asia,High income,2022,66581.2441801002,2.9,11.106178197949012,protected_wdi_snapshot
ISR,Israel,"Middle East, North Africa, Afghanistan & Pakistan",High income,2000,33278.5412285682,6.9,10.412668060698243,protected_wdi_snapshot
ISR,Israel,"Middle East, North Africa, Afghanistan & Pakistan",High income,2001,32591.2116817431,6.6,10.391797950696866,protected_wdi_snapshot
ISR,Israel,"Middle East, North Africa, Afghanistan & Pakistan",High income,2002,31892.5395978816,6.4,10.37012739301649,protected_wdi_snapshot
ISR,Israel,"Middle East, North Africa, Afghanistan & Pakistan",High income,2003,31771.2115906733,6.1,10.366315862849683,protected_wdi_snapshot
ISR,Israel,"Middle East, North Africa, Afghanistan & Pakistan",High income,2004,32665.8537052438,5.8,10.394085582100754,protected_wdi_snapshot
ISR,Israel,"Middle East, North Africa, Afghanistan & Pakistan",High income,2005,33491.9913996395,5.6,10.419061626535788,protected_wdi_snapshot
ISR,Israel,"Middle East, North Africa, Afghanistan & Pakistan",High income,2006,34744.8675092298,5.3,10.455787142508456,protected_wdi_snapshot
ISR,Israel,"Middle East, North Africa, Afghanistan & Pakistan",High income,2007,36288.0655118571,5.1,10.499244192416953,protected_wdi_snapshot
ISR,Israel,"Middle East, North Africa, Afghanistan & Pakistan",High income,2008,36795.4799112424,4.9,10.513130288114137,protected_wdi_snapshot
ISR,Israel,"Middle East, North Africa, Afghanistan & Pakistan",High income,2009,36364.7843182661,4.7,10.501356121545784,protected_wdi_snapshot
ISR,Israel,"Middle East, North Africa, Afghanistan & Pakistan",High income,2010,37686.3420833543,4.6,10.537053028841108,protected_wdi_snapshot
ISR,Israel,"Middle East, North Africa, Afghanistan & Pakistan",High income,2011,39036.0247356871,4.4,10.572240209924617,protected_wdi_snapshot
ISR,Israel,"Middle East, North Africa, Afghanistan & Pakistan",High income,2012,39245.5078117687,4.3,10.577592266005004,protected_wdi_snapshot
ISR,Israel,"Middle East, North Africa, Afghanistan & Pakistan",High income,2013,40095.4756773092,4.1,10.599018780927064,protected_wdi_snapshot
ISR,Israel,"Middle East, North Africa, Afghanistan & Pakistan",High income,2014,40795.6290927281,4,10.616330224573222,protected_wdi_snapshot
ISR,Israel,"Middle East, North Africa, Afghanistan & Pakistan",High income,2015,40889.5989080834,3.9,10.618631004263952,protected_wdi_snapshot
ISR,Israel,"Middle East, North Africa, Afghanistan & Pakistan",High income,2016,41914.5802977706,3.8,10.643389023846844,protected_wdi_snapshot
ISR,Israel,"Middle East, North Africa, Afghanistan & Pakistan",High income,2017,42895.585129847,3.7,10.66652418889426,protected_wdi_snapshot
ISR,Israel,"Middle East, North Africa, Afghanistan & Pakistan",High income,2018,43782.6526491689,3.7,10.686992959674605,protected_wdi_snapshot
ISR,Israel,"Middle East, North Africa, Afghanistan & Pakistan",High income,2019,44492.1226967084,3.6,10.70306743443329,protected_wdi_snapshot
ISR,Israel,"Middle East, North Africa, Afghanistan & Pakistan",High income,2020,42926.5415418584,3.5,10.667245597569492,protected_wdi_snapshot
ISR,Israel,"Middle East, North Africa, Afghanistan & Pakistan",High income,2021,46151.100820403,3.5,10.739676092743007,protected_wdi_snapshot
ISR,Israel,"Middle East, North Africa, Afghanistan & Pakistan",High income,2022,48132.3637205177,3.4,10.78171007225928,protected_wdi_snapshot
ITA,Italy,Europe & Central Asia,High income,2000,50353.4200415436,5.6,10.826821821193285,protected_wdi_snapshot
ITA,Italy,Europe & Central Asia,High income,2001,51332.2904432567,5.3,10.846075276480828,protected_wdi_snapshot
ITA,Italy,Europe & Central Asia,High income,2002,51369.1149098293,5.1,10.846792393603504,protected_wdi_snapshot
ITA,Italy,Europe & Central Asia,High income,2003,51126.2585544038,4.8,10.842053510243156,protected_wdi_snapshot
ITA,Italy,Europe & Central Asia,High income,2004,51495.0028841364,4.6,10.849240050567987,protected_wdi_snapshot
ITA,Italy,Europe & Central Asia,High income,2005,51585.6445807938,4.5,10.850998706964672,protected_wdi_snapshot
ITA,Italy,Europe & Central Asia,High income,2006,52304.2402949819,4.3,10.86483272315239,protected_wdi_snapshot
ITA,Italy,Europe & Central Asia,High income,2007,52747.1905476807,4.2,10.873265790160355,protected_wdi_snapshot
ITA,Italy,Europe & Central Asia,High income,2008,51806.3906176391,4.1,10.855268791634893,protected_wdi_snapshot
ITA,Italy,Europe & Central Asia,High income,2009,48774.3916833748,4.1,10.794960693519632,protected_wdi_snapshot
ITA,Italy,Europe & Central Asia,High income,2010,49301.6959141674,4,10.805713759320811,protected_wdi_snapshot
ITA,Italy,Europe & Central Asia,High income,2011,49473.0149235634,3.9,10.8091826468475,protected_wdi_snapshot
ITA,Italy,Europe & Central Asia,High income,2012,47795.9579360541,3.8,10.774696352896743,protected_wdi_snapshot
ITA,Italy,Europe & Central Asia,High income,2013,46833.3615309303,3.7,10.754351081171567,protected_wdi_snapshot
ITA,Italy,Europe & Central Asia,High income,2014,46825.6511245062,3.6,10.754186432704262,protected_wdi_snapshot
ITA,Italy,Europe & Central Asia,High income,2015,47311.8255262709,3.5,10.764515554358685,protected_wdi_snapshot
ITA,Italy,Europe & Central Asia,High income,2016,47987.8379581014,3.4,10.77870288191205,protected_wdi_snapshot
ITA,Italy,Europe & Central Asia,High income,2017,48849.2183534756,3.3,10.796493656390519,protected_wdi_snapshot
ITA,Italy,Europe & Central Asia,High income,2018,49355.8751913504,3.2,10.806812089272023,protected_wdi_snapshot
ITA,Italy,Europe & Central Asia,High income,2019,49690.6298505274,3.1,10.813571660115295,protected_wdi_snapshot
ITA,Italy,Europe & Central Asia,High income,2020,45505.0688708956,3,10.72557900249005,protected_wdi_snapshot
ITA,Italy,Europe & Central Asia,High income,2021,49825.3934111848,2.9,10.816280040909026,protected_wdi_snapshot
ITA,Italy,Europe & Central Asia,High income,2022,52333.3274270604,2.8,10.86538868280361,protected_wdi_snapshot
JAM,Jamaica,Latin America & Caribbean,Upper middle income,2000,9667.92474492316,20.5,9.176568957858775,protected_wdi_snapshot
JAM,Jamaica,Latin America & Caribbean,Upper middle income,2001,9736.06291757526,20,9.183592097010417,protected_wdi_snapshot
JAM,Jamaica,Latin America & Caribbean,Upper middle income,2002,9869.71291927176,19.6,9.197226045811178,protected_wdi_snapshot
JAM,Jamaica,Latin America & Caribbean,Upper middle income,2003,10169.7500243245,19.3,9.22717290902808,protected_wdi_snapshot
JAM,Jamaica,Latin America & Caribbean,Upper middle income,2004,10244.2066702878,19.1,9.234467621880434,protected_wdi_snapshot
JAM,Jamaica,Latin America & Caribbean,Upper middle income,2005,10278.6834382546,19.1,9.237827460598771,protected_wdi_snapshot
JAM,Jamaica,Latin America & Caribbean,Upper middle income,2006,10522.2367459591,19.1,9.261246082128782,protected_wdi_snapshot
JAM,Jamaica,Latin America & Caribbean,Upper middle income,2007,10622.4442829007,19.1,9.27072442677876,protected_wdi_snapshot
JAM,Jamaica,Latin America & Caribbean,Upper middle income,2008,10490.4686134498,19.1,9.258222372790064,protected_wdi_snapshot
JAM,Jamaica,Latin America & Caribbean,Upper middle income,2009,9992.97699539021,19.1,9.20963782478671,protected_wdi_snapshot
JAM,Jamaica,Latin America & Caribbean,Upper middle income,2010,9805.90172806302,19,9.190739700547972,protected_wdi_snapshot
JAM,Jamaica,Latin America & Caribbean,Upper middle income,2011,9932.48380946963,19,9.203565857631512,protected_wdi_snapshot
JAM,Jamaica,Latin America & Caribbean,Upper middle income,2012,9829.03510015044,18.9,9.193096049640774,protected_wdi_snapshot
JAM,Jamaica,Latin America & Caribbean,Upper middle income,2013,9839.96506606095,18.9,9.19420743984294,protected_wdi_snapshot
JAM,Jamaica,Latin America & Caribbean,Upper middle income,2014,9872.15913752129,18.8,9.197473866104513,protected_wdi_snapshot
JAM,Jamaica,Latin America & Caribbean,Upper middle income,2015,9931.89875715182,18.7,9.203506952974795,protected_wdi_snapshot
JAM,Jamaica,Latin America & Caribbean,Upper middle income,2016,10179.2536486158,18.7,9.228106971956667,protected_wdi_snapshot
JAM,Jamaica,Latin America & Caribbean,Upper middle income,2017,10391.0378224678,18.7,9.248698965771707,protected_wdi_snapshot
JAM,Jamaica,Latin America & Caribbean,Upper middle income,2018,10636.0929784551,18.7,9.272008494187723,protected_wdi_snapshot
JAM,Jamaica,Latin America & Caribbean,Upper middle income,2019,10816.3720391154,18.8,9.288816194798741,protected_wdi_snapshot
JAM,Jamaica,Latin America & Caribbean,Upper middle income,2020,9891.96932961548,18.7,9.199478528112389,protected_wdi_snapshot
JAM,Jamaica,Latin America & Caribbean,Upper middle income,2021,10430.6909771759,18.6,9.252507794810603,protected_wdi_snapshot
JAM,Jamaica,Latin America & Caribbean,Upper middle income,2022,11096.6377085321,18.4,9.314397432272933,protected_wdi_snapshot
JOR,Jordan,"Middle East, North Africa, Afghanistan & Pakistan",Upper middle income,2000,8781.60904744228,25.8,9.080414932645223,protected_wdi_snapshot
JOR,Jordan,"Middle East, North Africa, Afghanistan & Pakistan",Upper middle income,2001,9056.19447281902,25,9.111204274684455,protected_wdi_snapshot
JOR,Jordan,"Middle East, North Africa, Afghanistan & Pakistan",Upper middle income,2002,9380.11324124271,24.2,9.146347114554551,protected_wdi_snapshot
JOR,Jordan,"Middle East, North Africa, Afghanistan & Pakistan",Upper middle income,2003,9556.48163712053,23.5,9.164974908716035,protected_wdi_snapshot
JOR,Jordan,"Middle East, North Africa, Afghanistan & Pakistan",Upper middle income,2004,10127.8527547101,22.7,9.223044605841277,protected_wdi_snapshot
JOR,Jordan,"Middle East, North Africa, Afghanistan & Pakistan",Upper middle income,2005,10684.9424228538,22,9.276590779142921,protected_wdi_snapshot
JOR,Jordan,"Middle East, North Africa, Afghanistan & Pakistan",Upper middle income,2006,10834.8737267915,21.3,9.290525259707024,protected_wdi_snapshot
JOR,Jordan,"Middle East, North Africa, Afghanistan & Pakistan",Upper middle income,2007,11034.2922176813,20.7,9.308763176867714,protected_wdi_snapshot
JOR,Jordan,"Middle East, North Africa, Afghanistan & Pakistan",Upper middle income,2008,11555.728825835,20.1,9.354936595218287,protected_wdi_snapshot
JOR,Jordan,"Middle East, North Africa, Afghanistan & Pakistan",Upper middle income,2009,11888.6617212582,19.5,9.38334042836755,protected_wdi_snapshot
JOR,Jordan,"Middle East, North Africa, Afghanistan & Pakistan",Upper middle income,2010,11942.572010796,18.9,9.38786477503836,protected_wdi_snapshot
JOR,Jordan,"Middle East, North Africa, Afghanistan & Pakistan",Upper middle income,2011,11988.4963110815,18.4,9.391702828237019,protected_wdi_snapshot
JOR,Jordan,"Middle East, North Africa, Afghanistan & Pakistan",Upper middle income,2012,12104.1217423938,17.9,9.401301313447501,protected_wdi_snapshot
JOR,Jordan,"Middle East, North Africa, Afghanistan & Pakistan",Upper middle income,2013,11804.1225335126,17.4,9.376204116686061,protected_wdi_snapshot
JOR,Jordan,"Middle East, North Africa, Afghanistan & Pakistan",Upper middle income,2014,11086.6905487513,17,9.313500618203184,protected_wdi_snapshot
JOR,Jordan,"Middle East, North Africa, Afghanistan & Pakistan",Upper middle income,2015,10469.6306302225,16.5,9.256234024371448,protected_wdi_snapshot
JOR,Jordan,"Middle East, North Africa, Afghanistan & Pakistan",Upper middle income,2016,10197.5044990617,16.1,9.229898312384233,protected_wdi_snapshot
JOR,Jordan,"Middle East, North Africa, Afghanistan & Pakistan",Upper middle income,2017,10220.492781193,15.7,9.232150079933144,protected_wdi_snapshot
JOR,Jordan,"Middle East, North Africa, Afghanistan & Pakistan",Upper middle income,2018,10183.0248366235,15.3,9.228477381196827,protected_wdi_snapshot
JOR,Jordan,"Middle East, North Africa, Afghanistan & Pakistan",Upper middle income,2019,10168.3588523537,14.9,9.227036104570852,protected_wdi_snapshot
JOR,Jordan,"Middle East, North Africa, Afghanistan & Pakistan",Upper middle income,2020,9872.3094512325,14.5,9.197489092010496,protected_wdi_snapshot
JOR,Jordan,"Middle East, North Africa, Afghanistan & Pakistan",Upper middle income,2021,10056.5611261239,14.1,9.215980548844966,protected_wdi_snapshot
JOR,Jordan,"Middle East, North Africa, Afghanistan & Pakistan",Upper middle income,2022,10158.4738771524,13.7,9.226063500908287,protected_wdi_snapshot
JPN,Japan,East Asia & Pacific,High income,2000,39731.7953686304,4.5,10.589907037030793,protected_wdi_snapshot
JPN,Japan,East Asia & Pacific,High income,2001,39748.9837725849,4.3,10.590339554286114,protected_wdi_snapshot
JPN,Japan,East Asia & Pacific,High income,2002,39690.3676794625,4.1,10.588863809515066,protected_wdi_snapshot
JPN,Japan,East Asia & Pacific,High income,2003,40152.1282635641,4,10.600430725779859,protected_wdi_snapshot
JPN,Japan,East Asia & Pacific,High income,2004,40986.7225710497,3.9,10.621003453508541,protected_wdi_snapshot
JPN,Japan,East Asia & Pacific,High income,2005,41740.352036905,3.7,10.639223614637432,protected_wdi_snapshot
JPN,Japan,East Asia & Pacific,High income,2006,42358.9337348253,3.6,10.653934627888273,protected_wdi_snapshot
JPN,Japan,East Asia & Pacific,High income,2007,43041.5697058021,3.5,10.669921665030335,protected_wdi_snapshot
JPN,Japan,East Asia & Pacific,High income,2008,42518.8423408417,3.4,10.657702605858567,protected_wdi_snapshot
JPN,Japan,East Asia & Pacific,High income,2009,39999.9464203408,3.4,10.596633393603696,protected_wdi_snapshot
JPN,Japan,East Asia & Pacific,High income,2010,41647.0458542008,3.3,10.636985717209159,protected_wdi_snapshot
JPN,Japan,East Asia & Pacific,High income,2011,41640.6608721251,3.3,10.63683239369146,protected_wdi_snapshot
JPN,Japan,East Asia & Pacific,High income,2012,42394.9433175064,3.1,10.65478437272828,protected_wdi_snapshot
JPN,Japan,East Asia & Pacific,High income,2013,43304.1181931426,3,10.67600301785473,protected_wdi_snapshot
JPN,Japan,East Asia & Pacific,High income,2014,43754.438013293,2.9,10.68634832694488,protected_wdi_snapshot
JPN,Japan,East Asia & Pacific,High income,2015,44589.3032854003,2.8,10.705249272592528,protected_wdi_snapshot
JPN,Japan,East Asia & Pacific,High income,2016,44926.6202909525,2.7,10.712785777577949,protected_wdi_snapshot
JPN,Japan,East Asia & Pacific,High income,2017,45693.3776080987,2.6,10.729708656274562,protected_wdi_snapshot
JPN,Japan,East Asia & Pacific,High income,2018,46133.0225978718,2.5,10.739284297879648,protected_wdi_snapshot
JPN,Japan,East Asia & Pacific,High income,2019,46055.3498672487,2.5,10.737599210120193,protected_wdi_snapshot
JPN,Japan,East Asia & Pacific,High income,2020,44212.5503415724,2.4,10.69676397214068,protected_wdi_snapshot
JPN,Japan,East Asia & Pacific,High income,2021,45999.4617966896,2.4,10.73638497533082,protected_wdi_snapshot
JPN,Japan,East Asia & Pacific,High income,2022,46819.360613609,2.4,10.754052084685293,protected_wdi_snapshot
KAZ,Kazakhstan,Europe & Central Asia,Upper middle income,2000,12935.864368308,42.1,9.467758916377301,protected_wdi_snapshot
KAZ,Kazakhstan,Europe & Central Asia,Upper middle income,2001,14612.0290050498,39.6,9.58960037292893,protected_wdi_snapshot
KAZ,Kazakhstan,Europe & Central Asia,Upper middle income,2002,15960.8738450013,37.2,9.677895621698017,protected_wdi_snapshot
KAZ,Kazakhstan,Europe & Central Asia,Upper middle income,2003,17344.752672995,35.1,9.761045300034096,protected_wdi_snapshot
KAZ,Kazakhstan,Europe & Central Asia,Upper middle income,2004,18886.5811908122,33,9.846206958981423,protected_wdi_snapshot
KAZ,Kazakhstan,Europe & Central Asia,Upper middle income,2005,20565.5294470866,31,9.93137162538961,protected_wdi_snapshot
KAZ,Kazakhstan,Europe & Central Asia,Upper middle income,2006,22574.3429577665,28.9,10.02456927300079,protected_wdi_snapshot
KAZ,Kazakhstan,Europe & Central Asia,Upper middle income,2007,24351.3464102542,26.8,10.10034242103769,protected_wdi_snapshot
KAZ,Kazakhstan,Europe & Central Asia,Upper middle income,2008,24895.6645683245,24.7,10.122448953571338,protected_wdi_snapshot
KAZ,Kazakhstan,Europe & Central Asia,Upper middle income,2009,24901.3527260084,22.5,10.122677407322895,protected_wdi_snapshot
KAZ,Kazakhstan,Europe & Central Asia,Upper middle income,2010,26374.8407672795,20.4,10.180165833500599,protected_wdi_snapshot
KAZ,Kazakhstan,Europe & Central Asia,Upper middle income,2011,27946.1603432944,18.3,10.238035093235556,protected_wdi_snapshot
KAZ,Kazakhstan,Europe & Central Asia,Upper middle income,2012,28881.2417563728,16.3,10.270947589186735,protected_wdi_snapshot
KAZ,Kazakhstan,Europe & Central Asia,Upper middle income,2013,30177.4887221736,14.5,10.314851518858822,protected_wdi_snapshot
KAZ,Kazakhstan,Europe & Central Asia,Upper middle income,2014,30986.4379168995,13,10.341304901190492,protected_wdi_snapshot
KAZ,Kazakhstan,Europe & Central Asia,Upper middle income,2015,30893.7594851041,11.9,10.33830948407862,protected_wdi_snapshot
KAZ,Kazakhstan,Europe & Central Asia,Upper middle income,2016,30758.3227260598,11,10.333915894371502,protected_wdi_snapshot
KAZ,Kazakhstan,Europe & Central Asia,Upper middle income,2017,31524.4416339794,10.5,10.358518448827871,protected_wdi_snapshot
KAZ,Kazakhstan,Europe & Central Asia,Upper middle income,2018,32330.2274546567,10.3,10.383757906100135,protected_wdi_snapshot
KAZ,Kazakhstan,Europe & Central Asia,Upper middle income,2019,33298.2123695035,10.2,10.41325899193008,protected_wdi_snapshot
KAZ,Kazakhstan,Europe & Central Asia,Upper middle income,2020,32011.5491499004,10.1,10.373852027603565,protected_wdi_snapshot
KAZ,Kazakhstan,Europe & Central Asia,Upper middle income,2021,32945.8515725823,10,10.402620631324142,protected_wdi_snapshot
KAZ,Kazakhstan,Europe & Central Asia,Upper middle income,2022,33506.2614893237,9.8,10.419487610476702,protected_wdi_snapshot
KEN,Kenya,Sub-Saharan Africa,Lower middle income,2000,3756.63622296879,95.2,8.231279214420397,protected_wdi_snapshot
KEN,Kenya,Sub-Saharan Africa,Lower middle income,2001,3778.25854755615,90.5,8.237018480753276,protected_wdi_snapshot
KEN,Kenya,Sub-Saharan Africa,Lower middle income,2002,3681.2569427491,85.6,8.211009533374105,protected_wdi_snapshot
KEN,Kenya,Sub-Saharan Africa,Lower middle income,2003,3674.08592758409,80.8,8.209059653521198,protected_wdi_snapshot
KEN,Kenya,Sub-Saharan Africa,Lower middle income,2004,3743.56785736929,76.1,8.227794408224575,protected_wdi_snapshot
KEN,Kenya,Sub-Saharan Africa,Lower middle income,2005,3844.73557120578,71.2,8.254460107456701,protected_wdi_snapshot
KEN,Kenya,Sub-Saharan Africa,Lower middle income,2006,3970.73349887685,66.8,8.286706117037511,protected_wdi_snapshot
KEN,Kenya,Sub-Saharan Africa,Lower middle income,2007,4116.45094720856,62.9,8.322746650527208,protected_wdi_snapshot
KEN,Kenya,Sub-Saharan Africa,Lower middle income,2008,4002.88364073792,58,8.294770290555581,protected_wdi_snapshot
KEN,Kenya,Sub-Saharan Africa,Lower middle income,2009,4012.19428382397,55.2,8.297093573588297,protected_wdi_snapshot
KEN,Kenya,Sub-Saharan Africa,Lower middle income,2010,4211.52462957784,53.1,8.345580005910666,protected_wdi_snapshot
KEN,Kenya,Sub-Saharan Africa,Lower middle income,2011,4307.10611556858,51.7,8.368021522681547,protected_wdi_snapshot
KEN,Kenya,Sub-Saharan Africa,Lower middle income,2012,4387.93790075409,50.7,8.386614669233468,protected_wdi_snapshot
KEN,Kenya,Sub-Saharan Africa,Lower middle income,2013,4443.371215682,49.4,8.399168650128166,protected_wdi_snapshot
KEN,Kenya,Sub-Saharan Africa,Lower middle income,2014,4558.55155266374,48.3,8.424760210089833,protected_wdi_snapshot
KEN,Kenya,Sub-Saharan Africa,Lower middle income,2015,4679.62182831938,46.8,8.450972579732056,protected_wdi_snapshot
KEN,Kenya,Sub-Saharan Africa,Lower middle income,2016,4770.31046388086,45.5,8.47016666853181,protected_wdi_snapshot
KEN,Kenya,Sub-Saharan Africa,Lower middle income,2017,4846.86210851932,44.7,8.486086786610356,protected_wdi_snapshot
KEN,Kenya,Sub-Saharan Africa,Lower middle income,2018,5017.66784674664,43.7,8.520720532377375,protected_wdi_snapshot
KEN,Kenya,Sub-Saharan Africa,Lower middle income,2019,5171.71264279257,42.7,8.55095917817664,protected_wdi_snapshot
KEN,Kenya,Sub-Saharan Africa,Lower middle income,2020,5057.40115537429,42.1,8.528608024683692,protected_wdi_snapshot
KEN,Kenya,Sub-Saharan Africa,Lower middle income,2021,5338.85243382781,41.3,8.582766008827674,protected_wdi_snapshot
KEN,Kenya,Sub-Saharan Africa,Lower middle income,2022,5491.69378280246,4.05,8.610992008378261,manual_update_sheet
KEN,Kenya,Sub-Saharan Africa,Lower middle income,2022,5491.69378280246,40.5,8.610992008378261,protected_wdi_snapshot
KGZ,Kyrgyz Republic,Europe & Central Asia,Lower middle income,2000,3638.46314292227,50.8,8.199316657990684,protected_wdi_snapshot
KGZ,Kyrgyz Republic,Europe & Central Asia,Lower middle income,2001,3795.89059344129,48.1,8.241674337776349,protected_wdi_snapshot
KGZ,Kyrgyz Republic,Europe & Central Asia,Lower middle income,2002,3760.53239965257,45.5,8.2323158220125,protected_wdi_snapshot
KGZ,Kyrgyz Republic,Europe & Central Asia,Lower middle income,2003,3982.92722017802,43,8.289772310400593,protected_wdi_snapshot
KGZ,Kyrgyz Republic,Europe & Central Asia,Lower middle income,2004,4211.52248307857,40.9,8.345579496237802,protected_wdi_snapshot
KGZ,Kyrgyz Republic,Europe & Central Asia,Lower middle income,2005,4156.95849230116,39.2,8.332538954189836,protected_wdi_snapshot
KGZ,Kyrgyz Republic,Europe & Central Asia,Lower middle income,2006,4240.17017797554,37.6,8.352358683735549,protected_wdi_snapshot
KGZ,Kyrgyz Republic,Europe & Central Asia,Lower middle income,2007,4558.71267894172,35.9,8.424795555402616,protected_wdi_snapshot
KGZ,Kyrgyz Republic,Europe & Central Asia,Lower middle income,2008,4894.9427801376,33.8,8.49595786544534,protected_wdi_snapshot
KGZ,Kyrgyz Republic,Europe & Central Asia,Lower middle income,2009,4969.96132720374,31.6,8.511167337813667,protected_wdi_snapshot
KGZ,Kyrgyz Republic,Europe & Central Asia,Lower middle income,2010,4876.47964886483,29.5,8.492178855095627,protected_wdi_snapshot
KGZ,Kyrgyz Republic,Europe & Central Asia,Lower middle income,2011,5092.85165751678,27.6,8.53559319972112,protected_wdi_snapshot
KGZ,Kyrgyz Republic,Europe & Central Asia,Lower middle income,2012,4993.39431683528,26,8.51587118131289,protected_wdi_snapshot
KGZ,Kyrgyz Republic,Europe & Central Asia,Lower middle income,2013,5418.54061993935,24.7,8.597581799863391,protected_wdi_snapshot
KGZ,Kyrgyz Republic,Europe & Central Asia,Lower middle income,2014,5513.7544695252,23.5,8.61500106203323,protected_wdi_snapshot
KGZ,Kyrgyz Republic,Europe & Central Asia,Lower middle income,2015,5600.2143342846,22.3,8.630560149970204,protected_wdi_snapshot
KGZ,Kyrgyz Republic,Europe & Central Asia,Lower middle income,2016,5715.01041179003,21.1,8.650851398062777,protected_wdi_snapshot
KGZ,Kyrgyz Republic,Europe & Central Asia,Lower middle income,2017,5861.22200040503,20,8.676113393323506,protected_wdi_snapshot
KGZ,Kyrgyz Republic,Europe & Central Asia,Lower middle income,2018,5951.82876758606,19,8.691453807212344,protected_wdi_snapshot
KGZ,Kyrgyz Republic,Europe & Central Asia,Lower middle income,2019,6087.60193826927,18.3,8.714009512756887,protected_wdi_snapshot
KGZ,Kyrgyz Republic,Europe & Central Asia,Lower middle income,2020,5537.79547319377,17.8,8.619351771520169,protected_wdi_snapshot
KGZ,Kyrgyz Republic,Europe & Central Asia,Lower middle income,2021,5736.47883415154,17.5,8.654600857552541,protected_wdi_snapshot
KGZ,Kyrgyz Republic,Europe & Central Asia,Lower middle income,2022,6139.77788825006,17.3,8.722543845934766,protected_wdi_snapshot
KHM,Cambodia,East Asia & Pacific,Lower middle income,2000,1922.03179092592,105.2,7.5611381299376275,protected_wdi_snapshot
KHM,Cambodia,East Asia & Pacific,Lower middle income,2001,2032.08092022373,96,7.616815630850209,protected_wdi_snapshot
KHM,Cambodia,East Asia & Pacific,Lower middle income,2002,2126.34150468987,86.2,7.662158178499462,protected_wdi_snapshot
KHM,Cambodia,East Asia & Pacific,Lower middle income,2003,2309.83931482788,77.5,7.744933240415811,protected_wdi_snapshot
KHM,Cambodia,East Asia & Pacific,Lower middle income,2004,2491.30930003838,70.4,7.820563674570706,protected_wdi_snapshot
KHM,Cambodia,East Asia & Pacific,Lower middle income,2005,2781.89028895255,64.4,7.930885935671458,protected_wdi_snapshot
KHM,Cambodia,East Asia & Pacific,Lower middle income,2006,3041.10471220153,59.3,8.01997612056088,protected_wdi_snapshot
KHM,Cambodia,East Asia & Pacific,Lower middle income,2007,3308.15747246544,54.9,8.104146658537003,protected_wdi_snapshot
KHM,Cambodia,East Asia & Pacific,Lower middle income,2008,3501.9257021932,50.8,8.161068296799264,protected_wdi_snapshot
KHM,Cambodia,East Asia & Pacific,Lower middle income,2009,3587.60889588362,47,8.18524121386047,protected_wdi_snapshot
KHM,Cambodia,East Asia & Pacific,Lower middle income,2010,3711.53750580157,43.5,8.219201491801321,protected_wdi_snapshot
KHM,Cambodia,East Asia & Pacific,Lower middle income,2011,3921.97911563308,40.3,8.274351681814291,protected_wdi_snapshot
KHM,Cambodia,East Asia & Pacific,Lower middle income,2012,4159.16354123446,37.2,8.333069261219022,protected_wdi_snapshot
KHM,Cambodia,East Asia & Pacific,Lower middle income,2013,4419.3988680186,34.5,8.393758963111813,protected_wdi_snapshot
KHM,Cambodia,East Asia & Pacific,Lower middle income,2014,4702.73061823207,32,8.455898601595665,protected_wdi_snapshot
KHM,Cambodia,East Asia & Pacific,Lower middle income,2015,4968.57276699143,29.6,8.510887908230153,protected_wdi_snapshot
KHM,Cambodia,East Asia & Pacific,Lower middle income,2016,5283.72964943779,27.5,8.572387500335903,protected_wdi_snapshot
KHM,Cambodia,East Asia & Pacific,Lower middle income,2017,5632.03125629342,25.6,8.636225447590487,protected_wdi_snapshot
KHM,Cambodia,East Asia & Pacific,Lower middle income,2018,6050.59088262205,24.1,8.70791121280492,protected_wdi_snapshot
KHM,Cambodia,East Asia & Pacific,Lower middle income,2019,6448.88455952805,22.8,8.771662458327297,protected_wdi_snapshot
KHM,Cambodia,East Asia & Pacific,Lower middle income,2020,6128.78243783335,21.8,8.72075138568378,protected_wdi_snapshot
KHM,Cambodia,East Asia & Pacific,Lower middle income,2021,6225.53265474741,20.8,8.736414284699956,protected_wdi_snapshot
KHM,Cambodia,East Asia & Pacific,Lower middle income,2022,6458.3681488084,19.9,8.773131956322144,protected_wdi_snapshot
KIR,Kiribati,East Asia & Pacific,Lower middle income,2000,2481.73318329794,65.8,7.816712459300178,protected_wdi_snapshot
KIR,Kiribati,East Asia & Pacific,Lower middle income,2001,2357.88396425016,64.1,7.765519870493009,protected_wdi_snapshot
KIR,Kiribati,East Asia & Pacific,Lower middle income,2002,2341.99557733328,62.5,7.758758655741397,protected_wdi_snapshot
KIR,Kiribati,East Asia & Pacific,Lower middle income,2003,2258.32313744125,61.4,7.7223778422834375,protected_wdi_snapshot
KIR,Kiribati,East Asia & Pacific,Lower middle income,2004,2199.95258272342,60.7,7.696191085806595,protected_wdi_snapshot
KIR,Kiribati,East Asia & Pacific,Lower middle income,2005,2184.06094408808,60.1,7.688941241277698,protected_wdi_snapshot
KIR,Kiribati,East Asia & Pacific,Lower middle income,2006,2264.4516846113,59.7,7.725087926761278,protected_wdi_snapshot
KIR,Kiribati,East Asia & Pacific,Lower middle income,2007,2286.73943693111,59.2,7.734882255276263,protected_wdi_snapshot
KIR,Kiribati,East Asia & Pacific,Lower middle income,2008,2172.63601744656,58.7,7.683696463900789,protected_wdi_snapshot
KIR,Kiribati,East Asia & Pacific,Lower middle income,2009,2138.23987425041,58.2,7.667738280918478,protected_wdi_snapshot
KIR,Kiribati,East Asia & Pacific,Lower middle income,2010,2119.91176706204,57.7,7.659129747489592,protected_wdi_snapshot
KIR,Kiribati,East Asia & Pacific,Lower middle income,2011,2150.65854434166,57.5,7.673529373915329,protected_wdi_snapshot
KIR,Kiribati,East Asia & Pacific,Lower middle income,2012,2242.30105765006,57.4,7.715257875460264,protected_wdi_snapshot
KIR,Kiribati,East Asia & Pacific,Lower middle income,2013,2382.67559474112,57.7,7.775979334697552,protected_wdi_snapshot
KIR,Kiribati,East Asia & Pacific,Lower middle income,2014,2381.65349253168,58,7.775550270203309,protected_wdi_snapshot
KIR,Kiribati,East Asia & Pacific,Lower middle income,2015,2616.17635911711,58.6,7.869469125869407,protected_wdi_snapshot
KIR,Kiribati,East Asia & Pacific,Lower middle income,2016,2762.28741039854,59.1,7.92381438735294,protected_wdi_snapshot
KIR,Kiribati,East Asia & Pacific,Lower middle income,2017,2822.02092296284,59.6,7.945208546617322,protected_wdi_snapshot
KIR,Kiribati,East Asia & Pacific,Lower middle income,2018,2875.41766341166,59.6,7.963953216910315,protected_wdi_snapshot
KIR,Kiribati,East Asia & Pacific,Lower middle income,2019,2926.59366475855,59.1,7.981594453945585,protected_wdi_snapshot
KIR,Kiribati,East Asia & Pacific,Lower middle income,2020,2839.17274622563,58.3,7.951268002182816,protected_wdi_snapshot
KIR,Kiribati,East Asia & Pacific,Lower middle income,2021,3024.21029665634,57.2,8.014405277426539,protected_wdi_snapshot
KIR,Kiribati,East Asia & Pacific,Lower middle income,2022,3127.17745381556,55.9,8.047886104749365,protected_wdi_snapshot
KNA,St. Kitts and Nevis,Latin America & Caribbean,High income,2000,19840.5800645267,23.9,9.89548461753479,protected_wdi_snapshot
KNA,St. Kitts and Nevis,Latin America & Caribbean,High income,2001,20648.7889741472,22.9,9.935411951349726,protected_wdi_snapshot
KNA,St. Kitts and Nevis,Latin America & Caribbean,High income,2002,20813.4050029806,22,9.943352529404109,protected_wdi_snapshot
KNA,St. Kitts and Nevis,Latin America & Caribbean,High income,2003,19927.1818314137,21.1,9.899839999867437,protected_wdi_snapshot
KNA,St. Kitts and Nevis,Latin America & Caribbean,High income,2004,20661.3458642993,20.3,9.936019884032007,protected_wdi_snapshot
KNA,St. Kitts and Nevis,Latin America & Caribbean,High income,2005,22612.7126559455,19.7,10.026267534012918,protected_wdi_snapshot
KNA,St. Kitts and Nevis,Latin America & Caribbean,High income,2006,23258.9842253211,19.2,10.054446754668563,protected_wdi_snapshot
KNA,St. Kitts and Nevis,Latin America & Caribbean,High income,2007,23330.0442404195,18.9,10.057497261302554,protected_wdi_snapshot
KNA,St. Kitts and Nevis,Latin America & Caribbean,High income,2008,25898.7823620981,18.8,10.161951233536076,protected_wdi_snapshot
KNA,St. Kitts and Nevis,Latin America & Caribbean,High income,2009,24973.8045286303,18.7,10.125582735649596,protected_wdi_snapshot
KNA,St. Kitts and Nevis,Latin America & Caribbean,High income,2010,24997.5672513428,18.8,10.12653378916913,protected_wdi_snapshot
KNA,St. Kitts and Nevis,Latin America & Caribbean,High income,2011,25380.0087348215,18.9,10.141717085429923,protected_wdi_snapshot
KNA,St. Kitts and Nevis,Latin America & Caribbean,High income,2012,25114.0572603244,19.1,10.131183018562412,protected_wdi_snapshot
KNA,St. Kitts and Nevis,Latin America & Caribbean,High income,2013,26532.1016561725,19.3,10.186110662093425,protected_wdi_snapshot
KNA,St. Kitts and Nevis,Latin America & Caribbean,High income,2014,28530.3072249013,19.4,10.258722212635416,protected_wdi_snapshot
KNA,St. Kitts and Nevis,Latin America & Caribbean,High income,2015,28729.566447667,19.4,10.265682061280529,protected_wdi_snapshot
KNA,St. Kitts and Nevis,Latin America & Caribbean,High income,2016,29867.0265589791,19.3,10.30451036018813,protected_wdi_snapshot
KNA,St. Kitts and Nevis,Latin America & Caribbean,High income,2017,29948.9200065682,19,10.30724854301256,protected_wdi_snapshot
KNA,St. Kitts and Nevis,Latin America & Caribbean,High income,2018,30576.2486749244,18.6,10.32797879945733,protected_wdi_snapshot
KNA,St. Kitts and Nevis,Latin America & Caribbean,High income,2019,31512.1943105684,18.2,10.35812987087216,protected_wdi_snapshot
KNA,St. Kitts and Nevis,Latin America & Caribbean,High income,2020,26736.9283563771,17.8,10.193800973316465,protected_wdi_snapshot
KNA,St. Kitts and Nevis,Latin America & Caribbean,High income,2021,26896.6177065978,17.3,10.199755821870312,protected_wdi_snapshot
KNA,St. Kitts and Nevis,Latin America & Caribbean,High income,2022,29749.8700864823,16.8,10.30058004412331,protected_wdi_snapshot
KOR,"Korea, Rep.",East Asia & Pacific,High income,2000,26404.1588575745,7.6,10.18127680921135,protected_wdi_snapshot
KOR,"Korea, Rep.",East Asia & Pacific,High income,2001,27440.6564915847,7.2,10.219781006174067,protected_wdi_snapshot
KOR,"Korea, Rep.",East Asia & Pacific,High income,2002,29395.2766036796,6.8,10.288589280680826,protected_wdi_snapshot
KOR,"Korea, Rep.",East Asia & Pacific,High income,2003,30142.4605585814,6.4,10.313690106492025,protected_wdi_snapshot
KOR,"Korea, Rep.",East Asia & Pacific,High income,2004,31579.5283048867,6,10.360264351184044,protected_wdi_snapshot
KOR,"Korea, Rep.",East Asia & Pacific,High income,2005,32886.0472450743,5.6,10.400803750904968,protected_wdi_snapshot
KOR,"Korea, Rep.",East Asia & Pacific,High income,2006,34429.6222013137,5.2,10.446672583321849,protected_wdi_snapshot
KOR,"Korea, Rep.",East Asia & Pacific,High income,2007,36257.3401689702,4.8,10.498397127204878,protected_wdi_snapshot
KOR,"Korea, Rep.",East Asia & Pacific,High income,2008,37064.1518484106,4.5,10.520405524012617,protected_wdi_snapshot
KOR,"Korea, Rep.",East Asia & Pacific,High income,2009,37176.1939270969,4.3,10.523423887210669,protected_wdi_snapshot
KOR,"Korea, Rep.",East Asia & Pacific,High income,2010,39574.0500732947,4.1,10.58592888125948,protected_wdi_snapshot
KOR,"Korea, Rep.",East Asia & Pacific,High income,2011,40719.2273771671,4,10.614455677006259,protected_wdi_snapshot
KOR,"Korea, Rep.",East Asia & Pacific,High income,2012,41537.6728611117,3.8,10.634356074221731,protected_wdi_snapshot
KOR,"Korea, Rep.",East Asia & Pacific,High income,2013,42709.9751857887,3.7,10.662187782842338,protected_wdi_snapshot
KOR,"Korea, Rep.",East Asia & Pacific,High income,2014,43806.9250985661,3.6,10.687547191140098,protected_wdi_snapshot
KOR,"Korea, Rep.",East Asia & Pacific,High income,2015,44849.106767089,3.5,10.711058951281682,protected_wdi_snapshot
KOR,"Korea, Rep.",East Asia & Pacific,High income,2016,46088.2430785383,3.4,10.738313165624536,protected_wdi_snapshot
KOR,"Korea, Rep.",East Asia & Pacific,High income,2017,47536.7898568851,3.3,10.76925921353719,protected_wdi_snapshot
KOR,"Korea, Rep.",East Asia & Pacific,High income,2018,48834.4471157733,3.2,10.79619122634259,protected_wdi_snapshot
KOR,"Korea, Rep.",East Asia & Pacific,High income,2019,49790.8679884821,3.1,10.815586872472467,protected_wdi_snapshot
KOR,"Korea, Rep.",East Asia & Pacific,High income,2020,49374.0926148025,3.1,10.807181124612836,protected_wdi_snapshot
KOR,"Korea, Rep.",East Asia & Pacific,High income,2021,51718.2518656631,3,10.853566032346718,protected_wdi_snapshot
KOR,"Korea, Rep.",East Asia & Pacific,High income,2022,53228.6035655365,2.9,10.88235119184817,protected_wdi_snapshot
KWT,Kuwait,"Middle East, North Africa, Afghanistan & Pakistan",High income,2000,60585.3026788164,12.7,11.011807612589703,protected_wdi_snapshot
KWT,Kuwait,"Middle East, North Africa, Afghanistan & Pakistan",High income,2001,59099.6653133601,12.5,10.986980540321643,protected_wdi_snapshot
KWT,Kuwait,"Middle East, North Africa, Afghanistan & Pakistan",High income,2002,59348.6172741565,12.3,10.991184101942599,protected_wdi_snapshot
KWT,Kuwait,"Middle East, North Africa, Afghanistan & Pakistan",High income,2003,67984.3145062554,12.2,11.127032288524397,protected_wdi_snapshot
KWT,Kuwait,"Middle East, North Africa, Afghanistan & Pakistan",High income,2004,73298.0621819477,12,11.20228945071693,protected_wdi_snapshot
KWT,Kuwait,"Middle East, North Africa, Afghanistan & Pakistan",High income,2005,78193.9012127585,11.8,11.266946933885386,protected_wdi_snapshot
KWT,Kuwait,"Middle East, North Africa, Afghanistan & Pakistan",High income,2006,79521.3484338455,11.6,11.28378079835275,protected_wdi_snapshot
KWT,Kuwait,"Middle East, North Africa, Afghanistan & Pakistan",High income,2007,79474.7611346377,11.4,11.283194780233595,protected_wdi_snapshot
KWT,Kuwait,"Middle East, North Africa, Afghanistan & Pakistan",High income,2008,77036.5083833055,11.2,11.252034723317534,protected_wdi_snapshot
KWT,Kuwait,"Middle East, North Africa, Afghanistan & Pakistan",High income,2009,67896.2680451995,11,11.125736349520821,protected_wdi_snapshot
KWT,Kuwait,"Middle East, North Africa, Afghanistan & Pakistan",High income,2010,62956.2152904125,10.7,11.05019476836214,protected_wdi_snapshot
KWT,Kuwait,"Middle East, North Africa, Afghanistan & Pakistan",High income,2011,64844.5019019408,10.3,11.079747404376176,protected_wdi_snapshot
KWT,Kuwait,"Middle East, North Africa, Afghanistan & Pakistan",High income,2012,64908.262639237,10,11.080730207982,protected_wdi_snapshot
KWT,Kuwait,"Middle East, North Africa, Afghanistan & Pakistan",High income,2013,62458.8089221249,9.6,11.042262561204796,protected_wdi_snapshot
KWT,Kuwait,"Middle East, North Africa, Afghanistan & Pakistan",High income,2014,60065.6544076232,9.3,11.003193483086939,protected_wdi_snapshot
KWT,Kuwait,"Middle East, North Africa, Afghanistan & Pakistan",High income,2015,57763.5174574395,9.1,10.964112669521366,protected_wdi_snapshot
KWT,Kuwait,"Middle East, North Africa, Afghanistan & Pakistan",High income,2016,56936.620842726,9,10.949694013140642,protected_wdi_snapshot
KWT,Kuwait,"Middle East, North Africa, Afghanistan & Pakistan",High income,2017,52285.5871175696,8.9,10.864476031147602,protected_wdi_snapshot
KWT,Kuwait,"Middle East, North Africa, Afghanistan & Pakistan",High income,2018,51623.8078622052,8.9,10.851738237739177,protected_wdi_snapshot
KWT,Kuwait,"Middle East, North Africa, Afghanistan & Pakistan",High income,2019,51380.6455354631,8.9,10.847016834529345,protected_wdi_snapshot
KWT,Kuwait,"Middle East, North Africa, Afghanistan & Pakistan",High income,2020,49372.8187938552,8.8,10.807155324900638,protected_wdi_snapshot
KWT,Kuwait,"Middle East, North Africa, Afghanistan & Pakistan",High income,2021,50651.9575337091,8.7,10.832733157176976,protected_wdi_snapshot
KWT,Kuwait,"Middle East, North Africa, Afghanistan & Pakistan",High income,2022,51379.8833194119,8.6,10.847001999727311,protected_wdi_snapshot
LAO,Lao PDR,East Asia & Pacific,Lower middle income,2000,2899.01961879748,100.1,7.972127896334935,protected_wdi_snapshot
LAO,Lao PDR,East Asia & Pacific,Lower middle income,2001,3015.63258480614,95.6,8.011564899693063,protected_wdi_snapshot
LAO,Lao PDR,East Asia & Pacific,Lower middle income,2002,3143.22327579556,91.1,8.053004073343951,protected_wdi_snapshot
LAO,Lao PDR,East Asia & Pacific,Lower middle income,2003,3282.9853971272,86.6,8.096508469464652,protected_wdi_snapshot
LAO,Lao PDR,East Asia & Pacific,Lower middle income,2004,3441.16999706515,82.1,8.14356680796722,protected_wdi_snapshot
LAO,Lao PDR,East Asia & Pacific,Lower middle income,2005,3630.55878769378,77.7,8.197141851415761,protected_wdi_snapshot
LAO,Lao PDR,East Asia & Pacific,Lower middle income,2006,3881.53736632657,73.5,8.263986582574246,protected_wdi_snapshot
LAO,Lao PDR,East Asia & Pacific,Lower middle income,2007,4112.25301659759,69.5,8.321726336515763,protected_wdi_snapshot
LAO,Lao PDR,East Asia & Pacific,Lower middle income,2008,4367.162880257,65.5,8.381868850765049,protected_wdi_snapshot
LAO,Lao PDR,East Asia & Pacific,Lower middle income,2009,4625.07173324518,61.8,8.439247159717098,protected_wdi_snapshot
LAO,Lao PDR,East Asia & Pacific,Lower middle income,2010,4946.10563678173,58.4,8.506355805876277,protected_wdi_snapshot
LAO,Lao PDR,East Asia & Pacific,Lower middle income,2011,5266.87866924206,55.1,8.569193183190347,protected_wdi_snapshot
LAO,Lao PDR,East Asia & Pacific,Lower middle income,2012,5608.96956337059,52.1,8.632122303102205,protected_wdi_snapshot
LAO,Lao PDR,East Asia & Pacific,Lower middle income,2013,5974.47368943414,49.4,8.695251287469608,protected_wdi_snapshot
LAO,Lao PDR,East Asia & Pacific,Lower middle income,2014,6341.2122967032,46.8,8.754825243143248,protected_wdi_snapshot
LAO,Lao PDR,East Asia & Pacific,Lower middle income,2015,6703.74124348885,44.4,8.810421044085407,protected_wdi_snapshot
LAO,Lao PDR,East Asia & Pacific,Lower middle income,2016,7063.25545347926,42.2,8.86266133659847,protected_wdi_snapshot
LAO,Lao PDR,East Asia & Pacific,Lower middle income,2017,7432.4596330485,40.2,8.91361212371704,protected_wdi_snapshot
LAO,Lao PDR,East Asia & Pacific,Lower middle income,2018,7775.08574451883,38.3,8.958679765220557,protected_wdi_snapshot
LAO,Lao PDR,East Asia & Pacific,Lower middle income,2019,8075.27502377003,36.5,8.996562206182086,protected_wdi_snapshot
LAO,Lao PDR,East Asia & Pacific,Lower middle income,2020,7995.59502527818,34.8,8.98664604717387,protected_wdi_snapshot
LAO,Lao PDR,East Asia & Pacific,Lower middle income,2021,8080.43553249923,33.2,8.997201052599484,protected_wdi_snapshot
LAO,Lao PDR,East Asia & Pacific,Lower middle income,2022,8183.03286472653,31.8,9.009818126739106,protected_wdi_snapshot
LBN,Lebanon,"Middle East, North Africa, Afghanistan & Pakistan",Lower middle income,2000,11571.7326041085,20,9.356320558683226,protected_wdi_snapshot
LBN,Lebanon,"Middle East, North Africa, Afghanistan & Pakistan",Lower middle income,2001,11817.9305012844,18.9,9.377373191137304,protected_wdi_snapshot
LBN,Lebanon,"Middle East, North Africa, Afghanistan & Pakistan",Lower middle income,2002,12053.8341563826,18,9.39713807555964,protected_wdi_snapshot
LBN,Lebanon,"Middle East, North Africa, Afghanistan & Pakistan",Lower middle income,2003,12272.3440677497,17,9.415103560025429,protected_wdi_snapshot
LBN,Lebanon,"Middle East, North Africa, Afghanistan & Pakistan",Lower middle income,2004,12882.0757995163,16.1,9.46359215123145,protected_wdi_snapshot
LBN,Lebanon,"Middle East, North Africa, Afghanistan & Pakistan",Lower middle income,2005,13024.6648924956,15.3,9.474600138267226,protected_wdi_snapshot
LBN,Lebanon,"Middle East, North Africa, Afghanistan & Pakistan",Lower middle income,2006,13003.680803908,14.6,9.472987735129612,protected_wdi_snapshot
LBN,Lebanon,"Middle East, North Africa, Afghanistan & Pakistan",Lower middle income,2007,13941.5614244767,14.1,9.542629688406004,protected_wdi_snapshot
LBN,Lebanon,"Middle East, North Africa, Afghanistan & Pakistan",Lower middle income,2008,14955.1413563252,13.6,9.612810423130725,protected_wdi_snapshot
LBN,Lebanon,"Middle East, North Africa, Afghanistan & Pakistan",Lower middle income,2009,16264.3506182706,13.2,9.696730913011782,protected_wdi_snapshot
LBN,Lebanon,"Middle East, North Africa, Afghanistan & Pakistan",Lower middle income,2010,17390.7584012958,13,9.76369421774274,protected_wdi_snapshot
LBN,Lebanon,"Middle East, North Africa, Afghanistan & Pakistan",Lower middle income,2011,17353.1960845294,12.8,9.761531980774798,protected_wdi_snapshot
LBN,Lebanon,"Middle East, North Africa, Afghanistan & Pakistan",Lower middle income,2012,17323.3013764282,12.7,9.759807774600803,protected_wdi_snapshot
LBN,Lebanon,"Middle East, North Africa, Afghanistan & Pakistan",Lower middle income,2013,16396.4969302163,12.7,9.704822989180094,protected_wdi_snapshot
LBN,Lebanon,"Middle East, North Africa, Afghanistan & Pakistan",Lower middle income,2014,15205.873265402,12.8,9.629437031241089,protected_wdi_snapshot
LBN,Lebanon,"Middle East, North Africa, Afghanistan & Pakistan",Lower middle income,2015,14980.020515614,12.9,9.614472626603918,protected_wdi_snapshot
LBN,Lebanon,"Middle East, North Africa, Afghanistan & Pakistan",Lower middle income,2016,15572.3611739774,13.2,9.653252902269324,protected_wdi_snapshot
LBN,Lebanon,"Middle East, North Africa, Afghanistan & Pakistan",Lower middle income,2017,16128.5838196051,13.5,9.688348369348184,protected_wdi_snapshot
LBN,Lebanon,"Middle East, North Africa, Afghanistan & Pakistan",Lower middle income,2018,16290.0516478592,14,9.698309872116491,protected_wdi_snapshot
LBN,Lebanon,"Middle East, North Africa, Afghanistan & Pakistan",Lower middle income,2019,15659.5661040012,14.5,9.658837261881324,protected_wdi_snapshot
LBN,Lebanon,"Middle East, North Africa, Afghanistan & Pakistan",Lower middle income,2020,12507.4366368078,15.1,9.434078677333762,protected_wdi_snapshot
LBN,Lebanon,"Middle East, North Africa, Afghanistan & Pakistan",Lower middle income,2021,11599.7755083765,15.7,9.358741024181025,protected_wdi_snapshot
LBN,Lebanon,"Middle East, North Africa, Afghanistan & Pakistan",Lower middle income,2022,11474.7505845558,16.3,9.347904299141833,protected_wdi_snapshot
LBR,Liberia,Sub-Saharan Africa,Low income,2000,1868.17975587618,194.9,7.53271984321484,protected_wdi_snapshot
LBR,Liberia,Sub-Saharan Africa,Low income,2001,1867.11910921753,181.7,7.532151938623822,protected_wdi_snapshot
LBR,Liberia,Sub-Saharan Africa,Low income,2002,1887.64601570733,168.6,7.543085837446244,protected_wdi_snapshot
LBR,Liberia,Sub-Saharan Africa,Low income,2003,1308.15090140274,156.2,7.176369893407671,protected_wdi_snapshot
LBR,Liberia,Sub-Saharan Africa,Low income,2004,1326.53565502695,144.8,7.190326052241777,protected_wdi_snapshot
LBR,Liberia,Sub-Saharan Africa,Low income,2005,1335.61728880785,134.9,7.197148852585786,protected_wdi_snapshot
LBR,Liberia,Sub-Saharan Africa,Low income,2006,1364.60347323709,126.5,7.218619169619979,protected_wdi_snapshot
LBR,Liberia,Sub-Saharan Africa,Low income,2007,1422.10019670004,119.6,7.259890069695243,protected_wdi_snapshot
LBR,Liberia,Sub-Saharan Africa,Low income,2008,1463.12408187297,114,7.28832921073398,protected_wdi_snapshot
LBR,Liberia,Sub-Saharan Africa,Low income,2009,1492.99817384053,109.5,7.308541574390773,protected_wdi_snapshot
LBR,Liberia,Sub-Saharan Africa,Low income,2010,1538.85083488512,105.7,7.338791205740021,protected_wdi_snapshot
LBR,Liberia,Sub-Saharan Africa,Low income,2011,1601.03374045996,102.4,7.3784047873904886,protected_wdi_snapshot
LBR,Liberia,Sub-Saharan Africa,Low income,2012,1668.97289588776,99.5,7.419963683798249,protected_wdi_snapshot
LBR,Liberia,Sub-Saharan Africa,Low income,2013,1774.5205777394,97,7.481285568378514,protected_wdi_snapshot
LBR,Liberia,Sub-Saharan Africa,Low income,2014,1750.1438489328,97,7.4674532629295465,protected_wdi_snapshot
LBR,Liberia,Sub-Saharan Africa,Low income,2015,1714.09047960464,93.2,7.446637886331926,protected_wdi_snapshot
LBR,Liberia,Sub-Saharan Africa,Low income,2016,1653.31050211233,91.5,7.410534921749264,protected_wdi_snapshot
LBR,Liberia,Sub-Saharan Africa,Low income,2017,1661.30290782171,90.3,7.4153574577199866,protected_wdi_snapshot
LBR,Liberia,Sub-Saharan Africa,Low income,2018,1647.97443793846,89.4,7.407302199389449,protected_wdi_snapshot
LBR,Liberia,Sub-Saharan Africa,Low income,2019,1575.76665001238,88.7,7.362497194742206,protected_wdi_snapshot
LBR,Liberia,Sub-Saharan Africa,Low income,2020,1497.37692436272,88.3,7.311470139208175,protected_wdi_snapshot
LBR,Liberia,Sub-Saharan Africa,Low income,2021,1539.20892304674,88,7.339023877092364,protected_wdi_snapshot
LBR,Liberia,Sub-Saharan Africa,Low income,2022,1578.99837069175,87.8,7.36454598239428,protected_wdi_snapshot
LBY,Libya,"Middle East, North Africa, Afghanistan & Pakistan",Upper middle income,2000,17747.0188855832,28.1,9.783972830690374,protected_wdi_snapshot
LBY,Libya,"Middle East, North Africa, Afghanistan & Pakistan",Upper middle income,2001,17115.9888564264,27.3,9.747768326474706,protected_wdi_snapshot
LBY,Libya,"Middle East, North Africa, Afghanistan & Pakistan",Upper middle income,2002,16629.4364346005,26.5,9.718929683134123,protected_wdi_snapshot
LBY,Libya,"Middle East, North Africa, Afghanistan & Pakistan",Upper middle income,2003,18422.7336032405,25.5,9.82134070288322,protected_wdi_snapshot
LBY,Libya,"Middle East, North Africa, Afghanistan & Pakistan",Upper middle income,2004,18851.2039109963,24.4,9.844332058794048,protected_wdi_snapshot
LBY,Libya,"Middle East, North Africa, Afghanistan & Pakistan",Upper middle income,2005,20649.4624580172,23.1,9.935444566961609,protected_wdi_snapshot
LBY,Libya,"Middle East, North Africa, Afghanistan & Pakistan",Upper middle income,2006,21545.2986384419,21.7,9.977912911102257,protected_wdi_snapshot
LBY,Libya,"Middle East, North Africa, Afghanistan & Pakistan",Upper middle income,2007,22422.0117594762,20.2,10.017798423174922,protected_wdi_snapshot
LBY,Libya,"Middle East, North Africa, Afghanistan & Pakistan",Upper middle income,2008,21915.1976208274,18.8,9.994935630417881,protected_wdi_snapshot
LBY,Libya,"Middle East, North Africa, Afghanistan & Pakistan",Upper middle income,2009,20518.9642412838,17.6,9.929104822439806,protected_wdi_snapshot
LBY,Libya,"Middle East, North Africa, Afghanistan & Pakistan",Upper middle income,2010,21115.5259846154,16.6,9.957763877529741,protected_wdi_snapshot
LBY,Libya,"Middle East, North Africa, Afghanistan & Pakistan",Upper middle income,2011,10741.9206751908,19.6,9.281909185890642,protected_wdi_snapshot
LBY,Libya,"Middle East, North Africa, Afghanistan & Pakistan",Upper middle income,2012,20601.0026641,15,9.933095026607743,protected_wdi_snapshot
LBY,Libya,"Middle East, North Africa, Afghanistan & Pakistan",Upper middle income,2013,16557.500941665,14.4,9.714594507231547,protected_wdi_snapshot
LBY,Libya,"Middle East, North Africa, Afghanistan & Pakistan",Upper middle income,2014,12499.0829968523,13.8,9.433410560347582,protected_wdi_snapshot
LBY,Libya,"Middle East, North Africa, Afghanistan & Pakistan",Upper middle income,2015,12195.3486990421,13.3,9.408809903848619,protected_wdi_snapshot
LBY,Libya,"Middle East, North Africa, Afghanistan & Pakistan",Upper middle income,2016,11831.8257669559,12.8,9.378548278703773,protected_wdi_snapshot
LBY,Libya,"Middle East, North Africa, Afghanistan & Pakistan",Upper middle income,2017,15428.1164411854,12.4,9.643946866693039,protected_wdi_snapshot
LBY,Libya,"Middle East, North Africa, Afghanistan & Pakistan",Upper middle income,2018,16385.164476127,11.9,9.704131599295959,protected_wdi_snapshot
LBY,Libya,"Middle East, North Africa, Afghanistan & Pakistan",Upper middle income,2019,14337.1962987582,11.6,9.570612578912193,protected_wdi_snapshot
LBY,Libya,"Middle East, North Africa, Afghanistan & Pakistan",Upper middle income,2020,9978.66400110743,11.2,9.208204492719933,protected_wdi_snapshot
LBY,Libya,"Middle East, North Africa, Afghanistan & Pakistan",Upper middle income,2021,12641.5097714075,10.8,9.444741104508456,protected_wdi_snapshot
LBY,Libya,"Middle East, North Africa, Afghanistan & Pakistan",Upper middle income,2022,11450.0598552928,10.4,9.34575023650521,protected_wdi_snapshot
LCA,St. Lucia,Latin America & Caribbean,Upper middle income,2000,18638.117705755,18.5,9.8329641016897,protected_wdi_snapshot
LCA,St. Lucia,Latin America & Caribbean,Upper middle income,2001,17820.7964312951,18.4,9.788121393140296,protected_wdi_snapshot
LCA,St. Lucia,Latin America & Caribbean,Upper middle income,2002,17739.5766779723,18.4,9.783553393006832,protected_wdi_snapshot
LCA,St. Lucia,Latin America & Caribbean,Upper middle income,2003,18344.5919258071,18.4,9.817090092105182,protected_wdi_snapshot
LCA,St. Lucia,Latin America & Caribbean,Upper middle income,2004,19526.4461369718,18.5,9.87952503787919,protected_wdi_snapshot
LCA,St. Lucia,Latin America & Caribbean,Upper middle income,2005,19303.9921315127,18.5,9.86806719969562,protected_wdi_snapshot
LCA,St. Lucia,Latin America & Caribbean,Upper middle income,2006,20353.6533720188,18.6,9.92101570163825,protected_wdi_snapshot
LCA,St. Lucia,Latin America & Caribbean,Upper middle income,2007,20559.8974830119,18.6,9.93109773332184,protected_wdi_snapshot
LCA,St. Lucia,Latin America & Caribbean,Upper middle income,2008,21443.2592977841,18.7,9.973165623117145,protected_wdi_snapshot
LCA,St. Lucia,Latin America & Caribbean,Upper middle income,2009,20706.505527623,18.8,9.938203206575647,protected_wdi_snapshot
LCA,St. Lucia,Latin America & Caribbean,Upper middle income,2010,20648.7861045765,18.8,9.935411812379305,protected_wdi_snapshot
LCA,St. Lucia,Latin America & Caribbean,Upper middle income,2011,21430.0225948015,18.8,9.972548142820846,protected_wdi_snapshot
LCA,St. Lucia,Latin America & Caribbean,Upper middle income,2012,21309.2251296295,18.8,9.966895362612199,protected_wdi_snapshot
LCA,St. Lucia,Latin America & Caribbean,Upper middle income,2013,20827.2886025849,18.8,9.944019357879652,protected_wdi_snapshot
LCA,St. Lucia,Latin America & Caribbean,Upper middle income,2014,21010.6981919895,18.8,9.952787024700008,protected_wdi_snapshot
LCA,St. Lucia,Latin America & Caribbean,Upper middle income,2015,20939.8810312364,18.7,9.949410802996564,protected_wdi_snapshot
LCA,St. Lucia,Latin America & Caribbean,Upper middle income,2016,21566.3058799575,18.6,9.978887462776354,protected_wdi_snapshot
LCA,St. Lucia,Latin America & Caribbean,Upper middle income,2017,22207.2131041263,18.5,10.008172429687336,protected_wdi_snapshot
LCA,St. Lucia,Latin America & Caribbean,Upper middle income,2018,22761.1613461447,18.4,10.03281091269178,protected_wdi_snapshot
LCA,St. Lucia,Latin America & Caribbean,Upper middle income,2019,22445.2080507874,18.2,10.01883242053317,protected_wdi_snapshot
LCA,St. Lucia,Latin America & Caribbean,Upper middle income,2020,17247.9578674753,18.1,9.755449030957323,protected_wdi_snapshot
LCA,St. Lucia,Latin America & Caribbean,Upper middle income,2021,19141.3272253168,17.9,9.859605005618336,protected_wdi_snapshot
LCA,St. Lucia,Latin America & Caribbean,Upper middle income,2022,22811.2524480383,17.7,10.035009221620168,protected_wdi_snapshot
LKA,Sri Lanka,South Asia,Upper middle income,2000,6428.61341889128,16.3,8.768514151503343,protected_wdi_snapshot
LKA,Sri Lanka,South Asia,Upper middle income,2001,6230.03051863559,15.8,8.737136510426899,protected_wdi_snapshot
LKA,Sri Lanka,South Asia,Upper middle income,2002,6409.86278892115,15.5,8.765593143901077,protected_wdi_snapshot
LKA,Sri Lanka,South Asia,Upper middle income,2003,6741.01248848024,15.2,8.815965413467097,protected_wdi_snapshot
LKA,Sri Lanka,South Asia,Upper middle income,2004,7059.91098067102,29,8.862187721437683,protected_wdi_snapshot
LKA,Sri Lanka,South Asia,Upper middle income,2005,7452.7423412297,14,8.916337343135528,protected_wdi_snapshot
LKA,Sri Lanka,South Asia,Upper middle income,2006,7970.6649101939,13.3,8.983523194928532,protected_wdi_snapshot
LKA,Sri Lanka,South Asia,Upper middle income,2007,8454.20675331505,12.6,9.042419437098687,protected_wdi_snapshot
LKA,Sri Lanka,South Asia,Upper middle income,2008,8897.82686005016,12,9.093562352877072,protected_wdi_snapshot
LKA,Sri Lanka,South Asia,Upper middle income,2009,9156.31906481264,21.5,9.122199528085721,protected_wdi_snapshot
LKA,Sri Lanka,South Asia,Upper middle income,2010,9832.18622335265,11.2,9.193416591602775,protected_wdi_snapshot
LKA,Sri Lanka,South Asia,Upper middle income,2011,10618.4925999722,10.8,9.270352344982568,protected_wdi_snapshot
LKA,Sri Lanka,South Asia,Upper middle income,2012,11447.6937737782,10.3,9.345543571557954,protected_wdi_snapshot
LKA,Sri Lanka,South Asia,Upper middle income,2013,12249.7223347846,9.8,9.413258549167788,protected_wdi_snapshot
LKA,Sri Lanka,South Asia,Upper middle income,2014,12909.9663068113,9.2,9.46575487398533,protected_wdi_snapshot
LKA,Sri Lanka,South Asia,Upper middle income,2015,13329.779343882,8.7,9.49775585968856,protected_wdi_snapshot
LKA,Sri Lanka,South Asia,Upper middle income,2016,13845.6146782218,8.3,9.535723831746429,protected_wdi_snapshot
LKA,Sri Lanka,South Asia,Upper middle income,2017,14572.4858214616,7.9,9.586890496953824,protected_wdi_snapshot
LKA,Sri Lanka,South Asia,Upper middle income,2018,14759.8248945226,7.6,9.599664234569362,protected_wdi_snapshot
LKA,Sri Lanka,South Asia,Upper middle income,2019,14637.4442912676,7.2,9.591338202007533,protected_wdi_snapshot
LKA,Sri Lanka,South Asia,Upper middle income,2020,13886.6513728689,6.9,9.538683324816596,protected_wdi_snapshot
LKA,Sri Lanka,South Asia,Upper middle income,2021,14316.1352225567,6.6,9.5691425173957,protected_wdi_snapshot
LKA,Sri Lanka,South Asia,Upper middle income,2022,13249.0650505201,6.3,9.49168226669984,protected_wdi_snapshot
LSO,Lesotho,Sub-Saharan Africa,Lower middle income,2000,1932.15793223415,108.3,7.566392756894295,protected_wdi_snapshot
LSO,Lesotho,Sub-Saharan Africa,Lower middle income,2001,2004.03350215955,110.3,7.602917179709503,protected_wdi_snapshot
LSO,Lesotho,Sub-Saharan Africa,Lower middle income,2002,2024.78727304864,112.1,7.613219923676115,protected_wdi_snapshot
LSO,Lesotho,Sub-Saharan Africa,Lower middle income,2003,2127.37302160132,113.2,7.662643174342645,protected_wdi_snapshot
LSO,Lesotho,Sub-Saharan Africa,Lower middle income,2004,2178.66474674332,113.9,7.686467466633575,protected_wdi_snapshot
LSO,Lesotho,Sub-Saharan Africa,Lower middle income,2005,2275.01614419256,114.6,7.72974242770825,protected_wdi_snapshot
LSO,Lesotho,Sub-Saharan Africa,Lower middle income,2006,2381.02024562073,114.7,7.7752843494413595,protected_wdi_snapshot
LSO,Lesotho,Sub-Saharan Africa,Lower middle income,2007,2470.31462127885,111.9,7.812100798546229,protected_wdi_snapshot
LSO,Lesotho,Sub-Saharan Africa,Lower middle income,2008,2589.16635854686,111.6,7.85909123359562,protected_wdi_snapshot
LSO,Lesotho,Sub-Saharan Africa,Lower middle income,2009,2538.19341751854,99.1,7.839207854006749,protected_wdi_snapshot
LSO,Lesotho,Sub-Saharan Africa,Lower middle income,2010,2651.37804898226,90.9,7.882834802301384,protected_wdi_snapshot
LSO,Lesotho,Sub-Saharan Africa,Lower middle income,2011,2749.31958166573,85.2,7.919108735197214,protected_wdi_snapshot
LSO,Lesotho,Sub-Saharan Africa,Lower middle income,2012,2894.22705048142,81.4,7.970473359705319,protected_wdi_snapshot
LSO,Lesotho,Sub-Saharan Africa,Lower middle income,2013,2914.37515966739,79.3,7.977410722348735,protected_wdi_snapshot
LSO,Lesotho,Sub-Saharan Africa,Lower middle income,2014,2930.61724036206,77.6,7.98296834206455,protected_wdi_snapshot
LSO,Lesotho,Sub-Saharan Africa,Lower middle income,2015,2986.95866729879,75.1,8.002010980590672,protected_wdi_snapshot
LSO,Lesotho,Sub-Saharan Africa,Lower middle income,2016,3057.26091568162,71.4,8.025274668488036,protected_wdi_snapshot
LSO,Lesotho,Sub-Saharan Africa,Lower middle income,2017,2924.68096193272,70.1,7.980940680873567,protected_wdi_snapshot
LSO,Lesotho,Sub-Saharan Africa,Lower middle income,2018,2846.41828124649,68.8,7.953816739476138,protected_wdi_snapshot
LSO,Lesotho,Sub-Saharan Africa,Lower middle income,2019,2773.28639887236,68.1,7.927788321520417,protected_wdi_snapshot
LSO,Lesotho,Sub-Saharan Africa,Lower middle income,2020,2517.11044486593,66.3,7.830866873737963,protected_wdi_snapshot
LSO,Lesotho,Sub-Saharan Africa,Lower middle income,2021,2544.78249551214,64,7.841800461879424,protected_wdi_snapshot
LSO,Lesotho,Sub-Saharan Africa,Lower middle income,2022,2577.54544127769,62,7.854592845717353,protected_wdi_snapshot
LTU,Lithuania,Europe & Central Asia,High income,2000,15777.4293800236,10.7,9.666335677455578,protected_wdi_snapshot
LTU,Lithuania,Europe & Central Asia,High income,2001,16939.467059225,10.3,9.737401507216761,protected_wdi_snapshot
LTU,Lithuania,Europe & Central Asia,High income,2002,18223.4782620215,9.9,9.810466056107996,protected_wdi_snapshot
LTU,Lithuania,Europe & Central Asia,High income,2003,20310.7119582322,9.6,9.918903708525873,protected_wdi_snapshot
LTU,Lithuania,Europe & Central Asia,High income,2004,21875.6085796224,9.3,9.993127531621562,protected_wdi_snapshot
LTU,Lithuania,Europe & Central Asia,High income,2005,23953.8150681702,9,10.083882883187519,protected_wdi_snapshot
LTU,Lithuania,Europe & Central Asia,High income,2006,26139.2837773621,8.6,10.171194587314014,protected_wdi_snapshot
LTU,Lithuania,Europe & Central Asia,High income,2007,29381.9521464971,8,10.288135892261737,protected_wdi_snapshot
LTU,Lithuania,Europe & Central Asia,High income,2008,30457.3682543436,7.3,10.324083222662074,protected_wdi_snapshot
LTU,Lithuania,Europe & Central Asia,High income,2009,26227.5230201039,6.7,10.174564635313915,protected_wdi_snapshot
LTU,Lithuania,Europe & Central Asia,High income,2010,26897.7243702338,6.1,10.199796966109407,protected_wdi_snapshot
LTU,Lithuania,Europe & Central Asia,High income,2011,29251.8774718539,5.6,10.28369903767203,protected_wdi_snapshot
LTU,Lithuania,Europe & Central Asia,High income,2012,30932.0983180261,5.3,10.339549704245345,protected_wdi_snapshot
LTU,Lithuania,Europe & Central Asia,High income,2013,32487.0008217277,5.1,10.388595313590535,protected_wdi_snapshot
LTU,Lithuania,Europe & Central Asia,High income,2014,33988.0148951198,5.1,10.43376323836977,protected_wdi_snapshot
LTU,Lithuania,Europe & Central Asia,High income,2015,35264.7149248316,5,10.4706381658107,protected_wdi_snapshot
LTU,Lithuania,Europe & Central Asia,High income,2016,36632.0832798438,4.8,10.508679727752227,protected_wdi_snapshot
LTU,Lithuania,Europe & Central Asia,High income,2017,38789.2463179035,4.5,10.565898330441268,protected_wdi_snapshot
LTU,Lithuania,Europe & Central Asia,High income,2018,41035.4018152732,4.2,10.622190432029353,protected_wdi_snapshot
LTU,Lithuania,Europe & Central Asia,High income,2019,43078.7118585461,3.9,10.670784229675322,protected_wdi_snapshot
LTU,Lithuania,Europe & Central Asia,High income,2020,43108.1976060283,3.7,10.671468457682005,protected_wdi_snapshot
LTU,Lithuania,Europe & Central Asia,High income,2021,45897.3715026327,3.6,10.734163128671042,protected_wdi_snapshot
LTU,Lithuania,Europe & Central Asia,High income,2022,46642.5947251086,3.5,10.75026945251955,protected_wdi_snapshot
LUX,Luxembourg,Europe & Central Asia,High income,2000,114148.353907645,4.7,11.645254231421596,protected_wdi_snapshot
LUX,Luxembourg,Europe & Central Asia,High income,2001,116265.230369162,4.4,11.663629328796302,protected_wdi_snapshot
LUX,Luxembourg,Europe & Central Asia,High income,2002,118764.331507238,4.2,11.684896400991613,protected_wdi_snapshot
LUX,Luxembourg,Europe & Central Asia,High income,2003,120403.002017933,3.9,11.69859974524978,protected_wdi_snapshot
LUX,Luxembourg,Europe & Central Asia,High income,2004,123725.755122536,3.7,11.72582274303473,protected_wdi_snapshot
LUX,Luxembourg,Europe & Central Asia,High income,2005,124871.952523256,3.5,11.735044111434897,protected_wdi_snapshot
LUX,Luxembourg,Europe & Central Asia,High income,2006,130290.174082751,3.3,11.7775193503136,protected_wdi_snapshot
LUX,Luxembourg,Europe & Central Asia,High income,2007,138683.319852878,3.1,11.839948338457322,protected_wdi_snapshot
LUX,Luxembourg,Europe & Central Asia,High income,2008,135814.608862354,3,11.81904606462681,protected_wdi_snapshot
LUX,Luxembourg,Europe & Central Asia,High income,2009,129004.508948877,2.9,11.767602635825034,protected_wdi_snapshot
LUX,Luxembourg,Europe & Central Asia,High income,2010,131434.360018803,2.8,11.786262842621346,protected_wdi_snapshot
LUX,Luxembourg,Europe & Central Asia,High income,2011,129887.626962873,2.7,11.774424947643809,protected_wdi_snapshot
LUX,Luxembourg,Europe & Central Asia,High income,2012,128897.403218507,2.7,11.766772043018433,protected_wdi_snapshot
LUX,Luxembourg,Europe & Central Asia,High income,2013,129947.336184196,2.6,11.774884541084589,protected_wdi_snapshot
LUX,Luxembourg,Europe & Central Asia,High income,2014,130249.550482759,2.6,11.777207508421627,protected_wdi_snapshot
LUX,Luxembourg,Europe & Central Asia,High income,2015,130097.338289025,2.5,11.776038205329165,protected_wdi_snapshot
LUX,Luxembourg,Europe & Central Asia,High income,2016,133661.734541281,2.5,11.803067518246165,protected_wdi_snapshot
LUX,Luxembourg,Europe & Central Asia,High income,2017,132169.829576174,2.5,11.791842962322058,protected_wdi_snapshot
LUX,Luxembourg,Europe & Central Asia,High income,2018,131733.884471489,2.4,11.788539139920049,protected_wdi_snapshot
LUX,Luxembourg,Europe & Central Asia,High income,2019,132724.754668303,2.4,11.796032749029015,protected_wdi_snapshot
LUX,Luxembourg,Europe & Central Asia,High income,2020,129865.631871124,2.4,11.7742555939125,protected_wdi_snapshot
LUX,Luxembourg,Europe & Central Asia,High income,2021,136772.443753292,2.3,11.826073829327964,protected_wdi_snapshot
LUX,Luxembourg,Europe & Central Asia,High income,2022,132570.832272626,2.3,11.794872364759355,protected_wdi_snapshot
LVA,Latvia,Europe & Central Asia,High income,2000,14554.2131724037,14.3,9.585635795797408,protected_wdi_snapshot
LVA,Latvia,Europe & Central Asia,High income,2001,15695.906718153,13.4,9.661155238754418,protected_wdi_snapshot
LVA,Latvia,Europe & Central Asia,High income,2002,17096.5594440255,12.6,9.746632520143121,protected_wdi_snapshot
LVA,Latvia,Europe & Central Asia,High income,2003,18717.6675525538,11.9,9.837223145717175,protected_wdi_snapshot
LVA,Latvia,Europe & Central Asia,High income,2004,20574.118201251,11.1,9.931789166850471,protected_wdi_snapshot
LVA,Latvia,Europe & Central Asia,High income,2005,23213.3539355881,10.5,10.052482992731777,protected_wdi_snapshot
LVA,Latvia,Europe & Central Asia,High income,2006,26431.8140222767,9.9,10.182323640213804,protected_wdi_snapshot
LVA,Latvia,Europe & Central Asia,High income,2007,29423.7371235063,9.3,10.289557012719987,protected_wdi_snapshot
LVA,Latvia,Europe & Central Asia,High income,2008,28726.9722869522,8.8,10.265591761350402,protected_wdi_snapshot
LVA,Latvia,Europe & Central Asia,High income,2009,24520.6791475489,8.3,10.107272087364326,protected_wdi_snapshot
LVA,Latvia,Europe & Central Asia,High income,2010,24119.7307848939,7.7,10.090785489290187,protected_wdi_snapshot
LVA,Latvia,Europe & Central Asia,High income,2011,25308.7322074626,7.2,10.13890476170627,protected_wdi_snapshot
LVA,Latvia,Europe & Central Asia,High income,2012,27496.5454583635,6.6,10.221815656067974,protected_wdi_snapshot
LVA,Latvia,Europe & Central Asia,High income,2013,28375.1842887263,6.1,10.253270249519487,protected_wdi_snapshot
LVA,Latvia,Europe & Central Asia,High income,2014,29243.7412502629,5.6,10.283420855414239,protected_wdi_snapshot
LVA,Latvia,Europe & Central Asia,High income,2015,30599.6133134147,5.1,10.328742651044113,protected_wdi_snapshot
LVA,Latvia,Europe & Central Asia,High income,2016,31668.5148442662,4.8,10.363078243714629,protected_wdi_snapshot
LVA,Latvia,Europe & Central Asia,High income,2017,33036.3915943437,4.5,10.405365008424457,protected_wdi_snapshot
LVA,Latvia,Europe & Central Asia,High income,2018,34729.7062763057,4.2,10.455350688354406,protected_wdi_snapshot
LVA,Latvia,Europe & Central Asia,High income,2019,35208.1934590859,3.9,10.469034103223784,protected_wdi_snapshot
LVA,Latvia,Europe & Central Asia,High income,2020,34225.8976044058,3.6,10.440737876384128,protected_wdi_snapshot
LVA,Latvia,Europe & Central Asia,High income,2021,36912.0130602161,3.3,10.516292334233805,protected_wdi_snapshot
LVA,Latvia,Europe & Central Asia,High income,2022,37718.7097958367,3,10.537911531386063,protected_wdi_snapshot
MAR,Morocco,"Middle East, North Africa, Afghanistan & Pakistan",Lower middle income,2000,5100.11572265625,52.4,8.537018509171899,protected_wdi_snapshot
MAR,Morocco,"Middle East, North Africa, Afghanistan & Pakistan",Lower middle income,2001,5417.57861328125,50.2,8.597404244293925,protected_wdi_snapshot
MAR,Morocco,"Middle East, North Africa, Afghanistan & Pakistan",Lower middle income,2002,5544.07177734375,48,8.620484487637254,protected_wdi_snapshot
MAR,Morocco,"Middle East, North Africa, Afghanistan & Pakistan",Lower middle income,2003,5810.05322265625,45.8,8.667345010330033,protected_wdi_snapshot
MAR,Morocco,"Middle East, North Africa, Afghanistan & Pakistan",Lower middle income,2004,5996.39013671875,43.6,8.698912923269678,protected_wdi_snapshot
MAR,Morocco,"Middle East, North Africa, Afghanistan & Pakistan",Lower middle income,2005,6103.42236328125,41.4,8.71660493599639,protected_wdi_snapshot
MAR,Morocco,"Middle East, North Africa, Afghanistan & Pakistan",Lower middle income,2006,6488.673828125,39.2,8.777813448004919,protected_wdi_snapshot
MAR,Morocco,"Middle East, North Africa, Afghanistan & Pakistan",Lower middle income,2007,6620.59033203125,36.9,8.797939818978135,protected_wdi_snapshot
MAR,Morocco,"Middle East, North Africa, Afghanistan & Pakistan",Lower middle income,2008,6901.95068359375,34.8,8.839559358398251,protected_wdi_snapshot
MAR,Morocco,"Middle East, North Africa, Afghanistan & Pakistan",Lower middle income,2009,7063.72705078125,32.8,8.862728102066894,protected_wdi_snapshot
MAR,Morocco,"Middle East, North Africa, Afghanistan & Pakistan",Lower middle income,2010,7210.63671875,30.9,8.883312536886093,protected_wdi_snapshot
MAR,Morocco,"Middle East, North Africa, Afghanistan & Pakistan",Lower middle income,2011,7503.79296875,29.2,8.923163900853172,protected_wdi_snapshot
MAR,Morocco,"Middle East, North Africa, Afghanistan & Pakistan",Lower middle income,2012,7628.64404296875,27.5,8.939665394588891,protected_wdi_snapshot
MAR,Morocco,"Middle East, North Africa, Afghanistan & Pakistan",Lower middle income,2013,7839.0322265625,26,8.966870665235572,protected_wdi_snapshot
MAR,Morocco,"Middle East, North Africa, Afghanistan & Pakistan",Lower middle income,2014,7951.79833984375,24.5,8.981153388337251,protected_wdi_snapshot
MAR,Morocco,"Middle East, North Africa, Afghanistan & Pakistan",Lower middle income,2015,8198.80859375,23.1,9.011744129251108,protected_wdi_snapshot
MAR,Morocco,"Middle East, North Africa, Afghanistan & Pakistan",Lower middle income,2016,8141.9404296875,21.9,9.004783812613598,protected_wdi_snapshot
MAR,Morocco,"Middle East, North Africa, Afghanistan & Pakistan",Lower middle income,2017,8450.0087890625,20.8,9.041922760476417,protected_wdi_snapshot
MAR,Morocco,"Middle East, North Africa, Afghanistan & Pakistan",Lower middle income,2018,8611.75,19.9,9.0608828288014,protected_wdi_snapshot
MAR,Morocco,"Middle East, North Africa, Afghanistan & Pakistan",Lower middle income,2019,8768.17578125,19.1,9.07888405703086,protected_wdi_snapshot
MAR,Morocco,"Middle East, North Africa, Afghanistan & Pakistan",Lower middle income,2020,8054.56298828125,18.3,8.99399404066708,protected_wdi_snapshot
MAR,Morocco,"Middle East, North Africa, Afghanistan & Pakistan",Lower middle income,2021,8623.265625,17.6,9.062219134722346,protected_wdi_snapshot
MAR,Morocco,"Middle East, North Africa, Afghanistan & Pakistan",Lower middle income,2022,8690.4482421875,17,9.069979798308623,protected_wdi_snapshot
MDA,Moldova,Europe & Central Asia,Upper middle income,2000,5727.07922525352,31.4,8.652960945937691,protected_wdi_snapshot
MDA,Moldova,Europe & Central Asia,Upper middle income,2001,6090.03474356112,28.5,8.714409065705915,protected_wdi_snapshot
MDA,Moldova,Europe & Central Asia,Upper middle income,2002,6580.27841436838,25.8,8.791832335638267,protected_wdi_snapshot
MDA,Moldova,Europe & Central Asia,Upper middle income,2003,7034.35784911687,23.4,8.858561685939037,protected_wdi_snapshot
MDA,Moldova,Europe & Central Asia,Upper middle income,2004,7573.6178454751,21.5,8.932426151085686,protected_wdi_snapshot
MDA,Moldova,Europe & Central Asia,Upper middle income,2005,8161.47344724765,20.1,9.007180001173083,protected_wdi_snapshot
MDA,Moldova,Europe & Central Asia,Upper middle income,2006,8577.02858037286,19,9.056842813195766,protected_wdi_snapshot
MDA,Moldova,Europe & Central Asia,Upper middle income,2007,8854.83397616724,18.2,9.0887188008788,protected_wdi_snapshot
MDA,Moldova,Europe & Central Asia,Upper middle income,2008,9563.69814290939,17.7,9.165729766276428,protected_wdi_snapshot
MDA,Moldova,Europe & Central Asia,Upper middle income,2009,9001.23432081622,17.2,9.105116993671958,protected_wdi_snapshot
MDA,Moldova,Europe & Central Asia,Upper middle income,2010,9649.9509930271,16.8,9.17470811587735,protected_wdi_snapshot
MDA,Moldova,Europe & Central Asia,Upper middle income,2011,10217.3087761255,16.5,9.231838499934256,protected_wdi_snapshot
MDA,Moldova,Europe & Central Asia,Upper middle income,2012,10158.3854676883,16.2,9.226054797844236,protected_wdi_snapshot
MDA,Moldova,Europe & Central Asia,Upper middle income,2013,11080.0634585341,16,9.312902687589396,protected_wdi_snapshot
MDA,Moldova,Europe & Central Asia,Upper middle income,2014,11641.1208436577,15.8,9.362299009060068,protected_wdi_snapshot
MDA,Moldova,Europe & Central Asia,Upper middle income,2015,11691.0797484184,15.6,9.366581415334883,protected_wdi_snapshot
MDA,Moldova,Europe & Central Asia,Upper middle income,2016,12377.366678394,15.5,9.423624815890474,protected_wdi_snapshot
MDA,Moldova,Europe & Central Asia,Upper middle income,2017,13118.8219369605,15.4,9.481803267076385,protected_wdi_snapshot
MDA,Moldova,Europe & Central Asia,Upper middle income,2018,13895.5043655692,15.4,9.539320639867544,protected_wdi_snapshot
MDA,Moldova,Europe & Central Asia,Upper middle income,2019,14621.2401362286,15.5,9.590230554345803,protected_wdi_snapshot
MDA,Moldova,Europe & Central Asia,Upper middle income,2020,13559.2600217483,15.6,9.514824989337823,protected_wdi_snapshot
MDA,Moldova,Europe & Central Asia,Upper middle income,2021,15682.0703284653,15.8,9.660273321442544,protected_wdi_snapshot
MDA,Moldova,Europe & Central Asia,Upper middle income,2022,15350.3120408391,16,9.638891081202152,protected_wdi_snapshot
MDG,Madagascar,Sub-Saharan Africa,Low income,2000,1701.44320253582,104.4,7.439232112564426,protected_wdi_snapshot
MDG,Madagascar,Sub-Saharan Africa,Low income,2001,1748.50350929178,99.8,7.466515563531316,protected_wdi_snapshot
MDG,Madagascar,Sub-Saharan Africa,Low income,2002,1486.43429741771,95.6,7.304135441944144,protected_wdi_snapshot
MDG,Madagascar,Sub-Saharan Africa,Low income,2003,1584.74925232364,91.6,7.368181473369648,protected_wdi_snapshot
MDG,Madagascar,Sub-Saharan Africa,Low income,2004,1620.11953793293,87.8,7.3902552143516544,protected_wdi_snapshot
MDG,Madagascar,Sub-Saharan Africa,Low income,2005,1648.17631554009,84.1,7.407424692331659,protected_wdi_snapshot
MDG,Madagascar,Sub-Saharan Africa,Low income,2006,1686.86335460016,80.8,7.430626080213892,protected_wdi_snapshot
MDG,Madagascar,Sub-Saharan Africa,Low income,2007,1731.61751794976,77.6,7.456811232142756,protected_wdi_snapshot
MDG,Madagascar,Sub-Saharan Africa,Low income,2008,1794.40235887329,74.8,7.492427297780084,protected_wdi_snapshot
MDG,Madagascar,Sub-Saharan Africa,Low income,2009,1673.15551466723,72.4,7.422466652235898,protected_wdi_snapshot
MDG,Madagascar,Sub-Saharan Africa,Low income,2010,1635.24511473059,70.3,7.3995479893613,protected_wdi_snapshot
MDG,Madagascar,Sub-Saharan Africa,Low income,2011,1614.55137773785,68.6,7.386812412385,protected_wdi_snapshot
MDG,Madagascar,Sub-Saharan Africa,Low income,2012,1617.79082882481,67.3,7.388816811650001,protected_wdi_snapshot
MDG,Madagascar,Sub-Saharan Africa,Low income,2013,1610.6023078966,66.4,7.384363492302551,protected_wdi_snapshot
MDG,Madagascar,Sub-Saharan Africa,Low income,2014,1620.357889066,65.7,7.390402323003925,protected_wdi_snapshot
MDG,Madagascar,Sub-Saharan Africa,Low income,2015,1627.5806134224,65.3,7.394849904912826,protected_wdi_snapshot
MDG,Madagascar,Sub-Saharan Africa,Low income,2016,1648.91226979296,64.9,7.407871119078194,protected_wdi_snapshot
MDG,Madagascar,Sub-Saharan Africa,Low income,2017,1669.72764267278,64.9,7.420415803890578,protected_wdi_snapshot
MDG,Madagascar,Sub-Saharan Africa,Low income,2018,1678.78623269491,64.9,7.425826330743722,protected_wdi_snapshot
MDG,Madagascar,Sub-Saharan Africa,Low income,2019,1707.83153830039,65,7.442979738512492,protected_wdi_snapshot
MDG,Madagascar,Sub-Saharan Africa,Low income,2020,1545.72714379204,65.1,7.343249721845152,protected_wdi_snapshot
MDG,Madagascar,Sub-Saharan Africa,Low income,2021,1577.43246056529,65,7.363553779277127,protected_wdi_snapshot
MDG,Madagascar,Sub-Saharan Africa,Low income,2022,1602.42805197529,64.5,7.379275290423594,protected_wdi_snapshot
MDV,Maldives,South Asia,Upper middle income,2000,13738.2809408875,39.5,9.527941444476472,protected_wdi_snapshot
MDV,Maldives,South Asia,Upper middle income,2001,12977.9990665612,35.1,9.471010823256409,protected_wdi_snapshot
MDV,Maldives,South Asia,Upper middle income,2002,13689.8065561949,31.1,9.5244067878828,protected_wdi_snapshot
MDV,Maldives,South Asia,Upper middle income,2003,15316.1192814998,27.4,9.63666110059897,protected_wdi_snapshot
MDV,Maldives,South Asia,Upper middle income,2004,15958.6557759464,27.2,9.67775664289195,protected_wdi_snapshot
MDV,Maldives,South Asia,Upper middle income,2005,13942.8753891662,21.6,9.54272393199423,protected_wdi_snapshot
MDV,Maldives,South Asia,Upper middle income,2006,16829.9768208157,19.4,9.730916909929935,protected_wdi_snapshot
MDV,Maldives,South Asia,Upper middle income,2007,17439.9504862625,17.6,9.766518858368487,protected_wdi_snapshot
MDV,Maldives,South Asia,Upper middle income,2008,18344.4866455436,16.1,9.817084353053257,protected_wdi_snapshot
MDV,Maldives,South Asia,Upper middle income,2009,16230.0089361263,14.9,9.694617211101603,protected_wdi_snapshot
MDV,Maldives,South Asia,Upper middle income,2010,16730.0144200167,13.8,9.724959655906183,protected_wdi_snapshot
MDV,Maldives,South Asia,Upper middle income,2011,17581.7676697752,12.9,9.774617716228446,protected_wdi_snapshot
MDV,Maldives,South Asia,Upper middle income,2012,17390.1474995422,12.1,9.763659089172174,protected_wdi_snapshot
MDV,Maldives,South Asia,Upper middle income,2013,17986.8907361645,11.3,9.797398479109226,protected_wdi_snapshot
MDV,Maldives,South Asia,Upper middle income,2014,18765.3592118344,10.6,9.839767854036284,protected_wdi_snapshot
MDV,Maldives,South Asia,Upper middle income,2015,18829.4481529112,9.9,9.843177314419366,protected_wdi_snapshot
MDV,Maldives,South Asia,Upper middle income,2016,19345.1792343541,9.2,9.870198532243105,protected_wdi_snapshot
MDV,Maldives,South Asia,Upper middle income,2017,20036.7165354949,8.6,9.905321696240469,protected_wdi_snapshot
MDV,Maldives,South Asia,Upper middle income,2018,21072.5805249694,8,9.955727973194003,protected_wdi_snapshot
MDV,Maldives,South Asia,Upper middle income,2019,21855.501224579,7.4,9.992207941126356,protected_wdi_snapshot
MDV,Maldives,South Asia,Upper middle income,2020,14242.9750701162,6.9,9.564019086607715,protected_wdi_snapshot
MDV,Maldives,South Asia,Upper middle income,2021,19052.6224904311,6.4,9.854960034619781,protected_wdi_snapshot
MDV,Maldives,South Asia,Upper middle income,2022,21357.8112511153,6,9.969172818306697,protected_wdi_snapshot
MEX,Mexico,Latin America & Caribbean,Upper middle income,2000,20470.4937669158,27.4,9.926739799855174,protected_wdi_snapshot
MEX,Mexico,Latin America & Caribbean,Upper middle income,2001,20078.2183931307,26.2,9.907390844427633,protected_wdi_snapshot
MEX,Mexico,Latin America & Caribbean,Upper middle income,2002,19744.7933675609,25,9.890645108614631,protected_wdi_snapshot
MEX,Mexico,Latin America & Caribbean,Upper middle income,2003,19701.4633898714,23.9,9.888448195716997,protected_wdi_snapshot
MEX,Mexico,Latin America & Caribbean,Upper middle income,2004,20127.2242902968,23,9.909828619920921,protected_wdi_snapshot
MEX,Mexico,Latin America & Caribbean,Upper middle income,2005,20277.2552852007,22.1,9.917255107579269,protected_wdi_snapshot
MEX,Mexico,Latin America & Caribbean,Upper middle income,2006,20965.8256087044,21.3,9.950649039163578,protected_wdi_snapshot
MEX,Mexico,Latin America & Caribbean,Upper middle income,2007,21102.2688338349,20.7,9.957135841353374,protected_wdi_snapshot
MEX,Mexico,Latin America & Caribbean,Upper middle income,2008,20992.5602662364,20,9.95192338089968,protected_wdi_snapshot
MEX,Mexico,Latin America & Caribbean,Upper middle income,2009,19385.5437251877,19.5,9.872282898470386,protected_wdi_snapshot
MEX,Mexico,Latin America & Caribbean,Upper middle income,2010,20058.3854882301,18.9,9.906402574140818,protected_wdi_snapshot
MEX,Mexico,Latin America & Caribbean,Upper middle income,2011,20457.6001677783,18.4,9.926109738773677,protected_wdi_snapshot
MEX,Mexico,Latin America & Caribbean,Upper middle income,2012,20898.935720908,17.9,9.947453514211718,protected_wdi_snapshot
MEX,Mexico,Latin America & Caribbean,Upper middle income,2013,20805.3480406564,17.5,9.94296534997966,protected_wdi_snapshot
MEX,Mexico,Latin America & Caribbean,Upper middle income,2014,21069.7661653886,17,9.95559440874845,protected_wdi_snapshot
MEX,Mexico,Latin America & Caribbean,Upper middle income,2015,21408.9283216195,16.6,9.971563325292143,protected_wdi_snapshot
MEX,Mexico,Latin America & Caribbean,Upper middle income,2016,21578.263354126,16.2,9.979441760788221,protected_wdi_snapshot
MEX,Mexico,Latin America & Caribbean,Upper middle income,2017,21777.5225127275,15.8,9.98863363945339,protected_wdi_snapshot
MEX,Mexico,Latin America & Caribbean,Upper middle income,2018,21997.7730219494,15.4,9.998696500941701,protected_wdi_snapshot
MEX,Mexico,Latin America & Caribbean,Upper middle income,2019,21704.185952748,15,9.98526042197383,protected_wdi_snapshot
MEX,Mexico,Latin America & Caribbean,Upper middle income,2020,19728.4817827455,14.6,9.889818646372431,protected_wdi_snapshot
MEX,Mexico,Latin America & Caribbean,Upper middle income,2021,20782.5877440905,14.2,9.941870787414398,protected_wdi_snapshot
MEX,Mexico,Latin America & Caribbean,Upper middle income,2022,21391.8573698845,13.8,9.970765631868323,protected_wdi_snapshot
MHL,Marshall Islands,East Asia & Pacific,Upper middle income,2000,3772.69913192999,42.7,8.235545974386092,protected_wdi_snapshot
MHL,Marshall Islands,East Asia & Pacific,Upper middle income,2001,4001.24312059454,42.7,8.294360371968516,protected_wdi_snapshot
MHL,Marshall Islands,East Asia & Pacific,Upper middle income,2002,4122.36777186234,42.5,8.32418297917401,protected_wdi_snapshot
MHL,Marshall Islands,East Asia & Pacific,Upper middle income,2003,4041.17284358405,42.2,8.304290236641869,protected_wdi_snapshot
MHL,Marshall Islands,East Asia & Pacific,Upper middle income,2004,4012.85859698975,41.8,8.297259133411307,protected_wdi_snapshot
MHL,Marshall Islands,East Asia & Pacific,Upper middle income,2005,4075.6807928036,41.3,8.312793077439714,protected_wdi_snapshot
MHL,Marshall Islands,East Asia & Pacific,Upper middle income,2006,4076.09863045701,40.9,8.312895591904859,protected_wdi_snapshot
MHL,Marshall Islands,East Asia & Pacific,Upper middle income,2007,4222.95393537643,40.4,8.3482901468414,protected_wdi_snapshot
MHL,Marshall Islands,East Asia & Pacific,Upper middle income,2008,3903.80571323423,40,8.269707180217313,protected_wdi_snapshot
MHL,Marshall Islands,East Asia & Pacific,Upper middle income,2009,4047.74537243531,39.5,8.305915306922508,protected_wdi_snapshot
MHL,Marshall Islands,East Asia & Pacific,Upper middle income,2010,4269.9054604506,39,8.359346965567871,protected_wdi_snapshot
MHL,Marshall Islands,East Asia & Pacific,Upper middle income,2011,4259.66173142969,38.4,8.356945030342933,protected_wdi_snapshot
MHL,Marshall Islands,East Asia & Pacific,Upper middle income,2012,4244.58812838612,37.8,8.35340006892304,protected_wdi_snapshot
MHL,Marshall Islands,East Asia & Pacific,Upper middle income,2013,4470.42630092843,37,8.405239052395467,protected_wdi_snapshot
MHL,Marshall Islands,East Asia & Pacific,Upper middle income,2014,4492.56749211821,36.1,8.410179641832169,protected_wdi_snapshot
MHL,Marshall Islands,East Asia & Pacific,Upper middle income,2015,4670.70755785577,35.2,8.4490658505044145,protected_wdi_snapshot
MHL,Marshall Islands,East Asia & Pacific,Upper middle income,2016,4897.14934002038,34.2,8.496408547463655,protected_wdi_snapshot
MHL,Marshall Islands,East Asia & Pacific,Upper middle income,2017,5200.01066532485,33.2,8.556415955591426,protected_wdi_snapshot
MHL,Marshall Islands,East Asia & Pacific,Upper middle income,2018,5636.02954937672,32.2,8.636935115974437,protected_wdi_snapshot
MHL,Marshall Islands,East Asia & Pacific,Upper middle income,2019,6405.89632387105,31.2,8.764974145815698,protected_wdi_snapshot
MHL,Marshall Islands,East Asia & Pacific,Upper middle income,2020,6418.00663822416,30.3,8.766862855982785,protected_wdi_snapshot
MHL,Marshall Islands,East Asia & Pacific,Upper middle income,2021,6768.82579129624,29.4,8.82008290792336,protected_wdi_snapshot
MHL,Marshall Islands,East Asia & Pacific,Upper middle income,2022,6937.75357050514,28.5,8.844733308090174,protected_wdi_snapshot
MKD,North Macedonia,Europe & Central Asia,Upper middle income,2000,11988.2448826829,16,9.391681855545478,protected_wdi_snapshot
MKD,North Macedonia,Europe & Central Asia,Upper middle income,2001,11571.8112316434,15.1,9.356327353453763,protected_wdi_snapshot
MKD,North Macedonia,Europe & Central Asia,Upper middle income,2002,11830.2626132426,14.5,9.378416155647646,protected_wdi_snapshot
MKD,North Macedonia,Europe & Central Asia,Upper middle income,2003,12077.849005462,14.2,9.399128393172049,protected_wdi_snapshot
MKD,North Macedonia,Europe & Central Asia,Upper middle income,2004,12683.3809111151,14,9.448047825819556,protected_wdi_snapshot
MKD,North Macedonia,Europe & Central Asia,Upper middle income,2005,13354.4611473701,13.7,9.49960577634892,protected_wdi_snapshot
MKD,North Macedonia,Europe & Central Asia,Upper middle income,2006,14118.2297877525,13.1,9.555222134048524,protected_wdi_snapshot
MKD,North Macedonia,Europe & Central Asia,Upper middle income,2007,15118.2436719552,12.3,9.623657483724292,protected_wdi_snapshot
MKD,North Macedonia,Europe & Central Asia,Upper middle income,2008,16038.0413530579,11.5,9.682718763805967,protected_wdi_snapshot
MKD,North Macedonia,Europe & Central Asia,Upper middle income,2009,16084.2279730567,10.8,9.685594441819768,protected_wdi_snapshot
MKD,North Macedonia,Europe & Central Asia,Upper middle income,2010,16731.0901838425,10.4,9.725023955267421,protected_wdi_snapshot
MKD,North Macedonia,Europe & Central Asia,Upper middle income,2011,17201.236162644,10.2,9.752736530140188,protected_wdi_snapshot
MKD,North Macedonia,Europe & Central Asia,Upper middle income,2012,17189.9956305456,10.4,9.752082844191033,protected_wdi_snapshot
MKD,North Macedonia,Europe & Central Asia,Upper middle income,2013,17758.2275594412,10.7,9.784604211984838,protected_wdi_snapshot
MKD,North Macedonia,Europe & Central Asia,Upper middle income,2014,18452.2062280148,11.1,9.822939221073893,protected_wdi_snapshot
MKD,North Macedonia,Europe & Central Asia,Upper middle income,2015,19215.0740381192,11.1,9.863450356133296,protected_wdi_snapshot
MKD,North Macedonia,Europe & Central Asia,Upper middle income,2016,19825.7724685057,10.6,9.894738010107423,protected_wdi_snapshot
MKD,North Macedonia,Europe & Central Asia,Upper middle income,2017,20121.0510180726,9.6,9.909521860328104,protected_wdi_snapshot
MKD,North Macedonia,Europe & Central Asia,Upper middle income,2018,20805.9221192555,8.4,9.942992942437037,protected_wdi_snapshot
MKD,North Macedonia,Europe & Central Asia,Upper middle income,2019,21766.8842062487,7.1,9.988145020707973,protected_wdi_snapshot
MKD,North Macedonia,Europe & Central Asia,Upper middle income,2020,20971.4421033593,6,9.950916891362583,protected_wdi_snapshot
MKD,North Macedonia,Europe & Central Asia,Upper middle income,2021,22144.1924252732,5.1,10.005330548104768,protected_wdi_snapshot
MKD,North Macedonia,Europe & Central Asia,Upper middle income,2022,22822.2333994259,4.2,10.035490488891147,protected_wdi_snapshot
MLI,Mali,Sub-Saharan Africa,Low income,2000,2187.71894207161,189.9,7.690614701027484,protected_wdi_snapshot
MLI,Mali,Sub-Saharan Africa,Low income,2001,2458.46155673065,183.9,7.807291049849789,protected_wdi_snapshot
MLI,Mali,Sub-Saharan Africa,Low income,2002,2455.61935702417,177.7,7.806134292330616,protected_wdi_snapshot
MLI,Mali,Sub-Saharan Africa,Low income,2003,2611.8368552722,171.7,7.867809028748926,protected_wdi_snapshot
MLI,Mali,Sub-Saharan Africa,Low income,2004,2565.9774456147,165.8,7.850094755431067,protected_wdi_snapshot
MLI,Mali,Sub-Saharan Africa,Low income,2005,2546.33281405861,160.1,7.84240949094285,protected_wdi_snapshot
MLI,Mali,Sub-Saharan Africa,Low income,2006,2555.07476258805,154.6,7.845836763496609,protected_wdi_snapshot
MLI,Mali,Sub-Saharan Africa,Low income,2007,2515.94692366143,149.2,7.830404522073744,protected_wdi_snapshot
MLI,Mali,Sub-Saharan Africa,Low income,2008,2523.19961270039,144,7.833283062713355,protected_wdi_snapshot
MLI,Mali,Sub-Saharan Africa,Low income,2009,2575.54549773648,138.9,7.853816634443269,protected_wdi_snapshot
MLI,Mali,Sub-Saharan Africa,Low income,2010,2632.2646821909,133.8,7.875599850531513,protected_wdi_snapshot
MLI,Mali,Sub-Saharan Africa,Low income,2011,2623.34627008698,128.8,7.872205984149343,protected_wdi_snapshot
MLI,Mali,Sub-Saharan Africa,Low income,2012,2520.52931086804,123.9,7.832224202444571,protected_wdi_snapshot
MLI,Mali,Sub-Saharan Africa,Low income,2013,2528.5300676726,119.1,7.8353934119552076,protected_wdi_snapshot
MLI,Mali,Sub-Saharan Africa,Low income,2014,2609.16733048395,114.4,7.866786418949774,protected_wdi_snapshot
MLI,Mali,Sub-Saharan Africa,Low income,2015,2686.56065073799,109.7,7.896017086030916,protected_wdi_snapshot
MLI,Mali,Sub-Saharan Africa,Low income,2016,2759.11051293341,105.1,7.922663628845828,protected_wdi_snapshot
MLI,Mali,Sub-Saharan Africa,Low income,2017,2816.19423901587,100.6,7.943141691822384,protected_wdi_snapshot
MLI,Mali,Sub-Saharan Africa,Low income,2018,2862.40728987476,96.2,7.95941825952132,protected_wdi_snapshot
MLI,Mali,Sub-Saharan Africa,Low income,2019,2916.17167791084,91.9,7.978026965850536,protected_wdi_snapshot
MLI,Mali,Sub-Saharan Africa,Low income,2020,2796.41038444386,87.6,7.9360918681353905,protected_wdi_snapshot
MLI,Mali,Sub-Saharan Africa,Low income,2021,2796.22793795431,83.6,7.936026622904394,protected_wdi_snapshot
MLI,Mali,Sub-Saharan Africa,Low income,2022,2813.81095962565,79.7,7.94229505689098,protected_wdi_snapshot
MLT,Malta,"Middle East, North Africa, Afghanistan & Pakistan",High income,2000,31068.0784498241,7.6,10.343936154636907,protected_wdi_snapshot
MLT,Malta,"Middle East, North Africa, Afghanistan & Pakistan",High income,2001,30602.1099973654,7.4,10.328824239725511,protected_wdi_snapshot
MLT,Malta,"Middle East, North Africa, Afghanistan & Pakistan",High income,2002,31207.4322052709,7.2,10.348411557137071,protected_wdi_snapshot
MLT,Malta,"Middle East, North Africa, Afghanistan & Pakistan",High income,2003,32147.8757483202,7.1,10.378101654335723,protected_wdi_snapshot
MLT,Malta,"Middle East, North Africa, Afghanistan & Pakistan",High income,2004,32062.7641222076,7,10.375450639608868,protected_wdi_snapshot
MLT,Malta,"Middle East, North Africa, Afghanistan & Pakistan",High income,2005,32776.9683721182,6.9,10.397481363948856,protected_wdi_snapshot
MLT,Malta,"Middle East, North Africa, Afghanistan & Pakistan",High income,2006,33420.7141096927,6.9,10.416931169655768,protected_wdi_snapshot
MLT,Malta,"Middle East, North Africa, Afghanistan & Pakistan",High income,2007,34981.7020970372,6.9,10.462580406537922,protected_wdi_snapshot
MLT,Malta,"Middle East, North Africa, Afghanistan & Pakistan",High income,2008,36287.726099619,6.9,10.499234839098703,protected_wdi_snapshot
MLT,Malta,"Middle East, North Africa, Afghanistan & Pakistan",High income,2009,35512.6774555483,6.9,10.477645023138296,protected_wdi_snapshot
MLT,Malta,"Middle East, North Africa, Afghanistan & Pakistan",High income,2010,37528.7341525511,6.9,10.532862162611421,protected_wdi_snapshot
MLT,Malta,"Middle East, North Africa, Afghanistan & Pakistan",High income,2011,37740.8473665429,6.8,10.538498271414067,protected_wdi_snapshot
MLT,Malta,"Middle East, North Africa, Afghanistan & Pakistan",High income,2012,38937.1487755674,6.8,10.56970405527898,protected_wdi_snapshot
MLT,Malta,"Middle East, North Africa, Afghanistan & Pakistan",High income,2013,40921.3167795062,6.7,10.61940639891014,protected_wdi_snapshot
MLT,Malta,"Middle East, North Africa, Afghanistan & Pakistan",High income,2014,43163.1473000396,6.7,10.672742338401079,protected_wdi_snapshot
MLT,Malta,"Middle East, North Africa, Afghanistan & Pakistan",High income,2015,46171.8893420758,6.6,10.740126436086253,protected_wdi_snapshot
MLT,Malta,"Middle East, North Africa, Afghanistan & Pakistan",High income,2016,46967.3486291212,6.5,10.757207929250674,protected_wdi_snapshot
MLT,Malta,"Middle East, North Africa, Afghanistan & Pakistan",High income,2017,51628.2677400365,6.4,10.85182462588795,protected_wdi_snapshot
MLT,Malta,"Middle East, North Africa, Afghanistan & Pakistan",High income,2018,53419.0022708322,6.3,10.885921809417878,protected_wdi_snapshot
MLT,Malta,"Middle East, North Africa, Afghanistan & Pakistan",High income,2019,53393.4231642463,6.1,10.885442855645024,protected_wdi_snapshot
MLT,Malta,"Middle East, North Africa, Afghanistan & Pakistan",High income,2020,50389.6963309289,6,10.827541995280793,protected_wdi_snapshot
MLT,Malta,"Middle East, North Africa, Afghanistan & Pakistan",High income,2021,56823.9958525022,5.8,10.947713977689157,protected_wdi_snapshot
MLT,Malta,"Middle East, North Africa, Afghanistan & Pakistan",High income,2022,56874.4339327368,5.6,10.94860120337272,protected_wdi_snapshot
MMR,Myanmar,East Asia & Pacific,Lower middle income,2000,1359.93038778036,88.9,7.21518879196446,protected_wdi_snapshot
MMR,Myanmar,East Asia & Pacific,Lower middle income,2001,1498.31163236525,86.5,7.312094174727998,protected_wdi_snapshot
MMR,Myanmar,East Asia & Pacific,Lower middle income,2002,1661.73588517132,84.1,7.415618048931244,protected_wdi_snapshot
MMR,Myanmar,East Asia & Pacific,Lower middle income,2003,1874.17128269389,81.6,7.5359218581381695,protected_wdi_snapshot
MMR,Myanmar,East Asia & Pacific,Lower middle income,2004,2110.23728495831,79.1,7.654555677473474,protected_wdi_snapshot
MMR,Myanmar,East Asia & Pacific,Lower middle income,2005,2377.90258162976,76.3,7.7739741098975985,protected_wdi_snapshot
MMR,Myanmar,East Asia & Pacific,Lower middle income,2006,2669.32700379999,73.6,7.889581661120336,protected_wdi_snapshot
MMR,Myanmar,East Asia & Pacific,Lower middle income,2007,2968.3033151236,70.8,7.995745794188212,protected_wdi_snapshot
MMR,Myanmar,East Asia & Pacific,Lower middle income,2008,3254.738978881,101.7,8.087867360607245,protected_wdi_snapshot
MMR,Myanmar,East Asia & Pacific,Lower middle income,2009,3578.17424704515,65.1,8.182607962448321,protected_wdi_snapshot
MMR,Myanmar,East Asia & Pacific,Lower middle income,2010,3893.79030665874,62.4,8.267138334112039,protected_wdi_snapshot
MMR,Myanmar,East Asia & Pacific,Lower middle income,2011,4078.61220919965,59.7,8.313512064731835,protected_wdi_snapshot
MMR,Myanmar,East Asia & Pacific,Lower middle income,2012,4340.99945069174,57,8.375859888760019,protected_wdi_snapshot
MMR,Myanmar,East Asia & Pacific,Lower middle income,2013,4666.95376141392,54.6,8.448261838339972,protected_wdi_snapshot
MMR,Myanmar,East Asia & Pacific,Lower middle income,2014,5006.50667149767,52.4,8.518493679714167,protected_wdi_snapshot
MMR,Myanmar,East Asia & Pacific,Lower middle income,2015,5313.88615901476,50.5,8.57807870324775,protected_wdi_snapshot
MMR,Myanmar,East Asia & Pacific,Lower middle income,2016,5580.98977273232,48.7,8.627121418271493,protected_wdi_snapshot
MMR,Myanmar,East Asia & Pacific,Lower middle income,2017,5877.87465558175,46.8,8.678950522420388,protected_wdi_snapshot
MMR,Myanmar,East Asia & Pacific,Lower middle income,2018,6201.26341429803,45.2,8.732508326773255,protected_wdi_snapshot
MMR,Myanmar,East Asia & Pacific,Lower middle income,2019,6562.98898478625,43.6,8.789201416091428,protected_wdi_snapshot
MMR,Myanmar,East Asia & Pacific,Lower middle income,2020,5926.83450206681,42.1,8.687245538682758,protected_wdi_snapshot
MMR,Myanmar,East Asia & Pacific,Lower middle income,2021,5178.44718217164,40.8,8.55226051853145,protected_wdi_snapshot
MMR,Myanmar,East Asia & Pacific,Lower middle income,2022,5350.47666899931,39.5,8.584940932930367,protected_wdi_snapshot
MNE,Montenegro,Europe & Central Asia,Upper middle income,2000,14452.2161423496,14.2,9.578603048033743,protected_wdi_snapshot
MNE,Montenegro,Europe & Central Asia,Upper middle income,2001,14552.4956785923,13.7,9.585517782192904,protected_wdi_snapshot
MNE,Montenegro,Europe & Central Asia,Upper middle income,2002,14770.255224547,13,9.600370655304836,protected_wdi_snapshot
MNE,Montenegro,Europe & Central Asia,Upper middle income,2003,15076.6513903781,12.2,9.620902560562813,protected_wdi_snapshot
MNE,Montenegro,Europe & Central Asia,Upper middle income,2004,15716.0755725572,11.4,9.662439389304941,protected_wdi_snapshot
MNE,Montenegro,Europe & Central Asia,Upper middle income,2005,16348.8994494652,10.6,9.701915862100533,protected_wdi_snapshot
MNE,Montenegro,Europe & Central Asia,Upper middle income,2006,17727.3660449403,9.7,9.782864828807213,protected_wdi_snapshot
MNE,Montenegro,Europe & Central Asia,Upper middle income,2007,18966.4529580465,8.9,9.850427063793017,protected_wdi_snapshot
MNE,Montenegro,Europe & Central Asia,Upper middle income,2008,20238.9216459135,8.1,9.915362843618102,protected_wdi_snapshot
MNE,Montenegro,Europe & Central Asia,Upper middle income,2009,18984.9379136097,7.4,9.851401202373998,protected_wdi_snapshot
MNE,Montenegro,Europe & Central Asia,Upper middle income,2010,19476.1626179487,6.7,9.87694656692622,protected_wdi_snapshot
MNE,Montenegro,Europe & Central Asia,Upper middle income,2011,20110.4869725048,6.1,9.908996697913826,protected_wdi_snapshot
MNE,Montenegro,Europe & Central Asia,Upper middle income,2012,19576.412051459,5.5,9.882080653708657,protected_wdi_snapshot
MNE,Montenegro,Europe & Central Asia,Upper middle income,2013,20201.2916344369,5,9.91350182364393,protected_wdi_snapshot
MNE,Montenegro,Europe & Central Asia,Upper middle income,2014,20641.764517656105,4.6,9.935071706137936,protected_wdi_snapshot
MNE,Montenegro,Europe & Central Asia,Upper middle income,2015,21131.8410316247,4.2,9.958536235618428,protected_wdi_snapshot
MNE,Montenegro,Europe & Central Asia,Upper middle income,2016,21834.0918741924,3.9,9.991227874681156,protected_wdi_snapshot
MNE,Montenegro,Europe & Central Asia,Upper middle income,2017,22513.7807637171,3.6,10.021882879091601,protected_wdi_snapshot
MNE,Montenegro,Europe & Central Asia,Upper middle income,2018,23562.1762558957,3.3,10.067398004293139,protected_wdi_snapshot
MNE,Montenegro,Europe & Central Asia,Upper middle income,2019,24585.1159529158,3.1,10.10989649624394,protected_wdi_snapshot
MNE,Montenegro,Europe & Central Asia,Upper middle income,2020,20904.5999314513,2.9,9.947724506150058,protected_wdi_snapshot
MNE,Montenegro,Europe & Central Asia,Upper middle income,2021,23689.9791090651,2.8,10.07280741530631,protected_wdi_snapshot
MNE,Montenegro,Europe & Central Asia,Upper middle income,2022,25583.3155690619,2.6,10.149695682412176,protected_wdi_snapshot
MNG,Mongolia,East Asia & Pacific,Upper middle income,2000,5818.24307842901,62.5,8.668753618592994,protected_wdi_snapshot
MNG,Mongolia,East Asia & Pacific,Upper middle income,2001,5917.07088396343,57.7,8.68559682231821,protected_wdi_snapshot
MNG,Mongolia,East Asia & Pacific,Upper middle income,2002,6117.9824222592,52.9,8.718987651587923,protected_wdi_snapshot
MNG,Mongolia,East Asia & Pacific,Upper middle income,2003,6463.78966651762,48.5,8.773971060457043,protected_wdi_snapshot
MNG,Mongolia,East Asia & Pacific,Upper middle income,2004,7070.667158451,44.3,8.863710119141661,protected_wdi_snapshot
MNG,Mongolia,East Asia & Pacific,Upper middle income,2005,7499.84803935428,40.5,8.922638037899707,protected_wdi_snapshot
MNG,Mongolia,East Asia & Pacific,Upper middle income,2006,8043.99678108557,37,8.9926813507290575,protected_wdi_snapshot
MNG,Mongolia,East Asia & Pacific,Upper middle income,2007,8750.13407442299,33.8,9.076824302025466,protected_wdi_snapshot
MNG,Mongolia,East Asia & Pacific,Upper middle income,2008,9379.85489687765,31,9.14631957246459,protected_wdi_snapshot
MNG,Mongolia,East Asia & Pacific,Upper middle income,2009,9095.9769892529,28.5,9.11558750566166,protected_wdi_snapshot
MNG,Mongolia,East Asia & Pacific,Upper middle income,2010,9507.118823625,26.3,9.159796146821474,protected_wdi_snapshot
MNG,Mongolia,East Asia & Pacific,Upper middle income,2011,10960.0959283864,24.4,9.302016313053702,protected_wdi_snapshot
MNG,Mongolia,East Asia & Pacific,Upper middle income,2012,12078.9185320062,22.8,9.399216941984983,protected_wdi_snapshot
MNG,Mongolia,East Asia & Pacific,Upper middle income,2013,13210.0945665668,21.5,9.48873655620133,protected_wdi_snapshot
MNG,Mongolia,East Asia & Pacific,Upper middle income,2014,13943.4277148653,20.4,9.542763544681298,protected_wdi_snapshot
MNG,Mongolia,East Asia & Pacific,Upper middle income,2015,13974.5967260365,19.4,9.544996440793803,protected_wdi_snapshot
MNG,Mongolia,East Asia & Pacific,Upper middle income,2016,13898.1456953585,18.4,9.539510707008164,protected_wdi_snapshot
MNG,Mongolia,East Asia & Pacific,Upper middle income,2017,14401.5375067562,17.4,9.575090251166957,protected_wdi_snapshot
MNG,Mongolia,East Asia & Pacific,Upper middle income,2018,15230.2408828847,16.4,9.63103826210587,protected_wdi_snapshot
MNG,Mongolia,East Asia & Pacific,Upper middle income,2019,15790.6961126441,15.6,9.667176191942547,protected_wdi_snapshot
MNG,Mongolia,East Asia & Pacific,Upper middle income,2020,14801.3420829185,14.8,9.602473136919185,protected_wdi_snapshot
MNG,Mongolia,East Asia & Pacific,Upper middle income,2021,14792.2509086422,14.3,9.601858735378629,protected_wdi_snapshot
MNG,Mongolia,East Asia & Pacific,Upper middle income,2022,15310.4349469163,13.9,9.636289897583026,protected_wdi_snapshot
MOZ,Mozambique,Sub-Saharan Africa,Low income,2000,711.976393527396,164.6,6.56804475570418,protected_wdi_snapshot
MOZ,Mozambique,Sub-Saharan Africa,Low income,2001,785.790173616246,155.7,6.666689802103751,protected_wdi_snapshot
MOZ,Mozambique,Sub-Saharan Africa,Low income,2002,842.645266172761,147.5,6.736546070120408,protected_wdi_snapshot
MOZ,Mozambique,Sub-Saharan Africa,Low income,2003,883.239121472194,139.8,6.783595969686977,protected_wdi_snapshot
MOZ,Mozambique,Sub-Saharan Africa,Low income,2004,934.133964844421,132.5,6.839619859254499,protected_wdi_snapshot
MOZ,Mozambique,Sub-Saharan Africa,Low income,2005,970.38995609863,125.7,6.877698007306933,protected_wdi_snapshot
MOZ,Mozambique,Sub-Saharan Africa,Low income,2006,1041.80471709595,118.8,6.94870979313339,protected_wdi_snapshot
MOZ,Mozambique,Sub-Saharan Africa,Low income,2007,1095.12568701598,110.7,6.998624418326571,protected_wdi_snapshot
MOZ,Mozambique,Sub-Saharan Africa,Low income,2008,1141.94256161019,104.4,7.040486092637735,protected_wdi_snapshot
MOZ,Mozambique,Sub-Saharan Africa,Low income,2009,1178.70909947834,98.3,7.072175135130052,protected_wdi_snapshot
MOZ,Mozambique,Sub-Saharan Africa,Low income,2010,1224.23020471309,95.6,7.110067521134234,protected_wdi_snapshot
MOZ,Mozambique,Sub-Saharan Africa,Low income,2011,1275.52959822581,91.1,7.151116742507306,protected_wdi_snapshot
MOZ,Mozambique,Sub-Saharan Africa,Low income,2012,1338.51594866104,86.5,7.19931677821332,protected_wdi_snapshot
MOZ,Mozambique,Sub-Saharan Africa,Low income,2013,1385.83254864214,82.9,7.234056356175462,protected_wdi_snapshot
MOZ,Mozambique,Sub-Saharan Africa,Low income,2014,1449.92926632722,79.7,7.279270052381451,protected_wdi_snapshot
MOZ,Mozambique,Sub-Saharan Africa,Low income,2015,1512.5997455554,75.8,7.321585135205202,protected_wdi_snapshot
MOZ,Mozambique,Sub-Saharan Africa,Low income,2016,1537.90853271216,73.3,7.338178676718515,protected_wdi_snapshot
MOZ,Mozambique,Sub-Saharan Africa,Low income,2017,1532.0073576114,72,7.334334152907411,protected_wdi_snapshot
MOZ,Mozambique,Sub-Saharan Africa,Low income,2018,1538.83512127022,70.2,7.338780994422087,protected_wdi_snapshot
MOZ,Mozambique,Sub-Saharan Africa,Low income,2019,1528.88988354373,68.6,7.332297184724564,protected_wdi_snapshot
MOZ,Mozambique,Sub-Saharan Africa,Low income,2020,1466.12476474476,67.6,7.290377984381095,protected_wdi_snapshot
MOZ,Mozambique,Sub-Saharan Africa,Low income,2021,1457.23540930922,65.5,7.284296364392583,protected_wdi_snapshot
MOZ,Mozambique,Sub-Saharan Africa,Low income,2022,1476.73432917026,63.9,7.2975883944298445,protected_wdi_snapshot
MRT,Mauritania,Sub-Saharan Africa,Lower middle income,2000,5008.60806518774,98,8.518913324176793,protected_wdi_snapshot
MRT,Mauritania,Sub-Saharan Africa,Lower middle income,2001,4847.41085992453,93.4,8.486199998071923,protected_wdi_snapshot
MRT,Mauritania,Sub-Saharan Africa,Lower middle income,2002,4806.89853329148,88.2,8.477807359556241,protected_wdi_snapshot
MRT,Mauritania,Sub-Saharan Africa,Lower middle income,2003,5023.65213216804,82.8,8.521912464542162,protected_wdi_snapshot
MRT,Mauritania,Sub-Saharan Africa,Lower middle income,2004,5139.22552032468,77.5,8.54465767011666,protected_wdi_snapshot
MRT,Mauritania,Sub-Saharan Africa,Lower middle income,2005,5445.82950903243,72.5,8.60260536702065,protected_wdi_snapshot
MRT,Mauritania,Sub-Saharan Africa,Lower middle income,2006,6284.70209004217,68.1,8.745873719748525,protected_wdi_snapshot
MRT,Mauritania,Sub-Saharan Africa,Lower middle income,2007,6002.77832134488,64.3,8.699977694591459,protected_wdi_snapshot
MRT,Mauritania,Sub-Saharan Africa,Lower middle income,2008,5813.35608502791,61.3,8.667913322496132,protected_wdi_snapshot
MRT,Mauritania,Sub-Saharan Africa,Lower middle income,2009,5639.78744910419,58.8,8.637601657452914,protected_wdi_snapshot
MRT,Mauritania,Sub-Saharan Africa,Lower middle income,2010,5605.76388862715,56.8,8.63155061321863,protected_wdi_snapshot
MRT,Mauritania,Sub-Saharan Africa,Lower middle income,2011,5653.21720092427,55.1,8.63998007817745,protected_wdi_snapshot
MRT,Mauritania,Sub-Saharan Africa,Lower middle income,2012,5716.25195414285,53.5,8.651068616829692,protected_wdi_snapshot
MRT,Mauritania,Sub-Saharan Africa,Lower middle income,2013,5769.72870902318,52.1,8.660380340896472,protected_wdi_snapshot
MRT,Mauritania,Sub-Saharan Africa,Lower middle income,2014,5837.85203095508,50.6,8.67211820524754,protected_wdi_snapshot
MRT,Mauritania,Sub-Saharan Africa,Lower middle income,2015,5969.54239289516,49.1,8.694425552342464,protected_wdi_snapshot
MRT,Mauritania,Sub-Saharan Africa,Lower middle income,2016,5866.28144674129,47.7,8.676976227714977,protected_wdi_snapshot
MRT,Mauritania,Sub-Saharan Africa,Lower middle income,2017,6050.62180325299,46.2,8.707916323140841,protected_wdi_snapshot
MRT,Mauritania,Sub-Saharan Africa,Lower middle income,2018,6153.63790241704,44.7,8.724798714764637,protected_wdi_snapshot
MRT,Mauritania,Sub-Saharan Africa,Lower middle income,2019,6162.21044455969,43.4,8.726190830563011,protected_wdi_snapshot
MRT,Mauritania,Sub-Saharan Africa,Lower middle income,2020,5963.23549724988,42,8.693368481425596,protected_wdi_snapshot
MRT,Mauritania,Sub-Saharan Africa,Lower middle income,2021,5836.56580821897,40.7,8.671897856317248,protected_wdi_snapshot
MRT,Mauritania,Sub-Saharan Africa,Lower middle income,2022,6053.26178124768,39.4,8.708352543138847,protected_wdi_snapshot
MUS,Mauritius,Sub-Saharan Africa,Upper middle income,2000,13373.655799097,18.8,9.50104206571155,protected_wdi_snapshot
MUS,Mauritius,Sub-Saharan Africa,Upper middle income,2001,13712.5793901042,17.5,9.526068894182346,protected_wdi_snapshot
MUS,Mauritius,Sub-Saharan Africa,Upper middle income,2002,13837.6258025605,16.6,9.535146668398186,protected_wdi_snapshot
MUS,Mauritius,Sub-Saharan Africa,Upper middle income,2003,14551.8784442579,16,9.58547536696474,protected_wdi_snapshot
MUS,Mauritius,Sub-Saharan Africa,Upper middle income,2004,15087.0687832797,15.7,9.621593283938829,protected_wdi_snapshot
MUS,Mauritius,Sub-Saharan Africa,Upper middle income,2005,15264.5981839157,15.6,9.633291582118023,protected_wdi_snapshot
MUS,Mauritius,Sub-Saharan Africa,Upper middle income,2006,15932.8192222795,15.4,9.676136362906735,protected_wdi_snapshot
MUS,Mauritius,Sub-Saharan Africa,Upper middle income,2007,16774.5685137565,15.2,9.727619239527337,protected_wdi_snapshot
MUS,Mauritius,Sub-Saharan Africa,Upper middle income,2008,17627.1121948078,15,9.777193461340289,protected_wdi_snapshot
MUS,Mauritius,Sub-Saharan Africa,Upper middle income,2009,18171.6870025783,14.9,9.807620002571717,protected_wdi_snapshot
MUS,Mauritius,Sub-Saharan Africa,Upper middle income,2010,18925.5713852829,14.8,9.848269269938802,protected_wdi_snapshot
MUS,Mauritius,Sub-Saharan Africa,Upper middle income,2011,19678.6022639733,14.9,9.887287144911891,protected_wdi_snapshot
MUS,Mauritius,Sub-Saharan Africa,Upper middle income,2012,20313.0328941469,15,9.919017973516738,protected_wdi_snapshot
MUS,Mauritius,Sub-Saharan Africa,Upper middle income,2013,20952.3775734986,14.9,9.950007406906169,protected_wdi_snapshot
MUS,Mauritius,Sub-Saharan Africa,Upper middle income,2014,21721.3096444788,14.7,9.986049068937225,protected_wdi_snapshot
MUS,Mauritius,Sub-Saharan Africa,Upper middle income,2015,22499.0254570551,14.5,10.021227274234702,protected_wdi_snapshot
MUS,Mauritius,Sub-Saharan Africa,Upper middle income,2016,23357.230006621,14.6,10.05866185142749,protected_wdi_snapshot
MUS,Mauritius,Sub-Saharan Africa,Upper middle income,2017,24258.988821567,15,10.096542500737653,protected_wdi_snapshot
MUS,Mauritius,Sub-Saharan Africa,Upper middle income,2018,25243.886462031,15.4,10.136339285072046,protected_wdi_snapshot
MUS,Mauritius,Sub-Saharan Africa,Upper middle income,2019,25958.4900281465,15.7,10.164254003800723,protected_wdi_snapshot
MUS,Mauritius,Sub-Saharan Africa,Upper middle income,2020,22272.5398696677,15.8,10.011109802678176,protected_wdi_snapshot
MUS,Mauritius,Sub-Saharan Africa,Upper middle income,2021,23010.2013826906,15.7,10.043692934955068,protected_wdi_snapshot
MUS,Mauritius,Sub-Saharan Africa,Upper middle income,2022,25005.0666145723,15.5,10.126833747899537,protected_wdi_snapshot
MWI,Malawi,Sub-Saharan Africa,Low income,2000,1239.39174838676,171,7.122376012757546,protected_wdi_snapshot
MWI,Malawi,Sub-Saharan Africa,Low income,2001,1149.58039601898,239,7.047152281747962,protected_wdi_snapshot
MWI,Malawi,Sub-Saharan Africa,Low income,2002,1140.84274642418,143.2,7.039522519526208,protected_wdi_snapshot
MWI,Malawi,Sub-Saharan Africa,Low income,2003,1176.12385998737,130,7.0699794460309935,protected_wdi_snapshot
MWI,Malawi,Sub-Saharan Africa,Low income,2004,1208.2196975075,118.7,7.096903230756235,protected_wdi_snapshot
MWI,Malawi,Sub-Saharan Africa,Low income,2005,1214.7426419188,109.7,7.1022875159874035,protected_wdi_snapshot
MWI,Malawi,Sub-Saharan Africa,Low income,2006,1237.27386519947,102.7,7.120665742552388,protected_wdi_snapshot
MWI,Malawi,Sub-Saharan Africa,Low income,2007,1318.33196397214,96.9,7.184122552826764,protected_wdi_snapshot
MWI,Malawi,Sub-Saharan Africa,Low income,2008,1378.42886690465,91,7.22869962732224,protected_wdi_snapshot
MWI,Malawi,Sub-Saharan Africa,Low income,2009,1449.72601522136,85.3,7.2791298625406196,protected_wdi_snapshot
MWI,Malawi,Sub-Saharan Africa,Low income,2010,1504.37514113215,80.1,7.316132902351806,protected_wdi_snapshot
MWI,Malawi,Sub-Saharan Africa,Low income,2011,1533.22889572405,74,7.335131180005069,protected_wdi_snapshot
MWI,Malawi,Sub-Saharan Africa,Low income,2012,1518.14803849238,67.9,7.325246475264099,protected_wdi_snapshot
MWI,Malawi,Sub-Saharan Africa,Low income,2013,1555.50607410511,62.9,7.349556221251386,protected_wdi_snapshot
MWI,Malawi,Sub-Saharan Africa,Low income,2014,1597.56484331405,60,7.376235775921846,protected_wdi_snapshot
MWI,Malawi,Sub-Saharan Africa,Low income,2015,1597.69145324855,57.4,7.376315024609785,protected_wdi_snapshot
MWI,Malawi,Sub-Saharan Africa,Low income,2016,1593.59549264808,55.8,7.37374805841775,protected_wdi_snapshot
MWI,Malawi,Sub-Saharan Africa,Low income,2017,1613.0593571462,53.8,7.385887876670825,protected_wdi_snapshot
MWI,Malawi,Sub-Saharan Africa,Low income,2018,1638.91665761076,52,7.40179072791511,protected_wdi_snapshot
MWI,Malawi,Sub-Saharan Africa,Low income,2019,1687.28944917892,51.3,7.430878644105218,protected_wdi_snapshot
MWI,Malawi,Sub-Saharan Africa,Low income,2020,1656.43985192533,50.4,7.412425910742852,protected_wdi_snapshot
MWI,Malawi,Sub-Saharan Africa,Low income,2021,1687.59358179651,50,7.431058877088478,protected_wdi_snapshot
MWI,Malawi,Sub-Saharan Africa,Low income,2022,1659.95933825168,50.1,7.4145483860214725,protected_wdi_snapshot
MYS,Malaysia,East Asia & Pacific,Upper middle income,2000,18532.9096706227,9.9,9.827303331810507,protected_wdi_snapshot
MYS,Malaysia,East Asia & Pacific,Upper middle income,2001,18186.4411330146,9.3,9.808431602728422,protected_wdi_snapshot
MYS,Malaysia,East Asia & Pacific,Upper middle income,2002,18708.8694877279,8.8,9.836752994552588,protected_wdi_snapshot
MYS,Malaysia,East Asia & Pacific,Upper middle income,2003,19329.0062757538,8.6,9.869362162487429,protected_wdi_snapshot
MYS,Malaysia,East Asia & Pacific,Upper middle income,2004,20168.5062099425,8.4,9.911877568212745,protected_wdi_snapshot
MYS,Malaysia,East Asia & Pacific,Upper middle income,2005,20767.5857243346,8.3,9.941148671516654,protected_wdi_snapshot
MYS,Malaysia,East Asia & Pacific,Upper middle income,2006,21444.4857715028,8.3,9.97322281771747,protected_wdi_snapshot
MYS,Malaysia,East Asia & Pacific,Upper middle income,2007,22305.118263117,8.3,10.012571449638289,protected_wdi_snapshot
MYS,Malaysia,East Asia & Pacific,Upper middle income,2008,22898.0027575442,8.2,10.038804969911045,protected_wdi_snapshot
MYS,Malaysia,East Asia & Pacific,Upper middle income,2009,22106.6417311801,8.2,10.00363337317813,protected_wdi_snapshot
MYS,Malaysia,East Asia & Pacific,Upper middle income,2010,23307.9698543785,8.1,10.056550634902703,protected_wdi_snapshot
MYS,Malaysia,East Asia & Pacific,Upper middle income,2011,24115.8181203958,8.1,10.09062325771636,protected_wdi_snapshot
MYS,Malaysia,East Asia & Pacific,Upper middle income,2012,25006.3587781537,8,10.126885422634722,protected_wdi_snapshot
MYS,Malaysia,East Asia & Pacific,Upper middle income,2013,25736.3525554142,8,10.155659767745385,protected_wdi_snapshot
MYS,Malaysia,East Asia & Pacific,Upper middle income,2014,26818.4317281659,8.1,10.19684468115754,protected_wdi_snapshot
MYS,Malaysia,East Asia & Pacific,Upper middle income,2015,27699.6278860387,8.2,10.229174258368182,protected_wdi_snapshot
MYS,Malaysia,East Asia & Pacific,Upper middle income,2016,28425.3707609412,8.2,10.255037362014452,protected_wdi_snapshot
MYS,Malaysia,East Asia & Pacific,Upper middle income,2017,29551.5457597197,8.2,10.293891331439719,protected_wdi_snapshot
MYS,Malaysia,East Asia & Pacific,Upper middle income,2018,30459.9655338061,8.2,10.324168494925404,protected_wdi_snapshot
MYS,Malaysia,East Asia & Pacific,Upper middle income,2019,31300.5086554849,8.2,10.351389627370157,protected_wdi_snapshot
MYS,Malaysia,East Asia & Pacific,Upper middle income,2020,29200.452632127,8.2,10.281939489236471,protected_wdi_snapshot
MYS,Malaysia,East Asia & Pacific,Upper middle income,2021,29822.8491831618,8.2,10.303030129802847,protected_wdi_snapshot
MYS,Malaysia,East Asia & Pacific,Upper middle income,2022,32129.2217820113,8.2,10.377521230901893,protected_wdi_snapshot
NAM,Namibia,Sub-Saharan Africa,Lower middle income,2000,7858.38789521253,78.2,8.969336761996617,protected_wdi_snapshot
NAM,Namibia,Sub-Saharan Africa,Lower middle income,2001,7786.54169496761,77.6,8.960152098697607,protected_wdi_snapshot
NAM,Namibia,Sub-Saharan Africa,Lower middle income,2002,8017.28134128559,76.6,8.98935465851509,protected_wdi_snapshot
NAM,Namibia,Sub-Saharan Africa,Lower middle income,2003,8237.36597245597,75.6,9.016435908263341,protected_wdi_snapshot
NAM,Namibia,Sub-Saharan Africa,Lower middle income,2004,9130.82442337694,74.4,9.11941126780119,protected_wdi_snapshot
NAM,Namibia,Sub-Saharan Africa,Lower middle income,2005,9245.1365329555,71,9.131852912014555,protected_wdi_snapshot
NAM,Namibia,Sub-Saharan Africa,Lower middle income,2006,9773.29833199798,66,9.187409286016171,protected_wdi_snapshot
NAM,Namibia,Sub-Saharan Africa,Lower middle income,2007,10162.2400708746,62,9.226434176247249,protected_wdi_snapshot
NAM,Namibia,Sub-Saharan Africa,Lower middle income,2008,10286.5124067605,57.5,9.23858884103425,protected_wdi_snapshot
NAM,Namibia,Sub-Saharan Africa,Lower middle income,2009,10166.2899453939,53.2,9.226832618689437,protected_wdi_snapshot
NAM,Namibia,Sub-Saharan Africa,Lower middle income,2010,10614.6201576671,50.3,9.269987589951853,protected_wdi_snapshot
NAM,Namibia,Sub-Saharan Africa,Lower middle income,2011,10965.2729759535,50,9.302488555749905,protected_wdi_snapshot
NAM,Namibia,Sub-Saharan Africa,Lower middle income,2012,11266.6089486464,52.6,9.329598669888671,protected_wdi_snapshot
NAM,Namibia,Sub-Saharan Africa,Lower middle income,2013,11593.5753768689,50.8,9.358206376843004,protected_wdi_snapshot
NAM,Namibia,Sub-Saharan Africa,Lower middle income,2014,11982.6963648348,50,9.391218918534378,protected_wdi_snapshot
NAM,Namibia,Sub-Saharan Africa,Lower middle income,2015,12166.5658392058,51.8,9.40644696367957,protected_wdi_snapshot
NAM,Namibia,Sub-Saharan Africa,Lower middle income,2016,11846.7880832757,51.4,9.379812061998342,protected_wdi_snapshot
NAM,Namibia,Sub-Saharan Africa,Lower middle income,2017,11408.7253099967,49.8,9.342133719700046,protected_wdi_snapshot
NAM,Namibia,Sub-Saharan Africa,Lower middle income,2018,11214.38604306,48.5,9.324952701190071,protected_wdi_snapshot
NAM,Namibia,Sub-Saharan Africa,Lower middle income,2019,10813.3044681944,46.6,9.288532550155185,protected_wdi_snapshot
NAM,Namibia,Sub-Saharan Africa,Lower middle income,2020,9652.24827219463,44.8,9.174946148771612,protected_wdi_snapshot
NAM,Namibia,Sub-Saharan Africa,Lower middle income,2021,9709.09930646771,43.2,9.180818797607847,protected_wdi_snapshot
NAM,Namibia,Sub-Saharan Africa,Lower middle income,2022,9953.09752403491,41.6,9.205639090654294,protected_wdi_snapshot
NER,Niger,Sub-Saharan Africa,Low income,2000,1197.63477205432,227.9,7.0881038674654135,protected_wdi_snapshot
NER,Niger,Sub-Saharan Africa,Low income,2001,1240.385444402,217.4,7.123177452557314,protected_wdi_snapshot
NER,Niger,Sub-Saharan Africa,Low income,2002,1256.23701340852,205.9,7.135876034168695,protected_wdi_snapshot
NER,Niger,Sub-Saharan Africa,Low income,2003,1238.58780880353,194.1,7.121727145732713,protected_wdi_snapshot
NER,Niger,Sub-Saharan Africa,Low income,2004,1199.15937505794,182.4,7.089376069511707,protected_wdi_snapshot
NER,Niger,Sub-Saharan Africa,Low income,2005,1241.20064789059,171.4,7.123834454561352,protected_wdi_snapshot
NER,Niger,Sub-Saharan Africa,Low income,2006,1267.601412271,161.6,7.144881741945997,protected_wdi_snapshot
NER,Niger,Sub-Saharan Africa,Low income,2007,1260.18545165015,153.1,7.1390141729643695,protected_wdi_snapshot
NER,Niger,Sub-Saharan Africa,Low income,2008,1308.2751730424,146,7.176464886834749,protected_wdi_snapshot
NER,Niger,Sub-Saharan Africa,Low income,2009,1285.27757373191,140.3,7.158729984688683,protected_wdi_snapshot
NER,Niger,Sub-Saharan Africa,Low income,2010,1344.4988701596,136,7.203776635366134,protected_wdi_snapshot
NER,Niger,Sub-Saharan Africa,Low income,2011,1325.92646987416,132.7,7.189866716624667,protected_wdi_snapshot
NER,Niger,Sub-Saharan Africa,Low income,2012,1411.52001409831,130.3,7.252422426904609,protected_wdi_snapshot
NER,Niger,Sub-Saharan Africa,Low income,2013,1431.71115490341,128.3,7.266625619705217,protected_wdi_snapshot
NER,Niger,Sub-Saharan Africa,Low income,2014,1471.50554729559,126.8,7.294041337490132,protected_wdi_snapshot
NER,Niger,Sub-Saharan Africa,Low income,2015,1480.39815168147,125.4,7.300066351984789,protected_wdi_snapshot
NER,Niger,Sub-Saharan Africa,Low income,2016,1488.08648074655,124.3,7.30524633248549,protected_wdi_snapshot
NER,Niger,Sub-Saharan Africa,Low income,2017,1515.48307317618,123.1,7.323489527300662,protected_wdi_snapshot
NER,Niger,Sub-Saharan Africa,Low income,2018,1565.01970005142,121.9,7.355653690787308,protected_wdi_snapshot
NER,Niger,Sub-Saharan Africa,Low income,2019,1605.19476569029,120.8,7.381000377541625,protected_wdi_snapshot
NER,Niger,Sub-Saharan Africa,Low income,2020,1622.27873602911,119.5,7.391587067031623,protected_wdi_snapshot
NER,Niger,Sub-Saharan Africa,Low income,2021,1587.84784907329,118,7.37013482429059,protected_wdi_snapshot
NER,Niger,Sub-Saharan Africa,Low income,2022,1724.89699425215,116,7.452922614205525,protected_wdi_snapshot
NGA,Nigeria,Sub-Saharan Africa,Lower middle income,2000,4889.00321921229,177.3,8.494743721038704,protected_wdi_snapshot
NGA,Nigeria,Sub-Saharan Africa,Lower middle income,2001,5039.54869754112,170.5,8.525071812917432,protected_wdi_snapshot
NGA,Nigeria,Sub-Saharan Africa,Lower middle income,2002,5654.89706044216,163.9,8.64027718510287,protected_wdi_snapshot
NGA,Nigeria,Sub-Saharan Africa,Lower middle income,2003,5905.31482781101,157.4,8.683608042673582,protected_wdi_snapshot
NGA,Nigeria,Sub-Saharan Africa,Lower middle income,2004,6275.29894506434,151.4,8.74437640351291,protected_wdi_snapshot
NGA,Nigeria,Sub-Saharan Africa,Lower middle income,2005,6496.93228175977,145.8,8.779085387824791,protected_wdi_snapshot
NGA,Nigeria,Sub-Saharan Africa,Lower middle income,2006,6702.94533333874,140.9,8.810302310773267,protected_wdi_snapshot
NGA,Nigeria,Sub-Saharan Africa,Lower middle income,2007,6949.42650711567,136.5,8.846414418192351,protected_wdi_snapshot
NGA,Nigeria,Sub-Saharan Africa,Lower middle income,2008,7215.76946195762,132.5,8.884024113055501,protected_wdi_snapshot
NGA,Nigeria,Sub-Saharan Africa,Lower middle income,2009,7581.40572089092,129.2,8.933453912747321,protected_wdi_snapshot
NGA,Nigeria,Sub-Saharan Africa,Lower middle income,2010,7962.63957281031,126.3,8.982515828494178,protected_wdi_snapshot
NGA,Nigeria,Sub-Saharan Africa,Lower middle income,2011,8153.53178650271,123.8,9.006206460403908,protected_wdi_snapshot
NGA,Nigeria,Sub-Saharan Africa,Lower middle income,2012,8265.90551181051,121.6,9.019894564061572,protected_wdi_snapshot
NGA,Nigeria,Sub-Saharan Africa,Lower middle income,2013,8581.20782264031,119.9,9.057329954444079,protected_wdi_snapshot
NGA,Nigeria,Sub-Saharan Africa,Lower middle income,2014,8884.77428628672,118.7,9.092094336359114,protected_wdi_snapshot
NGA,Nigeria,Sub-Saharan Africa,Lower middle income,2015,8892.05798673631,117.8,9.09291379628823,protected_wdi_snapshot
NGA,Nigeria,Sub-Saharan Africa,Lower middle income,2016,8534.69281482375,117.4,9.051894643347536,protected_wdi_snapshot
NGA,Nigeria,Sub-Saharan Africa,Lower middle income,2017,8396.78452243227,117.2,9.035604116598178,protected_wdi_snapshot
NGA,Nigeria,Sub-Saharan Africa,Lower middle income,2018,8362.62330860296,117.2,9.031527449751145,protected_wdi_snapshot
NGA,Nigeria,Sub-Saharan Africa,Lower middle income,2019,8361.78664836,117.4,9.03142739716384,protected_wdi_snapshot
NGA,Nigeria,Sub-Saharan Africa,Lower middle income,2020,7664.21099575168,117.4,8.944316850032651,protected_wdi_snapshot
NGA,Nigeria,Sub-Saharan Africa,Lower middle income,2021,7588.47885587002,117.6,8.934386436057682,protected_wdi_snapshot
NGA,Nigeria,Sub-Saharan Africa,Lower middle income,2022,7752.26206495247,117.5,8.955739959107609,protected_wdi_snapshot
NIC,Nicaragua,Latin America & Caribbean,Lower middle income,2000,4878.2474679883,37.1,8.492541308933985,protected_wdi_snapshot
NIC,Nicaragua,Latin America & Caribbean,Lower middle income,2001,4958.32740448527,35.3,8.508823746010943,protected_wdi_snapshot
NIC,Nicaragua,Latin America & Caribbean,Lower middle income,2002,4935.48508468148,33.8,8.504206241805251,protected_wdi_snapshot
NIC,Nicaragua,Latin America & Caribbean,Lower middle income,2003,5000.61145616409,32.4,8.517315475172092,protected_wdi_snapshot
NIC,Nicaragua,Latin America & Caribbean,Lower middle income,2004,5204.38170601052,31.1,8.557256185522558,protected_wdi_snapshot
NIC,Nicaragua,Latin America & Caribbean,Lower middle income,2005,5356.95817825808,29.7,8.586151588917144,protected_wdi_snapshot
NIC,Nicaragua,Latin America & Caribbean,Lower middle income,2006,5500.40543544526,28.4,8.612577084039208,protected_wdi_snapshot
NIC,Nicaragua,Latin America & Caribbean,Lower middle income,2007,5697.2107429964,27.1,8.647731990721153,protected_wdi_snapshot
NIC,Nicaragua,Latin America & Caribbean,Lower middle income,2008,5809.09928522386,25.8,8.667180809467038,protected_wdi_snapshot
NIC,Nicaragua,Latin America & Caribbean,Lower middle income,2009,5538.36555049931,24.5,8.619454709226623,protected_wdi_snapshot
NIC,Nicaragua,Latin America & Caribbean,Lower middle income,2010,5701.12754906379,23.2,8.648419249884936,protected_wdi_snapshot
NIC,Nicaragua,Latin America & Caribbean,Lower middle income,2011,5976.25247519395,21.9,8.695548974111983,protected_wdi_snapshot
NIC,Nicaragua,Latin America & Caribbean,Lower middle income,2012,6275.78730248003,20.6,8.7444542226604,protected_wdi_snapshot
NIC,Nicaragua,Latin America & Caribbean,Lower middle income,2013,6494.14920922407,19.4,8.778656928873131,protected_wdi_snapshot
NIC,Nicaragua,Latin America & Caribbean,Lower middle income,2014,6712.21708286288,18.3,8.811684590124464,protected_wdi_snapshot
NIC,Nicaragua,Latin America & Caribbean,Lower middle income,2015,6939.03243274344,17.2,8.844917624868081,protected_wdi_snapshot
NIC,Nicaragua,Latin America & Caribbean,Lower middle income,2016,7158.75755467501,16.1,8.876091719013955,protected_wdi_snapshot
NIC,Nicaragua,Latin America & Caribbean,Lower middle income,2017,7391.19638215265,15.3,8.90804489287604,protected_wdi_snapshot
NIC,Nicaragua,Latin America & Caribbean,Lower middle income,2018,7049.02709828403,14.6,8.860644886040005,protected_wdi_snapshot
NIC,Nicaragua,Latin America & Caribbean,Lower middle income,2019,6756.59334024487,14.3,8.818274098263922,protected_wdi_snapshot
NIC,Nicaragua,Latin America & Caribbean,Lower middle income,2020,6523.36944661195,14.2,8.783146307722827,protected_wdi_snapshot
NIC,Nicaragua,Latin America & Caribbean,Lower middle income,2021,7119.16874782601,14.2,8.870546248689497,protected_wdi_snapshot
NIC,Nicaragua,Latin America & Caribbean,Lower middle income,2022,7277.82041652584,14.3,8.892586703029238,protected_wdi_snapshot
NLD,Netherlands,Europe & Central Asia,High income,2000,56016.8327946434,6.2,10.933407510169111,protected_wdi_snapshot
NLD,Netherlands,Europe & Central Asia,High income,2001,56887.3976406444,6,10.948829112993803,protected_wdi_snapshot
NLD,Netherlands,Europe & Central Asia,High income,2002,56664.4027354437,5.9,10.944901474838733,protected_wdi_snapshot
NLD,Netherlands,Europe & Central Asia,High income,2003,56452.8695506734,5.7,10.941161401778716,protected_wdi_snapshot
NLD,Netherlands,Europe & Central Asia,High income,2004,57391.3516342059,5.5,10.95764890256241,protected_wdi_snapshot
NLD,Netherlands,Europe & Central Asia,High income,2005,58422.0304069674,5.3,10.975448330677859,protected_wdi_snapshot
NLD,Netherlands,Europe & Central Asia,High income,2006,60391.5155033324,5.1,11.008603902256686,protected_wdi_snapshot
NLD,Netherlands,Europe & Central Asia,High income,2007,62601.6612832425,4.9,11.044547094807028,protected_wdi_snapshot
NLD,Netherlands,Europe & Central Asia,High income,2008,63678.4005491428,4.7,11.06160070319816,protected_wdi_snapshot
NLD,Netherlands,Europe & Central Asia,High income,2009,61029.7329801783,4.6,11.019116450306592,protected_wdi_snapshot
NLD,Netherlands,Europe & Central Asia,High income,2010,61518.5768954231,4.4,11.027094471522876,protected_wdi_snapshot
NLD,Netherlands,Europe & Central Asia,High income,2011,62318.1391154389,4.3,11.040007819948597,protected_wdi_snapshot
NLD,Netherlands,Europe & Central Asia,High income,2012,61480.8416416324,4.2,11.026480887240554,protected_wdi_snapshot
NLD,Netherlands,Europe & Central Asia,High income,2013,61281.3125686741,4.2,11.023230223386685,protected_wdi_snapshot
NLD,Netherlands,Europe & Central Asia,High income,2014,62045.849197561,4.1,11.035628893915943,protected_wdi_snapshot
NLD,Netherlands,Europe & Central Asia,High income,2015,63081.4083495966,4.1,11.052181367232256,protected_wdi_snapshot
NLD,Netherlands,Europe & Central Asia,High income,2016,64267.7476553623,4.1,11.070813192712533,protected_wdi_snapshot
NLD,Netherlands,Europe & Central Asia,High income,2017,65665.9910229578,4,11.092336430008594,protected_wdi_snapshot
NLD,Netherlands,Europe & Central Asia,High income,2018,66758.2454283317,4,11.108833095649867,protected_wdi_snapshot
NLD,Netherlands,Europe & Central Asia,High income,2019,67847.8818461095,4,11.125023446590154,protected_wdi_snapshot
NLD,Netherlands,Europe & Central Asia,High income,2020,64862.1890353474,4,11.08002012945132,protected_wdi_snapshot
NLD,Netherlands,Europe & Central Asia,High income,2021,68573.5648786447,4,11.135662387823706,protected_wdi_snapshot
NLD,Netherlands,Europe & Central Asia,High income,2022,71324.0360229425,4,11.174988660714414,protected_wdi_snapshot
NOR,Norway,Europe & Central Asia,High income,2000,76775.9420600924,4.9,11.248646615635467,protected_wdi_snapshot
NOR,Norway,Europe & Central Asia,High income,2001,78041.0146260585,4.7,11.264989796011559,protected_wdi_snapshot
NOR,Norway,Europe & Central Asia,High income,2002,78752.5931631095,4.6,11.27406648520109,protected_wdi_snapshot
NOR,Norway,Europe & Central Asia,High income,2003,79150.3962863661,4.4,11.279105072073202,protected_wdi_snapshot
NOR,Norway,Europe & Central Asia,High income,2004,82091.1935035949,4.2,11.315586024201112,protected_wdi_snapshot
NOR,Norway,Europe & Central Asia,High income,2005,83955.3365007578,4.1,11.33804022809414,protected_wdi_snapshot
NOR,Norway,Europe & Central Asia,High income,2006,85653.1367825864,3.9,11.358061126345941,protected_wdi_snapshot
NOR,Norway,Europe & Central Asia,High income,2007,87670.8617980792,3.7,11.381344874556893,protected_wdi_snapshot
NOR,Norway,Europe & Central Asia,High income,2008,87297.3980291813,3.6,11.377075936448596,protected_wdi_snapshot
NOR,Norway,Europe & Central Asia,High income,2009,84812.6851277638,3.4,11.34820039936351,protected_wdi_snapshot
NOR,Norway,Europe & Central Asia,High income,2010,84604.5143891947,3.3,11.345742905745041,protected_wdi_snapshot
NOR,Norway,Europe & Central Asia,High income,2011,84670.8344398355,3.1,11.346526481788368,protected_wdi_snapshot
NOR,Norway,Europe & Central Asia,High income,2012,85925.8723352057,3,11.361240253952863,protected_wdi_snapshot
NOR,Norway,Europe & Central Asia,High income,2013,85973.7694976801,2.9,11.361797522870974,protected_wdi_snapshot
NOR,Norway,Europe & Central Asia,High income,2014,86790.7924625691,2.8,11.371255817401641,protected_wdi_snapshot
NOR,Norway,Europe & Central Asia,High income,2015,87688.1196708993,2.7,11.381541703629818,protected_wdi_snapshot
NOR,Norway,Europe & Central Asia,High income,2016,88041.6414808956,2.6,11.385565180183711,protected_wdi_snapshot
NOR,Norway,Europe & Central Asia,High income,2017,89664.9086415829,2.5,11.403834763495961,protected_wdi_snapshot
NOR,Norway,Europe & Central Asia,High income,2018,90064.0687974358,2.5,11.408276571576272,protected_wdi_snapshot
NOR,Norway,Europe & Central Asia,High income,2019,90772.9017041865,2.4,11.416116080666285,protected_wdi_snapshot
NOR,Norway,Europe & Central Asia,High income,2020,89012.2723804504,2.4,11.396529531123234,protected_wdi_snapshot
NOR,Norway,Europe & Central Asia,High income,2021,92205.7698636049,2.4,11.43177798745221,protected_wdi_snapshot
NOR,Norway,Europe & Central Asia,High income,2022,95109.8201605729,2.4,11.462787504617456,protected_wdi_snapshot
NPL,Nepal,South Asia,Lower middle income,2000,2340.81563141298,78.7,7.758254708051569,protected_wdi_snapshot
NPL,Nepal,South Asia,Lower middle income,2001,2413.8142127556,74.3,7.788963436291245,protected_wdi_snapshot
NPL,Nepal,South Asia,Lower middle income,2002,2380.24424587571,70.2,7.774958385717531,protected_wdi_snapshot
NPL,Nepal,South Asia,Lower middle income,2003,2439.49479601556,66.5,7.799546246035973,protected_wdi_snapshot
NPL,Nepal,South Asia,Lower middle income,2004,2521.54105171428,63.1,7.832625522056184,protected_wdi_snapshot
NPL,Nepal,South Asia,Lower middle income,2005,2580.23106308364,60,7.85563423324021,protected_wdi_snapshot
NPL,Nepal,South Asia,Lower middle income,2006,2641.34799494749,57.3,7.879044669973198,protected_wdi_snapshot
NPL,Nepal,South Asia,Lower middle income,2007,2708.7143922589,54.7,7.904229407312907,protected_wdi_snapshot
NPL,Nepal,South Asia,Lower middle income,2008,2852.60983167965,52.4,7.955989584651303,protected_wdi_snapshot
NPL,Nepal,South Asia,Lower middle income,2009,2961.83900365912,50.1,7.993565639420441,protected_wdi_snapshot
NPL,Nepal,South Asia,Lower middle income,2010,3085.31407004502,47.9,8.034408736682785,protected_wdi_snapshot
NPL,Nepal,South Asia,Lower middle income,2011,3176.65040602417,45.8,8.063582589191855,protected_wdi_snapshot
NPL,Nepal,South Asia,Lower middle income,2012,3316.50073452021,43.7,8.106665510440095,protected_wdi_snapshot
NPL,Nepal,South Asia,Lower middle income,2013,3426.5579593796,41.7,8.139311525921373,protected_wdi_snapshot
NPL,Nepal,South Asia,Lower middle income,2014,3621.73168937112,39.7,8.19470755766828,protected_wdi_snapshot
NPL,Nepal,South Asia,Lower middle income,2015,3745.26182249477,37.8,8.228246806056221,protected_wdi_snapshot
NPL,Nepal,South Asia,Lower middle income,2016,3743.7445783578,36,8.227841613677816,protected_wdi_snapshot
NPL,Nepal,South Asia,Lower middle income,2017,4071.70431755798,34.2,8.311816942027555,protected_wdi_snapshot
NPL,Nepal,South Asia,Lower middle income,2018,4371.38571771897,32.6,8.382835335700925,protected_wdi_snapshot
NPL,Nepal,South Asia,Lower middle income,2019,4607.52454717112,31,8.43544601718494,protected_wdi_snapshot
NPL,Nepal,South Asia,Lower middle income,2020,4412.5420439395,29.6,8.392206229567716,protected_wdi_snapshot
NPL,Nepal,South Asia,Lower middle income,2021,4546.22970006289,28.3,8.422053531086476,protected_wdi_snapshot
NPL,Nepal,South Asia,Lower middle income,2022,4763.38751073946,27.1,8.468714356034255,protected_wdi_snapshot
NRU,Naoero,East Asia & Pacific,High income,2000,8846.08124781221,41.1,9.08772984308112,protected_wdi_snapshot
NRU,Naoero,East Asia & Pacific,High income,2001,8278.92548134223,39.4,9.021468466173333,protected_wdi_snapshot
NRU,Naoero,East Asia & Pacific,High income,2002,7488.89152702519,37.9,8.921176071837511,protected_wdi_snapshot
NRU,Naoero,East Asia & Pacific,High income,2003,7527.37549326971,36.5,8.926301719969308,protected_wdi_snapshot
NRU,Naoero,East Asia & Pacific,High income,2004,7201.87093721601,35.2,8.882096123639474,protected_wdi_snapshot
NRU,Naoero,East Asia & Pacific,High income,2005,7209.75436644373,34,8.883190161244245,protected_wdi_snapshot
NRU,Naoero,East Asia & Pacific,High income,2006,7830.71818547398,32.7,8.965809507061374,protected_wdi_snapshot
NRU,Naoero,East Asia & Pacific,High income,2007,6110.38387689914,31.4,8.717744877835134,protected_wdi_snapshot
NRU,Naoero,East Asia & Pacific,High income,2008,7340.51910638777,29.8,8.901164842048924,protected_wdi_snapshot
NRU,Naoero,East Asia & Pacific,High income,2009,6927.86734285808,28.2,8.843307302088116,protected_wdi_snapshot
NRU,Naoero,East Asia & Pacific,High income,2010,6909.24218919312,26.4,8.840615242034655,protected_wdi_snapshot
NRU,Naoero,East Asia & Pacific,High income,2011,7882.14105570292,24.6,8.972354853522619,protected_wdi_snapshot
NRU,Naoero,East Asia & Pacific,High income,2012,9640.80144364362,22.7,9.173759521456306,protected_wdi_snapshot
NRU,Naoero,East Asia & Pacific,High income,2013,9799.7380290632,20.9,9.19011093257312,protected_wdi_snapshot
NRU,Naoero,East Asia & Pacific,High income,2014,11114.3912279587,19.2,9.315996054584241,protected_wdi_snapshot
NRU,Naoero,East Asia & Pacific,High income,2015,11271.9122695363,17.5,9.330069270504962,protected_wdi_snapshot
NRU,Naoero,East Asia & Pacific,High income,2016,11531.3630078665,15.9,9.3528258203151,protected_wdi_snapshot
NRU,Naoero,East Asia & Pacific,High income,2017,10633.2766406018,14.4,9.271743668485767,protected_wdi_snapshot
NRU,Naoero,East Asia & Pacific,High income,2018,10402.6131019197,13.1,9.249812313368977,protected_wdi_snapshot
NRU,Naoero,East Asia & Pacific,High income,2019,11184.5284927206,12,9.322286717713416,protected_wdi_snapshot
NRU,Naoero,East Asia & Pacific,High income,2020,11306.0207729999,10.9,9.333090674576543,protected_wdi_snapshot
NRU,Naoero,East Asia & Pacific,High income,2021,12113.787764494,10,9.40209956753386,protected_wdi_snapshot
NRU,Naoero,East Asia & Pacific,High income,2022,12019.3492868791,9.3,9.394273070756837,protected_wdi_snapshot
NZL,New Zealand,East Asia & Pacific,High income,2000,35984.6288016116,7.4,10.490847148524288,protected_wdi_snapshot
NZL,New Zealand,East Asia & Pacific,High income,2001,36995.0603198774,7.2,10.518539677845615,protected_wdi_snapshot
NZL,New Zealand,East Asia & Pacific,High income,2002,38072.2713835052,7,10.547241510940733,protected_wdi_snapshot
NZL,New Zealand,East Asia & Pacific,High income,2003,39092.3455202712,6.9,10.573681960063665,protected_wdi_snapshot
NZL,New Zealand,East Asia & Pacific,High income,2004,40091.1399487332,6.7,10.598910639972457,protected_wdi_snapshot
NZL,New Zealand,East Asia & Pacific,High income,2005,40970.295838255,6.6,10.620602591365591,protected_wdi_snapshot
NZL,New Zealand,East Asia & Pacific,High income,2006,41596.8311289998,6.5,10.63577926856425,protected_wdi_snapshot
NZL,New Zealand,East Asia & Pacific,High income,2007,42473.1182614499,6.4,10.656626643297425,protected_wdi_snapshot
NZL,New Zealand,East Asia & Pacific,High income,2008,41682.2459069155,6.4,10.637830559498454,protected_wdi_snapshot
NZL,New Zealand,East Asia & Pacific,High income,2009,41250.9985717425,6.3,10.62743059926964,protected_wdi_snapshot
NZL,New Zealand,East Asia & Pacific,High income,2010,41395.370375582,6.2,10.630924326883573,protected_wdi_snapshot
NZL,New Zealand,East Asia & Pacific,High income,2011,41961.9202263641,6.1,10.64451782472252,protected_wdi_snapshot
NZL,New Zealand,East Asia & Pacific,High income,2012,42693.4234516571,6,10.661800169829204,protected_wdi_snapshot
NZL,New Zealand,East Asia & Pacific,High income,2013,43453.2814172317,5.9,10.679441649527345,protected_wdi_snapshot
NZL,New Zealand,East Asia & Pacific,High income,2014,44369.7664241859,5.8,10.700313580085623,protected_wdi_snapshot
NZL,New Zealand,East Asia & Pacific,High income,2015,45097.016468387,5.6,10.716571369608216,protected_wdi_snapshot
NZL,New Zealand,East Asia & Pacific,High income,2016,45746.135981069,5.5,10.730862607706584,protected_wdi_snapshot
NZL,New Zealand,East Asia & Pacific,High income,2017,46285.9810980642,5.4,10.74259441016689,protected_wdi_snapshot
NZL,New Zealand,East Asia & Pacific,High income,2018,46974.6818400482,5.3,10.757364051295413,protected_wdi_snapshot
NZL,New Zealand,East Asia & Pacific,High income,2019,47392.1933135172,5.2,10.766212796091896,protected_wdi_snapshot
NZL,New Zealand,East Asia & Pacific,High income,2020,46326.3804672976,5.1,10.743466850327426,protected_wdi_snapshot
NZL,New Zealand,East Asia & Pacific,High income,2021,48202.0913368233,5,10.783157687828202,protected_wdi_snapshot
NZL,New Zealand,East Asia & Pacific,High income,2022,49842.9845334162,5,10.81663303396012,protected_wdi_snapshot
OMN,Oman,"Middle East, North Africa, Afghanistan & Pakistan",High income,2000,42086.0431536301,16.5,10.647471448165863,protected_wdi_snapshot
OMN,Oman,"Middle East, North Africa, Afghanistan & Pakistan",High income,2001,43492.2863754557,15.5,10.680338876650724,protected_wdi_snapshot
OMN,Oman,"Middle East, North Africa, Afghanistan & Pakistan",High income,2002,42654.1482671623,14.6,10.660879811195063,protected_wdi_snapshot
OMN,Oman,"Middle East, North Africa, Afghanistan & Pakistan",High income,2003,41247.5873733105,13.9,10.627347902132597,protected_wdi_snapshot
OMN,Oman,"Middle East, North Africa, Afghanistan & Pakistan",High income,2004,41351.7687385072,13.3,10.62987047434977,protected_wdi_snapshot
OMN,Oman,"Middle East, North Africa, Afghanistan & Pakistan",High income,2005,41551.1413844552,12.9,10.634680270049623,protected_wdi_snapshot
OMN,Oman,"Middle East, North Africa, Afghanistan & Pakistan",High income,2006,42540.4398485334,12.5,10.6582104283466,protected_wdi_snapshot
OMN,Oman,"Middle East, North Africa, Afghanistan & Pakistan",High income,2007,43696.9691440917,12.2,10.685034022708003,protected_wdi_snapshot
OMN,Oman,"Middle East, North Africa, Afghanistan & Pakistan",High income,2008,46586.3955926767,12,10.749063837419623,protected_wdi_snapshot
OMN,Oman,"Middle East, North Africa, Afghanistan & Pakistan",High income,2009,48304.1178923167,11.9,10.785272092576234,protected_wdi_snapshot
OMN,Oman,"Middle East, North Africa, Afghanistan & Pakistan",High income,2010,48191.6145135737,11.7,10.782940312156244,protected_wdi_snapshot
OMN,Oman,"Middle East, North Africa, Afghanistan & Pakistan",High income,2011,44440.3092616125,11.6,10.701902202811542,protected_wdi_snapshot
OMN,Oman,"Middle East, North Africa, Afghanistan & Pakistan",High income,2012,41964.0828578552,11.4,10.64456936134793,protected_wdi_snapshot
OMN,Oman,"Middle East, North Africa, Afghanistan & Pakistan",High income,2013,40854.4853548905,11.3,10.617771894869819,protected_wdi_snapshot
OMN,Oman,"Middle East, North Africa, Afghanistan & Pakistan",High income,2014,39639.9870514802,11.2,10.587593661791,protected_wdi_snapshot
OMN,Oman,"Middle East, North Africa, Afghanistan & Pakistan",High income,2015,39813.7887054675,11.1,10.591968581158744,protected_wdi_snapshot
OMN,Oman,"Middle East, North Africa, Afghanistan & Pakistan",High income,2016,39860.9893909688,11,10.593153415108729,protected_wdi_snapshot
OMN,Oman,"Middle East, North Africa, Afghanistan & Pakistan",High income,2017,38691.1077105097,11,10.56336507769334,protected_wdi_snapshot
OMN,Oman,"Middle East, North Africa, Afghanistan & Pakistan",High income,2018,38673.6045360857,10.9,10.562912592982563,protected_wdi_snapshot
OMN,Oman,"Middle East, North Africa, Afghanistan & Pakistan",High income,2019,38292.3859682752,10.8,10.553006355621504,protected_wdi_snapshot
OMN,Oman,"Middle East, North Africa, Afghanistan & Pakistan",High income,2020,37560.5998714953,10.7,10.53371090421424,protected_wdi_snapshot
OMN,Oman,"Middle East, North Africa, Afghanistan & Pakistan",High income,2021,38719.4587682049,10.6,10.564097563198937,protected_wdi_snapshot
OMN,Oman,"Middle East, North Africa, Afghanistan & Pakistan",High income,2022,39780.2122774985,10.5,10.591124888680767,protected_wdi_snapshot
PAK,Pakistan,"Middle East, North Africa, Afghanistan & Pakistan",Lower middle income,2000,3531.71291531612,107.9,8.16953827736604,protected_wdi_snapshot
PAK,Pakistan,"Middle East, North Africa, Afghanistan & Pakistan",Lower middle income,2001,3559.72784658715,105.1,8.17743937333593,protected_wdi_snapshot
PAK,Pakistan,"Middle East, North Africa, Afghanistan & Pakistan",Lower middle income,2002,3563.67846926558,102.5,8.17854856826552,protected_wdi_snapshot
PAK,Pakistan,"Middle East, North Africa, Afghanistan & Pakistan",Lower middle income,2003,3668.77938852508,100.1,8.207614294045197,protected_wdi_snapshot
PAK,Pakistan,"Middle East, North Africa, Afghanistan & Pakistan",Lower middle income,2004,3859.64601808903,98,8.25833075309542,protected_wdi_snapshot
PAK,Pakistan,"Middle East, North Africa, Afghanistan & Pakistan",Lower middle income,2005,4042.15457513378,96,8.304533139472277,protected_wdi_snapshot
PAK,Pakistan,"Middle East, North Africa, Afghanistan & Pakistan",Lower middle income,2006,4185.86655659206,94.2,8.339469023996157,protected_wdi_snapshot
PAK,Pakistan,"Middle East, North Africa, Afghanistan & Pakistan",Lower middle income,2007,4257.92556870432,92.3,8.356537364958772,protected_wdi_snapshot
PAK,Pakistan,"Middle East, North Africa, Afghanistan & Pakistan",Lower middle income,2008,4233.34830715497,90.5,8.35074852089554,protected_wdi_snapshot
PAK,Pakistan,"Middle East, North Africa, Afghanistan & Pakistan",Lower middle income,2009,4270.43882264229,88.5,8.359471869711008,protected_wdi_snapshot
PAK,Pakistan,"Middle East, North Africa, Afghanistan & Pakistan",Lower middle income,2010,4228.7817715945,86.5,8.349669233302166,protected_wdi_snapshot
PAK,Pakistan,"Middle East, North Africa, Afghanistan & Pakistan",Lower middle income,2011,4246.06710882497,84.3,8.353748447325529,protected_wdi_snapshot
PAK,Pakistan,"Middle East, North Africa, Afghanistan & Pakistan",Lower middle income,2012,4292.02110293486,82,8.364513020545319,protected_wdi_snapshot
PAK,Pakistan,"Middle East, North Africa, Afghanistan & Pakistan",Lower middle income,2013,4407.14705841377,79.6,8.390982833564522,protected_wdi_snapshot
PAK,Pakistan,"Middle East, North Africa, Afghanistan & Pakistan",Lower middle income,2014,4520.23463399286,77.2,8.416319181654401,protected_wdi_snapshot
PAK,Pakistan,"Middle East, North Africa, Afghanistan & Pakistan",Lower middle income,2015,4645.28631071145,74.8,8.443608287822306,protected_wdi_snapshot
PAK,Pakistan,"Middle East, North Africa, Afghanistan & Pakistan",Lower middle income,2016,4886.61212115378,72.4,8.494254524599823,protected_wdi_snapshot
PAK,Pakistan,"Middle East, North Africa, Afghanistan & Pakistan",Lower middle income,2017,5031.56060738433,70.1,8.523485474890492,protected_wdi_snapshot
PAK,Pakistan,"Middle East, North Africa, Afghanistan & Pakistan",Lower middle income,2018,5255.06350681272,67.9,8.566947368264236,protected_wdi_snapshot
PAK,Pakistan,"Middle East, North Africa, Afghanistan & Pakistan",Lower middle income,2019,5295.95295138203,65.8,8.574698213774896,protected_wdi_snapshot
PAK,Pakistan,"Middle East, North Africa, Afghanistan & Pakistan",Lower middle income,2020,5135.01459288839,63.7,8.543837964206409,protected_wdi_snapshot
PAK,Pakistan,"Middle East, North Africa, Afghanistan & Pakistan",Lower middle income,2021,5367.27364714762,61.7,8.588075357861873,protected_wdi_snapshot
PAK,Pakistan,"Middle East, North Africa, Afghanistan & Pakistan",Lower middle income,2022,5526.27928310213,59.7,8.617270044036548,protected_wdi_snapshot
PAN,Panama,Latin America & Caribbean,High income,2000,14572.9808700068,25.7,9.58692446783173,protected_wdi_snapshot
PAN,Panama,Latin America & Caribbean,High income,2001,14427.8355424862,25,9.57691464346153,protected_wdi_snapshot
PAN,Panama,Latin America & Caribbean,High income,2002,14507.1494232714,24.2,9.582396870566605,protected_wdi_snapshot
PAN,Panama,Latin America & Caribbean,High income,2003,14957.5590503323,23.4,9.612972073130859,protected_wdi_snapshot
PAN,Panama,Latin America & Caribbean,High income,2004,15875.1188201453,22.6,9.672508308466444,protected_wdi_snapshot
PAN,Panama,Latin America & Caribbean,High income,2005,16867.9674513124,21.9,9.73317168525304,protected_wdi_snapshot
PAN,Panama,Latin America & Caribbean,High income,2006,18190.281154717,21.2,9.808642727946703,protected_wdi_snapshot
PAN,Panama,Latin America & Caribbean,High income,2007,20208.8293911964,20.5,9.91387488646362,protected_wdi_snapshot
PAN,Panama,Latin America & Caribbean,High income,2008,21867.8272186787,19.8,9.992771758880634,protected_wdi_snapshot
PAN,Panama,Latin America & Caribbean,High income,2009,21822.996136155,19.2,9.990719561425188,protected_wdi_snapshot
PAN,Panama,Latin America & Caribbean,High income,2010,22739.1194141341,18.7,10.031842042462122,protected_wdi_snapshot
PAN,Panama,Latin America & Caribbean,High income,2011,24999.4702655482,18.3,10.126609914247767,protected_wdi_snapshot
PAN,Panama,Latin America & Caribbean,High income,2012,26926.8956928065,17.9,10.200880905964242,protected_wdi_snapshot
PAN,Panama,Latin America & Caribbean,High income,2013,28135.3387835383,17.5,10.24478167315043,protected_wdi_snapshot
PAN,Panama,Latin America & Caribbean,High income,2014,28931.8156401199,17.3,10.272697155769963,protected_wdi_snapshot
PAN,Panama,Latin America & Caribbean,High income,2015,29933.1671530011,17.1,10.306722413925293,protected_wdi_snapshot
PAN,Panama,Latin America & Caribbean,High income,2016,30765.2490653506,17,10.334141054878879,protected_wdi_snapshot
PAN,Panama,Latin America & Caribbean,High income,2017,31979.8246437748,16.7,10.372860503063807,protected_wdi_snapshot
PAN,Panama,Latin America & Caribbean,High income,2018,32681.4729886331,16.3,10.394563621049766,protected_wdi_snapshot
PAN,Panama,Latin America & Caribbean,High income,2019,33163.7172814857,15.9,10.409211704338047,protected_wdi_snapshot
PAN,Panama,Latin America & Caribbean,High income,2020,26881.8277221689,15.5,10.19920578794189,protected_wdi_snapshot
PAN,Panama,Latin America & Caribbean,High income,2021,30932.7627780514,15.2,10.339571185261015,protected_wdi_snapshot
PAN,Panama,Latin America & Caribbean,High income,2022,33915.1693306309,15.1,10.431617666162376,protected_wdi_snapshot
PER,Peru,Latin America & Caribbean,Upper middle income,2000,7668.06078201131,38.3,8.944819030843993,protected_wdi_snapshot
PER,Peru,Latin America & Caribbean,Upper middle income,2001,7610.63949294843,35.3,8.937302480564089,protected_wdi_snapshot
PER,Peru,Latin America & Caribbean,Upper middle income,2002,7930.50980631714,32.7,8.978472600874865,protected_wdi_snapshot
PER,Peru,Latin America & Caribbean,Upper middle income,2003,8173.27672987692,30.4,9.00862517597595,protected_wdi_snapshot
PER,Peru,Latin America & Caribbean,Upper middle income,2004,8494.84031217202,28.4,9.047214236068493,protected_wdi_snapshot
PER,Peru,Latin America & Caribbean,Upper middle income,2005,8948.74710742664,26.6,9.099268813472642,protected_wdi_snapshot
PER,Peru,Latin America & Caribbean,Upper middle income,2006,9546.62529545456,25,9.163942998820396,protected_wdi_snapshot
PER,Peru,Latin America & Caribbean,Upper middle income,2007,10284.9672238506,23.6,9.238438615290594,protected_wdi_snapshot
PER,Peru,Latin America & Caribbean,Upper middle income,2008,11150.0262166889,22.3,9.319197128158049,protected_wdi_snapshot
PER,Peru,Latin America & Caribbean,Upper middle income,2009,11202.8654418496,21.2,9.323924867583226,protected_wdi_snapshot
PER,Peru,Latin America & Caribbean,Upper middle income,2010,12057.3912963716,20.2,9.397433136465756,protected_wdi_snapshot
PER,Peru,Latin America & Caribbean,Upper middle income,2011,12724.8832049429,19.3,9.451314662983117,protected_wdi_snapshot
PER,Peru,Latin America & Caribbean,Upper middle income,2012,13393.5923851679,18.5,9.502531691363036,protected_wdi_snapshot
PER,Peru,Latin America & Caribbean,Upper middle income,2013,14050.2420319137,17.8,9.550394901084244,protected_wdi_snapshot
PER,Peru,Latin America & Caribbean,Upper middle income,2014,14242.6444760801,17.2,9.563995875314342,protected_wdi_snapshot
PER,Peru,Latin America & Caribbean,Upper middle income,2015,14540.8313160635,16.6,9.584715923872889,protected_wdi_snapshot
PER,Peru,Latin America & Caribbean,Upper middle income,2016,14915.4366324454,16.1,9.610151971240125,protected_wdi_snapshot
PER,Peru,Latin America & Caribbean,Upper middle income,2017,15067.489279382,15.7,9.620294673850857,protected_wdi_snapshot
PER,Peru,Latin America & Caribbean,Upper middle income,2018,15384.1846082423,15.3,9.641095287212366,protected_wdi_snapshot
PER,Peru,Latin America & Caribbean,Upper middle income,2019,15461.4572585466,14.9,9.646105577631088,protected_wdi_snapshot
PER,Peru,Latin America & Caribbean,Upper middle income,2020,13607.7640705828,14.5,9.518395796372696,protected_wdi_snapshot
PER,Peru,Latin America & Caribbean,Upper middle income,2021,15285.7706852395,14.1,9.634677654070488,protected_wdi_snapshot
PER,Peru,Latin America & Caribbean,Upper middle income,2022,15566.5242612563,13.7,9.652878006847867,protected_wdi_snapshot
PHL,Philippines,East Asia & Pacific,Upper middle income,2000,4740.43891694569,36.8,8.463885008913893,protected_wdi_snapshot
PHL,Philippines,East Asia & Pacific,Upper middle income,2001,4778.4008437474,36,8.471861217993379,protected_wdi_snapshot
PHL,Philippines,East Asia & Pacific,Upper middle income,2002,4856.49948429567,35.2,8.488073186653905,protected_wdi_snapshot
PHL,Philippines,East Asia & Pacific,Upper middle income,2003,5003.38317718716,34.4,8.517869598039121,protected_wdi_snapshot
PHL,Philippines,East Asia & Pacific,Upper middle income,2004,5229.45080700165,33.6,8.562061543323738,protected_wdi_snapshot
PHL,Philippines,East Asia & Pacific,Upper middle income,2005,5386.81653712891,32.8,8.591709865506742,protected_wdi_snapshot
PHL,Philippines,East Asia & Pacific,Upper middle income,2006,5578.57225112139,32,8.626688153660645,protected_wdi_snapshot
PHL,Philippines,East Asia & Pacific,Upper middle income,2007,5840.06810169965,31.3,8.672497737004221,protected_wdi_snapshot
PHL,Philippines,East Asia & Pacific,Upper middle income,2008,5987.03757861835,30.7,8.697352007608234,protected_wdi_snapshot
PHL,Philippines,East Asia & Pacific,Upper middle income,2009,5965.30730902221,30.1,8.69371585190107,protected_wdi_snapshot
PHL,Philippines,East Asia & Pacific,Upper middle income,2010,6273.03927731515,29.5,8.744016249405876,protected_wdi_snapshot
PHL,Philippines,East Asia & Pacific,Upper middle income,2011,6388.31296959977,29,8.762225501497287,protected_wdi_snapshot
PHL,Philippines,East Asia & Pacific,Upper middle income,2012,6697.55620962768,28.6,8.809497994011792,protected_wdi_snapshot
PHL,Philippines,East Asia & Pacific,Upper middle income,2013,7016.53846470436,28.3,8.856025279211988,protected_wdi_snapshot
PHL,Philippines,East Asia & Pacific,Upper middle income,2014,7340.361585912,28,8.90114338278104,protected_wdi_snapshot
PHL,Philippines,East Asia & Pacific,Upper middle income,2015,7691.76308685047,27.9,8.947905306292906,protected_wdi_snapshot
PHL,Philippines,East Asia & Pacific,Upper middle income,2016,8131.82537948653,27.8,9.003540701262216,protected_wdi_snapshot
PHL,Philippines,East Asia & Pacific,Upper middle income,2017,8584.13622709699,27.8,9.057671154070093,protected_wdi_snapshot
PHL,Philippines,East Asia & Pacific,Upper middle income,2018,9016.28659637608,27.9,9.106787842745021,protected_wdi_snapshot
PHL,Philippines,East Asia & Pacific,Upper middle income,2019,9452.2939715981,28,9.154012739346442,protected_wdi_snapshot
PHL,Philippines,East Asia & Pacific,Upper middle income,2020,8455.18457134106,28,9.0425350909396,protected_wdi_snapshot
PHL,Philippines,East Asia & Pacific,Upper middle income,2021,8857.78995115514,27.9,9.089052571304624,protected_wdi_snapshot
PHL,Philippines,East Asia & Pacific,Upper middle income,2022,9457.10395402883,27.5,9.154521479238996,protected_wdi_snapshot
PLW,Palau,East Asia & Pacific,High income,2000,15410.1740281683,26.5,9.642783221447559,protected_wdi_snapshot
PLW,Palau,East Asia & Pacific,High income,2001,16393.4521014909,25.5,9.70463727198174,protected_wdi_snapshot
PLW,Palau,East Asia & Pacific,High income,2002,17033.490272996,24.6,9.742936701160067,protected_wdi_snapshot
PLW,Palau,East Asia & Pacific,High income,2003,16538.7688424505,23.7,9.71346253064706,protected_wdi_snapshot
PLW,Palau,East Asia & Pacific,High income,2004,16974.0682933412,22.9,9.739442063930342,protected_wdi_snapshot
PLW,Palau,East Asia & Pacific,High income,2005,17464.6208167636,22.1,9.767932445969665,protected_wdi_snapshot
PLW,Palau,East Asia & Pacific,High income,2006,17706.3673621904,21.3,9.781679591848587,protected_wdi_snapshot
PLW,Palau,East Asia & Pacific,High income,2007,18096.7989531775,20.6,9.8034903481979,protected_wdi_snapshot
PLW,Palau,East Asia & Pacific,High income,2008,17355.2423019079,20.1,9.76164988970277,protected_wdi_snapshot
PLW,Palau,East Asia & Pacific,High income,2009,16541.1206311875,19.7,9.713604719075038,protected_wdi_snapshot
PLW,Palau,East Asia & Pacific,High income,2010,16313.4287679398,19.5,9.699743898409917,protected_wdi_snapshot
PLW,Palau,East Asia & Pacific,High income,2011,17354.9336767951,19.5,9.761632106726793,protected_wdi_snapshot
PLW,Palau,East Asia & Pacific,High income,2012,18024.7540996872,19.7,9.799501319879079,protected_wdi_snapshot
PLW,Palau,East Asia & Pacific,High income,2013,17891.3784371353,20.1,9.792074224240789,protected_wdi_snapshot
PLW,Palau,East Asia & Pacific,High income,2014,18574.7889489655,20.6,9.829560507419957,protected_wdi_snapshot
PLW,Palau,East Asia & Pacific,High income,2015,20104.2315379069,21.3,9.908685596164016,protected_wdi_snapshot
PLW,Palau,East Asia & Pacific,High income,2016,20408.2613269723,21.9,9.923695064863747,protected_wdi_snapshot
PLW,Palau,East Asia & Pacific,High income,2017,19693.4082379382,22.5,9.888039251521338,protected_wdi_snapshot
PLW,Palau,East Asia & Pacific,High income,2018,19608.9617027822,22.9,9.88374197045473,protected_wdi_snapshot
PLW,Palau,East Asia & Pacific,High income,2019,19685.6037989273,23,9.887642875954283,protected_wdi_snapshot
PLW,Palau,East Asia & Pacific,High income,2020,18509.2491855913,22.9,9.826025842107974,protected_wdi_snapshot
PLW,Palau,East Asia & Pacific,High income,2021,16312.190220013,22.7,9.6996679735407,protected_wdi_snapshot
PLW,Palau,East Asia & Pacific,High income,2022,16258.6271292912,22.4,9.696378947144272,protected_wdi_snapshot
PNG,Papua New Guinea,East Asia & Pacific,Lower middle income,2000,3327.22485837041,72,8.10989385965903,protected_wdi_snapshot
PNG,Papua New Guinea,East Asia & Pacific,Lower middle income,2001,3212.17084845522,70.8,8.074702264329295,protected_wdi_snapshot
PNG,Papua New Guinea,East Asia & Pacific,Lower middle income,2002,3101.1924006365,69.6,8.039541961882787,protected_wdi_snapshot
PNG,Papua New Guinea,East Asia & Pacific,Lower middle income,2003,3064.83667344612,68.4,8.027749559330939,protected_wdi_snapshot
PNG,Papua New Guinea,East Asia & Pacific,Lower middle income,2004,3046.72321896172,67.2,8.02182193763026,protected_wdi_snapshot
PNG,Papua New Guinea,East Asia & Pacific,Lower middle income,2005,3136.98756942536,65.9,8.051018245615202,protected_wdi_snapshot
PNG,Papua New Guinea,East Asia & Pacific,Lower middle income,2006,3202.89763507367,64.6,8.071811190020613,protected_wdi_snapshot
PNG,Papua New Guinea,East Asia & Pacific,Lower middle income,2007,3346.27900337124,63.2,8.1156042622221,protected_wdi_snapshot
PNG,Papua New Guinea,East Asia & Pacific,Lower middle income,2008,3234.33247673,61.8,8.0815778415102,protected_wdi_snapshot
PNG,Papua New Guinea,East Asia & Pacific,Lower middle income,2009,3350.07263964739,60.3,8.116737308060863,protected_wdi_snapshot
PNG,Papua New Guinea,East Asia & Pacific,Lower middle income,2010,3579.63000710983,58.9,8.18301472408445,protected_wdi_snapshot
PNG,Papua New Guinea,East Asia & Pacific,Lower middle income,2011,3515.28312517363,57.5,8.164875348703287,protected_wdi_snapshot
PNG,Papua New Guinea,East Asia & Pacific,Lower middle income,2012,3577.91014722774,56.1,8.182534151184234,protected_wdi_snapshot
PNG,Papua New Guinea,East Asia & Pacific,Lower middle income,2013,3615.74646029074,54.7,8.193053602983781,protected_wdi_snapshot
PNG,Papua New Guinea,East Asia & Pacific,Lower middle income,2014,3999.13038811865,53.3,8.29383221349624,protected_wdi_snapshot
PNG,Papua New Guinea,East Asia & Pacific,Lower middle income,2015,4155.05563962107,57.3,8.332081098203757,protected_wdi_snapshot
PNG,Papua New Guinea,East Asia & Pacific,Lower middle income,2016,4276.29643263164,50.4,8.360842594492237,protected_wdi_snapshot
PNG,Papua New Guinea,East Asia & Pacific,Lower middle income,2017,4322.77662200998,48.9,8.371653211347851,protected_wdi_snapshot
PNG,Papua New Guinea,East Asia & Pacific,Lower middle income,2018,4211.68504310327,47.5,8.345618094366653,protected_wdi_snapshot
PNG,Papua New Guinea,East Asia & Pacific,Lower middle income,2019,4302.16255230002,46.1,8.366873094399748,protected_wdi_snapshot
PNG,Papua New Guinea,East Asia & Pacific,Lower middle income,2020,4078.15378358566,44.7,8.313399660964244,protected_wdi_snapshot
PNG,Papua New Guinea,East Asia & Pacific,Lower middle income,2021,3977.44297360749,43.2,8.288394422864032,protected_wdi_snapshot
PNG,Papua New Guinea,East Asia & Pacific,Lower middle income,2022,4126.03032145403,41.9,8.325071042478172,protected_wdi_snapshot
POL,Poland,Europe & Central Asia,High income,2000,18566.3546288772,9.3,9.8291063307619,protected_wdi_snapshot
POL,Poland,Europe & Central Asia,High income,2001,18800.6018648402,8.8,9.841644162392845,protected_wdi_snapshot
POL,Poland,Europe & Central Asia,High income,2002,19166.9137058143,8.4,9.860940827033277,protected_wdi_snapshot
POL,Poland,Europe & Central Asia,High income,2003,19855.6317989181,8.1,9.89624296370467,protected_wdi_snapshot
POL,Poland,Europe & Central Asia,High income,2004,20878.6545002534,7.8,9.946482600277216,protected_wdi_snapshot
POL,Poland,Europe & Central Asia,High income,2005,21568.9476594356,7.6,9.97900995096245,protected_wdi_snapshot
POL,Poland,Europe & Central Asia,High income,2006,22921.1975887696,7.3,10.039817420282567,protected_wdi_snapshot
POL,Poland,Europe & Central Asia,High income,2007,24484.0656663756,7,10.10577780397911,protected_wdi_snapshot
POL,Poland,Europe & Central Asia,High income,2008,25553.9058406534,6.7,10.14854545442402,protected_wdi_snapshot
POL,Poland,Europe & Central Asia,High income,2009,26204.410367111,6.3,10.173683010205062,protected_wdi_snapshot
POL,Poland,Europe & Central Asia,High income,2010,27112.1333797381,6,10.207736632857927,protected_wdi_snapshot
POL,Poland,Europe & Central Asia,High income,2011,28521.6612623568,5.7,10.258419121862566,protected_wdi_snapshot
POL,Poland,Europe & Central Asia,High income,2012,28952.9157305301,5.4,10.273426194010105,protected_wdi_snapshot
POL,Poland,Europe & Central Asia,High income,2013,29168.624211075,5.2,10.280848897233717,protected_wdi_snapshot
POL,Poland,Europe & Central Asia,High income,2014,30334.8786569618,5,10.320053440268243,protected_wdi_snapshot
POL,Poland,Europe & Central Asia,High income,2015,31700.3682364154,4.9,10.36408357608861,protected_wdi_snapshot
POL,Poland,Europe & Central Asia,High income,2016,32675.3052259954,4.8,10.394374879718736,protected_wdi_snapshot
POL,Poland,Europe & Central Asia,High income,2017,34354.5987616319,4.6,10.444491168212922,protected_wdi_snapshot
POL,Poland,Europe & Central Asia,High income,2018,36500.4114282584,4.5,10.505078811514133,protected_wdi_snapshot
POL,Poland,Europe & Central Asia,High income,2019,38181.6230334689,4.5,10.550109606419923,protected_wdi_snapshot
POL,Poland,Europe & Central Asia,High income,2020,37852.8021313639,4.4,10.541460288658055,protected_wdi_snapshot
POL,Poland,Europe & Central Asia,High income,2021,41059.5847829682,4.4,10.622779578075816,protected_wdi_snapshot
POL,Poland,Europe & Central Asia,High income,2022,43405.0215797441,4.3,10.678330417997634,protected_wdi_snapshot
PRT,Portugal,Europe & Central Asia,High income,2000,35069.8275705133,7.2,10.465096426398821,protected_wdi_snapshot
PRT,Portugal,Europe & Central Asia,High income,2001,35500.2266804093,6.6,10.477294360806763,protected_wdi_snapshot
PRT,Portugal,Europe & Central Asia,High income,2002,35578.5200309,6,10.4794973648207,protected_wdi_snapshot
PRT,Portugal,Europe & Central Asia,High income,2003,35115.379514413,5.5,10.466394476292455,protected_wdi_snapshot
PRT,Portugal,Europe & Central Asia,High income,2004,35658.1298257507,5,10.4817324454471,protected_wdi_snapshot
PRT,Portugal,Europe & Central Asia,High income,2005,35870.3092741502,4.7,10.487665192573077,protected_wdi_snapshot
PRT,Portugal,Europe & Central Asia,High income,2006,36387.5367379523,4.4,10.501981597684487,protected_wdi_snapshot
PRT,Portugal,Europe & Central Asia,High income,2007,37226.4702626704,4.2,10.524775353418857,protected_wdi_snapshot
PRT,Portugal,Europe & Central Asia,High income,2008,37291.5048969664,4,10.526520828941194,protected_wdi_snapshot
PRT,Portugal,Europe & Central Asia,High income,2009,36092.8109314688,3.9,10.493848981316729,protected_wdi_snapshot
PRT,Portugal,Europe & Central Asia,High income,2010,36703.1141882825,3.8,10.51061688570921,protected_wdi_snapshot
PRT,Portugal,Europe & Central Asia,High income,2011,36127.2949766157,3.7,10.494803952161316,protected_wdi_snapshot
PRT,Portugal,Europe & Central Asia,High income,2012,34804.6333340484,3.7,10.457505798682986,protected_wdi_snapshot
PRT,Portugal,Europe & Central Asia,High income,2013,34651.7719455059,3.6,10.453104141708964,protected_wdi_snapshot
PRT,Portugal,Europe & Central Asia,High income,2014,35097.4098263232,3.6,10.46588261260919,protected_wdi_snapshot
PRT,Portugal,Europe & Central Asia,High income,2015,35803.3575649772,3.6,10.485796954722298,protected_wdi_snapshot
PRT,Portugal,Europe & Central Asia,High income,2016,36636.2978441636,3.6,10.508794772311962,protected_wdi_snapshot
PRT,Portugal,Europe & Central Asia,High income,2017,37943.1150505677,3.6,10.543843344772469,protected_wdi_snapshot
PRT,Portugal,Europe & Central Asia,High income,2018,39123.6151282575,3.5,10.574481531133124,protected_wdi_snapshot
PRT,Portugal,Europe & Central Asia,High income,2019,40188.2868799223,3.5,10.601330861004081,protected_wdi_snapshot
PRT,Portugal,Europe & Central Asia,High income,2020,36852.2287338103,3.4,10.514671377031721,protected_wdi_snapshot
PRT,Portugal,Europe & Central Asia,High income,2021,38657.6677223429,3.3,10.562500423015537,protected_wdi_snapshot
PRT,Portugal,Europe & Central Asia,High income,2022,41070.8611529744,3.3,10.623054174662954,protected_wdi_snapshot
PRY,Paraguay,Latin America & Caribbean,Upper middle income,2000,9997.3297251405,33.6,9.210073308832046,protected_wdi_snapshot
PRY,Paraguay,Latin America & Caribbean,Upper middle income,2001,9748.02702767691,32.8,9.184820187379426,protected_wdi_snapshot
PRY,Paraguay,Latin America & Caribbean,Upper middle income,2002,9609.53364585336,32,9.170510972779882,protected_wdi_snapshot
PRY,Paraguay,Latin America & Caribbean,Upper middle income,2003,9902.19918003817,31.3,9.200512150851173,protected_wdi_snapshot
PRY,Paraguay,Latin America & Caribbean,Upper middle income,2004,10185.9074387779,30.5,9.228760420301152,protected_wdi_snapshot
PRY,Paraguay,Latin America & Caribbean,Upper middle income,2005,10288.800866577,29.7,9.238811288177148,protected_wdi_snapshot
PRY,Paraguay,Latin America & Caribbean,Upper middle income,2006,10671.6449984385,28.9,9.275345502838112,protected_wdi_snapshot
PRY,Paraguay,Latin America & Caribbean,Upper middle income,2007,11140.4629098064,28.2,9.318339066460524,protected_wdi_snapshot
PRY,Paraguay,Latin America & Caribbean,Upper middle income,2008,11749.6546354418,27.3,9.371579126411973,protected_wdi_snapshot
PRY,Paraguay,Latin America & Caribbean,Upper middle income,2009,11599.8198579092,26.5,9.358744847483287,protected_wdi_snapshot
PRY,Paraguay,Latin America & Caribbean,Upper middle income,2010,12736.9672867807,25.7,9.45226385422505,protected_wdi_snapshot
PRY,Paraguay,Latin America & Caribbean,Upper middle income,2011,13107.8104435989,24.9,9.48096354859108,protected_wdi_snapshot
PRY,Paraguay,Latin America & Caribbean,Upper middle income,2012,12833.1801619413,24.2,9.459789296103393,protected_wdi_snapshot
PRY,Paraguay,Latin America & Caribbean,Upper middle income,2013,13698.9722320262,23.4,9.525076089441978,protected_wdi_snapshot
PRY,Paraguay,Latin America & Caribbean,Upper middle income,2014,14217.5580896983,22.7,9.56223296496113,protected_wdi_snapshot
PRY,Paraguay,Latin America & Caribbean,Upper middle income,2015,14425.777586033,21.9,9.576771995367682,protected_wdi_snapshot
PRY,Paraguay,Latin America & Caribbean,Upper middle income,2016,14824.7906280812,21.2,9.60405610087117,protected_wdi_snapshot
PRY,Paraguay,Latin America & Caribbean,Upper middle income,2017,15318.4012187276,20.5,9.636810078757906,protected_wdi_snapshot
PRY,Paraguay,Latin America & Caribbean,Upper middle income,2018,15591.0142663085,19.9,9.654450018710993,protected_wdi_snapshot
PRY,Paraguay,Latin America & Caribbean,Upper middle income,2019,15319.3889991221,19.2,9.63687455993542,protected_wdi_snapshot
PRY,Paraguay,Latin America & Caribbean,Upper middle income,2020,14989.7667130162,18.6,9.615123028134727,protected_wdi_snapshot
PRY,Paraguay,Latin America & Caribbean,Upper middle income,2021,15400.9446332428,18,9.642184126341471,protected_wdi_snapshot
PRY,Paraguay,Latin America & Caribbean,Upper middle income,2022,15222.8920228598,17.5,9.630555628007743,protected_wdi_snapshot
PSE,West Bank and Gaza,"Middle East, North Africa, Afghanistan & Pakistan",Lower middle income,2000,4520.88992531975,30.3,8.416464139579434,protected_wdi_snapshot
PSE,West Bank and Gaza,"Middle East, North Africa, Afghanistan & Pakistan",Lower middle income,2001,3996.50878001821,29.4,8.293176453990524,protected_wdi_snapshot
PSE,West Bank and Gaza,"Middle East, North Africa, Afghanistan & Pakistan",Lower middle income,2002,3409.17287422698,28.5,8.134224981977681,protected_wdi_snapshot
PSE,West Bank and Gaza,"Middle East, North Africa, Afghanistan & Pakistan",Lower middle income,2003,3788.92652721128,27.7,8.239838019754128,protected_wdi_snapshot
PSE,West Bank and Gaza,"Middle East, North Africa, Afghanistan & Pakistan",Lower middle income,2004,4503.08034061409,26.8,8.412516961717827,protected_wdi_snapshot
PSE,West Bank and Gaza,"Middle East, North Africa, Afghanistan & Pakistan",Lower middle income,2005,4885.07252184444,26,8.493939410189498,protected_wdi_snapshot
PSE,West Bank and Gaza,"Middle East, North Africa, Afghanistan & Pakistan",Lower middle income,2006,4714.37331793342,25.1,8.458371273812588,protected_wdi_snapshot
PSE,West Bank and Gaza,"Middle East, North Africa, Afghanistan & Pakistan",Lower middle income,2007,4769.52328096801,24.3,8.47000163779109,protected_wdi_snapshot
PSE,West Bank and Gaza,"Middle East, North Africa, Afghanistan & Pakistan",Lower middle income,2008,4984.80579890695,23.5,8.514149724547211,protected_wdi_snapshot
PSE,West Bank and Gaza,"Middle East, North Africa, Afghanistan & Pakistan",Lower middle income,2009,5270.66331643219,22.7,8.569911500110557,protected_wdi_snapshot
PSE,West Bank and Gaza,"Middle East, North Africa, Afghanistan & Pakistan",Lower middle income,2010,5432.24363072522,21.9,8.600107519249917,protected_wdi_snapshot
PSE,West Bank and Gaza,"Middle East, North Africa, Afghanistan & Pakistan",Lower middle income,2011,5805.32115329251,21.1,8.6665302161663,protected_wdi_snapshot
PSE,West Bank and Gaza,"Middle East, North Africa, Afghanistan & Pakistan",Lower middle income,2012,6009.10925822042,20.3,8.701031806598388,protected_wdi_snapshot
PSE,West Bank and Gaza,"Middle East, North Africa, Afghanistan & Pakistan",Lower middle income,2013,6142.20204342591,19.6,8.722938595840043,protected_wdi_snapshot
PSE,West Bank and Gaza,"Middle East, North Africa, Afghanistan & Pakistan",Lower middle income,2014,5990.42661523778,21.9,8.697917909815082,protected_wdi_snapshot
PSE,West Bank and Gaza,"Middle East, North Africa, Afghanistan & Pakistan",Lower middle income,2015,6072.65031768549,18.2,8.711550414408654,protected_wdi_snapshot
PSE,West Bank and Gaza,"Middle East, North Africa, Afghanistan & Pakistan",Lower middle income,2016,6464.13352537371,17.5,8.774024256759507,protected_wdi_snapshot
PSE,West Bank and Gaza,"Middle East, North Africa, Afghanistan & Pakistan",Lower middle income,2017,6426.79521615335,16.9,8.768231281809868,protected_wdi_snapshot
PSE,West Bank and Gaza,"Middle East, North Africa, Afghanistan & Pakistan",Lower middle income,2018,6342.9374800852,16.3,8.755097265063991,protected_wdi_snapshot
PSE,West Bank and Gaza,"Middle East, North Africa, Afghanistan & Pakistan",Lower middle income,2019,6269.89134527985,15.7,8.743514304175353,protected_wdi_snapshot
PSE,West Bank and Gaza,"Middle East, North Africa, Afghanistan & Pakistan",Lower middle income,2020,5423.68254653126,15.2,8.598530300350506,protected_wdi_snapshot
PSE,West Bank and Gaza,"Middle East, North Africa, Afghanistan & Pakistan",Lower middle income,2021,5663.12160743584,14.6,8.641730539913938,protected_wdi_snapshot
PSE,West Bank and Gaza,"Middle East, North Africa, Afghanistan & Pakistan",Lower middle income,2022,5753.08395899307,14.1,8.65749133070658,protected_wdi_snapshot
QAT,Qatar,"Middle East, North Africa, Afghanistan & Pakistan",High income,2000,98028.5232918526,12.5,11.493013769303207,protected_wdi_snapshot
QAT,Qatar,"Middle East, North Africa, Afghanistan & Pakistan",High income,2001,96901.5943725606,12,11.48145125153669,protected_wdi_snapshot
QAT,Qatar,"Middle East, North Africa, Afghanistan & Pakistan",High income,2002,99001.4939977461,11.6,11.502890219889185,protected_wdi_snapshot
QAT,Qatar,"Middle East, North Africa, Afghanistan & Pakistan",High income,2003,98068.1232492499,11.2,11.493417651354573,protected_wdi_snapshot
QAT,Qatar,"Middle East, North Africa, Afghanistan & Pakistan",High income,2004,112583.929924606,10.8,11.631454266248564,protected_wdi_snapshot
QAT,Qatar,"Middle East, North Africa, Afghanistan & Pakistan",High income,2005,113384.267001706,10.4,11.63853792168862,protected_wdi_snapshot
QAT,Qatar,"Middle East, North Africa, Afghanistan & Pakistan",High income,2006,121378.43895737,10.1,11.706668538517642,protected_wdi_snapshot
QAT,Qatar,"Middle East, North Africa, Afghanistan & Pakistan",High income,2007,115272.510003238,9.8,11.655054256349207,protected_wdi_snapshot
QAT,Qatar,"Middle East, North Africa, Afghanistan & Pakistan",High income,2008,114879.221727674,9.6,11.651636609604454,protected_wdi_snapshot
QAT,Qatar,"Middle East, North Africa, Afghanistan & Pakistan",High income,2009,114069.652335284,9.3,11.644564526198275,protected_wdi_snapshot
QAT,Qatar,"Middle East, North Africa, Afghanistan & Pakistan",High income,2010,132502.281828313,9.1,11.794355145605886,protected_wdi_snapshot
QAT,Qatar,"Middle East, North Africa, Afghanistan & Pakistan",High income,2011,149025.116325024,8.9,11.911870136661713,protected_wdi_snapshot
QAT,Qatar,"Middle East, North Africa, Afghanistan & Pakistan",High income,2012,147077.406092637,8.7,11.898714299229212,protected_wdi_snapshot
QAT,Qatar,"Middle East, North Africa, Afghanistan & Pakistan",High income,2013,138046.596315458,8.4,11.835346561606745,protected_wdi_snapshot
QAT,Qatar,"Middle East, North Africa, Afghanistan & Pakistan",High income,2014,128013.987050891,8.1,11.75989481076689,protected_wdi_snapshot
QAT,Qatar,"Middle East, North Africa, Afghanistan & Pakistan",High income,2015,123070.887876565,7.8,11.72051579254326,protected_wdi_snapshot
QAT,Qatar,"Middle East, North Africa, Afghanistan & Pakistan",High income,2016,120054.408736518,7.5,11.69570032514433,protected_wdi_snapshot
QAT,Qatar,"Middle East, North Africa, Afghanistan & Pakistan",High income,2017,115064.943662853,7.1,11.653251975449889,protected_wdi_snapshot
QAT,Qatar,"Middle East, North Africa, Afghanistan & Pakistan",High income,2018,114909.945485127,6.8,11.651904017837913,protected_wdi_snapshot
QAT,Qatar,"Middle East, North Africa, Afghanistan & Pakistan",High income,2019,113160.973779334,6.6,11.636566630710167,protected_wdi_snapshot
QAT,Qatar,"Middle East, North Africa, Afghanistan & Pakistan",High income,2020,103061.913422502,6.3,11.543085187812157,protected_wdi_snapshot
QAT,Qatar,"Middle East, North Africa, Afghanistan & Pakistan",High income,2021,116832.570294098,6.2,11.668497165761051,protected_wdi_snapshot
QAT,Qatar,"Middle East, North Africa, Afghanistan & Pakistan",High income,2022,114740.12361423,6.1,11.65042505549736,protected_wdi_snapshot
ROU,Romania,Europe & Central Asia,High income,2000,14853.6063681531,21.4,9.605997967821095,protected_wdi_snapshot
ROU,Romania,Europe & Central Asia,High income,2001,15848.3039143162,20.6,9.67081776501911,protected_wdi_snapshot
ROU,Romania,Europe & Central Asia,High income,2002,17061.6293695412,20.2,9.744587324664492,protected_wdi_snapshot
ROU,Romania,Europe & Central Asia,High income,2003,17587.462617764,19.9,9.774941575920115,protected_wdi_snapshot
ROU,Romania,Europe & Central Asia,High income,2004,19532.4800205184,19.3,9.879834000986383,protected_wdi_snapshot
ROU,Romania,Europe & Central Asia,High income,2005,20570.925514681,18.2,9.931633975056366,protected_wdi_snapshot
ROU,Romania,Europe & Central Asia,High income,2006,22354.5637860053,16.7,10.014785775438348,protected_wdi_snapshot
ROU,Romania,Europe & Central Asia,High income,2007,24328.3931332788,15.2,10.09939938893063,protected_wdi_snapshot
ROU,Romania,Europe & Central Asia,High income,2008,27039.6000864291,13.9,10.205057740344467,protected_wdi_snapshot
ROU,Romania,Europe & Central Asia,High income,2009,25761.6305517205,13,10.156641476030305,protected_wdi_snapshot
ROU,Romania,Europe & Central Asia,High income,2010,24902.9044891466,12.4,10.122739721800631,protected_wdi_snapshot
ROU,Romania,Europe & Central Asia,High income,2011,26150.7476231736,11.8,10.171633058880703,protected_wdi_snapshot
ROU,Romania,Europe & Central Asia,High income,2012,26767.4556487181,11.2,10.194942087123165,protected_wdi_snapshot
ROU,Romania,Europe & Central Asia,High income,2013,26941.9318849595,10.6,10.20143915804507,protected_wdi_snapshot
ROU,Romania,Europe & Central Asia,High income,2014,28156.1307843293,9.9,10.24552039970691,protected_wdi_snapshot
ROU,Romania,Europe & Central Asia,High income,2015,29181.8781722441,9.2,10.281303185058352,protected_wdi_snapshot
ROU,Romania,Europe & Central Asia,High income,2016,30189.147723024,8.5,10.31523779186265,protected_wdi_snapshot
ROU,Romania,Europe & Central Asia,High income,2017,32852.6355672255,7.9,10.399787251051414,protected_wdi_snapshot
ROU,Romania,Europe & Central Asia,High income,2018,34828.8958637884,7.3,10.45820266213372,protected_wdi_snapshot
ROU,Romania,Europe & Central Asia,High income,2019,36399.4746080793,6.8,10.502309619676687,protected_wdi_snapshot
ROU,Romania,Europe & Central Asia,High income,2020,35283.6060358241,6.5,10.471173716797223,protected_wdi_snapshot
ROU,Romania,Europe & Central Asia,High income,2021,37534.0002643549,6.4,10.533002474894296,protected_wdi_snapshot
ROU,Romania,Europe & Central Asia,High income,2022,39256.8260854977,6.6,10.577880621095751,protected_wdi_snapshot
RUS,Russian Federation,Europe & Central Asia,High income,2000,20104.75,19.4,9.90871138453633,protected_wdi_snapshot
RUS,Russian Federation,Europe & Central Asia,High income,2001,21219.904296875,18.4,9.962694902114213,protected_wdi_snapshot
RUS,Russian Federation,Europe & Central Asia,High income,2002,22319.677734375,17.3,10.013223977966954,protected_wdi_snapshot
RUS,Russian Federation,Europe & Central Asia,High income,2003,24057.927734375,16.1,10.088219856741002,protected_wdi_snapshot
RUS,Russian Federation,Europe & Central Asia,High income,2004,25894.146484375,15,10.161772217680486,protected_wdi_snapshot
RUS,Russian Federation,Europe & Central Asia,High income,2005,27656.658203125,13.9,10.22762178096842,protected_wdi_snapshot
RUS,Russian Federation,Europe & Central Asia,High income,2006,30022.671875,12.8,10.309708104391463,protected_wdi_snapshot
RUS,Russian Federation,Europe & Central Asia,High income,2007,32630.369140625,12,10.392998702444768,protected_wdi_snapshot
RUS,Russian Federation,Europe & Central Asia,High income,2008,34342.2265625,11.3,10.44413097109443,protected_wdi_snapshot
RUS,Russian Federation,Europe & Central Asia,High income,2009,31654.00390625,10.7,10.362619925297846,protected_wdi_snapshot
RUS,Russian Federation,Europe & Central Asia,High income,2010,33063.5859375,10.4,10.406187833051819,protected_wdi_snapshot
RUS,Russian Federation,Europe & Central Asia,High income,2011,34444.64453125,10.2,10.447108808080012,protected_wdi_snapshot
RUS,Russian Federation,Europe & Central Asia,High income,2012,35740.69921875,9.9,10.484045352560937,protected_wdi_snapshot
RUS,Russian Federation,Europe & Central Asia,High income,2013,36260.06640625,9.5,10.498472315698505,protected_wdi_snapshot
RUS,Russian Federation,Europe & Central Asia,High income,2014,35853.24609375,8.9,10.487189388476793,protected_wdi_snapshot
RUS,Russian Federation,Europe & Central Asia,High income,2015,35037.15234375,8.2,10.46416427301925,protected_wdi_snapshot
RUS,Russian Federation,Europe & Central Asia,High income,2016,35005.4453125,7.5,10.463258908727324,protected_wdi_snapshot
RUS,Russian Federation,Europe & Central Asia,High income,2017,35570.703125,6.9,10.479277632107264,protected_wdi_snapshot
RUS,Russian Federation,Europe & Central Asia,High income,2018,36536.6953125,6.4,10.506072385571095,protected_wdi_snapshot
RUS,Russian Federation,Europe & Central Asia,High income,2019,37319.3203125,6,10.527266442375819,protected_wdi_snapshot
RUS,Russian Federation,Europe & Central Asia,High income,2020,36376.3359375,5.7,10.501673730603505,protected_wdi_snapshot
RUS,Russian Federation,Europe & Central Asia,High income,2021,38638.4296875,5.5,10.562002647943192,protected_wdi_snapshot
RUS,Russian Federation,Europe & Central Asia,High income,2022,38214.69140625,5.4,10.550975312444852,protected_wdi_snapshot
RWA,Rwanda,Sub-Saharan Africa,Low income,2000,1055.35042339776,184.2,6.961628145638341,protected_wdi_snapshot
RWA,Rwanda,Sub-Saharan Africa,Low income,2001,1134.78453153468,166.5,7.034198071836047,protected_wdi_snapshot
RWA,Rwanda,Sub-Saharan Africa,Low income,2002,1267.19396540218,149.1,7.144560258897765,protected_wdi_snapshot
RWA,Rwanda,Sub-Saharan Africa,Low income,2003,1266.94449487196,132.7,7.144363371052103,protected_wdi_snapshot
RWA,Rwanda,Sub-Saharan Africa,Low income,2004,1325.79557312503,117.5,7.189767990780016,protected_wdi_snapshot
RWA,Rwanda,Sub-Saharan Africa,Low income,2005,1412.06107949967,104.5,7.252805674553638,protected_wdi_snapshot
RWA,Rwanda,Sub-Saharan Africa,Low income,2006,1501.7646218593,93.4,7.314396110229766,protected_wdi_snapshot
RWA,Rwanda,Sub-Saharan Africa,Low income,2007,1573.96811218011,84.1,7.36135516967436,protected_wdi_snapshot
RWA,Rwanda,Sub-Saharan Africa,Low income,2008,1704.25449057727,76,7.4408830451681425,protected_wdi_snapshot
RWA,Rwanda,Sub-Saharan Africa,Low income,2009,1764.63484961094,69.1,7.475699063890813,protected_wdi_snapshot
RWA,Rwanda,Sub-Saharan Africa,Low income,2010,1846.86326840066,63.3,7.521243948439282,protected_wdi_snapshot
RWA,Rwanda,Sub-Saharan Africa,Low income,2011,1945.53705383878,58.1,7.573293338163967,protected_wdi_snapshot
RWA,Rwanda,Sub-Saharan Africa,Low income,2012,2063.66474823031,54.2,7.632238685225579,protected_wdi_snapshot
RWA,Rwanda,Sub-Saharan Africa,Low income,2013,2109.74668811567,51.4,7.654323166237422,protected_wdi_snapshot
RWA,Rwanda,Sub-Saharan Africa,Low income,2014,2176.09492014666,49.2,7.685287228415376,protected_wdi_snapshot
RWA,Rwanda,Sub-Saharan Africa,Low income,2015,2313.09716940962,47.3,7.74634267146993,protected_wdi_snapshot
RWA,Rwanda,Sub-Saharan Africa,Low income,2016,2386.74841002826,45.8,7.777687220711904,protected_wdi_snapshot
RWA,Rwanda,Sub-Saharan Africa,Low income,2017,2441.08540816509,44.7,7.80019805878745,protected_wdi_snapshot
RWA,Rwanda,Sub-Saharan Africa,Low income,2018,2577.69730366075,43.7,7.854651761423409,protected_wdi_snapshot
RWA,Rwanda,Sub-Saharan Africa,Low income,2019,2753.53959810856,42.7,7.920642489608231,protected_wdi_snapshot
RWA,Rwanda,Sub-Saharan Africa,Low income,2020,2617.70706034364,41.6,7.8700540457644435,protected_wdi_snapshot
RWA,Rwanda,Sub-Saharan Africa,Low income,2021,2776.39276387923,40.6,7.928907797165833,protected_wdi_snapshot
RWA,Rwanda,Sub-Saharan Africa,Low income,2022,2983.10774007304,39.7,8.000720901889006,protected_wdi_snapshot
SAU,Saudi Arabia,"Middle East, North Africa, Afghanistan & Pakistan",High income,2000,55962.2661342789,21.9,10.932432923568479,protected_wdi_snapshot
SAU,Saudi Arabia,"Middle East, North Africa, Afghanistan & Pakistan",High income,2001,53309.111388544,20.6,10.8838625409205,protected_wdi_snapshot
SAU,Saudi Arabia,"Middle East, North Africa, Afghanistan & Pakistan",High income,2002,50371.9783079834,19.4,10.827190313489247,protected_wdi_snapshot
SAU,Saudi Arabia,"Middle East, North Africa, Afghanistan & Pakistan",High income,2003,52234.649280791,18.4,10.86350133299217,protected_wdi_snapshot
SAU,Saudi Arabia,"Middle East, North Africa, Afghanistan & Pakistan",High income,2004,54196.5514152953,17.3,10.900372558379381,protected_wdi_snapshot
SAU,Saudi Arabia,"Middle East, North Africa, Afghanistan & Pakistan",High income,2005,54931.7942450845,16.3,10.913847590013734,protected_wdi_snapshot
SAU,Saudi Arabia,"Middle East, North Africa, Afghanistan & Pakistan",High income,2006,54373.737695386,15.4,10.903636553324018,protected_wdi_snapshot
SAU,Saudi Arabia,"Middle East, North Africa, Afghanistan & Pakistan",High income,2007,53318.4191601834,14.5,10.88403712569453,protected_wdi_snapshot
SAU,Saudi Arabia,"Middle East, North Africa, Afghanistan & Pakistan",High income,2008,54407.7081673247,13.7,10.904261117058644,protected_wdi_snapshot
SAU,Saudi Arabia,"Middle East, North Africa, Afghanistan & Pakistan",High income,2009,51760.7643987566,12.9,10.854387697202453,protected_wdi_snapshot
SAU,Saudi Arabia,"Middle East, North Africa, Afghanistan & Pakistan",High income,2010,54911.547517012,12.1,10.91347894266603,protected_wdi_snapshot
SAU,Saudi Arabia,"Middle East, North Africa, Afghanistan & Pakistan",High income,2011,58645.4459416531,11.4,10.979265203013199,protected_wdi_snapshot
SAU,Saudi Arabia,"Middle East, North Africa, Afghanistan & Pakistan",High income,2012,59471.7001909394,10.8,10.993255851344266,protected_wdi_snapshot
SAU,Saudi Arabia,"Middle East, North Africa, Afghanistan & Pakistan",High income,2013,57998.4644619155,10.1,10.968171814383533,protected_wdi_snapshot
SAU,Saudi Arabia,"Middle East, North Africa, Afghanistan & Pakistan",High income,2014,58872.2671400126,9.6,10.983125412237337,protected_wdi_snapshot
SAU,Saudi Arabia,"Middle East, North Africa, Afghanistan & Pakistan",High income,2015,58498.5399040699,9,10.97675707400368,protected_wdi_snapshot
SAU,Saudi Arabia,"Middle East, North Africa, Afghanistan & Pakistan",High income,2016,57308.4484127497,8.5,10.956203333592647,protected_wdi_snapshot
SAU,Saudi Arabia,"Middle East, North Africa, Afghanistan & Pakistan",High income,2017,57942.5484983044,8,10.96720725548382,protected_wdi_snapshot
SAU,Saudi Arabia,"Middle East, North Africa, Afghanistan & Pakistan",High income,2018,61359.4653740388,7.6,11.024504723063787,protected_wdi_snapshot
SAU,Saudi Arabia,"Middle East, North Africa, Afghanistan & Pakistan",High income,2019,62647.7299487842,7.2,11.045282725809558,protected_wdi_snapshot
SAU,Saudi Arabia,"Middle East, North Africa, Afghanistan & Pakistan",High income,2020,57420.7335736424,6.9,10.95816072917064,protected_wdi_snapshot
SAU,Saudi Arabia,"Middle East, North Africa, Afghanistan & Pakistan",High income,2021,62690.4966645929,6.7,11.04596514678557,protected_wdi_snapshot
SAU,Saudi Arabia,"Middle East, North Africa, Afghanistan & Pakistan",High income,2022,67178.5902274906,6.4,11.115109877942979,protected_wdi_snapshot
SDN,Sudan,Sub-Saharan Africa,Low income,2000,3575.85205078125,102,8.18195876261349,protected_wdi_snapshot
SDN,Sudan,Sub-Saharan Africa,Low income,2001,3701.548828125,98.6,8.216506613238804,protected_wdi_snapshot
SDN,Sudan,Sub-Saharan Africa,Low income,2002,3814.31323242188,95.2,8.246515909799632,protected_wdi_snapshot
SDN,Sudan,Sub-Saharan Africa,Low income,2003,3946.92260742188,91.9,8.280691467520743,protected_wdi_snapshot
SDN,Sudan,Sub-Saharan Africa,Low income,2004,4041.05712890625,101.1,8.304261602297585,protected_wdi_snapshot
SDN,Sudan,Sub-Saharan Africa,Low income,2005,4152.32275390625,98.8,8.331423156387713,protected_wdi_snapshot
SDN,Sudan,Sub-Saharan Africa,Low income,2006,4299.97412109375,83,8.366364283313253,protected_wdi_snapshot
SDN,Sudan,Sub-Saharan Africa,Low income,2007,4415.78515625,80.4,8.392940935561919,protected_wdi_snapshot
SDN,Sudan,Sub-Saharan Africa,Low income,2008,4446.40966796875,77.9,8.399852233322136,protected_wdi_snapshot
SDN,Sudan,Sub-Saharan Africa,Low income,2009,4188.0546875,75.5,8.339991630047482,protected_wdi_snapshot
SDN,Sudan,Sub-Saharan Africa,Low income,2010,4219.8369140625,73.4,8.34755176032653,protected_wdi_snapshot
SDN,Sudan,Sub-Saharan Africa,Low income,2011,4467.6259765625,71.3,8.404612445083133,protected_wdi_snapshot
SDN,Sudan,Sub-Saharan Africa,Low income,2012,4145.931640625,69.3,8.329882804829165,protected_wdi_snapshot
SDN,Sudan,Sub-Saharan Africa,Low income,2013,4130.48583984375,67.3,8.326150315802458,protected_wdi_snapshot
SDN,Sudan,Sub-Saharan Africa,Low income,2014,4207.50048828125,65.4,8.344624042115163,protected_wdi_snapshot
SDN,Sudan,Sub-Saharan Africa,Low income,2015,4159.1943359375,63.5,8.333076665253206,protected_wdi_snapshot
SDN,Sudan,Sub-Saharan Africa,Low income,2016,4174.56103515625,61.6,8.336764490477284,protected_wdi_snapshot
SDN,Sudan,Sub-Saharan Africa,Low income,2017,4061.01831054688,59.7,8.309189036552489,protected_wdi_snapshot
SDN,Sudan,Sub-Saharan Africa,Low income,2018,3816.65991210938,57.8,8.24713095055971,protected_wdi_snapshot
SDN,Sudan,Sub-Saharan Africa,Low income,2019,3625.52319335938,56.1,8.195753886076906,protected_wdi_snapshot
SDN,Sudan,Sub-Saharan Africa,Low income,2020,3401.24975585938,54.3,8.131898218317778,protected_wdi_snapshot
SDN,Sudan,Sub-Saharan Africa,Low income,2021,3248.9755859375,52.7,8.086095021309536,protected_wdi_snapshot
SDN,Sudan,Sub-Saharan Africa,Low income,2022,3132.0771484375,51,8.049451689130919,protected_wdi_snapshot
SEN,Senegal,Sub-Saharan Africa,Lower middle income,2000,3093.28791603382,128.9,8.036989854687697,protected_wdi_snapshot
SEN,Senegal,Sub-Saharan Africa,Lower middle income,2001,3149.33113704283,121.7,8.05494537182617,protected_wdi_snapshot
SEN,Senegal,Sub-Saharan Africa,Lower middle income,2002,3075.23157503874,113.2,8.031135486360728,protected_wdi_snapshot
SEN,Senegal,Sub-Saharan Africa,Lower middle income,2003,3170.03494689265,104.2,8.0614978910669155,protected_wdi_snapshot
SEN,Senegal,Sub-Saharan Africa,Lower middle income,2004,3240.30201670643,95.5,8.083421819474973,protected_wdi_snapshot
SEN,Senegal,Sub-Saharan Africa,Lower middle income,2005,3301.82076161633,87.6,8.102229341243085,protected_wdi_snapshot
SEN,Senegal,Sub-Saharan Africa,Lower middle income,2006,3301.03152415011,80.8,8.10199028168645,protected_wdi_snapshot
SEN,Senegal,Sub-Saharan Africa,Lower middle income,2007,3316.42037835596,75,8.10664128094516,protected_wdi_snapshot
SEN,Senegal,Sub-Saharan Africa,Lower middle income,2008,3359.70567091144,70.1,8.119608651177302,protected_wdi_snapshot
SEN,Senegal,Sub-Saharan Africa,Lower middle income,2009,3371.46166689451,66.1,8.123101658361968,protected_wdi_snapshot
SEN,Senegal,Sub-Saharan Africa,Lower middle income,2010,3403.56707166762,62.8,8.132579299368613,protected_wdi_snapshot
SEN,Senegal,Sub-Saharan Africa,Lower middle income,2011,3362.87940538165,60,8.120552851859028,protected_wdi_snapshot
SEN,Senegal,Sub-Saharan Africa,Lower middle income,2012,3405.10864461668,57.6,8.133032125450994,protected_wdi_snapshot
SEN,Senegal,Sub-Saharan Africa,Lower middle income,2013,3385.425906874,55.5,8.127234999255403,protected_wdi_snapshot
SEN,Senegal,Sub-Saharan Africa,Lower middle income,2014,3484.01219750661,53.7,8.155939838972754,protected_wdi_snapshot
SEN,Senegal,Sub-Saharan Africa,Lower middle income,2015,3593.79477121279,52.2,8.186963962544661,protected_wdi_snapshot
SEN,Senegal,Sub-Saharan Africa,Lower middle income,2016,3710.05531591559,50.8,8.218802065440622,protected_wdi_snapshot
SEN,Senegal,Sub-Saharan Africa,Lower middle income,2017,3871.45146786374,49.4,8.261384772003336,protected_wdi_snapshot
SEN,Senegal,Sub-Saharan Africa,Lower middle income,2018,3998.28635303867,47.9,8.293621136567168,protected_wdi_snapshot
SEN,Senegal,Sub-Saharan Africa,Lower middle income,2019,4070.6122705955,46.2,8.311548702158175,protected_wdi_snapshot
SEN,Senegal,Sub-Saharan Africa,Lower middle income,2020,4018.04129279044,44.2,8.2985498222734,protected_wdi_snapshot
SEN,Senegal,Sub-Saharan Africa,Lower middle income,2021,4173.67741399617,42.2,8.336552800030548,protected_wdi_snapshot
SEN,Senegal,Sub-Saharan Africa,Lower middle income,2022,4228.73382643662,40.1,8.349657895419941,protected_wdi_snapshot
SGP,Singapore,East Asia & Pacific,High income,2000,68904.1280154511,3.9,11.140471368348555,protected_wdi_snapshot
SGP,Singapore,East Asia & Pacific,High income,2001,66352.1492865891,3.6,11.102731432402082,protected_wdi_snapshot
SGP,Singapore,East Asia & Pacific,High income,2002,68328.932172058,3.4,11.132088560140025,protected_wdi_snapshot
SGP,Singapore,East Asia & Pacific,High income,2003,72497.86860121,3.2,11.191312441806618,protected_wdi_snapshot
SGP,Singapore,East Asia & Pacific,High income,2004,78712.5347297388,3.1,11.273557694019564,protected_wdi_snapshot
SGP,Singapore,East Asia & Pacific,High income,2005,82547.482835778,3,11.321128956282251,protected_wdi_snapshot
SGP,Singapore,East Asia & Pacific,High income,2006,87210.0480467646,2.9,11.376074833152707,protected_wdi_snapshot
SGP,Singapore,East Asia & Pacific,High income,2007,91198.1515708456,2.9,11.420789907993491,protected_wdi_snapshot
SGP,Singapore,East Asia & Pacific,High income,2008,88083.2853664583,2.8,11.386038070501785,protected_wdi_snapshot
SGP,Singapore,East Asia & Pacific,High income,2009,85575.755106675,2.8,11.357157287276195,protected_wdi_snapshot
SGP,Singapore,East Asia & Pacific,High income,2010,96280.0168756448,2.8,11.475016067173735,protected_wdi_snapshot
SGP,Singapore,East Asia & Pacific,High income,2011,100153.729405945,2.8,11.514461578602786,protected_wdi_snapshot
SGP,Singapore,East Asia & Pacific,High income,2012,102061.11936105,2.8,11.533327122234185,protected_wdi_snapshot
SGP,Singapore,East Asia & Pacific,High income,2013,105259.693561054,2.8,11.564185847646208,protected_wdi_snapshot
SGP,Singapore,East Asia & Pacific,High income,2014,107990.891202625,2.7,11.589802161833044,protected_wdi_snapshot
SGP,Singapore,East Asia & Pacific,High income,2015,109894.041337341,2.7,11.607271919971321,protected_wdi_snapshot
SGP,Singapore,East Asia & Pacific,High income,2016,112719.947951111,2.6,11.632661684818649,protected_wdi_snapshot
SGP,Singapore,East Asia & Pacific,High income,2017,117492.967994526,2.6,11.674133763920358,protected_wdi_snapshot
SGP,Singapore,East Asia & Pacific,High income,2018,120668.888726158,2.5,11.70080561682791,protected_wdi_snapshot
SGP,Singapore,East Asia & Pacific,High income,2019,120678.341978557,2.5,11.70088395418754,protected_wdi_snapshot
SGP,Singapore,East Asia & Pacific,High income,2020,116684.213596572,2.4,11.667226535744533,protected_wdi_snapshot
SGP,Singapore,East Asia & Pacific,High income,2021,133990.186782104,2.4,11.80552184328201,protected_wdi_snapshot
SGP,Singapore,East Asia & Pacific,High income,2022,134828.001392614,2.5,11.811755181352892,protected_wdi_snapshot
SLB,Solomon Islands,East Asia & Pacific,Lower middle income,2000,2277.11363831224,30.5,7.73066397185059,protected_wdi_snapshot
SLB,Solomon Islands,East Asia & Pacific,Lower middle income,2001,2055.53771375159,30.2,7.6282927538960035,protected_wdi_snapshot
SLB,Solomon Islands,East Asia & Pacific,Lower middle income,2002,1960.67504793326,29.8,7.581044105139139,protected_wdi_snapshot
SLB,Solomon Islands,East Asia & Pacific,Lower middle income,2003,2050.57140389822,29.6,7.625873766902346,protected_wdi_snapshot
SLB,Solomon Islands,East Asia & Pacific,Lower middle income,2004,2168.78371648018,29.3,7.681921790078153,protected_wdi_snapshot
SLB,Solomon Islands,East Asia & Pacific,Lower middle income,2005,2287.56668822715,29.1,7.735243950048071,protected_wdi_snapshot
SLB,Solomon Islands,East Asia & Pacific,Lower middle income,2006,2340.95143662493,28.8,7.758312722561909,protected_wdi_snapshot
SLB,Solomon Islands,East Asia & Pacific,Lower middle income,2007,2384.62333040945,28.4,7.776796458107384,protected_wdi_snapshot
SLB,Solomon Islands,East Asia & Pacific,Lower middle income,2008,2490.10207495758,28,7.8200789825773915,protected_wdi_snapshot
SLB,Solomon Islands,East Asia & Pacific,Lower middle income,2009,2515.21324036507,27.6,7.830112866361088,protected_wdi_snapshot
SLB,Solomon Islands,East Asia & Pacific,Lower middle income,2010,2682.62900140516,27.2,7.894552563341171,protected_wdi_snapshot
SLB,Solomon Islands,East Asia & Pacific,Lower middle income,2011,2777.83439007893,26.7,7.9294269067348555,protected_wdi_snapshot
SLB,Solomon Islands,East Asia & Pacific,Lower middle income,2012,2743.8100151451,26.2,7.917102749985665,protected_wdi_snapshot
SLB,Solomon Islands,East Asia & Pacific,Lower middle income,2013,2783.94856666363,25.8,7.931625546665703,protected_wdi_snapshot
SLB,Solomon Islands,East Asia & Pacific,Lower middle income,2014,2716.77005403122,25.4,7.907198973541269,protected_wdi_snapshot
SLB,Solomon Islands,East Asia & Pacific,Lower middle income,2015,2665.06620679799,25,7.88798417936753,protected_wdi_snapshot
SLB,Solomon Islands,East Asia & Pacific,Lower middle income,2016,2715.58152252659,24.6,7.906761398208803,protected_wdi_snapshot
SLB,Solomon Islands,East Asia & Pacific,Lower middle income,2017,2704.00988015555,24.1,7.902491091059859,protected_wdi_snapshot
SLB,Solomon Islands,East Asia & Pacific,Lower middle income,2018,2686.46317027984,23.6,7.895980800891893,protected_wdi_snapshot
SLB,Solomon Islands,East Asia & Pacific,Lower middle income,2019,2661.95770893588,23.1,7.886817111877648,protected_wdi_snapshot
SLB,Solomon Islands,East Asia & Pacific,Lower middle income,2020,2515.46369413305,22.5,7.83021243696419,protected_wdi_snapshot
SLB,Solomon Islands,East Asia & Pacific,Lower middle income,2021,2450.18399709553,21.9,7.803918401574163,protected_wdi_snapshot
SLB,Solomon Islands,East Asia & Pacific,Lower middle income,2022,2330.40164523401,21.3,7.7537959116327935,protected_wdi_snapshot
SLE,Sierra Leone,Sub-Saharan Africa,Low income,2000,1981.5060863596,222.8,7.591612484217799,protected_wdi_snapshot
SLE,Sierra Leone,Sub-Saharan Africa,Low income,2001,1749.35086270429,217.3,7.467000062506385,protected_wdi_snapshot
SLE,Sierra Leone,Sub-Saharan Africa,Low income,2002,2089.26152672652,211.6,7.644565946026321,protected_wdi_snapshot
SLE,Sierra Leone,Sub-Saharan Africa,Low income,2003,2196.28134480717,205.7,7.694520911366302,protected_wdi_snapshot
SLE,Sierra Leone,Sub-Saharan Africa,Low income,2004,2260.83818892177,199.6,7.723490903561205,protected_wdi_snapshot
SLE,Sierra Leone,Sub-Saharan Africa,Low income,2005,2296.65767816581,193.2,7.739210161616033,protected_wdi_snapshot
SLE,Sierra Leone,Sub-Saharan Africa,Low income,2006,2342.75461064658,186.5,7.759082700050905,protected_wdi_snapshot
SLE,Sierra Leone,Sub-Saharan Africa,Low income,2007,2377.80530040404,179.6,7.773933198543013,protected_wdi_snapshot
SLE,Sierra Leone,Sub-Saharan Africa,Low income,2008,2404.65198710572,172.4,7.785160468163095,protected_wdi_snapshot
SLE,Sierra Leone,Sub-Saharan Africa,Low income,2009,2376.58254446039,165.2,7.773418829076109,protected_wdi_snapshot
SLE,Sierra Leone,Sub-Saharan Africa,Low income,2010,2459.76814343236,157.9,7.807822373847286,protected_wdi_snapshot
SLE,Sierra Leone,Sub-Saharan Africa,Low income,2011,2590.52839404167,150.8,7.859617147029234,protected_wdi_snapshot
SLE,Sierra Leone,Sub-Saharan Africa,Low income,2012,2792.92626459232,144.1,7.934845165522331,protected_wdi_snapshot
SLE,Sierra Leone,Sub-Saharan Africa,Low income,2013,3124.72832355066,137.9,8.04710262192752,protected_wdi_snapshot
SLE,Sierra Leone,Sub-Saharan Africa,Low income,2014,2812.5283210882,135.9,7.9418391161822255,protected_wdi_snapshot
SLE,Sierra Leone,Sub-Saharan Africa,Low income,2015,2628.17058065746,136.8,7.874043286423982,protected_wdi_snapshot
SLE,Sierra Leone,Sub-Saharan Africa,Low income,2016,2732.26093913215,121.8,7.912884728257122,protected_wdi_snapshot
SLE,Sierra Leone,Sub-Saharan Africa,Low income,2017,2753.42719762222,117,7.9206016684119085,protected_wdi_snapshot
SLE,Sierra Leone,Sub-Saharan Africa,Low income,2018,2767.38003296688,112.4,7.925656315121765,protected_wdi_snapshot
SLE,Sierra Leone,Sub-Saharan Africa,Low income,2019,2852.66269829967,108.3,7.956008117199834,protected_wdi_snapshot
SLE,Sierra Leone,Sub-Saharan Africa,Low income,2020,2752.62615355663,104.4,7.92031069990138,protected_wdi_snapshot
SLE,Sierra Leone,Sub-Saharan Africa,Low income,2021,2849.38865839009,100.6,7.954859744424992,protected_wdi_snapshot
SLE,Sierra Leone,Sub-Saharan Africa,Low income,2022,2934.7332634039,97.1,7.984371846838852,protected_wdi_snapshot
SLV,El Salvador,Latin America & Caribbean,Upper middle income,2000,7545.44796218991,32.2,8.928699741499129,protected_wdi_snapshot
SLV,El Salvador,Latin America & Caribbean,Upper middle income,2001,7580.32338410159,30.3,8.933311140536622,protected_wdi_snapshot
SLV,El Salvador,Latin America & Caribbean,Upper middle income,2002,7675.67106195114,28.6,8.945811003415107,protected_wdi_snapshot
SLV,El Salvador,Latin America & Caribbean,Upper middle income,2003,7780.27177685599,26.9,8.959346549320141,protected_wdi_snapshot
SLV,El Salvador,Latin America & Caribbean,Upper middle income,2004,7841.53237886842,25.4,8.967189550733641,protected_wdi_snapshot
SLV,El Salvador,Latin America & Caribbean,Upper middle income,2005,8050.5345128919,24,8.993493767325292,protected_wdi_snapshot
SLV,El Salvador,Latin America & Caribbean,Upper middle income,2006,8404.24674903143,22.7,9.03649242243718,protected_wdi_snapshot
SLV,El Salvador,Latin America & Caribbean,Upper middle income,2007,8548.83476118605,21.5,9.05355026740173,protected_wdi_snapshot
SLV,El Salvador,Latin America & Caribbean,Upper middle income,2008,8704.80584632591,20.4,9.071630548257511,protected_wdi_snapshot
SLV,El Salvador,Latin America & Caribbean,Upper middle income,2009,8494.49847423621,19.4,9.047173994604108,protected_wdi_snapshot
SLV,El Salvador,Latin America & Caribbean,Upper middle income,2010,8648.92982717672,18.4,9.065190872870513,protected_wdi_snapshot
SLV,El Salvador,Latin America & Caribbean,Upper middle income,2011,8945.93132970006,17.6,9.098954107873466,protected_wdi_snapshot
SLV,El Salvador,Latin America & Caribbean,Upper middle income,2012,9162.56212613508,16.7,9.12288112665051,protected_wdi_snapshot
SLV,El Salvador,Latin America & Caribbean,Upper middle income,2013,9329.46202222861,16,9.140932631110182,protected_wdi_snapshot
SLV,El Salvador,Latin America & Caribbean,Upper middle income,2014,9451.744607867,15.3,9.153954618037712,protected_wdi_snapshot
SLV,El Salvador,Latin America & Caribbean,Upper middle income,2015,9646.15432339854,14.6,9.174314599194547,protected_wdi_snapshot
SLV,El Salvador,Latin America & Caribbean,Upper middle income,2016,9863.76121214453,13.9,9.196622836536617,protected_wdi_snapshot
SLV,El Salvador,Latin America & Caribbean,Upper middle income,2017,10064.7934942601,13.3,9.2167988206513,protected_wdi_snapshot
SLV,El Salvador,Latin America & Caribbean,Upper middle income,2018,10297.203612692,12.7,9.239627643443185,protected_wdi_snapshot
SLV,El Salvador,Latin America & Caribbean,Upper middle income,2019,10543.9383291317,12.2,9.263306407818858,protected_wdi_snapshot
SLV,El Salvador,Latin America & Caribbean,Upper middle income,2020,9692.44931605799,11.7,9.17910244033956,protected_wdi_snapshot
SLV,El Salvador,Latin America & Caribbean,Upper middle income,2021,10809.713399518,11.2,9.288200397748765,protected_wdi_snapshot
SLV,El Salvador,Latin America & Caribbean,Upper middle income,2022,11085.6166169553,10.8,9.31340374675099,protected_wdi_snapshot
SMR,San Marino,Europe & Central Asia,High income,2000,77149.4185798293,5.2,11.25349932153257,protected_wdi_snapshot
SMR,San Marino,Europe & Central Asia,High income,2001,80420.7725451516,4.8,11.295027786786019,protected_wdi_snapshot
SMR,San Marino,Europe & Central Asia,High income,2002,79649.5350498753,4.5,11.285391477905906,protected_wdi_snapshot
SMR,San Marino,Europe & Central Asia,High income,2003,81688.3814188309,4.1,11.310667060439425,protected_wdi_snapshot
SMR,San Marino,Europe & Central Asia,High income,2004,80724.8114711728,3.8,11.298801260178383,protected_wdi_snapshot
SMR,San Marino,Europe & Central Asia,High income,2005,81632.1776324722,3.6,11.309978796954363,protected_wdi_snapshot
SMR,San Marino,Europe & Central Asia,High income,2006,83781.550199101,3.3,11.335968097541839,protected_wdi_snapshot
SMR,San Marino,Europe & Central Asia,High income,2007,86785.0210208274,3.1,11.371189316872242,protected_wdi_snapshot
SMR,San Marino,Europe & Central Asia,High income,2008,85120.2897275883,2.9,11.35182070832424,protected_wdi_snapshot
SMR,San Marino,Europe & Central Asia,High income,2009,73093.8341489444,2.7,11.199499294012709,protected_wdi_snapshot
SMR,San Marino,Europe & Central Asia,High income,2010,68669.2549485757,2.6,11.13705685181909,protected_wdi_snapshot
SMR,San Marino,Europe & Central Asia,High income,2011,64214.120906595,2.4,11.06997841730832,protected_wdi_snapshot
SMR,San Marino,Europe & Central Asia,High income,2012,58176.3797454761,2.3,10.971234705043969,protected_wdi_snapshot
SMR,San Marino,Europe & Central Asia,High income,2013,58467.9789128485,2.1,10.976234514347706,protected_wdi_snapshot
SMR,San Marino,Europe & Central Asia,High income,2014,58743.5863890151,2,10.98093725820061,protected_wdi_snapshot
SMR,San Marino,Europe & Central Asia,High income,2015,59647.6600146934,1.9,10.996210198168058,protected_wdi_snapshot
SMR,San Marino,Europe & Central Asia,High income,2016,60669.8228947966,1.8,11.013201701775936,protected_wdi_snapshot
SMR,San Marino,Europe & Central Asia,High income,2017,59524.5606827202,1.7,10.994144290945135,protected_wdi_snapshot
SMR,San Marino,Europe & Central Asia,High income,2018,59194.04440794,1.6,10.988576214594225,protected_wdi_snapshot
SMR,San Marino,Europe & Central Asia,High income,2019,60171.0506033928,1.5,11.004946628646852,protected_wdi_snapshot
SMR,San Marino,Europe & Central Asia,High income,2020,55998.0734625278,1.5,10.933072566670647,protected_wdi_snapshot
SMR,San Marino,Europe & Central Asia,High income,2021,64745.1322795901,1.4,11.078213799586653,protected_wdi_snapshot
SMR,San Marino,Europe & Central Asia,High income,2022,70887.5780565982,1.4,11.168850493455137,protected_wdi_snapshot
SOM,"Somalia, Fed. Rep.",Sub-Saharan Africa,Low income,2000,702.850071117661,173.2,6.555143598962462,protected_wdi_snapshot
SOM,"Somalia, Fed. Rep.",Sub-Saharan Africa,Low income,2001,723.37973295059,173.2,6.5839343027453685,protected_wdi_snapshot
SOM,"Somalia, Fed. Rep.",Sub-Saharan Africa,Low income,2002,749.913550912524,173.2,6.619957934436815,protected_wdi_snapshot
SOM,"Somalia, Fed. Rep.",Sub-Saharan Africa,Low income,2003,777.884552733128,173.2,6.656578123364358,protected_wdi_snapshot
SOM,"Somalia, Fed. Rep.",Sub-Saharan Africa,Low income,2004,803.059780580226,173.2,6.688429157726472,protected_wdi_snapshot
SOM,"Somalia, Fed. Rep.",Sub-Saharan Africa,Low income,2005,830.807245939502,173.2,6.722397813605116,protected_wdi_snapshot
SOM,"Somalia, Fed. Rep.",Sub-Saharan Africa,Low income,2006,857.993655902122,172.6,6.754596705407155,protected_wdi_snapshot
SOM,"Somalia, Fed. Rep.",Sub-Saharan Africa,Low income,2007,887.369352235607,170.5,6.788261301764687,protected_wdi_snapshot
SOM,"Somalia, Fed. Rep.",Sub-Saharan Africa,Low income,2008,919.132083453107,166.7,6.823429837222016,protected_wdi_snapshot
SOM,"Somalia, Fed. Rep.",Sub-Saharan Africa,Low income,2009,956.220325392593,162.4,6.862988352390051,protected_wdi_snapshot
SOM,"Somalia, Fed. Rep.",Sub-Saharan Africa,Low income,2010,995.225555512017,186.7,6.902969400425334,protected_wdi_snapshot
SOM,"Somalia, Fed. Rep.",Sub-Saharan Africa,Low income,2011,1054.36214979093,363.1,6.960691265712916,protected_wdi_snapshot
SOM,"Somalia, Fed. Rep.",Sub-Saharan Africa,Low income,2012,1114.8041489283,185.4,7.016434017280361,protected_wdi_snapshot
SOM,"Somalia, Fed. Rep.",Sub-Saharan Africa,Low income,2013,1197.72166459722,143.2,7.088176418290509,protected_wdi_snapshot
SOM,"Somalia, Fed. Rep.",Sub-Saharan Africa,Low income,2014,1259.27432882605,138.6,7.138290904531288,protected_wdi_snapshot
SOM,"Somalia, Fed. Rep.",Sub-Saharan Africa,Low income,2015,1343.92517439594,134.3,7.203349845720706,protected_wdi_snapshot
SOM,"Somalia, Fed. Rep.",Sub-Saharan Africa,Low income,2016,1384.15517410124,130.2,7.2328452499079825,protected_wdi_snapshot
SOM,"Somalia, Fed. Rep.",Sub-Saharan Africa,Low income,2017,1527.66029071648,156.4,7.331492622179553,protected_wdi_snapshot
SOM,"Somalia, Fed. Rep.",Sub-Saharan Africa,Low income,2018,1504.97908203481,136.4,7.316534278106192,protected_wdi_snapshot
SOM,"Somalia, Fed. Rep.",Sub-Saharan Africa,Low income,2019,1491.29493918405,118.4,7.307400108203031,protected_wdi_snapshot
SOM,"Somalia, Fed. Rep.",Sub-Saharan Africa,Low income,2020,1396.05544674978,114.7,7.241406000835702,protected_wdi_snapshot
SOM,"Somalia, Fed. Rep.",Sub-Saharan Africa,Low income,2021,1392.31782053371,111,7.238725134182399,protected_wdi_snapshot
SOM,"Somalia, Fed. Rep.",Sub-Saharan Africa,Low income,2022,1387.54753732191,143.1,7.235293106166599,protected_wdi_snapshot
SRB,Serbia,Europe & Central Asia,Upper middle income,2000,11105.9488237331,12.7,9.315236173807243,protected_wdi_snapshot
SRB,Serbia,Europe & Central Asia,Upper middle income,2001,11879.1763909711,12.1,9.382542263154049,protected_wdi_snapshot
SRB,Serbia,Europe & Central Asia,Upper middle income,2002,12661.9396115325,11.4,9.446355891825007,protected_wdi_snapshot
SRB,Serbia,Europe & Central Asia,Upper middle income,2003,13273.6900656327,10.6,9.493539164452768,protected_wdi_snapshot
SRB,Serbia,Europe & Central Asia,Upper middle income,2004,14194.3651317933,9.7,9.560600343130087,protected_wdi_snapshot
SRB,Serbia,Europe & Central Asia,Upper middle income,2005,15077.5586462578,9,9.62096273497155,protected_wdi_snapshot
SRB,Serbia,Europe & Central Asia,Upper middle income,2006,15727.4033683685,8.5,9.663159907306314,protected_wdi_snapshot
SRB,Serbia,Europe & Central Asia,Upper middle income,2007,17028.0866985832,8.1,9.74261941846569,protected_wdi_snapshot
SRB,Serbia,Europe & Central Asia,Upper middle income,2008,17983.2811855695,7.9,9.797197782230992,protected_wdi_snapshot
SRB,Serbia,Europe & Central Asia,Upper middle income,2009,17488.1227241581,7.8,9.769277228012815,protected_wdi_snapshot
SRB,Serbia,Europe & Central Asia,Upper middle income,2010,17841.4312599018,7.6,9.789278630488912,protected_wdi_snapshot
SRB,Serbia,Europe & Central Asia,Upper middle income,2011,17986.5840283539,7.4,9.797381427222378,protected_wdi_snapshot
SRB,Serbia,Europe & Central Asia,Upper middle income,2012,17993.8147169993,7.1,9.7977833509917,protected_wdi_snapshot
SRB,Serbia,Europe & Central Asia,Upper middle income,2013,18163.2047330246,6.8,9.80715310866877,protected_wdi_snapshot
SRB,Serbia,Europe & Central Asia,Upper middle income,2014,17922.4357685757,6.6,9.793808601877709,protected_wdi_snapshot
SRB,Serbia,Europe & Central Asia,Upper middle income,2015,18247.8091057968,6.3,9.811800302806745,protected_wdi_snapshot
SRB,Serbia,Europe & Central Asia,Upper middle income,2016,18889.3816415548,6.1,9.846355225261764,protected_wdi_snapshot
SRB,Serbia,Europe & Central Asia,Upper middle income,2017,19438.9917129776,5.9,9.875036210052931,protected_wdi_snapshot
SRB,Serbia,Europe & Central Asia,Upper middle income,2018,20454.225884367,5.8,9.925944784835194,protected_wdi_snapshot
SRB,Serbia,Europe & Central Asia,Upper middle income,2019,21541.1264037184,5.6,9.97771924292336,protected_wdi_snapshot
SRB,Serbia,Europe & Central Asia,Upper middle income,2020,21479.0788553347,5.5,9.974834663873407,protected_wdi_snapshot
SRB,Serbia,Europe & Central Asia,Upper middle income,2021,23406.3065657117,5.4,10.060760776389332,protected_wdi_snapshot
SRB,Serbia,Europe & Central Asia,Upper middle income,2022,24651.8478183529,5.4,10.112607138866297,protected_wdi_snapshot
STP,Sao Tome and Principe,Sub-Saharan Africa,Lower middle income,2000,3852.89042721453,82.2,8.25657890591774,protected_wdi_snapshot
STP,Sao Tome and Principe,Sub-Saharan Africa,Lower middle income,2001,3907.0192818698,76.7,8.270530030254001,protected_wdi_snapshot
STP,Sao Tome and Principe,Sub-Saharan Africa,Lower middle income,2002,3942.76040695115,71.1,8.279636367880041,protected_wdi_snapshot
STP,Sao Tome and Principe,Sub-Saharan Africa,Lower middle income,2003,4161.63833167542,65.7,8.333664105454405,protected_wdi_snapshot
STP,Sao Tome and Principe,Sub-Saharan Africa,Lower middle income,2004,4202.56186898775,60.5,8.34344958712271,protected_wdi_snapshot
STP,Sao Tome and Principe,Sub-Saharan Africa,Lower middle income,2005,4371.49721644128,55.7,8.382860841869348,protected_wdi_snapshot
STP,Sao Tome and Principe,Sub-Saharan Africa,Lower middle income,2006,4644.18044669991,51.1,8.443370197941446,protected_wdi_snapshot
STP,Sao Tome and Principe,Sub-Saharan Africa,Lower middle income,2007,4698.08416961839,46.9,8.454910081111665,protected_wdi_snapshot
STP,Sao Tome and Principe,Sub-Saharan Africa,Lower middle income,2008,4873.1813112046,43.1,8.491502249457836,protected_wdi_snapshot
STP,Sao Tome and Principe,Sub-Saharan Africa,Lower middle income,2009,4919.19529822865,39.5,8.500900238838804,protected_wdi_snapshot
STP,Sao Tome and Principe,Sub-Saharan Africa,Lower middle income,2010,4882.04796466341,36.2,8.493320075702556,protected_wdi_snapshot
STP,Sao Tome and Principe,Sub-Saharan Africa,Lower middle income,2011,4876.47315792145,33.2,8.492177524023178,protected_wdi_snapshot
STP,Sao Tome and Principe,Sub-Saharan Africa,Lower middle income,2012,4919.55294386577,30.4,8.500972940289941,protected_wdi_snapshot
STP,Sao Tome and Principe,Sub-Saharan Africa,Lower middle income,2013,5072.11200195866,27.9,8.531512578278347,protected_wdi_snapshot
STP,Sao Tome and Principe,Sub-Saharan Africa,Lower middle income,2014,5223.09572886388,25.5,8.560845556597627,protected_wdi_snapshot
STP,Sao Tome and Principe,Sub-Saharan Africa,Lower middle income,2015,5210.2037755431,23.3,8.558374246370853,protected_wdi_snapshot
STP,Sao Tome and Principe,Sub-Saharan Africa,Lower middle income,2016,5388.5091334891,21.3,8.592024027032036,protected_wdi_snapshot
STP,Sao Tome and Principe,Sub-Saharan Africa,Lower middle income,2017,5521.20249597413,19.6,8.616350959020272,protected_wdi_snapshot
STP,Sao Tome and Principe,Sub-Saharan Africa,Lower middle income,2018,5674.72379094011,18.2,8.64377716996514,protected_wdi_snapshot
STP,Sao Tome and Principe,Sub-Saharan Africa,Lower middle income,2019,5702.08347071236,17.1,8.648586908213657,protected_wdi_snapshot
STP,Sao Tome and Principe,Sub-Saharan Africa,Lower middle income,2020,5742.94724858826,16.1,8.655727815481393,protected_wdi_snapshot
STP,Sao Tome and Principe,Sub-Saharan Africa,Lower middle income,2021,5732.69456061536,15.3,8.653940954080293,protected_wdi_snapshot
STP,Sao Tome and Principe,Sub-Saharan Africa,Lower middle income,2022,5632.13890715047,14.7,8.63624456144539,protected_wdi_snapshot
SUR,Suriname,Latin America & Caribbean,Upper middle income,2000,16220.1790603262,31,9.69401136708604,protected_wdi_snapshot
SUR,Suriname,Latin America & Caribbean,Upper middle income,2001,16556.9440609927,30,9.714560873530466,protected_wdi_snapshot
SUR,Suriname,Latin America & Caribbean,Upper middle income,2002,16678.0718706582,29,9.721850073946808,protected_wdi_snapshot
SUR,Suriname,Latin America & Caribbean,Upper middle income,2003,17383.5015505612,28.1,9.763276848639848,protected_wdi_snapshot
SUR,Suriname,Latin America & Caribbean,Upper middle income,2004,18585.5170864176,27.2,9.830137905127067,protected_wdi_snapshot
SUR,Suriname,Latin America & Caribbean,Upper middle income,2005,19220.2839696605,26.5,9.863721457111314,protected_wdi_snapshot
SUR,Suriname,Latin America & Caribbean,Upper middle income,2006,20113.6707547695,25.7,9.90915499991199,protected_wdi_snapshot
SUR,Suriname,Latin America & Caribbean,Upper middle income,2007,20902.1391589279,25.1,9.947606784817097,protected_wdi_snapshot
SUR,Suriname,Latin America & Caribbean,Upper middle income,2008,21515.8119551093,24.4,9.97654338358497,protected_wdi_snapshot
SUR,Suriname,Latin America & Caribbean,Upper middle income,2009,21906.4105447498,23.8,9.99453459190911,protected_wdi_snapshot
SUR,Suriname,Latin America & Caribbean,Upper middle income,2010,22772.4754543689,23.2,10.033307868755562,protected_wdi_snapshot
SUR,Suriname,Latin America & Caribbean,Upper middle income,2011,23829.5332856393,22.7,10.078680984741084,protected_wdi_snapshot
SUR,Suriname,Latin America & Caribbean,Upper middle income,2012,24193.8412373922,22.2,10.093853385432967,protected_wdi_snapshot
SUR,Suriname,Latin America & Caribbean,Upper middle income,2013,24624.0219854601,21.6,10.111477748925083,protected_wdi_snapshot
SUR,Suriname,Latin America & Caribbean,Upper middle income,2014,24414.3554759734,21.1,10.10292657745689,protected_wdi_snapshot
SUR,Suriname,Latin America & Caribbean,Upper middle income,2015,23327.5252497447,20.6,10.057389283510108,protected_wdi_snapshot
SUR,Suriname,Latin America & Caribbean,Upper middle income,2016,21950.4122148625,20.1,9.996541198047368,protected_wdi_snapshot
SUR,Suriname,Latin America & Caribbean,Upper middle income,2017,22070.5137570835,19.5,10.001997777506507,protected_wdi_snapshot
SUR,Suriname,Latin America & Caribbean,Upper middle income,2018,22938.5353715545,18.9,10.040573542592565,protected_wdi_snapshot
SUR,Suriname,Latin America & Caribbean,Upper middle income,2019,22966.7405999124,18.4,10.041802387482845,protected_wdi_snapshot
SUR,Suriname,Latin America & Caribbean,Upper middle income,2020,19091.3617184226,17.9,9.856991245680412,protected_wdi_snapshot
SUR,Suriname,Latin America & Caribbean,Upper middle income,2021,18458.234999681,17.4,9.823265891334085,protected_wdi_snapshot
SUR,Suriname,Latin America & Caribbean,Upper middle income,2022,18742.5873760369,16.8,9.83855361328642,protected_wdi_snapshot
SVK,Slovak Republic,Europe & Central Asia,High income,2000,18335.6834506937,9.6,9.816604355550746,protected_wdi_snapshot
SVK,Slovak Republic,Europe & Central Asia,High income,2001,18906.6014279038,9.3,9.847266421962683,protected_wdi_snapshot
SVK,Slovak Republic,Europe & Central Asia,High income,2002,19748.9318737056,9.1,9.890854686522745,protected_wdi_snapshot
SVK,Slovak Republic,Europe & Central Asia,High income,2003,20721.7128107535,8.8,9.938937357568545,protected_wdi_snapshot
SVK,Slovak Republic,Europe & Central Asia,High income,2004,21842.9563752621,8.6,9.991633785865483,protected_wdi_snapshot
SVK,Slovak Republic,Europe & Central Asia,High income,2005,23257.1758521642,8.3,10.054369002199106,protected_wdi_snapshot
SVK,Slovak Republic,Europe & Central Asia,High income,2006,25331.8740217421,8,10.139818724536244,protected_wdi_snapshot
SVK,Slovak Republic,Europe & Central Asia,High income,2007,28064.2457264668,7.7,10.242251651065262,protected_wdi_snapshot
SVK,Slovak Republic,Europe & Central Asia,High income,2008,29544.090596762,7.4,10.293639023030607,protected_wdi_snapshot
SVK,Slovak Republic,Europe & Central Asia,High income,2009,27880.4111227638,7.1,10.235679610919387,protected_wdi_snapshot
SVK,Slovak Republic,Europe & Central Asia,High income,2010,29745.9196662166,6.9,10.300447247490542,protected_wdi_snapshot
SVK,Slovak Republic,Europe & Central Asia,High income,2011,30468.8257049455,6.7,10.324459331852305,protected_wdi_snapshot
SVK,Slovak Republic,Europe & Central Asia,High income,2012,30894.3118010926,6.6,10.338327361833242,protected_wdi_snapshot
SVK,Slovak Republic,Europe & Central Asia,High income,2013,31078.1848215695,6.4,10.344261399351632,protected_wdi_snapshot
SVK,Slovak Republic,Europe & Central Asia,High income,2014,31888.805351531,6.3,10.370010297763708,protected_wdi_snapshot
SVK,Slovak Republic,Europe & Central Asia,High income,2015,33507.7913603774,6.2,10.419533268692819,protected_wdi_snapshot
SVK,Slovak Republic,Europe & Central Asia,High income,2016,34116.4502039273,6.1,10.437534957621343,protected_wdi_snapshot
SVK,Slovak Republic,Europe & Central Asia,High income,2017,35042.7858925618,6,10.46432504795615,protected_wdi_snapshot
SVK,Slovak Republic,Europe & Central Asia,High income,2018,36415.7920529507,5.9,10.502757807148706,protected_wdi_snapshot
SVK,Slovak Republic,Europe & Central Asia,High income,2019,37194.2104548698,5.9,10.52390839521557,protected_wdi_snapshot
SVK,Slovak Republic,Europe & Central Asia,High income,2020,36201.4863805533,5.9,10.496855457207193,protected_wdi_snapshot
SVK,Slovak Republic,Europe & Central Asia,High income,2021,38330.302743447,6,10.55399605668536,protected_wdi_snapshot
SVK,Slovak Republic,Europe & Central Asia,High income,2022,38648.9855746919,6.1,10.56227580722072,protected_wdi_snapshot
SVN,Slovenia,Europe & Central Asia,High income,2000,30061.2061910089,5.4,10.31099078861667,protected_wdi_snapshot
SVN,Slovenia,Europe & Central Asia,High income,2001,30862.8959874504,5.2,10.337309964270204,protected_wdi_snapshot
SVN,Slovenia,Europe & Central Asia,High income,2002,31836.5215656188,4.9,10.36836938667943,protected_wdi_snapshot
SVN,Slovenia,Europe & Central Asia,High income,2003,32833.9045969454,4.7,10.399216937232449,protected_wdi_snapshot
SVN,Slovenia,Europe & Central Asia,High income,2004,34304.5565023331,4.4,10.443033466964849,protected_wdi_snapshot
SVN,Slovenia,Europe & Central Asia,High income,2005,35565.0427189638,4.2,10.479118488318695,protected_wdi_snapshot
SVN,Slovenia,Europe & Central Asia,High income,2006,37546.4956078863,4,10.533335326815466,protected_wdi_snapshot
SVN,Slovenia,Europe & Central Asia,High income,2007,40002.7018991991,3.8,10.596702278294822,protected_wdi_snapshot
SVN,Slovenia,Europe & Central Asia,High income,2008,41286.3462491223,3.6,10.628287124994271,protected_wdi_snapshot
SVN,Slovenia,Europe & Central Asia,High income,2009,37809.1735513927,3.4,10.540307038708843,protected_wdi_snapshot
SVN,Slovenia,Europe & Central Asia,High income,2010,38063.314683572,3.2,10.547006228060882,protected_wdi_snapshot
SVN,Slovenia,Europe & Central Asia,High income,2011,38233.2905622851,3.1,10.551461895763943,protected_wdi_snapshot
SVN,Slovenia,Europe & Central Asia,High income,2012,37040.7082746106,2.9,10.51977281046203,protected_wdi_snapshot
SVN,Slovenia,Europe & Central Asia,High income,2013,36685.7496645094,2.8,10.510143666117422,protected_wdi_snapshot
SVN,Slovenia,Europe & Central Asia,High income,2014,37662.2559898098,2.7,10.536413704554239,protected_wdi_snapshot
SVN,Slovenia,Europe & Central Asia,High income,2015,38534.6437425951,2.6,10.559312953134846,protected_wdi_snapshot
SVN,Slovenia,Europe & Central Asia,High income,2016,39674.8931561968,2.5,10.588473852415477,protected_wdi_snapshot
SVN,Slovenia,Europe & Central Asia,High income,2017,41700.651085028,2.5,10.638272021214835,protected_wdi_snapshot
SVN,Slovenia,Europe & Central Asia,High income,2018,43369.221946981,2.4,10.677505296778728,protected_wdi_snapshot
SVN,Slovenia,Europe & Central Asia,High income,2019,44577.9418583069,2.4,10.70499443849652,protected_wdi_snapshot
SVN,Slovenia,Europe & Central Asia,High income,2020,42471.5228031277,2.4,10.656589078636433,protected_wdi_snapshot
SVN,Slovenia,Europe & Central Asia,High income,2021,45922.6632600134,2.3,10.734714027134231,protected_wdi_snapshot
SVN,Slovenia,Europe & Central Asia,High income,2022,47058.8865960028,2.3,10.75915500275801,protected_wdi_snapshot
SWE,Sweden,Europe & Central Asia,High income,2000,47868.5077292571,4.1,10.776213108498881,protected_wdi_snapshot
SWE,Sweden,Europe & Central Asia,High income,2001,48389.8185132591,4,10.787044709279382,protected_wdi_snapshot
SWE,Sweden,Europe & Central Asia,High income,2002,49331.2032555738,4,10.806312085894096,protected_wdi_snapshot
SWE,Sweden,Europe & Central Asia,High income,2003,50072.4736462925,3.9,10.82122670786425,protected_wdi_snapshot
SWE,Sweden,Europe & Central Asia,High income,2004,51960.5321902953,3.7,10.858239713039538,protected_wdi_snapshot
SWE,Sweden,Europe & Central Asia,High income,2005,53198.67120001,3.6,10.881788697574374,protected_wdi_snapshot
SWE,Sweden,Europe & Central Asia,High income,2006,55373.9338115393,3.5,10.92186425319439,protected_wdi_snapshot
SWE,Sweden,Europe & Central Asia,High income,2007,56737.3689179302,3.3,10.946188336436963,protected_wdi_snapshot
SWE,Sweden,Europe & Central Asia,High income,2008,55777.3973050094,3.2,10.929124000089452,protected_wdi_snapshot
SWE,Sweden,Europe & Central Asia,High income,2009,52950.7103332467,3.1,10.877116766109479,protected_wdi_snapshot
SWE,Sweden,Europe & Central Asia,High income,2010,55520.4324178534,3.1,10.924506383656361,protected_wdi_snapshot
SWE,Sweden,Europe & Central Asia,High income,2011,56846.1368290625,3,10.948103543115323,protected_wdi_snapshot
SWE,Sweden,Europe & Central Asia,High income,2012,56193.3287488246,3,10.936553323298794,protected_wdi_snapshot
SWE,Sweden,Europe & Central Asia,High income,2013,56353.0856347897,2.9,10.939392276350098,protected_wdi_snapshot
SWE,Sweden,Europe & Central Asia,High income,2014,57077.6693544196,2.9,10.952168239545166,protected_wdi_snapshot
SWE,Sweden,Europe & Central Asia,High income,2015,58955.6412361461,2.9,10.98454059665667,protected_wdi_snapshot
SWE,Sweden,Europe & Central Asia,High income,2016,59460.2872722689,2.8,10.993063927893745,protected_wdi_snapshot
SWE,Sweden,Europe & Central Asia,High income,2017,59769.0136237,2.8,10.998242638816139,protected_wdi_snapshot
SWE,Sweden,Europe & Central Asia,High income,2018,60124.5711994179,2.7,11.004173875564218,protected_wdi_snapshot
SWE,Sweden,Europe & Central Asia,High income,2019,61070.5243445838,2.6,11.019784612140429,protected_wdi_snapshot
SWE,Sweden,Europe & Central Asia,High income,2020,59458.2805291969,2.6,10.993030178024247,protected_wdi_snapshot
SWE,Sweden,Europe & Central Asia,High income,2021,62190.8526983825,2.5,11.037963205185518,protected_wdi_snapshot
SWE,Sweden,Europe & Central Asia,High income,2022,62544.5002248644,2.5,11.043633585968013,protected_wdi_snapshot
SWZ,Eswatini,Sub-Saharan Africa,Lower middle income,2000,6106.07478740465,112.5,8.717039421402692,protected_wdi_snapshot
SWZ,Eswatini,Sub-Saharan Africa,Lower middle income,2001,6135.45299954297,115.7,8.721839192975391,protected_wdi_snapshot
SWZ,Eswatini,Sub-Saharan Africa,Lower middle income,2002,6335.81351839193,117,8.753973500989149,protected_wdi_snapshot
SWZ,Eswatini,Sub-Saharan Africa,Lower middle income,2003,6578.30152863605,117.9,8.791531864651919,protected_wdi_snapshot
SWZ,Eswatini,Sub-Saharan Africa,Lower middle income,2004,6775.2217412302,118,8.82102737454518,protected_wdi_snapshot
SWZ,Eswatini,Sub-Saharan Africa,Lower middle income,2005,7142.1921864324,117,8.873775037122,protected_wdi_snapshot
SWZ,Eswatini,Sub-Saharan Africa,Lower middle income,2006,7584.72030617794,106.4,8.933891016505244,protected_wdi_snapshot
SWZ,Eswatini,Sub-Saharan Africa,Lower middle income,2007,7866.73073455273,100.3,8.970397846535233,protected_wdi_snapshot
SWZ,Eswatini,Sub-Saharan Africa,Lower middle income,2008,7926.37961138221,97.9,8.977951667049883,protected_wdi_snapshot
SWZ,Eswatini,Sub-Saharan Africa,Lower middle income,2009,7988.59750005303,92.4,8.985770491444535,protected_wdi_snapshot
SWZ,Eswatini,Sub-Saharan Africa,Lower middle income,2010,8245.64153332215,82.1,9.017440040738391,protected_wdi_snapshot
SWZ,Eswatini,Sub-Saharan Africa,Lower middle income,2011,8350.89190932865,67.6,9.030123627628994,protected_wdi_snapshot
SWZ,Eswatini,Sub-Saharan Africa,Lower middle income,2012,8645.84478287802,62.7,9.064834112588754,protected_wdi_snapshot
SWZ,Eswatini,Sub-Saharan Africa,Lower middle income,2013,8951.05749805891,59.7,9.099526960496705,protected_wdi_snapshot
SWZ,Eswatini,Sub-Saharan Africa,Lower middle income,2014,9084.49405780635,60,9.114324289439837,protected_wdi_snapshot
SWZ,Eswatini,Sub-Saharan Africa,Lower middle income,2015,9186.65344720515,57.5,9.125506997474975,protected_wdi_snapshot
SWZ,Eswatini,Sub-Saharan Africa,Lower middle income,2016,9402.50834103681,54.4,9.148731777452506,protected_wdi_snapshot
SWZ,Eswatini,Sub-Saharan Africa,Lower middle income,2017,9660.55161538086,53.6,9.175806028617744,protected_wdi_snapshot
SWZ,Eswatini,Sub-Saharan Africa,Lower middle income,2018,9578.10061089805,50.4,9.16723458522179,protected_wdi_snapshot
SWZ,Eswatini,Sub-Saharan Africa,Lower middle income,2019,10099.5863118406,51.5,9.220249742766796,protected_wdi_snapshot
SWZ,Eswatini,Sub-Saharan Africa,Lower middle income,2020,9695.82498058755,50.5,9.179450657464203,protected_wdi_snapshot
SWZ,Eswatini,Sub-Saharan Africa,Lower middle income,2021,9990.43491951205,47.9,9.209383406181649,protected_wdi_snapshot
SWZ,Eswatini,Sub-Saharan Africa,Lower middle income,2022,9927.60567008139,47.3,9.20307460712719,protected_wdi_snapshot
SYC,Seychelles,Sub-Saharan Africa,High income,2000,20633.6746950761,13.8,9.93467971405558,protected_wdi_snapshot
SYC,Seychelles,Sub-Saharan Africa,High income,2001,20147.4187656167,13.8,9.91083145820725,protected_wdi_snapshot
SYC,Seychelles,Sub-Saharan Africa,High income,2002,19777.7525249721,13.7,9.892312975109935,protected_wdi_snapshot
SYC,Seychelles,Sub-Saharan Africa,High income,2003,18825.2206936189,13.8,9.842952776031986,protected_wdi_snapshot
SYC,Seychelles,Sub-Saharan Africa,High income,2004,18356.4711447212,13.8,9.817737442254474,protected_wdi_snapshot
SYC,Seychelles,Sub-Saharan Africa,High income,2005,19917.1194534221,13.8,9.899334914930266,protected_wdi_snapshot
SYC,Seychelles,Sub-Saharan Africa,High income,2006,21341.8597526003,13.8,9.968425669727699,protected_wdi_snapshot
SYC,Seychelles,Sub-Saharan Africa,High income,2007,23117.8555224771,13.9,10.048360564266257,protected_wdi_snapshot
SYC,Seychelles,Sub-Saharan Africa,High income,2008,21990.3685269705,13.9,9.998359842251967,protected_wdi_snapshot
SYC,Seychelles,Sub-Saharan Africa,High income,2009,21361.1307875284,14,9.969328231163916,protected_wdi_snapshot
SYC,Seychelles,Sub-Saharan Africa,High income,2010,21708.7554506566,14.1,9.985470935142382,protected_wdi_snapshot
SYC,Seychelles,Sub-Saharan Africa,High income,2011,24406.4129764105,14.2,10.102601203650423,protected_wdi_snapshot
SYC,Seychelles,Sub-Saharan Africa,High income,2012,24919.955210328,14.3,10.12342417556141,protected_wdi_snapshot
SYC,Seychelles,Sub-Saharan Africa,High income,2013,24770.6514591794,14.4,10.117414822467772,protected_wdi_snapshot
SYC,Seychelles,Sub-Saharan Africa,High income,2014,25379.4180707013,14.5,10.141693812349143,protected_wdi_snapshot
SYC,Seychelles,Sub-Saharan Africa,High income,2015,27032.2083880002,14.6,10.204784337301975,protected_wdi_snapshot
SYC,Seychelles,Sub-Saharan Africa,High income,2016,29905.1347389952,14.7,10.305785475035977,protected_wdi_snapshot
SYC,Seychelles,Sub-Saharan Africa,High income,2017,31595.6680570505,14.7,10.360775303375549,protected_wdi_snapshot
SYC,Seychelles,Sub-Saharan Africa,High income,2018,32841.4242467381,14.8,10.399445931893244,protected_wdi_snapshot
SYC,Seychelles,Sub-Saharan Africa,High income,2019,34346.0708923483,14.8,10.444242906605856,protected_wdi_snapshot
SYC,Seychelles,Sub-Saharan Africa,High income,2020,30056.1994300968,14.8,10.310824222515821,protected_wdi_snapshot
SYC,Seychelles,Sub-Saharan Africa,High income,2021,29979.8272686091,14.7,10.308280010085925,protected_wdi_snapshot
SYC,Seychelles,Sub-Saharan Africa,High income,2022,27275.6883819803,14.5,10.213751048952181,protected_wdi_snapshot
SYR,Syrian Arab Republic,"Middle East, North Africa, Afghanistan & Pakistan",Low income,2000,7973.98131632478,23.1,8.98393918486416,protected_wdi_snapshot
SYR,Syrian Arab Republic,"Middle East, North Africa, Afghanistan & Pakistan",Low income,2001,8075.78409924022,22.2,8.996625245449849,protected_wdi_snapshot
SYR,Syrian Arab Republic,"Middle East, North Africa, Afghanistan & Pakistan",Low income,2002,8502.49347216329,21.4,9.048114749126077,protected_wdi_snapshot
SYR,Syrian Arab Republic,"Middle East, North Africa, Afghanistan & Pakistan",Low income,2003,8351.46523749691,20.8,9.030192279995058,protected_wdi_snapshot
SYR,Syrian Arab Republic,"Middle East, North Africa, Afghanistan & Pakistan",Low income,2004,8710.00892967907,20.2,9.072228095067501,protected_wdi_snapshot
SYR,Syrian Arab Republic,"Middle East, North Africa, Afghanistan & Pakistan",Low income,2005,9016.72035122178,19.8,9.106835949513576,protected_wdi_snapshot
SYR,Syrian Arab Republic,"Middle East, North Africa, Afghanistan & Pakistan",Low income,2006,9074.77248149943,19.4,9.113253587909618,protected_wdi_snapshot
SYR,Syrian Arab Republic,"Middle East, North Africa, Afghanistan & Pakistan",Low income,2007,9017.08718303559,19.1,9.106876632193941,protected_wdi_snapshot
SYR,Syrian Arab Republic,"Middle East, North Africa, Afghanistan & Pakistan",Low income,2008,9093.12956891463,18.9,9.115274414927661,protected_wdi_snapshot
SYR,Syrian Arab Republic,"Middle East, North Africa, Afghanistan & Pakistan",Low income,2009,9481.56997895749,18.8,9.157105191131985,protected_wdi_snapshot
SYR,Syrian Arab Republic,"Middle East, North Africa, Afghanistan & Pakistan",Low income,2010,9749.57445219825,18.8,9.184978917110998,protected_wdi_snapshot
SYR,Syrian Arab Republic,"Middle East, North Africa, Afghanistan & Pakistan",Low income,2011,9854.03380162757,21.6,9.195636173342349,protected_wdi_snapshot
SYR,Syrian Arab Republic,"Middle East, North Africa, Afghanistan & Pakistan",Low income,2012,7296.32886794228,34.2,8.895126605840053,protected_wdi_snapshot
SYR,Syrian Arab Republic,"Middle East, North Africa, Afghanistan & Pakistan",Low income,2013,5648.60213025874,36.9,8.639163382955767,protected_wdi_snapshot
SYR,Syrian Arab Republic,"Middle East, North Africa, Afghanistan & Pakistan",Low income,2014,5414.37509688242,35.5,8.59681275053796,protected_wdi_snapshot
SYR,Syrian Arab Republic,"Middle East, North Africa, Afghanistan & Pakistan",Low income,2015,5414.83905242808,37.1,8.596898436450077,protected_wdi_snapshot
SYR,Syrian Arab Republic,"Middle East, North Africa, Afghanistan & Pakistan",Low income,2016,5128.91822862296,32.2,8.542650044314811,protected_wdi_snapshot
SYR,Syrian Arab Republic,"Middle East, North Africa, Afghanistan & Pakistan",Low income,2017,5083.65173888422,32.9,8.533785128563375,protected_wdi_snapshot
SYR,Syrian Arab Republic,"Middle East, North Africa, Afghanistan & Pakistan",Low income,2018,5061.49399424562,32.5,8.529416974481869,protected_wdi_snapshot
SYR,Syrian Arab Republic,"Middle East, North Africa, Afghanistan & Pakistan",Low income,2019,4928.02885412028,24.6,8.502694360334258,protected_wdi_snapshot
SYR,Syrian Arab Republic,"Middle East, North Africa, Afghanistan & Pakistan",Low income,2020,4810.61072632598,21.9,8.478579325169923,protected_wdi_snapshot
SYR,Syrian Arab Republic,"Middle East, North Africa, Afghanistan & Pakistan",Low income,2021,4765.52911357702,20.5,8.469163851597719,protected_wdi_snapshot
SYR,Syrian Arab Republic,"Middle East, North Africa, Afghanistan & Pakistan",Low income,2022,4579.43973633341,20.7,8.42933194131403,protected_wdi_snapshot
TCA,Turks and Caicos Islands,Latin America & Caribbean,High income,2007,21878.8206013071,8.1,9.993274352034975,protected_wdi_snapshot
TCA,Turks and Caicos Islands,Latin America & Caribbean,High income,2008,22689.3160133769,7.8,10.029649432470555,protected_wdi_snapshot
TCA,Turks and Caicos Islands,Latin America & Caribbean,High income,2009,17512.1977777876,7.5,9.770652932982436,protected_wdi_snapshot
TCA,Turks and Caicos Islands,Latin America & Caribbean,High income,2010,17000.2227766463,7.3,9.740981727461095,protected_wdi_snapshot
TCA,Turks and Caicos Islands,Latin America & Caribbean,High income,2011,17147.424764127,7,9.749603281792893,protected_wdi_snapshot
TCA,Turks and Caicos Islands,Latin America & Caribbean,High income,2012,16024.6915652254,6.8,9.681886034503824,protected_wdi_snapshot
TCA,Turks and Caicos Islands,Latin America & Caribbean,High income,2013,15461.873511271,6.6,9.646132499228086,protected_wdi_snapshot
TCA,Turks and Caicos Islands,Latin America & Caribbean,High income,2014,16138.8487604249,6.4,9.688984610929575,protected_wdi_snapshot
TCA,Turks and Caicos Islands,Latin America & Caribbean,High income,2015,17201.7720345933,6.2,9.752767682761858,protected_wdi_snapshot
TCA,Turks and Caicos Islands,Latin America & Caribbean,High income,2016,17625.7202843515,6,9.777114494042676,protected_wdi_snapshot
TCA,Turks and Caicos Islands,Latin America & Caribbean,High income,2017,29540.3537473151,5.8,10.293512531210524,protected_wdi_snapshot
TCA,Turks and Caicos Islands,Latin America & Caribbean,High income,2018,30286.1196112151,5.6,10.318444787898457,protected_wdi_snapshot
TCA,Turks and Caicos Islands,Latin America & Caribbean,High income,2019,30611.2130237381,5.5,10.329121659502466,protected_wdi_snapshot
TCA,Turks and Caicos Islands,Latin America & Caribbean,High income,2020,19702.5368196855,5.3,9.888502679008472,protected_wdi_snapshot
TCA,Turks and Caicos Islands,Latin America & Caribbean,High income,2021,25056.4880515569,5.1,10.12888807703142,protected_wdi_snapshot
TCA,Turks and Caicos Islands,Latin America & Caribbean,High income,2022,28209.6242536079,5,10.247418484290458,protected_wdi_snapshot
TCD,Chad,Sub-Saharan Africa,Low income,2000,1506.7157720422,182.4,7.3176875756904645,protected_wdi_snapshot
TCD,Chad,Sub-Saharan Africa,Low income,2001,1626.56683128523,179,7.39422683408571,protected_wdi_snapshot
TCD,Chad,Sub-Saharan Africa,Low income,2002,1704.2729514734,175.6,7.440893877350922,protected_wdi_snapshot
TCD,Chad,Sub-Saharan Africa,Low income,2003,1878.58578618822,172.3,7.538274531359226,protected_wdi_snapshot
TCD,Chad,Sub-Saharan Africa,Low income,2004,2400.97004978207,168.8,7.783628122083505,protected_wdi_snapshot
TCD,Chad,Sub-Saharan Africa,Low income,2005,2705.81650832729,165.4,7.903158997239897,protected_wdi_snapshot
TCD,Chad,Sub-Saharan Africa,Low income,2006,2596.03235455456,161.8,7.861739540979967,protected_wdi_snapshot
TCD,Chad,Sub-Saharan Africa,Low income,2007,2613.47387385767,158.1,7.868435601492209,protected_wdi_snapshot
TCD,Chad,Sub-Saharan Africa,Low income,2008,2601.36125803883,154.3,7.863790147783611,protected_wdi_snapshot
TCD,Chad,Sub-Saharan Africa,Low income,2009,2474.70758352529,150.5,7.813877519952167,protected_wdi_snapshot
TCD,Chad,Sub-Saharan Africa,Low income,2010,2717.40540181819,146.7,7.90743280765098,protected_wdi_snapshot
TCD,Chad,Sub-Saharan Africa,Low income,2011,2741.0708339941,142.9,7.916103938360012,protected_wdi_snapshot
TCD,Chad,Sub-Saharan Africa,Low income,2012,2886.27474563619,139.3,7.967721934260775,protected_wdi_snapshot
TCD,Chad,Sub-Saharan Africa,Low income,2013,2864.11301407361,135.8,7.960013987523235,protected_wdi_snapshot
TCD,Chad,Sub-Saharan Africa,Low income,2014,2820.67795066663,132.3,7.94473254307659,protected_wdi_snapshot
TCD,Chad,Sub-Saharan Africa,Low income,2015,2822.57929900014,128.7,7.945406390934781,protected_wdi_snapshot
TCD,Chad,Sub-Saharan Africa,Low income,2016,2622.59780844501,125,7.871920635454868,protected_wdi_snapshot
TCD,Chad,Sub-Saharan Africa,Low income,2017,2496.26213643158,121.4,7.822549746583636,protected_wdi_snapshot
TCD,Chad,Sub-Saharan Africa,Low income,2018,2552.37036387707,117.6,7.844777760845867,protected_wdi_snapshot
TCD,Chad,Sub-Saharan Africa,Low income,2019,2604.53153661789,114,7.865008105623319,protected_wdi_snapshot
TCD,Chad,Sub-Saharan Africa,Low income,2020,2513.02922729305,110.6,7.829244167914896,protected_wdi_snapshot
TCD,Chad,Sub-Saharan Africa,Low income,2021,2435.07274651099,107.3,7.797731910434287,protected_wdi_snapshot
TCD,Chad,Sub-Saharan Africa,Low income,2022,2449.48251052296,103.9,7.803632061033936,protected_wdi_snapshot
TGO,Togo,Sub-Saharan Africa,Lower middle income,2000,2321.9504188468,119.2,7.750162809250707,protected_wdi_snapshot
TGO,Togo,Sub-Saharan Africa,Lower middle income,2001,2283.5849230071,115.7,7.7335018217767955,protected_wdi_snapshot
TGO,Togo,Sub-Saharan Africa,Lower middle income,2002,2312.96463035074,112.2,7.7462853704373655,protected_wdi_snapshot
TGO,Togo,Sub-Saharan Africa,Lower middle income,2003,2407.5857838237,108.8,7.786379774947635,protected_wdi_snapshot
TGO,Togo,Sub-Saharan Africa,Lower middle income,2004,2326.60102463281,105.5,7.752163693781783,protected_wdi_snapshot
TGO,Togo,Sub-Saharan Africa,Lower middle income,2005,2164.01599552728,102.4,7.67972103158752,protected_wdi_snapshot
TGO,Togo,Sub-Saharan Africa,Lower middle income,2006,2158.94393995769,99.3,7.677374464433222,protected_wdi_snapshot
TGO,Togo,Sub-Saharan Africa,Lower middle income,2007,2067.21836135015,96.5,7.633959195780913,protected_wdi_snapshot
TGO,Togo,Sub-Saharan Africa,Lower middle income,2008,2082.64201553182,93.7,7.641392566449009,protected_wdi_snapshot
TGO,Togo,Sub-Saharan Africa,Lower middle income,2009,2126.4413192509,90.9,7.662205119321592,protected_wdi_snapshot
TGO,Togo,Sub-Saharan Africa,Lower middle income,2010,2181.59889262038,88.3,7.687813323931498,protected_wdi_snapshot
TGO,Togo,Sub-Saharan Africa,Lower middle income,2011,2246.56204522679,85.6,7.717156346747474,protected_wdi_snapshot
TGO,Togo,Sub-Saharan Africa,Lower middle income,2012,2333.19276737886,82.9,7.7549928950027684,protected_wdi_snapshot
TGO,Togo,Sub-Saharan Africa,Lower middle income,2013,2416.37805101152,80.2,7.790025024880972,protected_wdi_snapshot
TGO,Togo,Sub-Saharan Africa,Lower middle income,2014,2501.43253092917,77.7,7.824618859119059,protected_wdi_snapshot
TGO,Togo,Sub-Saharan Africa,Lower middle income,2015,2588.27260980499,75.2,7.858745986164907,protected_wdi_snapshot
TGO,Togo,Sub-Saharan Africa,Lower middle income,2016,2648.90084835076,72.8,7.881900058730393,protected_wdi_snapshot
TGO,Togo,Sub-Saharan Africa,Lower middle income,2017,2708.61122396846,70.4,7.904191319039186,protected_wdi_snapshot
TGO,Togo,Sub-Saharan Africa,Lower middle income,2018,2787.56398409759,68.1,7.9329233694412915,protected_wdi_snapshot
TGO,Togo,Sub-Saharan Africa,Lower middle income,2019,2862.62661160331,66,7.959494878012121,protected_wdi_snapshot
TGO,Togo,Sub-Saharan Africa,Lower middle income,2020,2861.29796240513,63.9,7.959030633871632,protected_wdi_snapshot
TGO,Togo,Sub-Saharan Africa,Lower middle income,2021,2952.09730066985,62,7.990271146108684,protected_wdi_snapshot
TGO,Togo,Sub-Saharan Africa,Lower middle income,2022,3086.40878742334,60,8.034763489290796,protected_wdi_snapshot
THA,Thailand,East Asia & Pacific,Upper middle income,2000,11623.7874580461,21.7,9.36080892033124,protected_wdi_snapshot
THA,Thailand,East Asia & Pacific,Upper middle income,2001,11902.6109229705,20.7,9.384513060325439,protected_wdi_snapshot
THA,Thailand,East Asia & Pacific,Upper middle income,2002,12513.5421967032,19.7,9.434566712598665,protected_wdi_snapshot
THA,Thailand,East Asia & Pacific,Upper middle income,2003,13288.7481561137,18.9,9.494672952847369,protected_wdi_snapshot
THA,Thailand,East Asia & Pacific,Upper middle income,2004,13998.521730812,18,9.546707012366024,protected_wdi_snapshot
THA,Thailand,East Asia & Pacific,Upper middle income,2005,14459.825626203,17.2,9.57912943659461,protected_wdi_snapshot
THA,Thailand,East Asia & Pacific,Upper middle income,2006,15052.6955101059,16.5,9.619312357801398,protected_wdi_snapshot
THA,Thailand,East Asia & Pacific,Upper middle income,2007,15744.3652449147,15.9,9.664237818013968,protected_wdi_snapshot
THA,Thailand,East Asia & Pacific,Upper middle income,2008,15893.5084947968,15.2,9.673666034075625,protected_wdi_snapshot
THA,Thailand,East Asia & Pacific,Upper middle income,2009,15667.6047343164,14.7,9.659350466890045,protected_wdi_snapshot
THA,Thailand,East Asia & Pacific,Upper middle income,2010,16732.187029014,14.1,9.725089510422997,protected_wdi_snapshot
THA,Thailand,East Asia & Pacific,Upper middle income,2011,16768.1688542486,13.6,9.727237657099206,protected_wdi_snapshot
THA,Thailand,East Asia & Pacific,Upper middle income,2012,17871.5786477565,13.1,9.790966944920749,protected_wdi_snapshot
THA,Thailand,East Asia & Pacific,Upper middle income,2013,18244.4071505088,12.7,9.811613854536573,protected_wdi_snapshot
THA,Thailand,East Asia & Pacific,Upper middle income,2014,18326.604873747,12.3,9.816109101296462,protected_wdi_snapshot
THA,Thailand,East Asia & Pacific,Upper middle income,2015,18814.0408554566,11.9,9.842358724075016,protected_wdi_snapshot
THA,Thailand,East Asia & Pacific,Upper middle income,2016,19372.7128024107,11.5,9.871620798345392,protected_wdi_snapshot
THA,Thailand,East Asia & Pacific,Upper middle income,2017,20096.8605455164,11.1,9.90831889008261,protected_wdi_snapshot
THA,Thailand,East Asia & Pacific,Upper middle income,2018,20882.1707419576,10.8,9.946650999330258,protected_wdi_snapshot
THA,Thailand,East Asia & Pacific,Upper middle income,2019,21280.1504518601,10.4,9.965530013536796,protected_wdi_snapshot
THA,Thailand,East Asia & Pacific,Upper middle income,2020,19950.2844063147,10.1,9.900998678172018,protected_wdi_snapshot
THA,Thailand,East Asia & Pacific,Upper middle income,2021,20236.9760408784,9.8,9.915266707144408,protected_wdi_snapshot
THA,Thailand,East Asia & Pacific,Upper middle income,2022,20768.4800093577,9.5,9.94119173216804,protected_wdi_snapshot
TJK,Tajikistan,Europe & Central Asia,Lower middle income,2000,1365.23327447129,78.4,7.219080590066387,protected_wdi_snapshot
TJK,Tajikistan,Europe & Central Asia,Lower middle income,2001,1467.39882474638,71.8,7.291246605370741,protected_wdi_snapshot
TJK,Tajikistan,Europe & Central Asia,Lower middle income,2002,1594.93890470219,65.6,7.3745907102233685,protected_wdi_snapshot
TJK,Tajikistan,Europe & Central Asia,Lower middle income,2003,1736.64039749855,59.8,7.45970771976445,protected_wdi_snapshot
TJK,Tajikistan,Europe & Central Asia,Lower middle income,2004,1878.28696227255,54.6,7.538115450157223,protected_wdi_snapshot
TJK,Tajikistan,Europe & Central Asia,Lower middle income,2005,1965.30020458256,50.3,7.583400288503304,protected_wdi_snapshot
TJK,Tajikistan,Europe & Central Asia,Lower middle income,2006,2063.288508243,46.6,7.632056352175034,protected_wdi_snapshot
TJK,Tajikistan,Europe & Central Asia,Lower middle income,2007,2181.89798056536,43.6,7.687950410288674,protected_wdi_snapshot
TJK,Tajikistan,Europe & Central Asia,Lower middle income,2008,2308.09430040334,41.2,7.7441774848536955,protected_wdi_snapshot
TJK,Tajikistan,Europe & Central Asia,Lower middle income,2009,2349.50030269416,39.3,7.761957947376299,protected_wdi_snapshot
TJK,Tajikistan,Europe & Central Asia,Lower middle income,2010,2449.27358745359,37.6,7.803546764658563,protected_wdi_snapshot
TJK,Tajikistan,Europe & Central Asia,Lower middle income,2011,2572.48074895498,36.2,7.852625984280779,protected_wdi_snapshot
TJK,Tajikistan,Europe & Central Asia,Lower middle income,2012,2700.09546037358,35,7.901042407061341,protected_wdi_snapshot
TJK,Tajikistan,Europe & Central Asia,Lower middle income,2013,2828.38542075147,34,7.947461305124618,protected_wdi_snapshot
TJK,Tajikistan,Europe & Central Asia,Lower middle income,2014,2943.08867917317,33,7.987214880016397,protected_wdi_snapshot
TJK,Tajikistan,Europe & Central Asia,Lower middle income,2015,3041.44479553257,32.2,8.020087943187546,protected_wdi_snapshot
TJK,Tajikistan,Europe & Central Asia,Lower middle income,2016,3169.9667820524,31.5,8.0614763879686,protected_wdi_snapshot
TJK,Tajikistan,Europe & Central Asia,Lower middle income,2017,3312.71202243506,31,8.10552247501898,protected_wdi_snapshot
TJK,Tajikistan,Europe & Central Asia,Lower middle income,2018,3479.69235966041,30.7,8.154699166464365,protected_wdi_snapshot
TJK,Tajikistan,Europe & Central Asia,Lower middle income,2019,3649.88375518646,30.4,8.202450598175261,protected_wdi_snapshot
TJK,Tajikistan,Europe & Central Asia,Lower middle income,2020,3724.7489591466,30.1,8.222754735024923,protected_wdi_snapshot
TJK,Tajikistan,Europe & Central Asia,Lower middle income,2021,3985.91247611219,29.8,8.290521542707326,protected_wdi_snapshot
TJK,Tajikistan,Europe & Central Asia,Lower middle income,2022,4213.75618362687,29.4,8.34610973403503,protected_wdi_snapshot
TKM,Turkmenistan,Europe & Central Asia,Upper middle income,2000,5064.28782418685,68.7,8.529968799528511,protected_wdi_snapshot
TKM,Turkmenistan,Europe & Central Asia,Upper middle income,2001,5179.46446676106,65.4,8.552456945113791,protected_wdi_snapshot
TKM,Turkmenistan,Europe & Central Asia,Upper middle income,2002,5090.38095183744,61.9,8.535107949934023,protected_wdi_snapshot
TKM,Turkmenistan,Europe & Central Asia,Upper middle income,2003,5154.7509814614,58.6,8.547674089069224,protected_wdi_snapshot
TKM,Turkmenistan,Europe & Central Asia,Upper middle income,2004,5309.64539382487,55.4,8.577280331182104,protected_wdi_snapshot
TKM,Turkmenistan,Europe & Central Asia,Upper middle income,2005,5889.84657742616,52.6,8.680985228331194,protected_wdi_snapshot
TKM,Turkmenistan,Europe & Central Asia,Upper middle income,2006,6415.71290854977,50.1,8.766505402371546,protected_wdi_snapshot
TKM,Turkmenistan,Europe & Central Asia,Upper middle income,2007,6993.52911567076,48.1,8.852740588458103,protected_wdi_snapshot
TKM,Turkmenistan,Europe & Central Asia,Upper middle income,2008,7870.0271753063,46.4,8.97081679443043,protected_wdi_snapshot
TKM,Turkmenistan,Europe & Central Asia,Upper middle income,2009,8186.87833253045,45,9.010287948209523,protected_wdi_snapshot
TKM,Turkmenistan,Europe & Central Asia,Upper middle income,2010,8758.89686680508,44,9.077825247553877,protected_wdi_snapshot
TKM,Turkmenistan,Europe & Central Asia,Upper middle income,2011,9837.56345513458,43.4,9.193963343036197,protected_wdi_snapshot
TKM,Turkmenistan,Europe & Central Asia,Upper middle income,2012,10689.3537347285,42.9,9.277003547067986,protected_wdi_snapshot
TKM,Turkmenistan,Europe & Central Asia,Upper middle income,2013,11516.3741234527,42.8,9.351525138478829,protected_wdi_snapshot
TKM,Turkmenistan,Europe & Central Asia,Upper middle income,2014,12423.9246417745,42.9,9.427379299273625,protected_wdi_snapshot
TKM,Turkmenistan,Europe & Central Asia,Upper middle income,2015,12926.6637306966,43.2,9.467047413003439,protected_wdi_snapshot
TKM,Turkmenistan,Europe & Central Asia,Upper middle income,2016,13420.3849717471,43.5,9.504530096533532,protected_wdi_snapshot
TKM,Turkmenistan,Europe & Central Asia,Upper middle income,2017,13963.4045877295,43.8,9.544195228224584,protected_wdi_snapshot
TKM,Turkmenistan,Europe & Central Asia,Upper middle income,2018,14499.1684377606,43.8,9.581846577644184,protected_wdi_snapshot
TKM,Turkmenistan,Europe & Central Asia,Upper middle income,2019,15080.9034007693,43.5,9.6211845469804,protected_wdi_snapshot
TKM,Turkmenistan,Europe & Central Asia,Upper middle income,2020,15630.9145192529,42.9,9.657005932212671,protected_wdi_snapshot
TKM,Turkmenistan,Europe & Central Asia,Upper middle income,2021,16259.8700051884,42.1,9.696455388308982,protected_wdi_snapshot
TKM,Turkmenistan,Europe & Central Asia,Upper middle income,2022,16943.6046037141,41.1,9.737645732094059,protected_wdi_snapshot
TLS,Timor-Leste,East Asia & Pacific,Lower middle income,2000,3783.78329545739,111.5,8.238479659889519,protected_wdi_snapshot
TLS,Timor-Leste,East Asia & Pacific,Lower middle income,2001,4038.33571017769,106.4,8.303587933152963,protected_wdi_snapshot
TLS,Timor-Leste,East Asia & Pacific,Lower middle income,2002,3480.9884722922,101.5,8.155071576197855,protected_wdi_snapshot
TLS,Timor-Leste,East Asia & Pacific,Lower middle income,2003,3264.94647161828,96.8,8.090998646972242,protected_wdi_snapshot
TLS,Timor-Leste,East Asia & Pacific,Lower middle income,2004,3234.97583674338,92.3,8.081776737585121,protected_wdi_snapshot
TLS,Timor-Leste,East Asia & Pacific,Lower middle income,2005,3263.94446005573,88,8.090691700024927,protected_wdi_snapshot
TLS,Timor-Leste,East Asia & Pacific,Lower middle income,2006,3038.9523176563,84,8.01926810265099,protected_wdi_snapshot
TLS,Timor-Leste,East Asia & Pacific,Lower middle income,2007,3256.56980118129,80.4,8.088429712174458,protected_wdi_snapshot
TLS,Timor-Leste,East Asia & Pacific,Lower middle income,2008,3530.88217479074,76.9,8.169303026578303,protected_wdi_snapshot
TLS,Timor-Leste,East Asia & Pacific,Lower middle income,2009,3792.35831612987,73.9,8.240743351561045,protected_wdi_snapshot
TLS,Timor-Leste,East Asia & Pacific,Lower middle income,2010,4047.24940614314,71,8.30579277039065,protected_wdi_snapshot
TLS,Timor-Leste,East Asia & Pacific,Lower middle income,2011,4189.79978481015,68.4,8.340408227719632,protected_wdi_snapshot
TLS,Timor-Leste,East Asia & Pacific,Lower middle income,2012,4297.91482449132,65.9,8.365885259530824,protected_wdi_snapshot
TLS,Timor-Leste,East Asia & Pacific,Lower middle income,2013,4340.27839503511,63.9,8.375693771358618,protected_wdi_snapshot
TLS,Timor-Leste,East Asia & Pacific,Lower middle income,2014,4445.35926887033,61.9,8.399615970074459,protected_wdi_snapshot
TLS,Timor-Leste,East Asia & Pacific,Lower middle income,2015,4467.80007184896,60.2,8.404651412511331,protected_wdi_snapshot
TLS,Timor-Leste,East Asia & Pacific,Lower middle income,2016,4515.422459894,58.7,8.415254029556701,protected_wdi_snapshot
TLS,Timor-Leste,East Asia & Pacific,Lower middle income,2017,4290.02709296562,57.3,8.364048327278722,protected_wdi_snapshot
TLS,Timor-Leste,East Asia & Pacific,Lower middle income,2018,4188.84099191337,56,8.340179361743273,protected_wdi_snapshot
TLS,Timor-Leste,East Asia & Pacific,Lower middle income,2019,5103.14964292207,54.8,8.537613205133736,protected_wdi_snapshot
TLS,Timor-Leste,East Asia & Pacific,Lower middle income,2020,6594.8817078452,53.4,8.794049128348428,protected_wdi_snapshot
TLS,Timor-Leste,East Asia & Pacific,Lower middle income,2021,6825.0458085995,52,8.828354331913346,protected_wdi_snapshot
TLS,Timor-Leste,East Asia & Pacific,Lower middle income,2022,5348.49182701353,50.7,8.584569898655559,protected_wdi_snapshot
TON,Tonga,East Asia & Pacific,Upper middle income,2000,5809.00929738723,16.9,8.667165318505493,protected_wdi_snapshot
TON,Tonga,East Asia & Pacific,Upper middle income,2001,5860.83162290404,16.5,8.67604678767339,protected_wdi_snapshot
TON,Tonga,East Asia & Pacific,Upper middle income,2002,6085.89291010605,16,8.71372873419728,protected_wdi_snapshot
TON,Tonga,East Asia & Pacific,Upper middle income,2003,6054.65554234045,15.6,8.70858276623365,protected_wdi_snapshot
TON,Tonga,East Asia & Pacific,Upper middle income,2004,5901.21343135785,15.2,8.68291327507923,protected_wdi_snapshot
TON,Tonga,East Asia & Pacific,Upper middle income,2005,5829.1173260211,14.8,8.67062086582739,protected_wdi_snapshot
TON,Tonga,East Asia & Pacific,Upper middle income,2006,5671.64079163565,14.4,8.643233736099978,protected_wdi_snapshot
TON,Tonga,East Asia & Pacific,Upper middle income,2007,5507.35733894364,14,8.613840175289468,protected_wdi_snapshot
TON,Tonga,East Asia & Pacific,Upper middle income,2008,5759.30612501464,13.7,8.658572282026338,protected_wdi_snapshot
TON,Tonga,East Asia & Pacific,Upper middle income,2009,5454.57394388907,13.4,8.604209791438556,protected_wdi_snapshot
TON,Tonga,East Asia & Pacific,Upper middle income,2010,5489.45367019062,13.1,8.610584015925285,protected_wdi_snapshot
TON,Tonga,East Asia & Pacific,Upper middle income,2011,5848.19312009382,12.8,8.673888024156215,protected_wdi_snapshot
TON,Tonga,East Asia & Pacific,Upper middle income,2012,5908.02400699798,12.6,8.68406670711593,protected_wdi_snapshot
TON,Tonga,East Asia & Pacific,Upper middle income,2013,5952.45690447913,12.3,8.691559338432102,protected_wdi_snapshot
TON,Tonga,East Asia & Pacific,Upper middle income,2014,6097.65041861635,12.1,8.715658798685574,protected_wdi_snapshot
TON,Tonga,East Asia & Pacific,Upper middle income,2015,6195.43302733786,11.9,8.731567691109953,protected_wdi_snapshot
TON,Tonga,East Asia & Pacific,Upper middle income,2016,6639.98719699561,11.6,8.800865314305309,protected_wdi_snapshot
TON,Tonga,East Asia & Pacific,Upper middle income,2017,6863.54796430087,11.4,8.833979782982423,protected_wdi_snapshot
TON,Tonga,East Asia & Pacific,Upper middle income,2018,6885.98490469718,11.1,8.837243451723133,protected_wdi_snapshot
TON,Tonga,East Asia & Pacific,Upper middle income,2019,6859.71739851786,10.9,8.83342152432004,protected_wdi_snapshot
TON,Tonga,East Asia & Pacific,Upper middle income,2020,6981.30436453629,10.6,8.850991050008146,protected_wdi_snapshot
TON,Tonga,East Asia & Pacific,Upper middle income,2021,6930.06482518663,10.4,8.843624446423982,protected_wdi_snapshot
TON,Tonga,East Asia & Pacific,Upper middle income,2022,6811.48234641523,10.1,8.826365047470427,protected_wdi_snapshot
TTO,Trinidad and Tobago,Latin America & Caribbean,High income,2000,19637.5545410721,28.8,9.885199059953889,protected_wdi_snapshot
TTO,Trinidad and Tobago,Latin America & Caribbean,High income,2001,20366.753132212,28.5,9.92165910192669,protected_wdi_snapshot
TTO,Trinidad and Tobago,Latin America & Caribbean,High income,2002,21876.8529070403,28.1,9.99318441196045,protected_wdi_snapshot
TTO,Trinidad and Tobago,Latin America & Caribbean,High income,2003,24910.823196152,27.7,10.123057654524805,protected_wdi_snapshot
TTO,Trinidad and Tobago,Latin America & Caribbean,High income,2004,26757.9075601429,27.3,10.194585318365174,protected_wdi_snapshot
TTO,Trinidad and Tobago,Latin America & Caribbean,High income,2005,29536.4394101096,26.9,10.29338001429476,protected_wdi_snapshot
TTO,Trinidad and Tobago,Latin America & Caribbean,High income,2006,33348.7507470886,26.5,10.414775591784256,protected_wdi_snapshot
TTO,Trinidad and Tobago,Latin America & Caribbean,High income,2007,34793.6457521105,26.1,10.457190055760217,protected_wdi_snapshot
TTO,Trinidad and Tobago,Latin America & Caribbean,High income,2008,35825.3333456362,25.7,10.486410557485915,protected_wdi_snapshot
TTO,Trinidad and Tobago,Latin America & Caribbean,High income,2009,34212.2683057008,25.3,10.440339581114115,protected_wdi_snapshot
TTO,Trinidad and Tobago,Latin America & Caribbean,High income,2010,35145.1253639062,24.8,10.467241206651764,protected_wdi_snapshot
TTO,Trinidad and Tobago,Latin America & Caribbean,High income,2011,34769.7620251376,24.4,10.456503380720147,protected_wdi_snapshot
TTO,Trinidad and Tobago,Latin America & Caribbean,High income,2012,36903.6898574094,23.9,10.516066821165094,protected_wdi_snapshot
TTO,Trinidad and Tobago,Latin America & Caribbean,High income,2013,37994.0686480473,23.5,10.545185338316209,protected_wdi_snapshot
TTO,Trinidad and Tobago,Latin America & Caribbean,High income,2014,39248.6570516023,23.1,10.577672507379399,protected_wdi_snapshot
TTO,Trinidad and Tobago,Latin America & Caribbean,High income,2015,38963.9641783011,22.7,10.57039250253669,protected_wdi_snapshot
TTO,Trinidad and Tobago,Latin America & Caribbean,High income,2016,35914.9901970983,22.3,10.488910041561581,protected_wdi_snapshot
TTO,Trinidad and Tobago,Latin America & Caribbean,High income,2017,34095.9899256152,22,10.43693505886719,protected_wdi_snapshot
TTO,Trinidad and Tobago,Latin America & Caribbean,High income,2018,33710.0178540008,21.6,10.425550337863113,protected_wdi_snapshot
TTO,Trinidad and Tobago,Latin America & Caribbean,High income,2019,33748.7060849924,21.2,10.4266973573433,protected_wdi_snapshot
TTO,Trinidad and Tobago,Latin America & Caribbean,High income,2020,30720.8876936042,20.8,10.332698083120297,protected_wdi_snapshot
TTO,Trinidad and Tobago,Latin America & Caribbean,High income,2021,30482.1201798631,20.4,10.324895567088213,protected_wdi_snapshot
TTO,Trinidad and Tobago,Latin America & Caribbean,High income,2022,30784.1112580356,19.9,10.334753967610267,protected_wdi_snapshot
TUN,Tunisia,"Middle East, North Africa, Afghanistan & Pakistan",Lower middle income,2000,9134.41506327005,29.2,9.119804434279187,protected_wdi_snapshot
TUN,Tunisia,"Middle East, North Africa, Afghanistan & Pakistan",Lower middle income,2001,9380.56317617024,27.2,9.146395080301373,protected_wdi_snapshot
TUN,Tunisia,"Middle East, North Africa, Afghanistan & Pakistan",Lower middle income,2002,9407.55676671593,25.5,9.1492685566472,protected_wdi_snapshot
TUN,Tunisia,"Middle East, North Africa, Afghanistan & Pakistan",Lower middle income,2003,9752.02442335824,24,9.185230175604058,protected_wdi_snapshot
TUN,Tunisia,"Middle East, North Africa, Afghanistan & Pakistan",Lower middle income,2004,10263.8055422408,22.7,9.236378960504233,protected_wdi_snapshot
TUN,Tunisia,"Middle East, North Africa, Afghanistan & Pakistan",Lower middle income,2005,10529.1598956845,21.6,9.261903819958992,protected_wdi_snapshot
TUN,Tunisia,"Middle East, North Africa, Afghanistan & Pakistan",Lower middle income,2006,10983.9221903991,20.7,9.304187863518774,protected_wdi_snapshot
TUN,Tunisia,"Middle East, North Africa, Afghanistan & Pakistan",Lower middle income,2007,11613.9247511428,20,9.359960066760221,protected_wdi_snapshot
TUN,Tunisia,"Middle East, North Africa, Afghanistan & Pakistan",Lower middle income,2008,11990.1962371716,19.4,9.3918446146242065,protected_wdi_snapshot
TUN,Tunisia,"Middle East, North Africa, Afghanistan & Pakistan",Lower middle income,2009,12229.7752536693,19,9.411628851870445,protected_wdi_snapshot
TUN,Tunisia,"Middle East, North Africa, Afghanistan & Pakistan",Lower middle income,2010,12458.2710366551,18.7,9.430140021610109,protected_wdi_snapshot
TUN,Tunisia,"Middle East, North Africa, Afghanistan & Pakistan",Lower middle income,2011,12068.7136257667,18.5,9.398371732253418,protected_wdi_snapshot
TUN,Tunisia,"Middle East, North Africa, Afghanistan & Pakistan",Lower middle income,2012,12436.3958115735,18.4,9.428382598556798,protected_wdi_snapshot
TUN,Tunisia,"Middle East, North Africa, Afghanistan & Pakistan",Lower middle income,2013,12587.9950645596,18.3,9.440498866109197,protected_wdi_snapshot
TUN,Tunisia,"Middle East, North Africa, Afghanistan & Pakistan",Lower middle income,2014,12824.0028914441,18.3,9.459073919760675,protected_wdi_snapshot
TUN,Tunisia,"Middle East, North Africa, Afghanistan & Pakistan",Lower middle income,2015,12802.7917211433,18.2,9.45741852934098,protected_wdi_snapshot
TUN,Tunisia,"Middle East, North Africa, Afghanistan & Pakistan",Lower middle income,2016,12803.8797371543,18.1,9.45750350844601,protected_wdi_snapshot
TUN,Tunisia,"Middle East, North Africa, Afghanistan & Pakistan",Lower middle income,2017,12955.4014814241,17.9,9.469268082977159,protected_wdi_snapshot
TUN,Tunisia,"Middle East, North Africa, Afghanistan & Pakistan",Lower middle income,2018,13163.1952230357,17.5,9.485179973511636,protected_wdi_snapshot
TUN,Tunisia,"Middle East, North Africa, Afghanistan & Pakistan",Lower middle income,2019,13243.9024233246,16.9,9.49129253102633,protected_wdi_snapshot
TUN,Tunisia,"Middle East, North Africa, Afghanistan & Pakistan",Lower middle income,2020,11955.5983698479,16,9.388954930488296,protected_wdi_snapshot
TUN,Tunisia,"Middle East, North Africa, Afghanistan & Pakistan",Lower middle income,2021,12444.326402688701,15,9.429020087397795,protected_wdi_snapshot
TUN,Tunisia,"Middle East, North Africa, Afghanistan & Pakistan",Lower middle income,2022,12712.22345453,13.9,9.450319286297582,protected_wdi_snapshot
TUR,Turkiye,Europe & Central Asia,Upper middle income,2000,14856.914625257,37.2,9.606220667188655,protected_wdi_snapshot
TUR,Turkiye,Europe & Central Asia,Upper middle income,2001,13872.1287284566,34.5,9.537636978710298,protected_wdi_snapshot
TUR,Turkiye,Europe & Central Asia,Upper middle income,2002,14587.894621656,32,9.587947328270454,protected_wdi_snapshot
TUR,Turkiye,Europe & Central Asia,Upper middle income,2003,15255.7177960689,29.6,9.632709649211218,protected_wdi_snapshot
TUR,Turkiye,Europe & Central Asia,Upper middle income,2004,16583.8837094062,27.4,9.71618664187481,protected_wdi_snapshot
TUR,Turkiye,Europe & Central Asia,Upper middle income,2005,17902.5966004487,25.3,9.792701042786028,protected_wdi_snapshot
TUR,Turkiye,Europe & Central Asia,Upper middle income,2006,18972.0089563632,23.5,9.8507199590806,protected_wdi_snapshot
TUR,Turkiye,Europe & Central Asia,Upper middle income,2007,19909.083519675,21.8,9.898931364842321,protected_wdi_snapshot
TUR,Turkiye,Europe & Central Asia,Upper middle income,2008,19839.5845462269,20.3,9.895434440409277,protected_wdi_snapshot
TUR,Turkiye,Europe & Central Asia,Upper middle income,2009,18612.1925231905,18.9,9.831572156946635,protected_wdi_snapshot
TUR,Turkiye,Europe & Central Asia,Upper middle income,2010,19897.4464836887,17.6,9.898346685076623,protected_wdi_snapshot
TUR,Turkiye,Europe & Central Asia,Upper middle income,2011,21760.4291923634,16.6,9.987848424689124,protected_wdi_snapshot
TUR,Turkiye,Europe & Central Asia,Upper middle income,2012,22517.7148287875,15.6,10.022057604138089,protected_wdi_snapshot
TUR,Turkiye,Europe & Central Asia,Upper middle income,2013,24117.3121099839,14.7,10.090685206405215,protected_wdi_snapshot
TUR,Turkiye,Europe & Central Asia,Upper middle income,2014,24888.8521742576,14,10.122175278358434,protected_wdi_snapshot
TUR,Turkiye,Europe & Central Asia,Upper middle income,2015,25984.8027306177,13.3,10.165267135749986,protected_wdi_snapshot
TUR,Turkiye,Europe & Central Asia,Upper middle income,2016,26489.6436816046,12.7,10.184509131122596,protected_wdi_snapshot
TUR,Turkiye,Europe & Central Asia,Upper middle income,2017,28194.688309381,12.2,10.246888881361274,protected_wdi_snapshot
TUR,Turkiye,Europe & Central Asia,Upper middle income,2018,28780.3036458151,11.7,10.267446530969965,protected_wdi_snapshot
TUR,Turkiye,Europe & Central Asia,Upper middle income,2019,28741.0535082701,11.3,10.266081815477191,protected_wdi_snapshot
TUR,Turkiye,Europe & Central Asia,Upper middle income,2020,28976.7179161611,10.9,10.27424795605043,protected_wdi_snapshot
TUR,Turkiye,Europe & Central Asia,Upper middle income,2021,32105.5474400506,10.6,10.37678411163395,protected_wdi_snapshot
TUR,Turkiye,Europe & Central Asia,Upper middle income,2022,33520.8111384208,10.2,10.419921752943475,protected_wdi_snapshot
TUV,Tuvalu,East Asia & Pacific,Upper middle income,2000,3893.29676614411,42.8,8.267011575412495,protected_wdi_snapshot
TUV,Tuvalu,East Asia & Pacific,Upper middle income,2001,3903.20310133161,41.8,8.269552803062597,protected_wdi_snapshot
TUV,Tuvalu,East Asia & Pacific,Upper middle income,2002,4211.58993214321,40.8,8.345595511473338,protected_wdi_snapshot
TUV,Tuvalu,East Asia & Pacific,Upper middle income,2003,3998.4360743816,40,8.29365858224427,protected_wdi_snapshot
TUV,Tuvalu,East Asia & Pacific,Upper middle income,2004,3874.58266822844,39.1,8.262193237465853,protected_wdi_snapshot
TUV,Tuvalu,East Asia & Pacific,Upper middle income,2005,3682.89175926232,38.1,8.211453526727913,protected_wdi_snapshot
TUV,Tuvalu,East Asia & Pacific,Upper middle income,2006,3687.77123312778,36.9,8.212777552689575,protected_wdi_snapshot
TUV,Tuvalu,East Asia & Pacific,Upper middle income,2007,3893.64259975408,35.6,8.267100399427669,protected_wdi_snapshot
TUV,Tuvalu,East Asia & Pacific,Upper middle income,2008,4093.92473951632,34.2,8.317259382934608,protected_wdi_snapshot
TUV,Tuvalu,East Asia & Pacific,Upper middle income,2009,3812.13929570827,32.8,8.245945805478003,protected_wdi_snapshot
TUV,Tuvalu,East Asia & Pacific,Upper middle income,2010,3664.45034598789,31.4,8.206433629263977,protected_wdi_snapshot
TUV,Tuvalu,East Asia & Pacific,Upper middle income,2011,3879.3490996995,30.2,8.263422660734996,protected_wdi_snapshot
TUV,Tuvalu,East Asia & Pacific,Upper middle income,2012,3715.60046956613,29,8.22029557789029,protected_wdi_snapshot
TUV,Tuvalu,East Asia & Pacific,Upper middle income,2013,3833.48955456181,28,8.251530778216786,protected_wdi_snapshot
TUV,Tuvalu,East Asia & Pacific,Upper middle income,2014,3903.4345149878,26.9,8.26961208944622,protected_wdi_snapshot
TUV,Tuvalu,East Asia & Pacific,Upper middle income,2015,4277.7146690273,26,8.361174190135918,protected_wdi_snapshot
TUV,Tuvalu,East Asia & Pacific,Upper middle income,2016,4495.57215692486,25.2,8.410848226219127,protected_wdi_snapshot
TUV,Tuvalu,East Asia & Pacific,Upper middle income,2017,4668.54376684727,24.3,8.448602474807158,protected_wdi_snapshot
TUV,Tuvalu,East Asia & Pacific,Upper middle income,2018,4785.23289965077,23.5,8.473289975565844,protected_wdi_snapshot
TUV,Tuvalu,East Asia & Pacific,Upper middle income,2019,5515.89953720794,22.7,8.615390025768352,protected_wdi_snapshot
TUV,Tuvalu,East Asia & Pacific,Upper middle income,2020,5442.36321121293,21.9,8.601968659345527,protected_wdi_snapshot
TUV,Tuvalu,East Asia & Pacific,Upper middle income,2021,5551.80841999248,21.2,8.621878995105774,protected_wdi_snapshot
TUV,Tuvalu,East Asia & Pacific,Upper middle income,2022,5044.53984578911,20.5,8.526061718675225,protected_wdi_snapshot
TZA,Tanzania,Sub-Saharan Africa,Lower middle income,2000,1839.93664550781,128,7.51748641822101,protected_wdi_snapshot
TZA,Tanzania,Sub-Saharan Africa,Lower middle income,2001,1899.74536132813,120.3,7.549475135819386,protected_wdi_snapshot
TZA,Tanzania,Sub-Saharan Africa,Lower middle income,2002,1982.64428710938,112.4,7.5921867312436815,protected_wdi_snapshot
TZA,Tanzania,Sub-Saharan Africa,Lower middle income,2003,2059.83740234375,105,7.630382327767327,protected_wdi_snapshot
TZA,Tanzania,Sub-Saharan Africa,Lower middle income,2004,2155.24145507813,98.3,7.6756580403811565,protected_wdi_snapshot
TZA,Tanzania,Sub-Saharan Africa,Lower middle income,2005,2253.09326171875,92.2,7.720059334035682,protected_wdi_snapshot
TZA,Tanzania,Sub-Saharan Africa,Lower middle income,2006,2334.1044921875,86.7,7.755383581419138,protected_wdi_snapshot
TZA,Tanzania,Sub-Saharan Africa,Lower middle income,2007,2423.61596679688,81.3,7.793015905098679,protected_wdi_snapshot
TZA,Tanzania,Sub-Saharan Africa,Lower middle income,2008,2493.25927734375,76.6,7.821346080259212,protected_wdi_snapshot
TZA,Tanzania,Sub-Saharan Africa,Lower middle income,2009,2560.81103515625,72,7.848079297907635,protected_wdi_snapshot
TZA,Tanzania,Sub-Saharan Africa,Lower middle income,2010,2654.80346679688,68.2,7.884125907130824,protected_wdi_snapshot
TZA,Tanzania,Sub-Saharan Africa,Lower middle income,2011,2779.70776367188,64.6,7.930101080177747,protected_wdi_snapshot
TZA,Tanzania,Sub-Saharan Africa,Lower middle income,2012,2822.4853515625,61.7,7.945373106129924,protected_wdi_snapshot
TZA,Tanzania,Sub-Saharan Africa,Lower middle income,2013,2924.86328125,59,7.98100301712055,protected_wdi_snapshot
TZA,Tanzania,Sub-Saharan Africa,Lower middle income,2014,3027.56909179688,56.3,8.01551529656961,protected_wdi_snapshot
TZA,Tanzania,Sub-Saharan Africa,Lower middle income,2015,3111.44458007813,54.3,8.04284239253075,protected_wdi_snapshot
TZA,Tanzania,Sub-Saharan Africa,Lower middle income,2016,3214.24682617188,52,8.075348340539707,protected_wdi_snapshot
TZA,Tanzania,Sub-Saharan Africa,Lower middle income,2017,3318.28833007813,49.8,8.107204365732636,protected_wdi_snapshot
TZA,Tanzania,Sub-Saharan Africa,Lower middle income,2018,3392.68872070313,47.6,8.129378018961544,protected_wdi_snapshot
TZA,Tanzania,Sub-Saharan Africa,Lower middle income,2019,3484.63256835938,45.6,8.156117885314691,protected_wdi_snapshot
TZA,Tanzania,Sub-Saharan Africa,Lower middle income,2020,3449.82153320313,43.8,8.146077779181049,protected_wdi_snapshot
TZA,Tanzania,Sub-Saharan Africa,Lower middle income,2021,3493.0830078125,41.7,8.158540008570421,protected_wdi_snapshot
TZA,Tanzania,Sub-Saharan Africa,Lower middle income,2022,3546.98095703125,40.1,8.173852086005686,protected_wdi_snapshot
UGA,Uganda,Sub-Saharan Africa,Low income,2000,1487.00498853512,143.9,7.304519301219235,protected_wdi_snapshot
UGA,Uganda,Sub-Saharan Africa,Low income,2001,1516.96423755695,137.2,7.324466404619068,protected_wdi_snapshot
UGA,Uganda,Sub-Saharan Africa,Low income,2002,1598.5828380849,129.9,7.376872789543713,protected_wdi_snapshot
UGA,Uganda,Sub-Saharan Africa,Low income,2003,1649.1482601448,122.1,7.408014227641606,protected_wdi_snapshot
UGA,Uganda,Sub-Saharan Africa,Low income,2004,1709.36159216857,114.2,7.44387524187564,protected_wdi_snapshot
UGA,Uganda,Sub-Saharan Africa,Low income,2005,1765.03788457066,106.5,7.475927433483024,protected_wdi_snapshot
UGA,Uganda,Sub-Saharan Africa,Low income,2006,1898.97915280479,99.2,7.5490717327661345,protected_wdi_snapshot
UGA,Uganda,Sub-Saharan Africa,Low income,2007,1999.0624896434,92.5,7.600433594463729,protected_wdi_snapshot
UGA,Uganda,Sub-Saharan Africa,Low income,2008,2110.10049271503,86.4,7.65449085221515,protected_wdi_snapshot
UGA,Uganda,Sub-Saharan Africa,Low income,2009,2188.29916246327,81.2,7.6908798829262786,protected_wdi_snapshot
UGA,Uganda,Sub-Saharan Africa,Low income,2010,2244.60595194584,76,7.716285262251918,protected_wdi_snapshot
UGA,Uganda,Sub-Saharan Africa,Low income,2011,2384.4653273154,70.9,7.776730196770911,protected_wdi_snapshot
UGA,Uganda,Sub-Saharan Africa,Low income,2012,2405.09455932767,66.5,7.7853444995747,protected_wdi_snapshot
UGA,Uganda,Sub-Saharan Africa,Low income,2013,2420.88808087266,62.8,7.791889727398883,protected_wdi_snapshot
UGA,Uganda,Sub-Saharan Africa,Low income,2014,2470.50380909598,60.2,7.812177380116625,protected_wdi_snapshot
UGA,Uganda,Sub-Saharan Africa,Low income,2015,2520.0201028843,57.9,7.83202215780869,protected_wdi_snapshot
UGA,Uganda,Sub-Saharan Africa,Low income,2016,2554.22769062073,55.6,7.845505183214237,protected_wdi_snapshot
UGA,Uganda,Sub-Saharan Africa,Low income,2017,2543.84754394956,54,7.841432994971494,protected_wdi_snapshot
UGA,Uganda,Sub-Saharan Africa,Low income,2018,2613.87976413963,52.7,7.868590896240138,protected_wdi_snapshot
UGA,Uganda,Sub-Saharan Africa,Low income,2019,2689.41009144919,51.6,7.897077151687776,protected_wdi_snapshot
UGA,Uganda,Sub-Saharan Africa,Low income,2020,2678.00907202293,50.9,7.892828913856631,protected_wdi_snapshot
UGA,Uganda,Sub-Saharan Africa,Low income,2021,2684.92035939744,50.2,7.895406345198568,protected_wdi_snapshot
UGA,Uganda,Sub-Saharan Africa,Low income,2022,2724.90609568409,50,7.910189246204158,protected_wdi_snapshot
UKR,Ukraine,Europe & Central Asia,Upper middle income,2000,10364.0625,18.2,9.246099572153975,protected_wdi_snapshot
UKR,Ukraine,Europe & Central Asia,Upper middle income,2001,11379.3857421875,17.4,9.339558729262837,protected_wdi_snapshot
UKR,Ukraine,Europe & Central Asia,Upper middle income,2002,12092.7890625,16.6,9.400364608690948,protected_wdi_snapshot
UKR,Ukraine,Europe & Central Asia,Upper middle income,2003,13342.8798828125,15.8,9.498738179439478,protected_wdi_snapshot
UKR,Ukraine,Europe & Central Asia,Upper middle income,2004,15021.06640625,15.1,9.617208921882364,protected_wdi_snapshot
UKR,Ukraine,Europe & Central Asia,Upper middle income,2005,15610.5732421875,14.5,9.655703735589057,protected_wdi_snapshot
UKR,Ukraine,Europe & Central Asia,Upper middle income,2006,16901.5078125,14,9.735158116605882,protected_wdi_snapshot
UKR,Ukraine,Europe & Central Asia,Upper middle income,2007,18374.013671875,13.4,9.818692644919249,protected_wdi_snapshot
UKR,Ukraine,Europe & Central Asia,Upper middle income,2008,18883.986328125,12.9,9.846069557673381,protected_wdi_snapshot
UKR,Ukraine,Europe & Central Asia,Upper middle income,2009,16092.7958984375,12.3,9.6861269911082,protected_wdi_snapshot
UKR,Ukraine,Europe & Central Asia,Upper middle income,2010,16811.794921875,11.7,9.729835997732442,protected_wdi_snapshot
UKR,Ukraine,Europe & Central Asia,Upper middle income,2011,17783.95703125,11.2,9.786052039494578,protected_wdi_snapshot
UKR,Ukraine,Europe & Central Asia,Upper middle income,2012,17848.740234375,10.7,9.789688209612203,protected_wdi_snapshot
UKR,Ukraine,Europe & Central Asia,Upper middle income,2013,17889.091796875,10.2,9.791946409248506,protected_wdi_snapshot
UKR,Ukraine,Europe & Central Asia,Upper middle income,2014,16978.8125,9.8,9.739721522201853,protected_wdi_snapshot
UKR,Ukraine,Europe & Central Asia,Upper middle income,2015,15403.7099609375,9.5,9.64236366594278,protected_wdi_snapshot
UKR,Ukraine,Europe & Central Asia,Upper middle income,2016,15856.8125,9.1,9.671354497688808,protected_wdi_snapshot
UKR,Ukraine,Europe & Central Asia,Upper middle income,2017,16310.3603515625,8.9,9.699555789274273,protected_wdi_snapshot
UKR,Ukraine,Europe & Central Asia,Upper middle income,2018,16978.984375,8.7,9.739731645061157,protected_wdi_snapshot
UKR,Ukraine,Europe & Central Asia,Upper middle income,2019,17636.5546875,8.5,9.777728997984813,protected_wdi_snapshot
UKR,Ukraine,Europe & Central Asia,Upper middle income,2020,17092.5390625,8.4,9.746397335144414,protected_wdi_snapshot
UKR,Ukraine,Europe & Central Asia,Upper middle income,2021,17846.408203125,8.2,9.789557545846655,protected_wdi_snapshot
UKR,Ukraine,Europe & Central Asia,Upper middle income,2022,13787.12109375,8.5,9.53149018131649,protected_wdi_snapshot
URY,Uruguay,Latin America & Caribbean,High income,2000,18752.0507121938,17,9.839058396734954,protected_wdi_snapshot
URY,Uruguay,Latin America & Caribbean,High income,2001,17986.8939502115,16.6,9.797398657797514,protected_wdi_snapshot
URY,Uruguay,Latin America & Caribbean,High income,2002,16572.7819019325,16.2,9.715516984194588,protected_wdi_snapshot
URY,Uruguay,Latin America & Caribbean,High income,2003,16694.4326030244,15.7,9.722830565757953,protected_wdi_snapshot
URY,Uruguay,Latin America & Caribbean,High income,2004,17519.3729926744,15.2,9.771062575760613,protected_wdi_snapshot
URY,Uruguay,Latin America & Caribbean,High income,2005,18811.3124755641,14.4,9.842213695276307,protected_wdi_snapshot
URY,Uruguay,Latin America & Caribbean,High income,2006,19560.0743506382,13.6,9.881245744738957,protected_wdi_snapshot
URY,Uruguay,Latin America & Caribbean,High income,2007,20803.885306175,12.7,9.94289504181177,protected_wdi_snapshot
URY,Uruguay,Latin America & Caribbean,High income,2008,22249.3750934425,11.9,10.010069201511998,protected_wdi_snapshot
URY,Uruguay,Latin America & Caribbean,High income,2009,23138.0733091496,11.3,10.04923473492808,protected_wdi_snapshot
URY,Uruguay,Latin America & Caribbean,High income,2010,24879.8256003219,10.8,10.121812537195185,protected_wdi_snapshot
URY,Uruguay,Latin America & Caribbean,High income,2011,26099.3116487704,10.4,10.169664219352665,protected_wdi_snapshot
URY,Uruguay,Latin America & Caribbean,High income,2012,26953.2709026389,10,10.20185993827263,protected_wdi_snapshot
URY,Uruguay,Latin America & Caribbean,High income,2013,28119.4726887432,9.7,10.24421759357037,protected_wdi_snapshot
URY,Uruguay,Latin America & Caribbean,High income,2014,28935.086486757,9.3,10.272810203004923,protected_wdi_snapshot
URY,Uruguay,Latin America & Caribbean,High income,2015,28941.6184540581,8.9,10.273035923088177,protected_wdi_snapshot
URY,Uruguay,Latin America & Caribbean,High income,2016,29332.5561568815,8.4,10.286453309789477,protected_wdi_snapshot
URY,Uruguay,Latin America & Caribbean,High income,2017,29762.4220666605,8,10.301001872283853,protected_wdi_snapshot
URY,Uruguay,Latin America & Caribbean,High income,2018,29757.9276055415,7.7,10.300850849611699,protected_wdi_snapshot
URY,Uruguay,Latin America & Caribbean,High income,2019,30010.5628834294,7.5,10.309304694787315,protected_wdi_snapshot
URY,Uruguay,Latin America & Caribbean,High income,2020,27788.1749600196,7.3,10.232365848036638,protected_wdi_snapshot
URY,Uruguay,Latin America & Caribbean,High income,2021,29431.8738833361,7.3,10.28983351175695,protected_wdi_snapshot
URY,Uruguay,Latin America & Caribbean,High income,2022,30840.0709827676,7.3,10.336570129320778,protected_wdi_snapshot
USA,United States,North America,High income,2000,55045.6745311559,8.4,10.91591856560611,protected_wdi_snapshot
USA,United States,North America,High income,2001,55024.3542766281,8.3,10.915531171234994,protected_wdi_snapshot
USA,United States,North America,High income,2002,55443.2199435683,8.2,10.923114711967413,protected_wdi_snapshot
USA,United States,North America,High income,2003,56505.4468784112,8.1,10.942092317415508,protected_wdi_snapshot
USA,United States,North America,High income,2004,58139.0820195229,8.1,10.970593384850325,protected_wdi_snapshot
USA,United States,North America,High income,2005,59612.3907215559,8,10.995618729458327,protected_wdi_snapshot
USA,United States,North America,High income,2006,60684.3399832539,7.9,11.01344095337114,protected_wdi_snapshot
USA,United States,North America,High income,2007,61314.4520816367,7.7,11.0237708540335,protected_wdi_snapshot
USA,United States,North America,High income,2008,60806.2238713713,7.6,11.015447429020634,protected_wdi_snapshot
USA,United States,North America,High income,2009,58722.496767251,7.5,10.980578182262706,protected_wdi_snapshot
USA,United States,North America,High income,2010,59797.0736545937,7.3,10.99871200319943,protected_wdi_snapshot
USA,United States,North America,High income,2011,60253.2035796719,7.2,11.006311021386187,protected_wdi_snapshot
USA,United States,North America,High income,2012,61142.3637034265,7,11.020960255204994,protected_wdi_snapshot
USA,United States,North America,High income,2013,61966.6621370894,6.9,11.034351811944425,protected_wdi_snapshot
USA,United States,North America,High income,2014,63026.8779187814,6.8,11.05131654802287,protected_wdi_snapshot
USA,United States,North America,High income,2015,64367.7188912582,6.8,11.072367526967415,protected_wdi_snapshot
USA,United States,North America,High income,2016,65025.9855980616,6.7,11.082542247419385,protected_wdi_snapshot
USA,United States,North America,High income,2017,66164.0320014289,6.6,11.099892271030287,protected_wdi_snapshot
USA,United States,North America,High income,2018,67728.4424921024,6.5,11.123261496109643,protected_wdi_snapshot
USA,United States,North America,High income,2019,69121.4580016741,6.5,11.143620497029687,protected_wdi_snapshot
USA,United States,North America,High income,2020,67406.8311325507,6.5,11.118501643879615,protected_wdi_snapshot
USA,United States,North America,High income,2021,71441.231980595,6.5,11.176630460370824,protected_wdi_snapshot
USA,United States,North America,High income,2022,72828.7430907189,6.5,11.195865978937524,protected_wdi_snapshot
UZB,Uzbekistan,Europe & Central Asia,Lower middle income,2000,3430.88370808896,60.7,8.140573147818545,protected_wdi_snapshot
UZB,Uzbekistan,Europe & Central Asia,Lower middle income,2001,3530.5496647712,58,8.169208850205198,protected_wdi_snapshot
UZB,Uzbekistan,Europe & Central Asia,Lower middle income,2002,3626.07785614929,55,8.195906862719498,protected_wdi_snapshot
UZB,Uzbekistan,Europe & Central Asia,Lower middle income,2003,3733.79819347394,51.9,8.22518127697268,protected_wdi_snapshot
UZB,Uzbekistan,Europe & Central Asia,Lower middle income,2004,3962.90117061128,48.6,8.284731654855577,protected_wdi_snapshot
UZB,Uzbekistan,Europe & Central Asia,Lower middle income,2005,4185.63947675734,45.2,8.33941477334308,protected_wdi_snapshot
UZB,Uzbekistan,Europe & Central Asia,Lower middle income,2006,4439.90667205623,41.9,8.398388635398195,protected_wdi_snapshot
UZB,Uzbekistan,Europe & Central Asia,Lower middle income,2007,4792.8290951141,38.6,8.474876141339275,protected_wdi_snapshot
UZB,Uzbekistan,Europe & Central Asia,Lower middle income,2008,5145.99183378479,35.5,8.545973405935026,protected_wdi_snapshot
UZB,Uzbekistan,Europe & Central Asia,Lower middle income,2009,5471.82013683888,32.6,8.607366589032429,protected_wdi_snapshot
UZB,Uzbekistan,Europe & Central Asia,Lower middle income,2010,5794.98037704358,29.8,8.664747369580644,protected_wdi_snapshot
UZB,Uzbekistan,Europe & Central Asia,Lower middle income,2011,6170.84149747534,27.3,8.727590492928057,protected_wdi_snapshot
UZB,Uzbekistan,Europe & Central Asia,Lower middle income,2012,6525.4971525889,25,8.78347242125608,protected_wdi_snapshot
UZB,Uzbekistan,Europe & Central Asia,Lower middle income,2013,6932.93371228586,23,8.844038337709108,protected_wdi_snapshot
UZB,Uzbekistan,Europe & Central Asia,Lower middle income,2014,7344.44304405623,21.3,8.90169925783041,protected_wdi_snapshot
UZB,Uzbekistan,Europe & Central Asia,Lower middle income,2015,7792.23605983713,19.7,8.960883140017119,protected_wdi_snapshot
UZB,Uzbekistan,Europe & Central Asia,Lower middle income,2016,8172.9216949615,18.4,9.008581736528289,protected_wdi_snapshot
UZB,Uzbekistan,Europe & Central Asia,Lower middle income,2017,8413.29975299494,17.3,9.037569036655176,protected_wdi_snapshot
UZB,Uzbekistan,Europe & Central Asia,Lower middle income,2018,8742.5491991216,16.4,9.07595709650209,protected_wdi_snapshot
UZB,Uzbekistan,Europe & Central Asia,Lower middle income,2019,9169.01147508351,15.7,9.123584759557843,protected_wdi_snapshot
UZB,Uzbekistan,Europe & Central Asia,Lower middle income,2020,9145.23119844239,15.1,9.120987841909704,protected_wdi_snapshot
UZB,Uzbekistan,Europe & Central Asia,Lower middle income,2021,9705.60054565692,14.6,9.180458373715094,protected_wdi_snapshot
UZB,Uzbekistan,Europe & Central Asia,Lower middle income,2022,10091.3877869999,14.1,9.219437644722278,protected_wdi_snapshot
VCT,St. Vincent and the Grenadines,Latin America & Caribbean,Upper middle income,2000,9999.05879203685,22.6,9.210246246750227,protected_wdi_snapshot
VCT,St. Vincent and the Grenadines,Latin America & Caribbean,Upper middle income,2001,10177.8094583896,22.6,9.227965086045026,protected_wdi_snapshot
VCT,St. Vincent and the Grenadines,Latin America & Caribbean,Upper middle income,2002,10736.0878714164,22.6,9.281366043922416,protected_wdi_snapshot
VCT,St. Vincent and the Grenadines,Latin America & Caribbean,Upper middle income,2003,11475.3312414531,22.6,9.34795490086969,protected_wdi_snapshot
VCT,St. Vincent and the Grenadines,Latin America & Caribbean,Upper middle income,2004,11979.907294501,22.7,9.39098613328399,protected_wdi_snapshot
VCT,St. Vincent and the Grenadines,Latin America & Caribbean,Upper middle income,2005,12320.0710011077,22.8,9.418985000147828,protected_wdi_snapshot
VCT,St. Vincent and the Grenadines,Latin America & Caribbean,Upper middle income,2006,13233.4068930431,22.8,9.490499736659967,protected_wdi_snapshot
VCT,St. Vincent and the Grenadines,Latin America & Caribbean,Upper middle income,2007,13732.3622591495,22.7,9.527510534884259,protected_wdi_snapshot
VCT,St. Vincent and the Grenadines,Latin America & Caribbean,Upper middle income,2008,13850.3936790063,22.4,9.536068935688506,protected_wdi_snapshot
VCT,St. Vincent and the Grenadines,Latin America & Caribbean,Upper middle income,2009,13723.7838252622,22,9.526885652270357,protected_wdi_snapshot
VCT,St. Vincent and the Grenadines,Latin America & Caribbean,Upper middle income,2010,13175.7230154228,21.4,9.4861312497347825,protected_wdi_snapshot
VCT,St. Vincent and the Grenadines,Latin America & Caribbean,Upper middle income,2011,13168.8964291743,20.7,9.485612996934384,protected_wdi_snapshot
VCT,St. Vincent and the Grenadines,Latin America & Caribbean,Upper middle income,2012,13397.9632982701,19.9,9.502857981720537,protected_wdi_snapshot
VCT,St. Vincent and the Grenadines,Latin America & Caribbean,Upper middle income,2013,13804.1837951887,19.1,9.532726998761875,protected_wdi_snapshot
VCT,St. Vincent and the Grenadines,Latin America & Caribbean,Upper middle income,2014,14040.2460690452,18.2,9.549683203711488,protected_wdi_snapshot
VCT,St. Vincent and the Grenadines,Latin America & Caribbean,Upper middle income,2015,14508.8609465459,17.4,9.582514841525027,protected_wdi_snapshot
VCT,St. Vincent and the Grenadines,Latin America & Caribbean,Upper middle income,2016,15197.7482513352,16.6,9.628902554500826,protected_wdi_snapshot
VCT,St. Vincent and the Grenadines,Latin America & Caribbean,Upper middle income,2017,15533.2212821544,15.8,9.6507363178244,protected_wdi_snapshot
VCT,St. Vincent and the Grenadines,Latin America & Caribbean,Upper middle income,2018,16139.0661084965,15,9.688998078222767,protected_wdi_snapshot
VCT,St. Vincent and the Grenadines,Latin America & Caribbean,Upper middle income,2019,16365.3255785124,14.3,9.702920081544129,protected_wdi_snapshot
VCT,St. Vincent and the Grenadines,Latin America & Caribbean,Upper middle income,2020,15763.7054382539,13.6,9.665465452416761,protected_wdi_snapshot
VCT,St. Vincent and the Grenadines,Latin America & Caribbean,Upper middle income,2021,16200.8994597845,12.9,9.692822041888094,protected_wdi_snapshot
VCT,St. Vincent and the Grenadines,Latin America & Caribbean,Upper middle income,2022,16835.023514541,12.3,9.731216728359332,protected_wdi_snapshot
VNM,Viet Nam,East Asia & Pacific,Upper middle income,2000,4349.22348751462,30.3,8.377752599530842,protected_wdi_snapshot
VNM,Viet Nam,East Asia & Pacific,Upper middle income,2001,4570.26846577385,29,8.427327227408735,protected_wdi_snapshot
VNM,Viet Nam,East Asia & Pacific,Upper middle income,2002,4809.62151118535,27.9,8.478373672100497,protected_wdi_snapshot
VNM,Viet Nam,East Asia & Pacific,Upper middle income,2003,5090.28990869885,26.9,8.535090064444974,protected_wdi_snapshot
VNM,Viet Nam,East Asia & Pacific,Upper middle income,2004,5421.09702829121,26.1,8.598053477696583,protected_wdi_snapshot
VNM,Viet Nam,East Asia & Pacific,Upper middle income,2005,5776.36304451268,25.4,8.66152953256431,protected_wdi_snapshot
VNM,Viet Nam,East Asia & Pacific,Upper middle income,2006,6098.24495436514,24.8,8.715756296365093,protected_wdi_snapshot
VNM,Viet Nam,East Asia & Pacific,Upper middle income,2007,6418.54381402878,24.3,8.766946550711666,protected_wdi_snapshot
VNM,Viet Nam,East Asia & Pacific,Upper middle income,2008,6659.13561432065,23.8,8.803744967471749,protected_wdi_snapshot
VNM,Viet Nam,East Asia & Pacific,Upper middle income,2009,6914.33863589545,23.4,8.84135259757194,protected_wdi_snapshot
VNM,Viet Nam,East Asia & Pacific,Upper middle income,2010,7274.73310698016,23.1,8.892162405040983,protected_wdi_snapshot
VNM,Viet Nam,East Asia & Pacific,Upper middle income,2011,7652.61895672271,22.8,8.942803215517136,protected_wdi_snapshot
VNM,Viet Nam,East Asia & Pacific,Upper middle income,2012,7979.86828926858,22.5,8.984677185203456,protected_wdi_snapshot
VNM,Viet Nam,East Asia & Pacific,Upper middle income,2013,8324.19871250047,22.3,9.02692205946555,protected_wdi_snapshot
VNM,Viet Nam,East Asia & Pacific,Upper middle income,2014,8751.88280634375,22,9.077024134072081,protected_wdi_snapshot
VNM,Viet Nam,East Asia & Pacific,Upper middle income,2015,9248.02396069622,21.6,9.132165181814536,protected_wdi_snapshot
VNM,Viet Nam,East Asia & Pacific,Upper middle income,2016,9743.1882231455,21.3,9.184323676046649,protected_wdi_snapshot
VNM,Viet Nam,East Asia & Pacific,Upper middle income,2017,10290.5487142244,20.9,9.23898115240388,protected_wdi_snapshot
VNM,Viet Nam,East Asia & Pacific,Upper middle income,2018,10936.8937859558,20.5,9.29989710384579,protected_wdi_snapshot
VNM,Viet Nam,East Asia & Pacific,Upper middle income,2019,11628.6139147451,20,9.361224056530803,protected_wdi_snapshot
VNM,Viet Nam,East Asia & Pacific,Upper middle income,2020,11851.3965685649,19.5,9.380200993506387,protected_wdi_snapshot
VNM,Viet Nam,East Asia & Pacific,Upper middle income,2021,12048.9019935536,18.9,9.396728813900122,protected_wdi_snapshot
VNM,Viet Nam,East Asia & Pacific,Upper middle income,2022,12979.7638983711,18.4,9.471146800444812,protected_wdi_snapshot
VUT,Vanuatu,East Asia & Pacific,Lower middle income,2000,3805.62227309353,26.6,8.244234797816294,protected_wdi_snapshot
VUT,Vanuatu,East Asia & Pacific,Lower middle income,2001,3584.91106983816,26.1,8.184488946544217,protected_wdi_snapshot
VUT,Vanuatu,East Asia & Pacific,Lower middle income,2002,3314.71255206905,25.7,8.106126187568934,protected_wdi_snapshot
VUT,Vanuatu,East Asia & Pacific,Lower middle income,2003,3372.77297249271,25.3,8.12349052550104,protected_wdi_snapshot
VUT,Vanuatu,East Asia & Pacific,Lower middle income,2004,3422.60817759375,25,8.13815816443336,protected_wdi_snapshot
VUT,Vanuatu,East Asia & Pacific,Lower middle income,2005,3517.84619857461,24.5,8.165604205915052,protected_wdi_snapshot
VUT,Vanuatu,East Asia & Pacific,Lower middle income,2006,3724.24741699945,24.1,8.222620074696852,protected_wdi_snapshot
VUT,Vanuatu,East Asia & Pacific,Lower middle income,2007,3738.66656241804,23.5,8.226484292722356,protected_wdi_snapshot
VUT,Vanuatu,East Asia & Pacific,Lower middle income,2008,3850.27902468628,22.7,8.255900898600208,protected_wdi_snapshot
VUT,Vanuatu,East Asia & Pacific,Lower middle income,2009,3867.75799280135,21.9,8.260430288121857,protected_wdi_snapshot
VUT,Vanuatu,East Asia & Pacific,Lower middle income,2010,3825.75653571613,21.1,8.249511513818671,protected_wdi_snapshot
VUT,Vanuatu,East Asia & Pacific,Lower middle income,2011,3861.18223002309,20.3,8.25872869277364,protected_wdi_snapshot
VUT,Vanuatu,East Asia & Pacific,Lower middle income,2012,3815.41895246816,19.7,8.246805754849818,protected_wdi_snapshot
VUT,Vanuatu,East Asia & Pacific,Lower middle income,2013,3748.76509025679,19.2,8.229181755465397,protected_wdi_snapshot
VUT,Vanuatu,East Asia & Pacific,Lower middle income,2014,3779.64941165998,18.8,8.23738653607415,protected_wdi_snapshot
VUT,Vanuatu,East Asia & Pacific,Lower middle income,2015,3825.81231400229,18.6,8.24952609338719,protected_wdi_snapshot
VUT,Vanuatu,East Asia & Pacific,Lower middle income,2016,3877.08354643548,18.4,8.262838486687,protected_wdi_snapshot
VUT,Vanuatu,East Asia & Pacific,Lower middle income,2017,3947.67824193203,18.3,8.280882898228104,protected_wdi_snapshot
VUT,Vanuatu,East Asia & Pacific,Lower middle income,2018,3951.18453122592,18.2,8.281770694262768,protected_wdi_snapshot
VUT,Vanuatu,East Asia & Pacific,Lower middle income,2019,3986.65620021472,18.1,8.290708113468867,protected_wdi_snapshot
VUT,Vanuatu,East Asia & Pacific,Lower middle income,2020,3671.97390565303,18.1,8.20848464541149,protected_wdi_snapshot
VUT,Vanuatu,East Asia & Pacific,Lower middle income,2021,3546.08021896872,18,8.173598108760876,protected_wdi_snapshot
VUT,Vanuatu,East Asia & Pacific,Lower middle income,2022,3658.51871182046,17.8,8.20481362092641,protected_wdi_snapshot
WSM,Samoa,East Asia & Pacific,Upper middle income,2000,4639.18880250252,21,8.442294802889402,protected_wdi_snapshot
WSM,Samoa,East Asia & Pacific,Upper middle income,2001,4941.74832450316,20.3,8.505474459412689,protected_wdi_snapshot
WSM,Samoa,East Asia & Pacific,Upper middle income,2002,5184.11871218152,19.8,8.55335513749629,protected_wdi_snapshot
WSM,Samoa,East Asia & Pacific,Upper middle income,2003,5426.13899111084,19.4,8.59898310865026,protected_wdi_snapshot
WSM,Samoa,East Asia & Pacific,Upper middle income,2004,5569.06081180669,19.1,8.624981703229581,protected_wdi_snapshot
WSM,Samoa,East Asia & Pacific,Upper middle income,2005,5915.6475736791,19,8.685356250331935,protected_wdi_snapshot
WSM,Samoa,East Asia & Pacific,Upper middle income,2006,6018.2480546697,19,8.702551475129104,protected_wdi_snapshot
WSM,Samoa,East Asia & Pacific,Upper middle income,2007,6014.046762066,19,8.701853139052997,protected_wdi_snapshot
WSM,Samoa,East Asia & Pacific,Upper middle income,2008,6183.55546849942,19,8.729648703546895,protected_wdi_snapshot
WSM,Samoa,East Asia & Pacific,Upper middle income,2009,6104.90962936041,25.3,8.716848583709677,protected_wdi_snapshot
WSM,Samoa,East Asia & Pacific,Upper middle income,2010,6428.13508590333,19.1,8.768439741867347,protected_wdi_snapshot
WSM,Samoa,East Asia & Pacific,Upper middle income,2011,6617.61889509588,19,8.797490900709162,protected_wdi_snapshot
WSM,Samoa,East Asia & Pacific,Upper middle income,2012,6312.76944621145,18.8,8.750329757221005,protected_wdi_snapshot
WSM,Samoa,East Asia & Pacific,Upper middle income,2013,6263.12610411359,18.7,8.742434717100547,protected_wdi_snapshot
WSM,Samoa,East Asia & Pacific,Upper middle income,2014,6248.70534550413,18.5,8.740129576553677,protected_wdi_snapshot
WSM,Samoa,East Asia & Pacific,Upper middle income,2015,6433.1839621351,18.3,8.76922486763435,protected_wdi_snapshot
WSM,Samoa,East Asia & Pacific,Upper middle income,2016,6888.18769751001,18.1,8.837563295665158,protected_wdi_snapshot
WSM,Samoa,East Asia & Pacific,Upper middle income,2017,6919.90225366914,17.8,8.842156923319633,protected_wdi_snapshot
WSM,Samoa,East Asia & Pacific,Upper middle income,2018,6805.91709392797,17.5,8.825547673665467,protected_wdi_snapshot
WSM,Samoa,East Asia & Pacific,Upper middle income,2019,7034.42233036815,20,8.85857085251218,protected_wdi_snapshot
WSM,Samoa,East Asia & Pacific,Upper middle income,2020,6746.15667963109,16.7,8.81672824091238,protected_wdi_snapshot
WSM,Samoa,East Asia & Pacific,Upper middle income,2021,6350.92787033711,16.2,8.756356202524989,protected_wdi_snapshot
WSM,Samoa,East Asia & Pacific,Upper middle income,2022,6450.19151677842,15.8,8.77186510187279,protected_wdi_snapshot
XKX,Kosovo,Europe & Central Asia,Upper middle income,2008,7098.40301909042,23.6,8.867625110840887,protected_wdi_snapshot
XKX,Kosovo,Europe & Central Asia,Upper middle income,2009,7481.45889832785,21.7,8.92018309183412,protected_wdi_snapshot
XKX,Kosovo,Europe & Central Asia,Upper middle income,2010,7877.10199850556,20.1,8.97171534852206,protected_wdi_snapshot
XKX,Kosovo,Europe & Central Asia,Upper middle income,2011,8359.93621479336,18.7,9.031206076240233,protected_wdi_snapshot
XKX,Kosovo,Europe & Central Asia,Upper middle income,2012,8431.66232694657,17.4,9.03974922336476,protected_wdi_snapshot
XKX,Kosovo,Europe & Central Asia,Upper middle income,2013,8828.27683251638,16.3,9.085715125348528,protected_wdi_snapshot
XKX,Kosovo,Europe & Central Asia,Upper middle income,2014,9150.74997293883,15.2,9.121591119166292,protected_wdi_snapshot
XKX,Kosovo,Europe & Central Asia,Upper middle income,2015,9824.99105955319,14.3,9.192684526767907,protected_wdi_snapshot
XKX,Kosovo,Europe & Central Asia,Upper middle income,2016,10434.8888259268,13.4,9.25291016549449,protected_wdi_snapshot
XKX,Kosovo,Europe & Central Asia,Upper middle income,2017,10856.2902074239,12.6,9.292499933602489,protected_wdi_snapshot
XKX,Kosovo,Europe & Central Asia,Upper middle income,2018,11188.2244627966,11.9,9.322617116937595,protected_wdi_snapshot
XKX,Kosovo,Europe & Central Asia,Upper middle income,2019,11774.1178510908,11.2,9.373658998973376,protected_wdi_snapshot
XKX,Kosovo,Europe & Central Asia,Upper middle income,2020,11137.5028560404,10.5,9.318073328213636,protected_wdi_snapshot
XKX,Kosovo,Europe & Central Asia,Upper middle income,2021,12362.4210181213,10,9.42241658708316,protected_wdi_snapshot
XKX,Kosovo,Europe & Central Asia,Upper middle income,2022,13022.4627441502,9.5,9.474431048732182,protected_wdi_snapshot
ZAF,South Africa,Sub-Saharan Africa,Upper middle income,2000,11183.825503143,71.4,9.322223861986261,protected_wdi_snapshot
ZAF,South Africa,Sub-Saharan Africa,Upper middle income,2001,11387.492366782,74.5,9.340270871252468,protected_wdi_snapshot
ZAF,South Africa,Sub-Saharan Africa,Upper middle income,2002,11697.5657261687,77,9.367136041546445,protected_wdi_snapshot
ZAF,South Africa,Sub-Saharan Africa,Upper middle income,2003,11923.1211013633,79.2,9.386234743708615,protected_wdi_snapshot
ZAF,South Africa,Sub-Saharan Africa,Upper middle income,2004,12341.2102655828,80.7,9.420699369277637,protected_wdi_snapshot
ZAF,South Africa,Sub-Saharan Africa,Upper middle income,2005,12861.5633089114,79.8,9.461998554082303,protected_wdi_snapshot
ZAF,South Africa,Sub-Saharan Africa,Upper middle income,2006,13444.2332126058,76.9,9.50630553566016,protected_wdi_snapshot
ZAF,South Africa,Sub-Saharan Africa,Upper middle income,2007,14016.2444716386,71.2,9.54797225534987,protected_wdi_snapshot
ZAF,South Africa,Sub-Saharan Africa,Upper middle income,2008,14297.6887802632,63.7,9.567853179427653,protected_wdi_snapshot
ZAF,South Africa,Sub-Saharan Africa,Upper middle income,2009,13910.7017093394,56.9,9.54041373003903,protected_wdi_snapshot
ZAF,South Africa,Sub-Saharan Africa,Upper middle income,2010,14164.9958363115,50.3,9.55852911832257,protected_wdi_snapshot
ZAF,South Africa,Sub-Saharan Africa,Upper middle income,2011,14434.2611456048,45.6,9.577359905861847,protected_wdi_snapshot
ZAF,South Africa,Sub-Saharan Africa,Upper middle income,2012,14563.7624041032,43.1,9.58629169524459,protected_wdi_snapshot
ZAF,South Africa,Sub-Saharan Africa,Upper middle income,2013,14681.096638957,41.4,9.594316002304607,protected_wdi_snapshot
ZAF,South Africa,Sub-Saharan Africa,Upper middle income,2014,14643.3384782936,39.7,9.591740799653367,protected_wdi_snapshot
ZAF,South Africa,Sub-Saharan Africa,Upper middle income,2015,14541.6748613669,38.2,9.584773934368854,protected_wdi_snapshot
ZAF,South Africa,Sub-Saharan Africa,Upper middle income,2016,14501.2807823402,36.8,9.581992254324383,protected_wdi_snapshot
ZAF,South Africa,Sub-Saharan Africa,Upper middle income,2017,14573.5980840004,35.7,9.586966820246033,protected_wdi_snapshot
ZAF,South Africa,Sub-Saharan Africa,Upper middle income,2018,14553.5615668957,34.9,9.585591023875546,protected_wdi_snapshot
ZAF,South Africa,Sub-Saharan Africa,Upper middle income,2019,14352.6698709871,34.3,9.571691257609244,protected_wdi_snapshot
ZAF,South Africa,Sub-Saharan Africa,Upper middle income,2020,13250.5666594456,33.9,9.491795597250508,protected_wdi_snapshot
ZAF,South Africa,Sub-Saharan Africa,Upper middle income,2021,13681.9548144813,34,9.523833076763326,protected_wdi_snapshot
ZAF,South Africa,Sub-Saharan Africa,Upper middle income,2022,13767.4967589936,34.3,9.530065785726665,protected_wdi_snapshot
ZMB,Zambia,Sub-Saharan Africa,Lower middle income,2000,2220.5653712714,151.8,7.705517114186855,protected_wdi_snapshot
ZMB,Zambia,Sub-Saharan Africa,Lower middle income,2001,2268.96965564597,143.2,7.727081111242188,protected_wdi_snapshot
ZMB,Zambia,Sub-Saharan Africa,Lower middle income,2002,2299.33289188114,132.9,7.740374312837272,protected_wdi_snapshot
ZMB,Zambia,Sub-Saharan Africa,Lower middle income,2003,2383.87611741089,122.1,7.776483062661772,protected_wdi_snapshot
ZMB,Zambia,Sub-Saharan Africa,Lower middle income,2004,2471.72073328685,111.7,7.812669840224428,protected_wdi_snapshot
ZMB,Zambia,Sub-Saharan Africa,Lower middle income,2005,2564.47560965912,102.7,7.84950929602532,protected_wdi_snapshot
ZMB,Zambia,Sub-Saharan Africa,Lower middle income,2006,2673.46151928529,94.8,7.8911293609002335,protected_wdi_snapshot
ZMB,Zambia,Sub-Saharan Africa,Lower middle income,2007,2796.3529332184,89.1,7.9360713232912055,protected_wdi_snapshot
ZMB,Zambia,Sub-Saharan Africa,Lower middle income,2008,2908.14362510668,84.2,7.975270227085322,protected_wdi_snapshot
ZMB,Zambia,Sub-Saharan Africa,Lower middle income,2009,3065.84420108998,78.4,8.028078243101486,protected_wdi_snapshot
ZMB,Zambia,Sub-Saharan Africa,Lower middle income,2010,3266.50749293828,74.3,8.091476648151826,protected_wdi_snapshot
ZMB,Zambia,Sub-Saharan Africa,Lower middle income,2011,3335.64339500657,71.8,8.11242086178361,protected_wdi_snapshot
ZMB,Zambia,Sub-Saharan Africa,Lower middle income,2012,3474.55252844092,69.2,8.153220980913499,protected_wdi_snapshot
ZMB,Zambia,Sub-Saharan Africa,Lower middle income,2013,3535.22449043144,66,8.170532081386854,protected_wdi_snapshot
ZMB,Zambia,Sub-Saharan Africa,Lower middle income,2014,3585.57748507131,62.6,8.184674823763034,protected_wdi_snapshot
ZMB,Zambia,Sub-Saharan Africa,Lower middle income,2015,3576.92544834125,60.2,8.182258897090815,protected_wdi_snapshot
ZMB,Zambia,Sub-Saharan Africa,Lower middle income,2016,3598.17166023389,57.1,8.188181123276202,protected_wdi_snapshot
ZMB,Zambia,Sub-Saharan Africa,Lower middle income,2017,3612.50597664593,55.2,8.192156986854178,protected_wdi_snapshot
ZMB,Zambia,Sub-Saharan Africa,Lower middle income,2018,3646.95966481655,54.7,8.20164913092206,protected_wdi_snapshot
ZMB,Zambia,Sub-Saharan Africa,Lower middle income,2019,3591.56418883108,53.5,8.186343093784794,protected_wdi_snapshot
ZMB,Zambia,Sub-Saharan Africa,Lower middle income,2020,3391.59541156095,52.5,8.129055712545618,protected_wdi_snapshot
ZMB,Zambia,Sub-Saharan Africa,Lower middle income,2021,3503.03491418372,50.4,8.161384990085791,protected_wdi_snapshot
ZMB,Zambia,Sub-Saharan Africa,Lower middle income,2022,3585.12379084347,49.5,8.184548282658897,protected_wdi_snapshot
ZWE,Zimbabwe,Sub-Saharan Africa,Lower middle income,2000,6170.36063450551,99.4,8.72751256486806,protected_wdi_snapshot
ZWE,Zimbabwe,Sub-Saharan Africa,Lower middle income,2001,6217.43872434863,96.3,8.735113320276946,protected_wdi_snapshot
ZWE,Zimbabwe,Sub-Saharan Africa,Lower middle income,2002,5610.21576859697,93.8,8.632344459202605,protected_wdi_snapshot
ZWE,Zimbabwe,Sub-Saharan Africa,Lower middle income,2003,4601.68067845787,91.9,8.434176880629837,protected_wdi_snapshot
ZWE,Zimbabwe,Sub-Saharan Africa,Lower middle income,2004,4287.61686326352,91.2,8.363486347840585,protected_wdi_snapshot
ZWE,Zimbabwe,Sub-Saharan Africa,Lower middle income,2005,4004.68178301248,91.6,8.29521940141753,protected_wdi_snapshot
ZWE,Zimbabwe,Sub-Saharan Africa,Lower middle income,2006,3819.24997116607,87.6,8.2478093396962,protected_wdi_snapshot
ZWE,Zimbabwe,Sub-Saharan Africa,Lower middle income,2007,3631.55334530411,90.6,8.19741575454431,protected_wdi_snapshot
ZWE,Zimbabwe,Sub-Saharan Africa,Lower middle income,2008,2954.11211916469,91.1,7.990953417403106,protected_wdi_snapshot
ZWE,Zimbabwe,Sub-Saharan Africa,Lower middle income,2009,3299.42808702922,89.8,8.101504425474342,protected_wdi_snapshot
ZWE,Zimbabwe,Sub-Saharan Africa,Lower middle income,2010,3885.41061373756,85.2,8.264983949298474,protected_wdi_snapshot
ZWE,Zimbabwe,Sub-Saharan Africa,Lower middle income,2011,4358.94470674386,77.2,8.379985267309088,protected_wdi_snapshot
ZWE,Zimbabwe,Sub-Saharan Africa,Lower middle income,2012,5003.50873397069,68,8.517894692101224,protected_wdi_snapshot
ZWE,Zimbabwe,Sub-Saharan Africa,Lower middle income,2013,5031.70923825425,62.6,8.523515014169913,protected_wdi_snapshot
ZWE,Zimbabwe,Sub-Saharan Africa,Lower middle income,2014,5081.13441232186,59.8,8.533289825154847,protected_wdi_snapshot
ZWE,Zimbabwe,Sub-Saharan Africa,Lower middle income,2015,5102.73642537223,59.2,8.537532228813346,protected_wdi_snapshot
ZWE,Zimbabwe,Sub-Saharan Africa,Lower middle income,2016,5070.42413209981,57.5,8.531179748332836,protected_wdi_snapshot
ZWE,Zimbabwe,Sub-Saharan Africa,Lower middle income,2017,5234.4065377844,56.7,8.563008752558341,protected_wdi_snapshot
ZWE,Zimbabwe,Sub-Saharan Africa,Lower middle income,2018,5415.49322028193,56.3,8.597019239365107,protected_wdi_snapshot
ZWE,Zimbabwe,Sub-Saharan Africa,Lower middle income,2019,4993.86546928208,58.6,8.515965532007124,protected_wdi_snapshot
ZWE,Zimbabwe,Sub-Saharan Africa,Lower middle income,2020,4527.73949219254,61.7,8.417978085584963,protected_wdi_snapshot
ZWE,Zimbabwe,Sub-Saharan Africa,Lower middle income,2021,4827.10960165994,62.4,8.482003141360856,protected_wdi_snapshot
ZWE,Zimbabwe,Sub-Saharan Africa,Lower middle income,2022,5036.78317732239,64,8.524522898823987,protected_wdi_snapshot
